part,symmetry_class,method,severity,trial,rre_deg,rte,success,rre_sym_deg,rte_sym,success_sym,theta_deg,template,d,voxel,n_target,n_source,est_qx,est_qy,est_qz,est_qw,est_tx,est_ty,est_tz,gt_qx,gt_qy,gt_qz,gt_qw,gt_tx,gt_ty,gt_tz,add_s_rel,add_s_success,mssd_rel,mssd_success
bracket_screw,asymmetric,icp_pt2pt,easy,0,0.0175483507758626,0.000108520133025,True,0.0175483507758626,0.000108520133025,True,0.0,itodd_bracket_screw.ply,0.094265,0.000943,6287,6287,-0.039941187,-0.0200624,-0.016436102,0.998865384,0.000274763,0.002846286,0.001391486,-0.039953684,-0.020097723,-0.016584541,0.998861721,0.000284948,0.002845486,0.00139097,0.00011126560030555894,True,0.0001673959564419448,True
bracket_screw,asymmetric,icp_pt2pl,easy,0,0.0064258209341517,0.0001848168948761,True,0.0064258209341517,0.0001848168948761,True,0.0,itodd_bracket_screw.ply,0.094265,0.000943,6287,6287,-0.039942684,-0.020051328,-0.016555086,0.998863582,0.000267601,0.002847094,0.001390852,-0.039953684,-0.020097723,-0.016584541,0.998861721,0.000284948,0.002845486,0.00139097,0.00018528276215461418,True,0.0002226484868879784,True
bracket_screw,asymmetric,fpfh_ransac,easy,0,0.0081239765330705,0.0002066950285419,True,0.0081239765330705,0.0002066950285419,True,0.0,itodd_bracket_screw.ply,0.094265,0.000943,6287,6287,-0.039942793,-0.020041063,-0.016543405,0.998863977,0.000265529,0.002847077,0.001391016,-0.039953684,-0.020097723,-0.016584541,0.998861721,0.000284948,0.002845486,0.00139097,0.0002072308987267338,True,0.00025379745856523363,True
bracket_screw,asymmetric,fgr,easy,0,0.0064237947333351,0.0001858684874938,True,0.0064237947333351,0.0001858684874938,True,0.0,itodd_bracket_screw.ply,0.094265,0.000943,6287,6287,-0.039944181,-0.020042505,-0.016583541,0.998863227,0.000267486,0.002846914,0.001390837,-0.039953684,-0.020097723,-0.016584541,0.998861721,0.000284948,0.002845486,0.00139097,0.00018669198115966868,True,0.0002236542099843812,True
bracket_screw,asymmetric,icp_pt2pt,easy,1,0.018275465936977,3.711141045228352e-05,True,0.018275465936977,3.711141045228352e-05,True,0.0,itodd_bracket_screw.ply,0.094265,0.000943,6287,6287,0.013356632,0.007413754,0.006890477,0.999859569,5.448e-05,-0.000458277,-0.000315156,0.013327278,0.007272484,0.006958413,0.999860528,5.4759e-05,-0.000459172,-0.000318526,4.985686912481677e-05,True,0.00012201104040865428,True
bracket_screw,asymmetric,icp_pt2pl,easy,1,0.0209665519930699,4.4818975594387465e-05,True,0.0209665519930699,4.4818975594387465e-05,True,0.0,itodd_bracket_screw.ply,0.094265,0.000943,6287,6287,0.013420249,0.007412631,0.007030416,0.999857751,5.2808e-05,-0.000462546,-0.000316894,0.013327278,0.007272484,0.006958413,0.999860528,5.4759e-05,-0.000459172,-0.000318526,7.802506754086035e-05,True,0.000174041493891427,True
bracket_screw,asymmetric,fpfh_ransac,easy,1,0.0229471529500147,5.136310096970294e-05,True,0.0229471529500147,5.136310096970294e-05,True,0.0,itodd_bracket_screw.ply,0.094265,0.000943,6287,6287,0.013439802,0.007422444,0.007028707,0.999857428,5.3177e-05,-0.000463321,-0.000316596,0.013327278,0.007272484,0.006958413,0.999860528,5.4759e-05,-0.000459172,-0.000318526,8.725144320501859e-05,True,0.00020184213235071026,True
bracket_screw,asymmetric,fgr,easy,1,0.0245263121977814,5.695134139868975e-05,True,0.0245263121977814,5.695134139868975e-05,True,0.0,itodd_bracket_screw.ply,0.094265,0.000943,6287,6287,0.013448726,0.007426785,0.007043501,0.999857172,5.1773e-05,-0.000463137,-0.00031648,0.013327278,0.007272484,0.006958413,0.999860528,5.4759e-05,-0.000459172,-0.000318526,9.395056017602672e-05,True,0.00020147687804460498,True
bracket_screw,asymmetric,icp_pt2pt,easy,2,0.3901954267228539,0.0093378764650264,True,0.3901954267228539,0.0093378764650264,True,0.0,itodd_bracket_screw.ply,0.094265,0.000943,6287,6287,-0.029148431,0.062765555,-0.013077327,0.997516836,0.002117048,-0.001487168,-0.001029627,-0.028972927,0.0593848,-0.012781097,0.997732759,0.002996945,-0.00148492,-0.001005234,0.009292275895884038,True,0.011515553365403743,True
bracket_screw,asymmetric,icp_pt2pl,easy,2,0.0210832119394922,4.4614892833972685e-05,True,0.0210832119394922,4.4614892833972685e-05,True,0.0,itodd_bracket_screw.ply,0.094265,0.000943,6287,6287,-0.029064578,0.059353159,-0.012624737,0.997733967,0.003000969,-0.001483834,-0.001004667,-0.028972927,0.0593848,-0.012781097,0.997732759,0.002996945,-0.00148492,-0.001005234,6.532485762507226e-05,True,0.00015114817634350445,True
bracket_screw,asymmetric,fpfh_ransac,easy,2,0.0226785150076092,5.316761058526033e-05,True,0.0226785150076092,5.316761058526033e-05,True,0.0,itodd_bracket_screw.ply,0.094265,0.000943,6287,6287,-0.029073319,0.059343395,-0.012615653,0.997734408,0.003001805,-0.001483708,-0.001005049,-0.028972927,0.0593848,-0.012781097,0.997732759,0.002996945,-0.00148492,-0.001005234,7.461497652971668e-05,True,0.00016431423434926426,True
bracket_screw,asymmetric,fgr,easy,2,0.0201249484293844,3.917823571304237e-05,True,0.0201249484293844,3.917823571304237e-05,True,0.0,itodd_bracket_screw.ply,0.094265,0.000943,6287,6287,-0.029047461,0.059316101,-0.012637728,0.997736505,0.00300052,-0.001484205,-0.001004641,-0.028972927,0.0593848,-0.012781097,0.997732759,0.002996945,-0.00148492,-0.001005234,5.880521187274568e-05,True,0.00012982458404952777,True
bracket_screw,asymmetric,icp_pt2pt,easy,3,0.400746952143604,0.009087891462736,True,0.400746952143604,0.009087891462736,True,0.0,itodd_bracket_screw.ply,0.094265,0.000943,6287,6287,-0.016631741,-0.007448991,-0.022027307,0.999591264,-0.000987278,9.6397e-05,0.000497596,-0.017082828,-0.004029493,-0.022605051,0.999590392,-0.001843795,0.000112705,0.000496468,0.00904445922875345,True,0.011247163696722268,True
bracket_screw,asymmetric,icp_pt2pl,easy,3,0.0042698588362487,1.916078570014564e-05,True,0.0042698588362487,1.916078570014564e-05,True,0.0,itodd_bracket_screw.ply,0.094265,0.000943,6287,6287,-0.017053489,-0.004052331,-0.02260749,0.999590746,-0.00184296,0.000113292,0.000494977,-0.017082828,-0.004029493,-0.022605051,0.999590392,-0.001843795,0.000112705,0.000496468,2.28635573542561e-05,True,3.871616905969963e-05,True
bracket_screw,asymmetric,fpfh_ransac,easy,3,0.0053002785080847,1.604389006937571e-05,True,0.0053002785080847,1.604389006937571e-05,True,0.0,itodd_bracket_screw.ply,0.094265,0.000943,6287,6287,-0.01705241,-0.004062598,-0.022594196,0.999591023,-0.001844121,0.000113294,0.000495114,-0.017082828,-0.004029493,-0.022605051,0.999590392,-0.001843795,0.000112705,0.000496468,2.1584461826181056e-05,True,4.4578939621750855e-05,True
bracket_screw,asymmetric,fgr,easy,3,0.0054856311518662,1.4301694114699246e-05,True,0.0054856311518662,1.4301694114699246e-05,True,0.0,itodd_bracket_screw.ply,0.094265,0.000943,6287,6287,-0.01705253,-0.004063934,-0.022591375,0.999591079,-0.001843865,0.000113448,0.000495345,-0.017082828,-0.004029493,-0.022605051,0.999590392,-0.001843795,0.000112705,0.000496468,2.0589047386729627e-05,True,4.1238049540865836e-05,True
bracket_screw,asymmetric,icp_pt2pt,easy,4,0.4781562431460038,0.0092617093614519,True,0.4781562431460038,0.0092617093614519,True,0.0,itodd_bracket_screw.ply,0.094265,0.000943,6287,6287,0.011078027,0.01730766,0.013868918,0.99969264,-0.000689894,-0.00092699,2.9454e-05,0.011287978,0.021466089,0.013607207,0.999613241,-0.001562762,-0.00092375,4.7358e-05,0.009222296109832022,True,0.011945726034207307,True
bracket_screw,asymmetric,icp_pt2pl,easy,4,0.0026830067428514,9.27784061362422e-05,True,0.0026830067428514,9.27784061362422e-05,True,0.0,itodd_bracket_screw.ply,0.094265,0.000943,6287,6287,0.011301306,0.021450347,0.013596133,0.999613579,-0.001554092,-0.000924473,4.6471e-05,0.011287978,0.021466089,0.013607207,0.999613241,-0.001562762,-0.00092375,4.7358e-05,9.310440443296102e-05,True,0.0001051834800209304,True
bracket_screw,asymmetric,fpfh_ransac,easy,4,0.0050726452340291,8.20790372665763e-05,True,0.0050726452340291,8.20790372665763e-05,True,0.0,itodd_bracket_screw.ply,0.094265,0.000943,6287,6287,0.011306146,0.021428481,0.013592561,0.999614042,-0.001555076,-0.000924517,4.691e-05,0.011287978,0.021466089,0.013607207,0.999613241,-0.001562762,-0.00092375,4.7358e-05,8.316110338230382e-05,True,0.00010981090598578509,True
bracket_screw,asymmetric,fgr,easy,4,0.0037606078552951,6.25507960625406e-05,True,0.0037606078552951,6.25507960625406e-05,True,0.0,itodd_bracket_screw.ply,0.094265,0.000943,6287,6287,0.011307465,0.021440257,0.013601745,0.99961365,-0.001556955,-0.000924581,4.6769e-05,0.011287978,0.021466089,0.013607207,0.999613241,-0.001562762,-0.00092375,4.7358e-05,6.358424944580729e-05,True,7.991917195572657e-05,True
bracket_screw,asymmetric,icp_pt2pt,easy,5,0.5168163895530468,0.0094246867756464,True,0.5168163895530468,0.0094246867756464,True,0.0,itodd_bracket_screw.ply,0.094265,0.000943,6287,6287,-0.004490424,-0.003067594,0.007470203,0.99995731,-0.001125465,-0.000182501,-0.002228754,-0.004901582,0.001413857,0.007173109,0.99996126,-0.002013832,-0.000172758,-0.002228879,0.009379869972457072,True,0.012330861651696175,True
bracket_screw,asymmetric,icp_pt2pl,easy,5,0.0117696470670651,0.0001187519911529,True,0.0117696470670651,0.0001187519911529,True,0.0,itodd_bracket_screw.ply,0.094265,0.000943,6287,6287,-0.004936745,0.001371361,0.007086468,0.999961764,-0.002002835,-0.000170779,-0.002228211,-0.004901582,0.001413857,0.007173109,0.99996126,-0.002013832,-0.000172758,-0.002228879,0.00012086816512814396,True,0.00016553846942634877,True
bracket_screw,asymmetric,fpfh_ransac,easy,5,0.009458709053209,7.22547808677746e-05,True,0.009458709053209,7.22547808677746e-05,True,0.0,itodd_bracket_screw.ply,0.094265,0.000943,6287,6287,-0.004933092,0.001399559,0.00709817,0.99996166,-0.002007301,-0.000170973,-0.002228143,-0.004901582,0.001413857,0.007173109,0.99996126,-0.002013832,-0.000172758,-0.002228879,7.478173668447304e-05,True,9.724244237519472e-05,True
bracket_screw,asymmetric,fgr,easy,5,0.0070336614206263,5.873549725338474e-05,True,0.0070336614206263,5.873549725338474e-05,True,0.0,itodd_bracket_screw.ply,0.094265,0.000943,6287,6287,-0.004924572,0.001408945,0.00711641,0.999961559,-0.002008733,-0.000170977,-0.002227663,-0.004901582,0.001413857,0.007173109,0.99996126,-0.002013832,-0.000172758,-0.002228879,6.040258537111611e-05,True,7.756793875876957e-05,True
bracket_screw,asymmetric,icp_pt2pt,easy,6,1.4437711216323124,0.0213745157951855,False,1.4437711216323124,0.0213745157951855,False,0.0,itodd_bracket_screw.ply,0.094265,0.000943,6287,6287,0.029521287,-0.04914145,-0.015605471,0.99823348,-0.002231634,0.00084622,0.000340975,0.029560265,-0.03657436,-0.014894868,0.998782584,-0.004243702,0.00083258,0.000446419,0.01887055986520019,True,0.029993428651091864,True
bracket_screw,asymmetric,icp_pt2pl,easy,6,0.0123481977200852,8.794628682029695e-05,True,0.0123481977200852,8.794628682029695e-05,True,0.0,itodd_bracket_screw.ply,0.094265,0.000943,6287,6287,0.029584465,-0.036481399,-0.014846156,0.998785992,-0.004236152,0.000829758,0.000448359,0.029560265,-0.03657436,-0.014894868,0.998782584,-0.004243702,0.00083258,0.000446419,8.95106358082616e-05,True,0.00018625946657137264,True
bracket_screw,asymmetric,fpfh_ransac,easy,6,179.99607197366936,0.0974240888158698,False,179.99607197366936,0.0974240888158698,False,0.0,itodd_bracket_screw.ply,0.094265,0.000943,6287,6287,0.015649022,0.727280928,0.685197787,0.036353154,0.004258767,0.003306893,-0.00198799,0.029560265,-0.03657436,-0.014894868,0.998782584,-0.004243702,0.00083258,0.000446419,0.04917429982423513,True,0.8700568853351696,False
bracket_screw,asymmetric,fgr,easy,6,0.012407817669131,6.416004074905003e-05,True,0.012407817669131,6.416004074905003e-05,True,0.0,itodd_bracket_screw.ply,0.094265,0.000943,6287,6287,0.029589188,-0.036476006,-0.014860176,0.998785841,-0.004238823,0.000829688,0.00044852,0.029560265,-0.03657436,-0.014894868,0.998782584,-0.004243702,0.00083258,0.000446419,6.875642375687336e-05,True,0.00016338212629397135,True
bracket_screw,asymmetric,icp_pt2pt,easy,7,1.1961132560069618,0.0110516406111919,False,1.1961132560069618,0.0110516406111919,False,0.0,itodd_bracket_screw.ply,0.094265,0.000943,6287,6287,-0.012697818,-0.046660597,-0.029492268,0.998394591,0.002174076,0.001094526,0.000293205,-0.012248627,-0.056958996,-0.031029147,0.99781904,0.003212958,0.001075062,0.000368463,0.010984461741831247,True,0.018294093092278765,True
bracket_screw,asymmetric,icp_pt2pl,easy,7,0.0168570847433052,7.734151242599873e-05,True,0.0168570847433052,7.734151242599873e-05,True,0.0,itodd_bracket_screw.ply,0.094265,0.000943,6287,6287,-0.012139108,-0.056892303,-0.031101183,0.99782194,0.003207934,0.001069857,0.000367554,-0.012248627,-0.056958996,-0.031029147,0.99781904,0.003212958,0.001075062,0.000368463,9.00387717514172e-05,True,0.00015648250508597296,True
bracket_screw,asymmetric,fpfh_ransac,easy,7,0.0155393682918025,7.277865758529644e-05,True,0.0155393682918025,7.277865758529644e-05,True,0.0,itodd_bracket_screw.ply,0.094265,0.000943,6287,6287,-0.012156536,-0.056905716,-0.031113213,0.997820588,0.003208247,0.001070199,0.000367352,-0.012248627,-0.056958996,-0.031029147,0.99781904,0.003212958,0.001075062,0.000368463,8.287638467136992e-05,True,0.0001385227284191149,True
bracket_screw,asymmetric,fgr,easy,7,0.0170188044548161,7.230657144116023e-05,True,0.0170188044548161,7.230657144116023e-05,True,0.0,itodd_bracket_screw.ply,0.094265,0.000943,6287,6287,-0.012144627,-0.056893131,-0.031112195,0.997821483,0.003208479,0.00107002,0.00036747,-0.012248627,-0.056958996,-0.031029147,0.99781904,0.003212958,0.001075062,0.000368463,8.486064222150725e-05,True,0.00014961745765536602,True
bracket_screw,asymmetric,icp_pt2pt,easy,8,0.0201089259903726,6.48039185510906e-05,True,0.0201089259903726,6.48039185510906e-05,True,0.0,itodd_bracket_screw.ply,0.094265,0.000943,6287,6287,0.032399555,0.044983707,0.060926334,0.996601584,5.16e-06,-2.1225e-05,9.15e-07,0.032524011,0.045063225,0.061020157,0.996588197,-6.45e-07,-2.1382e-05,-9.81e-07,9.157903025691266e-05,True,0.00016230250268513025,True
bracket_screw,asymmetric,icp_pt2pl,easy,8,0.0242643674327629,5.496191614627845e-05,True,0.0242643674327629,5.496191614627845e-05,True,0.0,itodd_bracket_screw.ply,0.094265,0.000943,6287,6287,0.03240794,0.044901282,0.060950141,0.996603572,-5.743e-06,-2.2302e-05,-9.32e-07,0.032524011,0.045063225,0.061020157,0.996588197,-6.45e-07,-2.1382e-05,-9.81e-07,9.36540110343257e-05,True,0.0002425896611289455,True
bracket_screw,asymmetric,fpfh_ransac,easy,8,0.0229299585060205,4.071565447982622e-05,True,0.0229299585060205,4.071565447982622e-05,True,0.0,itodd_bracket_screw.ply,0.094265,0.000943,6287,6287,0.032420537,0.044899188,0.060972841,0.996601869,-4.233e-06,-2.2743e-05,-9.47e-07,0.032524011,0.045063225,0.061020157,0.996588197,-6.45e-07,-2.1382e-05,-9.81e-07,8.22691852341863e-05,True,0.00021890577146427314,True
bracket_screw,asymmetric,fgr,easy,8,0.0217659507812579,7.778606457010979e-05,True,0.0217659507812579,7.778606457010979e-05,True,0.0,itodd_bracket_screw.ply,0.094265,0.000943,6287,6287,0.032420123,0.044913083,0.060969488,0.996601461,-7.868e-06,-2.2562e-05,-5.32e-07,0.032524011,0.045063225,0.061020157,0.996588197,-6.45e-07,-2.1382e-05,-9.81e-07,0.00010110367759122518,True,0.0002452007973903011,True
bracket_screw,asymmetric,icp_pt2pt,easy,9,0.5122087337484623,0.0089477545601019,True,0.5122087337484623,0.0089477545601019,True,0.0,itodd_bracket_screw.ply,0.094265,0.000943,6287,6287,-0.056092145,-0.017865219,0.009772784,0.998217911,0.000642291,-0.001501136,0.002558461,-0.055687048,-0.02231614,0.009791649,0.998150823,0.001485349,-0.001512204,0.002582123,0.008917358240288692,True,0.011940170729010038,True
bracket_screw,asymmetric,icp_pt2pl,easy,9,0.0275183505495414,5.861804765373094e-05,True,0.0275183505495414,5.861804765373094e-05,True,0.0,itodd_bracket_screw.ply,0.094265,0.000943,6287,6287,-0.055749331,-0.022339389,0.01002232,0.998144537,0.001487845,-0.001508594,0.002578766,-0.055687048,-0.02231614,0.009791649,0.998150823,0.001485349,-0.001512204,0.002582123,8.845806947762934e-05,True,0.00017365383291794985,True
bracket_screw,asymmetric,fpfh_ransac,easy,9,0.0269335873016088,6.337393438424709e-05,True,0.0269335873016088,6.337393438424709e-05,True,0.0,itodd_bracket_screw.ply,0.094265,0.000943,6287,6287,-0.055742338,-0.022349359,0.010017583,0.998144752,0.001488909,-0.00150882,0.002578723,-0.055687048,-0.02231614,0.009791649,0.998150823,0.001485349,-0.001512204,0.002582123,8.897604615265686e-05,True,0.00017722419294722436,True
bracket_screw,asymmetric,fgr,easy,9,0.0276295042587784,6.021365668226352e-05,True,0.0276295042587784,6.021365668226352e-05,True,0.0,itodd_bracket_screw.ply,0.094265,0.000943,6287,6287,-0.055769651,-0.022364755,0.010012752,0.99814293,0.001486492,-0.001507911,0.00257859,-0.055687048,-0.02231614,0.009791649,0.998150823,0.001485349,-0.001512204,0.002582123,8.911706587945824e-05,True,0.00015887673777752336,True
bracket_screw,asymmetric,icp_pt2pt,easy,10,0.0298209766721766,0.0001390779977988,True,0.0298209766721766,0.0001390779977988,True,0.0,itodd_bracket_screw.ply,0.094265,0.000943,6287,6287,0.001917023,0.00149636,-0.003200023,0.999991923,-0.000557547,-0.002517126,-0.000627103,0.001996425,0.001522033,-0.003446516,0.99999091,-0.000568733,-0.002523956,-0.000627427,0.0001534901470751233,True,0.0002881432844023302,True
bracket_screw,asymmetric,icp_pt2pl,easy,10,0.0209618388912513,4.938426143029001e-05,True,0.0209618388912513,4.938426143029001e-05,True,0.0,itodd_bracket_screw.ply,0.094265,0.000943,6287,6287,0.001952167,0.001528962,-0.003269161,0.999991582,-0.000564263,-0.002524513,-0.000628604,0.001996425,0.001522033,-0.003446516,0.99999091,-0.000568733,-0.002523956,-0.000627427,6.824308103809399e-05,True,0.0001548156276374787,True
bracket_screw,asymmetric,fpfh_ransac,easy,10,0.0154164874886838,2.990425387224376e-05,True,0.0154164874886838,2.990425387224376e-05,True,0.0,itodd_bracket_screw.ply,0.094265,0.000943,6287,6287,0.001956272,0.001529994,-0.003318361,0.99999141,-0.000566656,-0.002525666,-0.000628269,0.001996425,0.001522033,-0.003446516,0.99999091,-0.000568733,-0.002523956,-0.000627427,4.7760997482568925e-05,True,0.00010338185975236117,True
bracket_screw,asymmetric,fgr,easy,10,0.0169714572165617,2.303572580506009e-05,True,0.0169714572165617,2.303572580506009e-05,True,0.0,itodd_bracket_screw.ply,0.094265,0.000943,6287,6287,0.001957681,0.001525874,-0.003303622,0.999991463,-0.000567312,-0.00252542,-0.000628172,0.001996425,0.001522033,-0.003446516,0.99999091,-0.000568733,-0.002523956,-0.000627427,4.719736379333313e-05,True,0.00010418785722516398,True
bracket_screw,asymmetric,icp_pt2pt,easy,11,0.0122942499344046,7.259914474620484e-05,True,0.0122942499344046,7.259914474620484e-05,True,0.0,itodd_bracket_screw.ply,0.094265,0.000943,6287,6287,0.025601542,-0.026590441,0.058826507,0.997585561,-0.001167063,0.001193903,-0.001931329,0.025644606,-0.026522034,0.058896968,0.997582118,-0.001173616,0.001192281,-0.0019302,7.738375759684606e-05,True,0.00013600837070249343,True
bracket_screw,asymmetric,icp_pt2pl,easy,11,0.0134643447913142,5.610100706998375e-05,True,0.0134643447913142,5.610100706998375e-05,True,0.0,itodd_bracket_screw.ply,0.094265,0.000943,6287,6287,0.025615369,-0.026497583,0.058786107,0.997590058,-0.001168859,0.001191992,-0.001932493,0.025644606,-0.026522034,0.058896968,0.997582118,-0.001173616,0.001192281,-0.0019302,6.120095650333258e-05,True,9.654419110424468e-05,True
bracket_screw,asymmetric,fpfh_ransac,easy,11,0.0133674084541405,5.163696786634461e-05,True,0.0133674084541405,5.163696786634461e-05,True,0.0,itodd_bracket_screw.ply,0.094265,0.000943,6287,6287,0.025612983,-0.026483534,0.058791797,0.997590157,-0.001169304,0.001191883,-0.001932424,0.025644606,-0.026522034,0.058896968,0.997582118,-0.001173616,0.001192281,-0.0019302,5.699541434012592e-05,True,9.382060913318742e-05,True
bracket_screw,asymmetric,fgr,easy,11,0.0140889349257134,4.4822311376489336e-05,True,0.0140889349257134,4.4822311376489336e-05,True,0.0,itodd_bracket_screw.ply,0.094265,0.000943,6287,6287,0.025613917,-0.026478151,0.058786617,0.997590582,-0.001170046,0.001192146,-0.001932457,0.025644606,-0.026522034,0.058896968,0.997582118,-0.001173616,0.001192281,-0.0019302,5.250265173500627e-05,True,8.929092829347305e-05,True
bracket_screw,asymmetric,icp_pt2pt,easy,12,0.2573753524727789,0.0215358009121479,False,0.2573753524727789,0.0215358009121479,False,0.0,itodd_bracket_screw.ply,0.094265,0.000943,6287,6287,0.014895113,-0.080261319,0.033768305,0.996090336,-0.002043256,-0.001160145,-0.001128843,0.014910704,-0.078775506,0.03209303,0.996264085,-0.004073218,-0.001144261,-0.001113932,0.019024344680919878,True,0.022354243290941902,True
bracket_screw,asymmetric,icp_pt2pl,easy,12,0.024384296986944,7.161759500094058e-05,True,0.024384296986944,7.161759500094058e-05,True,0.0,itodd_bracket_screw.ply,0.094265,0.000943,6287,6287,0.015025496,-0.078945941,0.032145657,0.996247173,-0.004068591,-0.001148829,-0.001115751,0.014910704,-0.078775506,0.03209303,0.996264085,-0.004073218,-0.001144261,-0.001113932,9.739632539216729e-05,True,0.00020017951228435863,True
bracket_screw,asymmetric,fpfh_ransac,easy,12,0.0215897075452303,6.367465417388137e-05,True,0.0215897075452303,6.367465417388137e-05,True,0.0,itodd_bracket_screw.ply,0.094265,0.000943,6287,6287,0.015000321,-0.078925046,0.03216278,0.996248655,-0.004071002,-0.001149293,-0.00111634,0.014910704,-0.078775506,0.03209303,0.996264085,-0.004073218,-0.001144261,-0.001113932,8.20209811345647e-05,True,0.00018730599641808037,True
bracket_screw,asymmetric,fgr,easy,12,0.0236207311533938,6.694837347403547e-05,True,0.0236207311533938,6.694837347403547e-05,True,0.0,itodd_bracket_screw.ply,0.094265,0.000943,6287,6287,0.015009541,-0.078950417,0.032136014,0.99624737,-0.004068616,-0.001147942,-0.001116189,0.014910704,-0.078775506,0.03209303,0.996264085,-0.004073218,-0.001144261,-0.001113932,9.156989690460315e-05,True,0.0001849984677881817,True
bracket_screw,asymmetric,icp_pt2pt,easy,13,0.928678574585586,0.0032128829786469,True,0.928678574585586,0.0032128829786469,True,0.0,itodd_bracket_screw.ply,0.094265,0.000943,6287,6287,0.01704597,0.044678295,0.048160697,0.997694258,-0.001395577,0.003205867,0.000963836,0.017289356,0.05206252,0.051449358,0.997167757,-0.00169735,0.003193975,0.000986582,0.003858012187821776,True,0.008880450363054153,True
bracket_screw,asymmetric,icp_pt2pl,easy,13,0.0188945749071863,4.342550321220555e-05,True,0.0188945749071863,4.342550321220555e-05,True,0.0,itodd_bracket_screw.ply,0.094265,0.000943,6287,6287,0.017202732,0.052020673,0.051583231,0.997164523,-0.001701411,0.003194392,0.000986883,0.017289356,0.05206252,0.051449358,0.997167757,-0.00169735,0.003193975,0.000986582,6.451420026795828e-05,True,0.00011086983414359672,True
bracket_screw,asymmetric,fpfh_ransac,easy,13,0.0192066625167212,6.66178168285594e-05,True,0.0192066625167212,6.66178168285594e-05,True,0.0,itodd_bracket_screw.ply,0.094265,0.000943,6287,6287,0.017210181,0.052071938,0.051596634,0.997161025,-0.001703581,0.003194165,0.000987346,0.017289356,0.05206252,0.051449358,0.997167757,-0.00169735,0.003193975,0.000986582,8.349644289829706e-05,True,0.0001355796134337192,True
bracket_screw,asymmetric,fgr,easy,13,0.0177764232716808,0.0001079322678741,True,0.0177764232716808,0.0001079322678741,True,0.0,itodd_bracket_screw.ply,0.094265,0.000943,6287,6287,0.017212381,0.052090131,0.051580999,0.997160846,-0.001707457,0.003194435,0.000987659,0.017289356,0.05206252,0.051449358,0.997167757,-0.00169735,0.003193975,0.000986582,0.00011674024083137964,True,0.00016826748398655143,True
bracket_screw,asymmetric,icp_pt2pt,easy,14,0.4352565191205741,0.0090408709763342,True,0.4352565191205741,0.0090408709763342,True,0.0,itodd_bracket_screw.ply,0.094265,0.000943,6287,6287,0.044249052,0.028911281,-0.01543061,0.998482877,-0.000548327,-0.002079356,-0.000694566,0.044999564,0.032627265,-0.015611499,0.998332,-0.001399617,-0.002103622,-0.000662464,0.009000900299653237,True,0.011413439824282076,True
bracket_screw,asymmetric,icp_pt2pl,easy,14,0.0149530058198186,3.772856507995154e-05,True,0.0149530058198186,3.772856507995154e-05,True,0.0,itodd_bracket_screw.ply,0.094265,0.000943,6287,6287,0.045035729,0.032623783,-0.015486171,0.998332435,-0.001398546,-0.00210584,-0.000665029,0.044999564,0.032627265,-0.015611499,0.998332,-0.001399617,-0.002103622,-0.000662464,5.0231682791063104e-05,True,0.0001085970022866533,True
bracket_screw,asymmetric,fpfh_ransac,easy,14,0.0138045073661383,3.777627206958242e-05,True,0.0138045073661383,3.777627206958242e-05,True,0.0,itodd_bracket_screw.ply,0.094265,0.000943,6287,6287,0.045032422,0.032620547,-0.015495796,0.99833254,-0.001399152,-0.002105814,-0.000665231,0.044999564,0.032627265,-0.015611499,0.998332,-0.001399617,-0.002103622,-0.000662464,4.88382950487058e-05,True,9.876500792582218e-05,True
bracket_screw,asymmetric,fgr,easy,14,0.0137307810878728,3.7516286016018925e-05,True,0.0137307810878728,3.7516286016018925e-05,True,0.0,itodd_bracket_screw.ply,0.094265,0.000943,6287,6287,0.045033678,0.032619188,-0.01549692,0.998332511,-0.001399229,-0.002105844,-0.000665188,0.044999564,0.032627265,-0.015611499,0.998332,-0.001399617,-0.002103622,-0.000662464,4.835667486316355e-05,True,9.800312603839572e-05,True
bracket_screw,asymmetric,icp_pt2pt,easy,15,0.0099576890196078,8.227576135758427e-05,True,0.0099576890196078,8.227576135758427e-05,True,0.0,itodd_bracket_screw.ply,0.094265,0.000943,6287,6287,-0.008493565,0.009255467,-0.00365485,0.999914415,-0.000599593,0.000659629,0.00087948,-0.00853512,0.00924309,-0.003730155,0.999913898,-0.000604223,0.000655581,0.000874754,8.860828458006962e-05,True,0.00010750184388510498,True
bracket_screw,asymmetric,icp_pt2pl,easy,15,0.0089757655158854,6.294423122986587e-05,True,0.0089757655158854,6.294423122986587e-05,True,0.0,itodd_bracket_screw.ply,0.094265,0.000943,6287,6287,-0.008517005,0.009167021,-0.003725701,0.999914769,-0.000598649,0.000657576,0.000875149,-0.00853512,0.00924309,-0.003730155,0.999913898,-0.000604223,0.000655581,0.000874754,6.593800082569919e-05,True,0.0001136071934422801,True
bracket_screw,asymmetric,fpfh_ransac,easy,15,0.0089718652488756,2.6967944209641596e-05,True,0.0089718652488756,2.6967944209641596e-05,True,0.0,itodd_bracket_screw.ply,0.094265,0.000943,6287,6287,-0.008500353,0.009176491,-0.003752182,0.999914725,-0.00060238,0.000657055,0.0008757,-0.00853512,0.00924309,-0.003730155,0.999913898,-0.000604223,0.000655581,0.000874754,3.5298601502563794e-05,True,8.083436775696254e-05,True
bracket_screw,asymmetric,fgr,easy,15,0.0079958016613799,2.320940962926596e-05,True,0.0079958016613799,2.320940962926596e-05,True,0.0,itodd_bracket_screw.ply,0.094265,0.000943,6287,6287,-0.00849199,0.009189537,-0.003718331,0.999914803,-0.000603417,0.000657231,0.000875944,-0.00853512,0.00924309,-0.003730155,0.999913898,-0.000604223,0.000655581,0.000874754,3.031101162468483e-05,True,6.820795910068717e-05,True
bracket_screw,asymmetric,icp_pt2pt,easy,16,0.0274714786087441,9.92674486114414e-05,True,0.0274714786087441,9.92674486114414e-05,True,0.0,itodd_bracket_screw.ply,0.094265,0.000943,6287,6287,-0.019647941,0.037704006,0.006205042,0.999076505,-0.000691429,0.000297374,0.000564537,-0.019578485,0.037685034,0.006433708,0.999077138,-0.000700767,0.000297815,0.000564957,0.00011366401361586255,True,0.00017805461894618968,True
bracket_screw,asymmetric,icp_pt2pl,easy,16,0.0115724917177535,7.607413851911236e-05,True,0.0115724917177535,7.607413851911236e-05,True,0.0,itodd_bracket_screw.ply,0.094265,0.000943,6287,6287,-0.019607848,0.037588467,0.006432262,0.99908021,-0.000694245,0.000295223,0.000563482,-0.019578485,0.037685034,0.006433708,0.999077138,-0.000700767,0.000297815,0.000564957,7.94853984253172e-05,True,0.0001465030228080128,True
bracket_screw,asymmetric,fpfh_ransac,easy,16,0.0112546544584076,6.053857821246057e-05,True,0.0112546544584076,6.053857821246057e-05,True,0.0,itodd_bracket_screw.ply,0.094265,0.000943,6287,6287,-0.019617851,0.037595196,0.006429378,0.999079779,-0.000695567,0.00029607,0.000563382,-0.019578485,0.037685034,0.006433708,0.999077138,-0.000700767,0.000297815,0.000564957,6.475968645209933e-05,True,0.00013008441786018594,True
bracket_screw,asymmetric,fgr,easy,16,0.0106276371198728,6.706781517377702e-05,True,0.0106276371198728,6.706781517377702e-05,True,0.0,itodd_bracket_screw.ply,0.094265,0.000943,6287,6287,-0.019607969,0.037597679,0.006424036,0.999079914,-0.000694992,0.000295714,0.000563474,-0.019578485,0.037685034,0.006433708,0.999077138,-0.000700767,0.000297815,0.000564957,7.03069559508753e-05,True,0.00013261255611611697,True
bracket_screw,asymmetric,icp_pt2pt,easy,17,0.3742998175773324,0.0089442820952678,True,0.3742998175773324,0.0089442820952678,True,0.0,itodd_bracket_screw.ply,0.094265,0.000943,6287,6287,-0.071044322,0.029425049,0.009555986,0.996993257,0.001123999,-0.002694197,0.002244714,-0.070967248,0.026162691,0.009661898,0.997088668,0.001966839,-0.002700684,0.00226608,0.008906583427878343,True,0.01111580032353807,True
bracket_screw,asymmetric,icp_pt2pl,easy,17,0.0184189195893116,3.676311863201402e-05,True,0.0184189195893116,3.676311863201402e-05,True,0.0,itodd_bracket_screw.ply,0.094265,0.000943,6287,6287,-0.070908528,0.026055231,0.009765842,0.997094646,0.001967989,-0.002703685,0.002267376,-0.070967248,0.026162691,0.009661898,0.997088668,0.001966839,-0.002700684,0.00226608,5.520500739025606e-05,True,0.00011773322798591536,True
bracket_screw,asymmetric,fpfh_ransac,easy,17,0.0189778571879703,3.57232299079932e-05,True,0.0189778571879703,3.57232299079932e-05,True,0.0,itodd_bracket_screw.ply,0.094265,0.000943,6287,6287,-0.070908866,0.026055738,0.009773907,0.99709453,0.00196815,-0.002703565,0.002267229,-0.070967248,0.026162691,0.009661898,0.997088668,0.001966839,-0.002700684,0.00226608,5.487429192386595e-05,True,0.00011430135330059209,True
bracket_screw,asymmetric,fgr,easy,17,0.019105004819012,3.007015504668192e-05,True,0.019105004819012,3.007015504668192e-05,True,0.0,itodd_bracket_screw.ply,0.094265,0.000943,6287,6287,-0.070911054,0.026062065,0.009782244,0.997094127,0.001967112,-0.002703236,0.002267283,-0.070967248,0.026162691,0.009661898,0.997088668,0.001966839,-0.002700684,0.00226608,5.0329027886395984e-05,True,0.00011291722219004379,True
bracket_screw,asymmetric,icp_pt2pt,easy,18,0.0254121569706946,8.367779652485029e-05,True,0.0254121569706946,8.367779652485029e-05,True,0.0,itodd_bracket_screw.ply,0.094265,0.000943,6287,6287,-0.008267739,0.042386745,-0.011629701,0.998999379,0.000215169,4.4984e-05,4.653e-06,-0.00821786,0.042602426,-0.011619811,0.998990731,0.000207483,4.6501e-05,5.572e-06,0.00010149964017436159,True,0.0002375338859733028,True
bracket_screw,asymmetric,icp_pt2pl,easy,18,0.0087913640819851,6.021052205908345e-05,True,0.0087913640819851,6.021052205908345e-05,True,0.0,itodd_bracket_screw.ply,0.094265,0.000943,6287,6287,-0.008239772,0.042651779,-0.011674231,0.99898781,0.000212292,4.3784e-05,4.264e-06,-0.00821786,0.042602426,-0.011619811,0.998990731,0.000207483,4.6501e-05,5.572e-06,6.232777664705002e-05,True,8.949409293602034e-05,True
bracket_screw,asymmetric,fpfh_ransac,easy,18,0.008811085918814,6.616561084710832e-05,True,0.008811085918814,6.616561084710832e-05,True,0.0,itodd_bracket_screw.ply,0.094265,0.000943,6287,6287,-0.008248384,0.042653111,-0.011668828,0.998987745,0.000213059,4.4116e-05,4.115e-06,-0.00821786,0.042602426,-0.011619811,0.998990731,0.000207483,4.6501e-05,5.572e-06,6.84267937783856e-05,True,9.94062907784978e-05,True
bracket_screw,asymmetric,fgr,easy,18,0.0088457560569494,6.510372607792046e-05,True,0.0088457560569494,6.510372607792046e-05,True,0.0,itodd_bracket_screw.ply,0.094265,0.000943,6287,6287,-0.00825255,0.042650415,-0.011669249,0.998987821,0.00021299,4.4246e-05,4.067e-06,-0.00821786,0.042602426,-0.011619811,0.998990731,0.000207483,4.6501e-05,5.572e-06,6.760251556651909e-05,True,9.640259286030519e-05,True
bracket_screw,asymmetric,icp_pt2pt,easy,19,0.6239157377996618,0.009703341901098,True,0.6239157377996618,0.009703341901098,True,0.0,itodd_bracket_screw.ply,0.094265,0.000943,6287,6287,-0.00941958,-0.062128046,0.043180184,0.997089188,-0.002279028,-0.000910457,-0.001551754,-0.009174083,-0.056712475,0.04280656,0.997430263,-0.003192512,-0.000893837,-0.001507886,0.009651229214549183,True,0.013361804748726938,True
bracket_screw,asymmetric,icp_pt2pl,easy,19,0.0086637518724777,5.5712911138889656e-05,True,0.0086637518724777,5.5712911138889656e-05,True,0.0,itodd_bracket_screw.ply,0.094265,0.000943,6287,6287,-0.009128524,-0.056771592,0.042794735,0.997427825,-0.003187418,-0.000894994,-0.001508425,-0.009174083,-0.056712475,0.04280656,0.997430263,-0.003192512,-0.000893837,-0.001507886,6.157030669725328e-05,True,9.702223654585076e-05,True
bracket_screw,asymmetric,fpfh_ransac,easy,19,0.0093961520260633,5.231102018098931e-05,True,0.0093961520260633,5.231102018098931e-05,True,0.0,itodd_bracket_screw.ply,0.094265,0.000943,6287,6287,-0.009135899,-0.056783846,0.04279384,0.997427099,-0.003187735,-0.000894903,-0.001508481,-0.009174083,-0.056712475,0.04280656,0.997430263,-0.003192512,-0.000893837,-0.001507886,5.860577524405219e-05,True,0.00010183535561652354,True
bracket_screw,asymmetric,fgr,easy,19,0.008928898442479,2.7726679650626453e-05,True,0.008928898442479,2.7726679650626453e-05,True,0.0,itodd_bracket_screw.ply,0.094265,0.000943,6287,6287,-0.009164417,-0.056786846,0.042785669,0.997427017,-0.003190186,-0.00089434,-0.001508966,-0.009174083,-0.056712475,0.04280656,0.997430263,-0.003192512,-0.000893837,-0.001507886,3.584705876382197e-05,True,8.111993589948322e-05,True
bracket_screw,asymmetric,icp_pt2pt,medium,0,19.25060336489123,0.1665756309165007,False,19.25060336489123,0.1665756309165007,False,0.0,itodd_bracket_screw.ply,0.094265,0.000943,6287,5344,0.148586597,-0.065277859,0.015469537,0.986621264,0.00323305,0.003818272,0.000536141,0.192990116,-0.214190332,-0.040322872,0.956687714,0.017685105,0.007931328,0.005094996,0.07832572722346598,True,0.28429982533914283,False
bracket_screw,asymmetric,icp_pt2pl,medium,0,0.0289866435296415,0.0002214297873017,True,0.0289866435296415,0.0002214297873017,True,0.0,itodd_bracket_screw.ply,0.094265,0.000943,6287,5344,0.192955933,-0.214323705,-0.040111137,0.95667364,0.017670466,0.007931138,0.005109874,0.192990116,-0.214190332,-0.040322872,0.956687714,0.017685105,0.007931328,0.005094996,0.0002315775853753861,True,0.00030003590231807864,True
bracket_screw,asymmetric,fpfh_ransac,medium,0,0.0285924573065459,0.0002178931083895,True,0.0285924573065459,0.0002178931083895,True,0.0,itodd_bracket_screw.ply,0.094265,0.000943,6287,5344,0.19296129,-0.214310709,-0.040106559,0.956675663,0.017670571,0.007931195,0.005109508,0.192990116,-0.214190332,-0.040322872,0.956687714,0.017685105,0.007931328,0.005094996,0.00022809073187667446,True,0.000294162932750724,True
bracket_screw,asymmetric,fgr,medium,0,0.0256161803616873,0.0001648918260141,True,0.0256161803616873,0.0001648918260141,True,0.0,itodd_bracket_screw.ply,0.094265,0.000943,6287,5344,0.192913808,-0.214298954,-0.040143016,0.956686343,0.017676797,0.007931802,0.005108124,0.192990116,-0.214190332,-0.040322872,0.956687714,0.017685105,0.007931328,0.005094996,0.00017684457246463378,True,0.00022899930193132697,True
bracket_screw,asymmetric,icp_pt2pt,medium,1,23.75908703667392,0.162268311347469,False,23.75908703667392,0.162268311347469,False,0.0,itodd_bracket_screw.ply,0.094265,0.000943,6287,5344,-0.075122683,-0.095066487,0.080543649,0.98935922,0.002657254,-0.002940828,-0.00043317,-0.098393125,-0.296015037,0.067132221,0.947727364,0.008428475,-0.002820495,-0.014598424,0.0816986570543227,True,0.2618111616967711,False
bracket_screw,asymmetric,icp_pt2pl,medium,1,1.182772990021906,0.0605332656195191,False,1.182772990021906,0.0605332656195191,False,0.0,itodd_bracket_screw.ply,0.094265,0.000943,6287,5344,-0.096951545,-0.286289694,0.067698587,0.950818337,0.007618907,-0.002819319,-0.008949959,-0.098393125,-0.296015037,0.067132221,0.947727364,0.008428475,-0.002820495,-0.014598424,0.04038244410695113,True,0.06536689070215447,True
bracket_screw,asymmetric,fpfh_ransac,medium,1,0.0399569413002598,5.880217134036232e-05,True,0.0399569413002598,5.880217134036232e-05,True,0.0,itodd_bracket_screw.ply,0.094265,0.000943,6287,5344,-0.098241285,-0.296065595,0.066823193,0.947749162,0.008431864,-0.002822937,-0.014602068,-0.098393125,-0.296015037,0.067132221,0.947727364,0.008428475,-0.002820495,-0.014598424,0.00012220820799416844,True,0.00022899362138876418,True
bracket_screw,asymmetric,fgr,medium,1,0.0365510356226261,0.0001554785367196,True,0.0365510356226261,0.0001554785367196,True,0.0,itodd_bracket_screw.ply,0.094265,0.000943,6287,5344,-0.098196381,-0.295923732,0.066907509,0.947792172,0.00841481,-0.002822252,-0.014603421,-0.098393125,-0.296015037,0.067132221,0.947727364,0.008428475,-0.002820495,-0.014598424,0.00017550412496882944,True,0.0002955933177019392,True
bracket_screw,asymmetric,icp_pt2pt,medium,2,52.96264323489205,0.220456764712639,False,52.96264323489205,0.220456764712639,False,0.0,itodd_bracket_screw.ply,0.094265,0.000943,6287,5344,0.102257788,-0.035234226,0.028184546,0.993734132,6.7131e-05,0.00092637,-0.000823289,-0.321380948,0.063601113,-0.104510314,0.939013727,0.000101353,-0.006346906,0.018643755,0.1496151178780998,False,0.4458479596821469,False
bracket_screw,asymmetric,icp_pt2pl,medium,2,88.4040799560593,0.1637446988053136,False,88.4040799560593,0.1637446988053136,False,0.0,itodd_bracket_screw.ply,0.094265,0.000943,6287,5344,0.40413442,-0.046501811,0.059744297,0.911561063,-0.000751999,-0.000314777,0.004461438,-0.321380948,0.063601113,-0.104510314,0.939013727,0.000101353,-0.006346906,0.018643755,0.1203925922852926,False,0.6474656901587039,False
bracket_screw,asymmetric,fpfh_ransac,medium,2,0.0843754165040099,0.000248798022599,True,0.0843754165040099,0.000248798022599,True,0.0,itodd_bracket_screw.ply,0.094265,0.000943,6287,5344,-0.32165574,0.063427275,-0.103849748,0.939004683,0.000124173,-0.006345948,0.018638425,-0.321380948,0.063601113,-0.104510314,0.939013727,0.000101353,-0.006346906,0.018643755,0.00031201392447376147,True,0.00056657256471788,True
bracket_screw,asymmetric,fgr,medium,2,0.0786716908910783,0.0001982123477744,True,0.0786716908910783,0.0001982123477744,True,0.0,itodd_bracket_screw.ply,0.094265,0.000943,6287,5344,-0.321651963,0.06347929,-0.10389161,0.938997832,0.000119011,-0.006345515,0.018637806,-0.321380948,0.063601113,-0.104510314,0.939013727,0.000101353,-0.006346906,0.018643755,0.00026554232303865996,True,0.000510389314861485,True
bracket_screw,asymmetric,icp_pt2pt,medium,3,10.004210251489022,0.0206683065619109,False,10.004210251489022,0.0206683065619109,False,0.0,itodd_bracket_screw.ply,0.094265,0.000943,6287,5344,0.134631293,-0.037692289,-0.140518775,0.980157222,-0.000938814,0.000991362,-0.001066944,0.141497103,-0.063766119,-0.221666781,0.962692209,0.000989925,0.000729601,-0.000981285,0.023429756089871627,True,0.0677670476741743,True
bracket_screw,asymmetric,icp_pt2pl,medium,3,0.0594788892230947,0.0002070380814792,True,0.0594788892230947,0.0002070380814792,True,0.0,itodd_bracket_screw.ply,0.094265,0.000943,6287,5344,0.141469542,-0.064283593,-0.221660526,0.962663285,0.001008983,0.000728067,-0.0009852,0.141497103,-0.063766119,-0.221666781,0.962692209,0.000989925,0.000729601,-0.000981285,0.0002451121419423032,True,0.0005352244377211288,True
bracket_screw,asymmetric,fpfh_ransac,medium,3,174.34910528638218,0.0353133073635849,False,174.34910528638218,0.0353133073635849,False,0.0,itodd_bracket_screw.ply,0.094265,0.000943,6287,5344,-0.149218925,0.766557162,0.570094327,0.255178932,-0.000611959,0.001916147,-0.003647202,0.141497103,-0.063766119,-0.221666781,0.962692209,0.000989925,0.000729601,-0.000981285,0.07392292634143542,True,0.9103265458371502,False
bracket_screw,asymmetric,fgr,medium,3,56.78722548733806,0.113409030736606,False,56.78722548733806,0.113409030736606,False,0.0,itodd_bracket_screw.ply,0.094265,0.000943,6287,5344,0.149318331,0.010492086,0.263028445,0.953105445,-0.008658146,-0.003874787,-0.001024897,0.141497103,-0.063766119,-0.221666781,0.962692209,0.000989925,0.000729601,-0.000981285,0.0736745721979578,True,0.3323190332874875,False
bracket_screw,asymmetric,icp_pt2pt,medium,4,4.3533038124192736,0.0873539288528627,False,4.3533038124192736,0.0873539288528627,False,0.0,itodd_bracket_screw.ply,0.094265,0.000943,6287,5344,-0.002143594,-0.011327848,-0.003455279,0.99992757,0.002339528,-0.001093091,-0.002520828,0.003117021,-0.011897435,0.034157274,0.999340791,0.009503114,-0.00515363,-0.002487297,0.045411659441320966,True,0.10934144830905485,False
bracket_screw,asymmetric,icp_pt2pl,medium,4,0.0923382498526477,0.0001848150066754,True,0.0923382498526477,0.0001848150066754,True,0.0,itodd_bracket_screw.ply,0.094265,0.000943,6287,5344,0.003015429,-0.012485262,0.034698391,0.999315289,0.009503098,-0.005139427,-0.002477208,0.003117021,-0.011897435,0.034157274,0.999340791,0.009503114,-0.00515363,-0.002487297,0.00026895350392384335,True,0.0005103556819660418,True
bracket_screw,asymmetric,fpfh_ransac,medium,4,0.0907841078370194,0.0001828649584204,True,0.0907841078370194,0.0001828649584204,True,0.0,itodd_bracket_screw.ply,0.094265,0.000943,6287,5344,0.003015863,-0.012477309,0.034686928,0.999315785,0.00950202,-0.005139676,-0.002477236,0.003117021,-0.011897435,0.034157274,0.999340791,0.009503114,-0.00515363,-0.002487297,0.00026480830675607644,True,0.0005147045905654702,True
bracket_screw,asymmetric,fgr,medium,4,0.0942325387810659,0.0001914356690095,True,0.0942325387810659,0.0001914356690095,True,0.0,itodd_bracket_screw.ply,0.094265,0.000943,6287,5344,0.003003655,-0.012485264,0.034720435,0.999314559,0.009505192,-0.005138775,-0.002477265,0.003117021,-0.011897435,0.034157274,0.999340791,0.009503114,-0.00515363,-0.002487297,0.00027682906463566377,True,0.0005053135504779115,True
bracket_screw,asymmetric,icp_pt2pt,medium,5,14.429919353791307,0.2564098852587559,False,14.429919353791307,0.2564098852587559,False,0.0,itodd_bracket_screw.ply,0.094265,0.000943,6287,5344,-0.164145388,0.019082692,0.005515563,0.986236139,-0.000755979,-0.003039795,-0.002069473,-0.04066501,0.019318414,0.026368563,0.998638,-0.003854018,0.019995805,-0.00870114,0.14159734216186798,False,0.3375867076638013,False
bracket_screw,asymmetric,icp_pt2pl,medium,5,109.39098395797107,0.3239480094452826,False,109.39098395797107,0.3239480094452826,False,0.0,itodd_bracket_screw.ply,0.094265,0.000943,6287,5344,-0.306149533,-0.338901322,0.695720144,0.554429291,0.002320171,-0.009560805,-0.004140658,-0.04066501,0.019318414,0.026368563,0.998638,-0.003854018,0.019995805,-0.00870114,0.16897933711897217,False,0.6858679728604661,False
bracket_screw,asymmetric,fpfh_ransac,medium,5,0.0268671925177433,5.894243591320743e-05,True,0.0268671925177433,5.894243591320743e-05,True,0.0,itodd_bracket_screw.ply,0.094265,0.000943,6287,5344,-0.040575938,0.019192286,0.026544993,0.998639381,-0.003855652,0.019999662,-0.00869749,-0.04066501,0.019318414,0.026368563,0.998638,-0.003854018,0.019995805,-0.00870114,8.226881314820931e-05,True,0.00016913663027169629,True
bracket_screw,asymmetric,fgr,medium,5,0.02643567129827,0.0001180282344601,True,0.02643567129827,0.0001180282344601,True,0.0,itodd_bracket_screw.ply,0.094265,0.000943,6287,5344,-0.040554229,0.01923445,0.026552672,0.998639247,-0.003862355,0.019999744,-0.008694914,-0.04066501,0.019318414,0.026368563,0.998638,-0.003854018,0.019995805,-0.00870114,0.00012756839129761825,True,0.00020787549274909698,True
bracket_screw,asymmetric,icp_pt2pt,medium,6,23.64507756796595,0.1878058804898053,False,23.64507756796595,0.1878058804898053,False,0.0,itodd_bracket_screw.ply,0.094265,0.000943,6287,5344,0.05918915,-0.009230001,0.022946589,0.997940332,0.003015251,-0.001551279,9.8848e-05,0.151004717,-0.143443218,-0.100961544,0.972845509,0.002286903,-0.009092733,0.016099243,0.10154711032285077,False,0.27554362114454767,False
bracket_screw,asymmetric,icp_pt2pl,medium,6,25.31164485375559,0.1475981310241891,False,25.31164485375559,0.1475981310241891,False,0.0,itodd_bracket_screw.ply,0.094265,0.000943,6287,5344,0.096528037,0.063034635,-0.049760995,0.992085085,0.012905782,-0.004578918,0.008324471,0.151004717,-0.143443218,-0.100961544,0.972845509,0.002286903,-0.009092733,0.016099243,0.0795173357025738,True,0.3248865423675318,False
bracket_screw,asymmetric,fpfh_ransac,medium,6,0.0341494461569081,0.0001284549192496,True,0.0341494461569081,0.0001284549192496,True,0.0,itodd_bracket_screw.ply,0.094265,0.000943,6287,5344,0.151077185,-0.14368062,-0.101114304,0.972783358,0.002274893,-0.009092233,0.016100698,0.151004717,-0.143443218,-0.100961544,0.972845509,0.002286903,-0.009092733,0.016099243,0.00016522158688620368,True,0.00038913014598401314,True
bracket_screw,asymmetric,fgr,medium,6,0.033425475796022,0.0001979788692023,True,0.033425475796022,0.0001979788692023,True,0.0,itodd_bracket_screw.ply,0.094265,0.000943,6287,5344,0.151091869,-0.14364231,-0.101145934,0.972783447,0.002268274,-0.009093792,0.016099548,0.151004717,-0.143443218,-0.100961544,0.972845509,0.002286903,-0.009092733,0.016099243,0.00021727353011589053,True,0.0004379390098969069,True
bracket_screw,asymmetric,icp_pt2pt,medium,7,46.54325897329779,0.2344722160922185,False,46.54325897329779,0.2344722160922185,False,0.0,itodd_bracket_screw.ply,0.094265,0.000943,6287,5344,0.30018345,-0.165079232,-0.049789223,0.938168309,0.005552105,0.004751127,0.006221332,-0.016062886,0.069504032,0.014810492,0.99734238,-0.004790174,-0.007239508,-0.009198998,0.15780359368357405,False,0.5083156253145649,False
bracket_screw,asymmetric,icp_pt2pl,medium,7,0.261162175752236,0.0039027951275283,True,0.261162175752236,0.0039027951275283,True,0.0,itodd_bracket_screw.ply,0.094265,0.000943,6287,5344,-0.01642534,0.067289996,0.014439118,0.997493748,-0.004422888,-0.00723446,-0.009219599,-0.016062886,0.069504032,0.014810492,0.99734238,-0.004790174,-0.007239508,-0.009198998,0.003952325022013085,True,0.005459749153288666,True
bracket_screw,asymmetric,fpfh_ransac,medium,7,0.047483557922306,8.076763660242784e-05,True,0.047483557922306,8.076763660242784e-05,True,0.0,itodd_bracket_screw.ply,0.094265,0.000943,6287,5344,-0.016173232,0.069509524,0.015209781,0.997334204,-0.004793163,-0.007239133,-0.00920599,-0.016062886,0.069504032,0.014810492,0.99734238,-0.004790174,-0.007239508,-0.009198998,0.00014926555703408432,True,0.00024356600387617775,True
bracket_screw,asymmetric,fgr,medium,7,0.0494537325670394,8.340114292020456e-05,True,0.0494537325670394,8.340114292020456e-05,True,0.0,itodd_bracket_screw.ply,0.094265,0.000943,6287,5344,-0.016182648,0.069435453,0.015219383,0.997339065,-0.004791152,-0.007239313,-0.009206796,-0.016062886,0.069504032,0.014810492,0.99734238,-0.004790174,-0.007239508,-0.009198998,0.0001460802091388515,True,0.0002501455325724592,True
bracket_screw,asymmetric,icp_pt2pt,medium,8,2.2458420552425684,0.1936168847631402,False,2.2458420552425684,0.1936168847631402,False,0.0,itodd_bracket_screw.ply,0.094265,0.000943,6287,5344,-0.00958631,-0.044257234,0.020472429,0.998764376,-0.001658473,0.002695942,0.006081459,-0.017407945,-0.04597843,0.03834562,0.998054388,-0.006057145,0.020402823,0.005601919,0.10469663225290415,False,0.20098333916367417,False
bracket_screw,asymmetric,icp_pt2pl,medium,8,0.939006340570091,0.0628540780855434,False,0.939006340570091,0.0628540780855434,False,0.0,itodd_bracket_screw.ply,0.094265,0.000943,6287,5344,-0.010507388,-0.046017878,0.033933878,0.998308791,-0.005939147,0.014490337,0.005967595,-0.017407945,-0.04597843,0.03834562,0.998054388,-0.006057145,0.020402823,0.005601919,0.0424732731705528,True,0.0690119700782107,True
bracket_screw,asymmetric,fpfh_ransac,medium,8,0.0304865298269729,0.0001335692061047,True,0.0304865298269729,0.0001335692061047,True,0.0,itodd_bracket_screw.ply,0.094265,0.000943,6287,5344,-0.017334597,-0.045978216,0.038601211,0.998045822,-0.006062913,0.020393512,0.005595708,-0.017407945,-0.04597843,0.03834562,0.998054388,-0.006057145,0.020402823,0.005601919,0.00015017452125243094,True,0.00022652658553066766,True
bracket_screw,asymmetric,fgr,medium,8,0.0299905723889473,0.0001640375947392,True,0.0299905723889473,0.0001640375947392,True,0.0,itodd_bracket_screw.ply,0.094265,0.000943,6287,5344,-0.017367764,-0.045888465,0.03858804,0.998049885,-0.006067711,0.020394511,0.005594278,-0.017407945,-0.04597843,0.03834562,0.998054388,-0.006057145,0.020402823,0.005601919,0.00018200459813013593,True,0.0002558972485364917,True
bracket_screw,asymmetric,icp_pt2pt,medium,9,31.398342597592283,0.0065450909433468,False,31.398342597592283,0.0065450909433468,False,0.0,itodd_bracket_screw.ply,0.094265,0.000943,6287,5344,-0.012841039,0.094749088,0.024479631,0.995117313,-0.000326406,0.000570083,0.000583815,-0.051257575,0.191340408,0.271394552,0.941863316,0.000221839,0.000397497,0.000359541,0.045446597896136864,True,0.1723401478237712,False
bracket_screw,asymmetric,icp_pt2pl,medium,9,0.0382854745668237,0.0001058735682319,True,0.0382854745668237,0.0001058735682319,True,0.0,itodd_bracket_screw.ply,0.094265,0.000943,6287,5344,-0.051363425,0.191143939,0.271640458,0.941826553,0.000213246,0.000402564,0.000359843,-0.051257575,0.191340408,0.271394552,0.941863316,0.000221839,0.000397497,0.000359541,0.00013742545583962594,True,0.00032030909872918364,True
bracket_screw,asymmetric,fpfh_ransac,medium,9,0.0375000830513595,0.0001073852565428,True,0.0375000830513595,0.0001073852565428,True,0.0,itodd_bracket_screw.ply,0.094265,0.000943,6287,5344,-0.051353524,0.191148595,0.271638979,0.941826574,0.000213067,0.000402491,0.000360304,-0.051257575,0.191340408,0.271394552,0.941863316,0.000221839,0.000397497,0.000359541,0.00013634642030838036,True,0.000312983827503513,True
bracket_screw,asymmetric,fgr,medium,9,0.040934800337427,0.0001191407163409,True,0.040934800337427,0.0001191407163409,True,0.0,itodd_bracket_screw.ply,0.094265,0.000943,6287,5344,-0.051357892,0.191148651,0.271674793,0.941815994,0.000211789,0.000402425,0.000360453,-0.051257575,0.191340408,0.271394552,0.941863316,0.000221839,0.000397497,0.000359541,0.00015075791920689564,True,0.0003290684887213572,True
bracket_screw,asymmetric,icp_pt2pt,medium,10,17.684877602840402,0.0348859832215388,False,17.684877602840402,0.0348859832215388,False,0.0,itodd_bracket_screw.ply,0.094265,0.000943,6287,5344,-0.120931801,-0.108847484,-0.029344848,0.986238614,0.000346181,-0.004132772,0.004005761,-0.084675005,-0.149782336,-0.172564061,0.969854134,-0.000874369,-0.007177981,0.003778952,0.03736753394635088,True,0.11496507707265763,False
bracket_screw,asymmetric,icp_pt2pl,medium,10,0.0244779124792541,0.0003290039747636,True,0.0244779124792541,0.0003290039747636,True,0.0,itodd_bracket_screw.ply,0.094265,0.000943,6287,5344,-0.08449871,-0.149888414,-0.172507364,0.969863207,-0.000843901,-0.007182674,0.00378234,-0.084675005,-0.149782336,-0.172564061,0.969854134,-0.000874369,-0.007177981,0.003778952,0.0003398596334646007,True,0.0004115011237117252,True
bracket_screw,asymmetric,fpfh_ransac,medium,10,0.0245543116146347,0.0003223799770779,True,0.0245543116146347,0.0003223799770779,True,0.0,itodd_bracket_screw.ply,0.094265,0.000943,6287,5344,-0.084501165,-0.149901872,-0.172526722,0.96985747,-0.000844406,-0.007181993,0.003782052,-0.084675005,-0.149782336,-0.172564061,0.969854134,-0.000874369,-0.007177981,0.003778952,0.00033290548922534766,True,0.00041861337675112457,True
bracket_screw,asymmetric,fgr,medium,10,0.0256486291260525,0.0003153048106169,True,0.0256486291260525,0.0003153048106169,True,0.0,itodd_bracket_screw.ply,0.094265,0.000943,6287,5344,-0.084487498,-0.149894645,-0.172516415,0.969861611,-0.000845272,-0.007183162,0.003782097,-0.084675005,-0.149782336,-0.172564061,0.969854134,-0.000874369,-0.007177981,0.003778952,0.0003274956615787346,True,0.00040395667620110273,True
bracket_screw,asymmetric,icp_pt2pt,medium,11,0.3629890297214715,0.012280976951444,False,0.3629890297214715,0.012280976951444,False,0.0,itodd_bracket_screw.ply,0.094265,0.000943,6287,5344,-0.032429179,-0.08784962,0.125982735,0.987602725,0.000779123,0.000826406,0.001903566,-0.031819691,-0.085667653,0.128195505,0.98752948,0.001936691,0.000812047,0.001898084,0.011992439473546772,True,0.014734918831831116,True
bracket_screw,asymmetric,icp_pt2pl,medium,11,0.037361667153665,3.729440879425055e-05,True,0.037361667153665,3.729440879425055e-05,True,0.0,itodd_bracket_screw.ply,0.094265,0.000943,6287,5344,-0.031717427,-0.085436237,0.128401128,0.987526103,0.00193596,0.000815084,0.001896469,-0.031819691,-0.085667653,0.128195505,0.98752948,0.001936691,0.000812047,0.001898084,0.00012520329048574025,True,0.0002560795775410974,True
bracket_screw,asymmetric,fpfh_ransac,medium,11,0.0269564099774812,6.344645900756762e-05,True,0.0269564099774812,6.344645900756762e-05,True,0.0,itodd_bracket_screw.ply,0.094265,0.000943,6287,5344,-0.031735049,-0.085505914,0.128343853,0.987526952,0.001941746,0.000814728,0.001896342,-0.031819691,-0.085667653,0.128195505,0.98752948,0.001936691,0.000812047,0.001898084,0.00010586117920580763,True,0.00024060508091093427,True
bracket_screw,asymmetric,fgr,medium,11,0.0296658837366702,5.571830425396924e-05,True,0.0296658837366702,5.571830425396924e-05,True,0.0,itodd_bracket_screw.ply,0.094265,0.000943,6287,5344,-0.031711304,-0.085496097,0.128356238,0.987526955,0.001941385,0.00081421,0.001897149,-0.031819691,-0.085667653,0.128195505,0.98752948,0.001936691,0.000812047,0.001898084,0.00010896295667891182,True,0.0002565270112156518,True
bracket_screw,asymmetric,icp_pt2pt,medium,12,27.497180053807945,0.1177484444845628,False,27.497180053807945,0.1177484444845628,False,0.0,itodd_bracket_screw.ply,0.094265,0.000943,6287,5344,-0.25820893,0.023231019,-0.007334403,0.965781898,0.001905897,0.00845943,0.003705937,-0.257757974,0.252166614,0.053459169,0.931190068,0.0127531,0.008692745,0.001363994,0.06179529135803409,True,0.33144842975669087,False
bracket_screw,asymmetric,icp_pt2pl,medium,12,0.0609479637674853,0.0003172474336602,True,0.0609479637674853,0.0003172474336602,True,0.0,itodd_bracket_screw.ply,0.094265,0.000943,6287,5344,-0.257606612,0.251895342,0.053050321,0.931328746,0.012760146,0.008671136,0.001383429,-0.257757974,0.252166614,0.053459169,0.931190068,0.0127531,0.008692745,0.001363994,0.00037117794989207373,True,0.000635106231365901,True
bracket_screw,asymmetric,fpfh_ransac,medium,12,179.87092101830888,0.2787196944302548,False,179.87092101830888,0.2787196944302548,False,0.0,itodd_bracket_screw.ply,0.094265,0.000943,6287,5344,-0.14098424,0.475954693,0.841053188,-0.214988626,-0.012747305,0.004240614,0.005859511,-0.257757974,0.252166614,0.053459169,0.931190068,0.0127531,0.008692745,0.001363994,0.21418759248379704,False,0.8028663666482588,False
bracket_screw,asymmetric,fgr,medium,12,0.0585573191712776,0.0003146708618146,True,0.0585573191712776,0.0003146708618146,True,0.0,itodd_bracket_screw.ply,0.094265,0.000943,6287,5344,-0.25759595,0.251882988,0.053092949,0.931332608,0.012758802,0.008671653,0.001384055,-0.257757974,0.252166614,0.053459169,0.931190068,0.0127531,0.008692745,0.001363994,0.0003660786979681042,True,0.0006423380376734685,True
bracket_screw,asymmetric,icp_pt2pt,medium,13,24.89108444135807,0.1464554290988698,False,24.89108444135807,0.1464554290988698,False,0.0,itodd_bracket_screw.ply,0.094265,0.000943,6287,5344,-0.001850622,0.076312839,-0.293966663,0.952762576,-0.003513627,-4.6835e-05,-0.001653773,0.057047747,-0.132141848,-0.287616888,0.946868846,0.006196468,2.3358e-05,-0.01146731,0.09291197097187191,True,0.2653081787868493,False
bracket_screw,asymmetric,icp_pt2pl,medium,13,0.031692449629647,0.0004184982904747,True,0.031692449629647,0.0004184982904747,True,0.0,itodd_bracket_screw.ply,0.094265,0.000943,6287,5344,0.056877599,-0.131957511,-0.287733333,0.946869412,0.006157704,1.989e-05,-0.011473763,0.057047747,-0.132141848,-0.287616888,0.946868846,0.006196468,2.3358e-05,-0.01146731,0.00043133776907994687,True,0.0005642260147185958,True
bracket_screw,asymmetric,fpfh_ransac,medium,13,0.0225089355437615,0.000347190255782,True,0.0225089355437615,0.000347190255782,True,0.0,itodd_bracket_screw.ply,0.094265,0.000943,6287,5344,0.056920292,-0.132021235,-0.287705128,0.946866534,0.006164344,2.0652e-05,-0.011472951,0.057047747,-0.132141848,-0.287616888,0.946868846,0.006196468,2.3358e-05,-0.01146731,0.0003559544264181048,True,0.0004461628428789148,True
bracket_screw,asymmetric,fgr,medium,13,0.0242647970173811,0.0003348787033637,True,0.0242647970173811,0.0003348787033637,True,0.0,itodd_bracket_screw.ply,0.094265,0.000943,6287,5344,0.056918804,-0.13202266,-0.287734685,0.946857443,0.006165558,2.0479e-05,-0.011473033,0.057047747,-0.132141848,-0.287616888,0.946868846,0.006196468,2.3358e-05,-0.01146731,0.00034537710043534825,True,0.00043420669764927903,True
bracket_screw,asymmetric,icp_pt2pt,medium,14,9.573220497860833,0.0410169165760682,False,9.573220497860833,0.0410169165760682,False,0.0,itodd_bracket_screw.ply,0.094265,0.000943,6287,5344,-0.16287383,-0.022418322,0.042276532,0.985485783,-0.001165637,0.002927828,0.002851054,-0.234687262,-0.009780155,0.079411396,0.968772454,-0.002498044,0.006202006,0.001284513,0.03439422345333784,True,0.10707284786415824,False
bracket_screw,asymmetric,icp_pt2pl,medium,14,0.027387561680319,0.0001170576934517,True,0.027387561680319,0.0001170576934517,True,0.0,itodd_bracket_screw.ply,0.094265,0.000943,6287,5344,-0.234721489,-0.009611449,0.079245745,0.968779415,-0.002503776,0.006198031,0.001293064,-0.234687262,-0.009780155,0.079411396,0.968772454,-0.002498044,0.006202006,0.001284513,0.00013207113736844994,True,0.00021384525817776047,True
bracket_screw,asymmetric,fpfh_ransac,medium,14,0.0265098113056658,0.0001032447380605,True,0.0265098113056658,0.0001032447380605,True,0.0,itodd_bracket_screw.ply,0.094265,0.000943,6287,5344,-0.234765007,-0.009599967,0.079289093,0.968765437,-0.002504022,0.006199561,0.001291794,-0.234687262,-0.009780155,0.079411396,0.968772454,-0.002498044,0.006202006,0.001284513,0.00011938902514304177,True,0.00022359534950364615,True
bracket_screw,asymmetric,fgr,medium,14,179.93461568139907,0.0614643497211548,False,179.93461568139907,0.0614643497211548,False,0.0,itodd_bracket_screw.ply,0.094265,0.000943,6287,5344,0.06272645,0.519039297,0.850983337,-0.049909529,0.002505621,0.004177599,0.003390463,-0.234687262,-0.009780155,0.079411396,0.968772454,-0.002498044,0.006202006,0.001284513,0.0880352582577849,True,0.5919694248780921,False
bracket_screw,asymmetric,icp_pt2pt,medium,15,0.5717310817106848,0.0014467371246691,True,0.5717310817106848,0.0014467371246691,True,0.0,itodd_bracket_screw.ply,0.094265,0.000943,6287,5344,-0.120573227,-0.026773912,0.094520822,0.987831498,0.002022199,-0.00147678,0.002973882,-0.120997365,-0.028758999,0.099045075,0.987280422,0.002157651,-0.001462082,0.002979833,0.0017882200972258425,True,0.003647370058124574,True
bracket_screw,asymmetric,icp_pt2pl,medium,15,0.0476959278231117,0.0001826002155877,True,0.0476959278231117,0.0001826002155877,True,0.0,itodd_bracket_screw.ply,0.094265,0.000943,6287,5344,-0.120813769,-0.028923108,0.098713393,0.987331329,0.002171513,-0.001472049,0.002982021,-0.120997365,-0.028758999,0.099045075,0.987280422,0.002157651,-0.001462082,0.002979833,0.00023536286083655127,True,0.00032935214470123086,True
bracket_screw,asymmetric,fpfh_ransac,medium,15,0.0385335062801137,0.0001358814577467,True,0.0385335062801137,0.0001358814577467,True,0.0,itodd_bracket_screw.ply,0.094265,0.000943,6287,5344,-0.120841673,-0.028903747,0.098787715,0.987321047,0.002166923,-0.001470744,0.002981587,-0.120997365,-0.028758999,0.099045075,0.987280422,0.002157651,-0.001462082,0.002979833,0.00018364999406786747,True,0.0002658448898401305,True
bracket_screw,asymmetric,fgr,medium,15,0.0448490167218962,0.0001567205852931,True,0.0448490167218962,0.0001567205852931,True,0.0,itodd_bracket_screw.ply,0.094265,0.000943,6287,5344,-0.120785907,-0.028902044,0.098752836,0.98733141,0.00216765,-0.00147276,0.002981899,-0.120997365,-0.028758999,0.099045075,0.987280422,0.002157651,-0.001462082,0.002979833,0.00021279952725359797,True,0.00033793677537070584,True
bracket_screw,asymmetric,icp_pt2pt,medium,16,13.964696709390518,0.1361486948005688,False,13.964696709390518,0.1361486948005688,False,0.0,itodd_bracket_screw.ply,0.094265,0.000943,6287,5344,-0.016892823,-0.012569482,0.004074776,0.999769992,0.001449382,-6.2335e-05,0.000505632,-0.015764329,0.108834012,0.011675123,0.993866357,0.006294497,0.005907366,-0.009770631,0.07970109537661026,True,0.21302303117943863,False
bracket_screw,asymmetric,icp_pt2pl,medium,16,0.062510563653574,0.0003902075289088,True,0.062510563653574,0.0003902075289088,True,0.0,itodd_bracket_screw.ply,0.094265,0.000943,6287,5344,-0.015657397,0.108979732,0.012189411,0.993845905,0.006259845,0.005914734,-0.009780527,-0.015764329,0.108834012,0.011675123,0.993866357,0.006294497,0.005907366,-0.009770631,0.0004171211855744114,True,0.0006249125121427948,True
bracket_screw,asymmetric,fpfh_ransac,medium,16,0.0577289504054618,0.0003467774178307,True,0.0577289504054618,0.0003467774178307,True,0.0,itodd_bracket_screw.ply,0.094265,0.000943,6287,5344,-0.015649013,0.108978647,0.012143303,0.99384672,0.006263911,0.005913686,-0.009780281,-0.015764329,0.108834012,0.011675123,0.993866357,0.006294497,0.005907366,-0.009770631,0.00037490517833601363,True,0.0005673853207448825,True
bracket_screw,asymmetric,fgr,medium,16,0.0625233604640083,0.0003603681398312,True,0.0625233604640083,0.0003603681398312,True,0.0,itodd_bracket_screw.ply,0.094265,0.000943,6287,5344,-0.015650398,0.108980703,0.012187749,0.993845929,0.006262736,0.005914677,-0.00978021,-0.015764329,0.108834012,0.011675123,0.993866357,0.006294497,0.005907366,-0.009770631,0.00039108804369242044,True,0.0005976265643113718,True
bracket_screw,asymmetric,icp_pt2pt,medium,17,13.266083286946238,0.0350401598053687,False,13.266083286946238,0.0350401598053687,False,0.0,itodd_bracket_screw.ply,0.094265,0.000943,6287,5344,-0.146184072,-0.175316153,0.106151634,0.967794552,0.000870075,-4.114e-06,-0.000626487,-0.181830311,-0.209924864,0.206376216,0.938231393,-0.001081262,0.002170341,-0.002167366,0.03202003698371757,True,0.08008753381538267,True
bracket_screw,asymmetric,icp_pt2pl,medium,17,0.049039930244294,6.019263389101384e-05,True,0.049039930244294,6.019263389101384e-05,True,0.0,itodd_bracket_screw.ply,0.094265,0.000943,6287,5344,-0.181694884,-0.210077668,0.206741773,0.938142943,-0.001084353,0.002167708,-0.002163403,-0.181830311,-0.209924864,0.206376216,0.938231393,-0.001081262,0.002170341,-0.002167366,0.00012258886723640056,True,0.000279651366552805,True
bracket_screw,asymmetric,fpfh_ransac,medium,17,179.9308892370738,0.0323402366783224,False,179.9308892370738,0.0323402366783224,False,0.0,itodd_bracket_screw.ply,0.094265,0.000943,6287,5344,0.294678567,0.534614562,0.792053248,0.001861297,0.001090172,0.000679476,-0.000632463,-0.181830311,-0.209924864,0.206376216,0.938231393,-0.001081262,0.002170341,-0.002167366,0.07858782728416366,True,0.6793868780269878,False
bracket_screw,asymmetric,fgr,medium,17,0.0429688075588324,8.408928273982308e-05,True,0.0429688075588324,8.408928273982308e-05,True,0.0,itodd_bracket_screw.ply,0.094265,0.000943,6287,5344,-0.181751435,-0.210106546,0.206680891,0.938138937,-0.00108806,0.00216756,-0.002164386,-0.181830311,-0.209924864,0.206376216,0.938231393,-0.001081262,0.002170341,-0.002167366,0.00011947086993838506,True,0.00028120925919648864,True
bracket_screw,asymmetric,icp_pt2pt,medium,18,90.3353644234746,0.3316341376882328,False,90.3353644234746,0.3316341376882328,False,0.0,itodd_bracket_screw.ply,0.094265,0.000943,6287,5344,0.65666137,0.012567917,0.06993427,0.750830934,0.00350979,0.007798105,-0.011948627,-0.063710302,0.042499946,-0.02839582,0.996658632,0.015134873,-0.010589524,0.0105022,0.15925460166583214,False,0.7840532750497532,False
bracket_screw,asymmetric,icp_pt2pl,medium,18,90.04579867936344,0.321968204094766,False,90.04579867936344,0.321968204094766,False,0.0,itodd_bracket_screw.ply,0.094265,0.000943,6287,5344,0.659989805,0.05050829,0.009857671,0.749509971,0.015104626,0.007497328,-0.013870191,-0.063710302,0.042499946,-0.02839582,0.996658632,0.015134873,-0.010589524,0.0105022,0.1582876937366007,False,0.8032783892234052,False
bracket_screw,asymmetric,fpfh_ransac,medium,18,179.9941266974717,0.4820640788465545,False,179.9941266974717,0.4820640788465545,False,0.0,itodd_bracket_screw.ply,0.094265,0.000943,6287,5344,-0.050576273,0.659285958,0.750123719,-0.009923372,-0.015145487,0.013438634,-0.013387443,-0.063710302,0.042499946,-0.02839582,0.996658632,0.015134873,-0.010589524,0.0105022,0.2929892407332643,False,1.1619155457893298,False
bracket_screw,asymmetric,fgr,medium,18,0.0719264933938357,0.0003386092604238,True,0.0719264933938357,0.0003386092604238,True,0.0,itodd_bracket_screw.ply,0.094265,0.000943,6287,5344,-0.063531554,0.042584898,-0.028991406,0.99664927,0.015118974,-0.010617089,0.010504702,-0.063710302,0.042499946,-0.02839582,0.996658632,0.015134873,-0.010589524,0.0105022,0.0003753941426135105,True,0.0006411340100611188,True
bracket_screw,asymmetric,icp_pt2pt,medium,19,37.7951083024012,0.1159371468430586,False,37.7951083024012,0.1159371468430586,False,0.0,itodd_bracket_screw.ply,0.094265,0.000943,6287,5344,0.002147049,0.017278026,-0.028145382,0.999452199,-0.000897833,0.002060244,-0.002733055,-0.105856414,-0.288979072,-0.025238828,0.951130126,0.00530969,0.003127414,-0.011664324,0.06353243266805207,True,0.31291535104454093,False
bracket_screw,asymmetric,icp_pt2pl,medium,19,1.9837873279521765,0.007356143678364,True,1.9837873279521765,0.007356143678364,True,0.0,itodd_bracket_screw.ply,0.094265,0.000943,6287,5344,-0.106845153,-0.272409994,-0.024151012,0.95592554,0.004621803,0.003121168,-0.01157705,-0.105856414,-0.288979072,-0.025238828,0.951130126,0.00530969,0.003127414,-0.011664324,0.00835685483243778,True,0.019276290758248858,True
bracket_screw,asymmetric,fpfh_ransac,medium,19,0.0348034302852293,0.0003119172770055,True,0.0348034302852293,0.0003119172770055,True,0.0,itodd_bracket_screw.ply,0.094265,0.000943,6287,5344,-0.106088607,-0.288789896,-0.025200361,0.951162733,0.005281147,0.003132267,-0.011669452,-0.105856414,-0.288979072,-0.025238828,0.951130126,0.00530969,0.003127414,-0.011664324,0.00033099475336272006,True,0.00046287293977583264,True
bracket_screw,asymmetric,fgr,medium,19,0.0364517356105886,0.0003084145492589,True,0.0364517356105886,0.0003084145492589,True,0.0,itodd_bracket_screw.ply,0.094265,0.000943,6287,5344,-0.106091899,-0.288772406,-0.025198691,0.951167721,0.005281465,0.00313225,-0.011669344,-0.105856414,-0.288979072,-0.025238828,0.951130126,0.00530969,0.003127414,-0.011664324,0.00032906508636782703,True,0.00047261449146749913,True
bracket_screw,asymmetric,icp_pt2pt,hard,0,42.42012651352101,0.0868913204492338,False,42.42012651352101,0.0868913204492338,False,0.0,itodd_bracket_screw.ply,0.094265,0.000943,6287,3772,-0.214552433,0.179191265,-0.075220085,0.957183202,-0.002478401,0.00024912,0.007420635,-0.549041957,0.208525709,-0.065242754,0.80673003,-0.004973554,0.007908504,0.00593812,0.1001480800617084,False,0.4144234930653766,False
bracket_screw,asymmetric,icp_pt2pl,hard,0,88.11987472799893,0.1879076648632598,False,88.11987472799893,0.1879076648632598,False,0.0,itodd_bracket_screw.ply,0.094265,0.000943,6287,3772,0.171269268,0.192418943,0.072929363,0.96349525,-0.005277531,-0.009796382,0.005489702,-0.549041957,0.208525709,-0.065242754,0.80673003,-0.004973554,0.007908504,0.00593812,0.17666388993485121,False,0.7965794810585956,False
bracket_screw,asymmetric,fpfh_ransac,hard,0,150.01795157683074,0.2027057480140874,False,150.01795157683074,0.2027057480140874,False,0.0,itodd_bracket_screw.ply,0.094265,0.000943,6287,3772,0.50021806,0.807683098,-0.23290688,-0.207808301,-0.004956571,-0.009474028,0.013873323,-0.549041957,0.208525709,-0.065242754,0.80673003,-0.004973554,0.007908504,0.00593812,0.17824488316870304,False,0.9724068692713319,False
bracket_screw,asymmetric,fgr,hard,0,88.95909804331673,0.2539794762462866,False,88.95909804331673,0.2539794762462866,False,0.0,itodd_bracket_screw.ply,0.094265,0.000943,6287,3772,0.177431,0.192480133,0.079373805,0.961857286,-0.005193922,-0.016025655,0.005389874,-0.549041957,0.208525709,-0.065242754,0.80673003,-0.004973554,0.007908504,0.00593812,0.2059622966894021,False,0.8645907476085835,False
bracket_screw,asymmetric,icp_pt2pt,hard,1,135.14833332944232,0.4972721919367779,False,135.14833332944232,0.4972721919367779,False,0.0,itodd_bracket_screw.ply,0.094265,0.000943,6287,3772,0.0,0.0,0.0,1.0,0.0,0.0,0.0,0.90035302,-0.116585333,0.173896003,-0.381487194,0.024622089,-0.03319125,0.022122552,0.32630234112401363,False,1.0459605058183383,False
bracket_screw,asymmetric,icp_pt2pl,hard,1,135.14833332944232,0.4972721919367779,False,135.14833332944232,0.4972721919367779,False,0.0,itodd_bracket_screw.ply,0.094265,0.000943,6287,3772,0.0,0.0,0.0,1.0,0.0,0.0,0.0,0.90035302,-0.116585333,0.173896003,-0.381487194,0.024622089,-0.03319125,0.022122552,0.32630234112401363,False,1.0459605058183383,False
bracket_screw,asymmetric,fpfh_ransac,hard,1,179.91704632364517,1.060935887468342,False,179.91704632364517,1.060935887468342,False,0.0,itodd_bracket_screw.ply,0.094265,0.000943,6287,3772,0.117355295,0.902785406,-0.376188113,-0.172304236,-0.024775277,0.053767247,0.022211075,0.90035302,-0.116585333,0.173896003,-0.381487194,0.024622089,-0.03319125,0.022122552,0.8408442526912153,False,1.6089038886228586,False
bracket_screw,asymmetric,fgr,hard,1,89.30789840816507,0.6157168170137683,False,89.30789840816507,0.6157168170137683,False,0.0,itodd_bracket_screw.ply,0.094265,0.000943,6287,3772,-0.374440826,0.201737899,-0.032663555,0.904449545,0.025249373,-0.039556482,-0.03556468,0.90035302,-0.116585333,0.173896003,-0.381487194,0.024622089,-0.03319125,0.022122552,0.492580854133109,False,1.057012526372035,False
bracket_screw,asymmetric,icp_pt2pt,hard,2,100.37743019204036,0.3184525655265944,False,100.37743019204036,0.3184525655265944,False,0.0,itodd_bracket_screw.ply,0.094265,0.000943,6287,3772,0.551743632,-0.039138724,0.406563602,0.727154153,0.011761117,-0.002560439,-0.01968227,0.954540041,0.098720085,0.281227967,0.00429942,-0.013480636,0.005137587,-0.005373663,0.20362080552592318,False,0.7437364509317599,False
bracket_screw,asymmetric,icp_pt2pl,hard,2,111.29382194774634,0.3331774845875282,False,111.29382194774634,0.3331774845875282,False,0.0,itodd_bracket_screw.ply,0.094265,0.000943,6287,3772,0.458337203,-0.192485929,0.507655274,0.703677695,0.010364145,-0.00255137,-0.024313323,0.954540041,0.098720085,0.281227967,0.00429942,-0.013480636,0.005137587,-0.005373663,0.20826129699107118,False,0.7722172286827922,False
bracket_screw,asymmetric,fpfh_ransac,hard,2,101.27827674581047,0.4398521131661845,False,101.27827674581047,0.4398521131661845,False,0.0,itodd_bracket_screw.ply,0.094265,0.000943,6287,3772,0.732159311,-0.430245798,-0.070936237,-0.523258394,0.007054316,0.024132454,0.025231464,0.954540041,0.098720085,0.281227967,0.00429942,-0.013480636,0.005137587,-0.005373663,0.30527955608668333,False,0.8306450206563891,False
bracket_screw,asymmetric,fgr,hard,2,179.92312401319992,0.389997142074931,False,179.92312401319992,0.389997142074931,False,0.0,itodd_bracket_screw.ply,0.094265,0.000943,6287,3772,-0.001013198,0.283132244,-0.108133017,0.952965034,-0.013981267,-0.020754494,0.020720057,0.954540041,0.098720085,0.281227967,0.00429942,-0.013480636,0.005137587,-0.005373663,0.19420323855681956,False,1.192516334913122,False
bracket_screw,asymmetric,icp_pt2pt,hard,3,123.54373324012626,0.403828169174783,False,123.54373324012626,0.403828169174783,False,0.0,itodd_bracket_screw.ply,0.094265,0.000943,6287,3772,0.0,0.0,0.0,1.0,0.0,0.0,0.0,0.726839391,0.306802729,0.392254058,0.472983446,-0.010542089,-0.028180831,-0.023319526,0.2710064773437603,False,1.0364062439820134,False
bracket_screw,asymmetric,icp_pt2pl,hard,3,123.54373324012626,0.403828169174783,False,123.54373324012626,0.403828169174783,False,0.0,itodd_bracket_screw.ply,0.094265,0.000943,6287,3772,0.0,0.0,0.0,1.0,0.0,0.0,0.0,0.726839391,0.306802729,0.392254058,0.472983446,-0.010542089,-0.028180831,-0.023319526,0.2710064773437603,False,1.0364062439820134,False
bracket_screw,asymmetric,fpfh_ransac,hard,3,179.80892173484636,0.25210606230659,False,179.80892173484636,0.25210606230659,False,0.0,itodd_bracket_screw.ply,0.094265,0.000943,6287,3772,0.059199592,0.847474234,-0.178021262,-0.496579561,0.010478978,-0.020378738,-0.031194191,0.726839391,0.306802729,0.392254058,0.472983446,-0.010542089,-0.028180831,-0.023319526,0.13934247166952599,False,0.9306425960021173,False
bracket_screw,asymmetric,fgr,hard,3,171.80654302484314,0.8159070784502006,False,171.80654302484314,0.8159070784502006,False,0.0,itodd_bracket_screw.ply,0.094265,0.000943,6287,3772,-0.430584912,0.32772248,-0.246001888,0.80416272,-0.021088716,0.016831967,0.038146156,0.726839391,0.306802729,0.392254058,0.472983446,-0.010542089,-0.028180831,-0.023319526,0.537929987327789,False,1.4348329121226722,False
bracket_screw,asymmetric,icp_pt2pt,hard,4,52.841215716533526,0.1439943722960773,False,52.841215716533526,0.1439943722960773,False,0.0,itodd_bracket_screw.ply,0.094265,0.000943,6287,3772,-0.089330408,0.009660737,-0.020727589,0.995739482,0.000876053,0.001989653,-0.000144552,-0.105440653,0.451909464,0.010186605,0.885751849,0.008761538,0.002151526,-0.011191611,0.0835645338512373,True,0.5533521276179687,False
bracket_screw,asymmetric,icp_pt2pl,hard,4,1.7816150502738912,0.0077739809725782,True,1.7816150502738912,0.0077739809725782,True,0.0,itodd_bracket_screw.ply,0.094265,0.000943,6287,3772,-0.10548889,0.438808998,0.005036412,0.892352728,0.008030349,0.002127297,-0.011149233,-0.105440653,0.451909464,0.010186605,0.885751849,0.008761538,0.002151526,-0.011191611,0.008852677256643383,True,0.020450619483815685,True
bracket_screw,asymmetric,fpfh_ransac,hard,4,0.1443673043309309,0.0012960633960253,True,0.1443673043309309,0.0012960633960253,True,0.0,itodd_bracket_screw.ply,0.094265,0.000943,6287,3772,-0.105174365,0.452238284,0.009006374,0.885628462,0.008640626,0.00214253,-0.01117658,-0.105440653,0.451909464,0.010186605,0.885751849,0.008761538,0.002151526,-0.011191611,0.0013546726993238086,True,0.0019720641012375825,True
bracket_screw,asymmetric,fgr,hard,4,0.1838949791231262,0.0021448733507526,True,0.1838949791231262,0.0021448733507526,True,0.0,itodd_bracket_screw.ply,0.094265,0.000943,6287,3772,-0.105243388,0.451284537,0.008765938,0.886109053,0.008560105,0.002143467,-0.011176132,-0.105440653,0.451909464,0.010186605,0.885751849,0.008761538,0.002151526,-0.011191611,0.002182988630437213,True,0.003112363890216652,True
bracket_screw,asymmetric,icp_pt2pt,hard,5,164.2744702385555,0.2765908770563057,False,164.2744702385555,0.2765908770563057,False,0.0,itodd_bracket_screw.ply,0.094265,0.000943,6287,3772,-0.049279028,-5.3834e-05,-0.059706308,0.996998862,-0.003254353,0.005837009,0.000362575,0.10158444,0.648260086,0.731313614,0.18606413,0.020882455,-0.003513363,0.003490237,0.14138202455988344,False,0.7847726874490424,False
bracket_screw,asymmetric,icp_pt2pl,hard,5,179.98535474116565,0.4659763332620705,False,179.98535474116565,0.4659763332620705,False,0.0,itodd_bracket_screw.ply,0.094265,0.000943,6287,3772,-0.063130231,-0.202924673,-0.059675257,0.975333284,-0.020703616,0.00654815,-0.006449845,0.10158444,0.648260086,0.731313614,0.18606413,0.020882455,-0.003513363,0.003490237,0.30470104846448726,False,0.9785515641720202,False
bracket_screw,asymmetric,fpfh_ransac,hard,5,0.0655393962385951,0.000181582410415,True,0.0655393962385951,0.000181582410415,True,0.0,itodd_bracket_screw.ply,0.094265,0.000943,6287,3772,0.102146509,0.648289629,0.731213484,0.186047005,0.02088737,-0.003497042,0.003491798,0.10158444,0.648260086,0.731313614,0.18606413,0.020882455,-0.003513363,0.003490237,0.00023691591094800255,True,0.00042985818612072856,True
bracket_screw,asymmetric,fgr,hard,5,179.9207001589937,0.4668989001022143,False,179.9207001589937,0.4668989001022143,False,0.0,itodd_bracket_screw.ply,0.094265,0.000943,6287,3772,-0.062581496,-0.203429148,-0.060052183,0.975240418,-0.02079999,0.006538129,-0.006441,0.10158444,0.648260086,0.731313614,0.18606413,0.020882455,-0.003513363,0.003490237,0.3055025611201474,False,0.9799885710425491,False
bracket_screw,asymmetric,icp_pt2pt,hard,6,145.5623411977213,0.0829343750049403,False,145.5623411977213,0.0829343750049403,False,0.0,itodd_bracket_screw.ply,0.094265,0.000943,6287,3772,0.016394095,-0.020522313,0.036646248,0.998983043,0.000685462,0.000172981,6.521e-05,-0.433617888,0.684651969,-0.480534858,0.335132001,0.002705332,0.006265203,-0.004398363,0.10087818874641585,False,0.7458204330967382,False
bracket_screw,asymmetric,icp_pt2pl,hard,6,166.42465008751878,0.1716999857911228,False,166.42465008751878,0.1716999857911228,False,0.0,itodd_bracket_screw.ply,0.094265,0.000943,6287,3772,-0.014449091,-0.501876705,0.139206993,0.8535411,0.001242936,-0.000469958,0.010246245,-0.433617888,0.684651969,-0.480534858,0.335132001,0.002705332,0.006265203,-0.004398363,0.14172781703633108,False,0.9537894727168083,False
bracket_screw,asymmetric,fpfh_ransac,hard,6,165.85765268056545,0.1753054884662911,False,165.85765268056545,0.1753054884662911,False,0.0,itodd_bracket_screw.ply,0.094265,0.000943,6287,3772,0.797974313,0.208767688,-0.512909981,0.237857939,-0.00671469,-0.00479809,0.003472455,-0.433617888,0.684651969,-0.480534858,0.335132001,0.002705332,0.006265203,-0.004398363,0.09437472319857115,True,0.9408902235467211,False
bracket_screw,asymmetric,fgr,hard,6,162.0323018713488,0.1786969917233344,False,162.0323018713488,0.1786969917233344,False,0.0,itodd_bracket_screw.ply,0.094265,0.000943,6287,3772,0.015298174,-0.279472578,-0.069150857,0.957538095,-0.00150344,-0.005882653,0.006485908,-0.433617888,0.684651969,-0.480534858,0.335132001,0.002705332,0.006265203,-0.004398363,0.14189568474284694,False,0.9369182664982185,False
bracket_screw,asymmetric,icp_pt2pt,hard,7,120.95380657086058,0.2068418095353018,False,120.95380657086058,0.2068418095353018,False,0.0,itodd_bracket_screw.ply,0.094265,0.000943,6287,3772,0.052638608,-0.020697118,-0.176489145,0.982676136,-0.004154461,0.005031459,-0.001128069,-0.558374147,0.420203529,0.376935765,0.607920007,-0.007639382,0.008816178,0.017678936,0.14115965427357652,False,0.7329312468443248,False
bracket_screw,asymmetric,icp_pt2pl,hard,7,121.97062716928042,0.1819304222798157,False,121.97062716928042,0.1819304222798157,False,0.0,itodd_bracket_screw.ply,0.094265,0.000943,6287,3772,0.052023714,0.008838617,-0.217786329,0.974568893,-0.020428944,0.005771784,0.006666586,-0.558374147,0.420203529,0.376935765,0.607920007,-0.007639382,0.008816178,0.017678936,0.10427334953547863,False,0.7509192193858762,False
bracket_screw,asymmetric,fpfh_ransac,hard,7,0.2445727202428942,0.0009643543941796,True,0.2445727202428942,0.0009643543941796,True,0.0,itodd_bracket_screw.ply,0.094265,0.000943,6287,3772,-0.559932976,0.418917656,0.376260966,0.607791695,-0.007562867,0.008848329,0.017641848,-0.558374147,0.420203529,0.376935765,0.607920007,-0.007639382,0.008816178,0.017678936,0.0011838069979504663,True,0.0019582792464589373,True
bracket_screw,asymmetric,fgr,hard,7,97.52064392636836,0.2966936662437799,False,97.52064392636836,0.2966936662437799,False,0.0,itodd_bracket_screw.ply,0.094265,0.000943,6287,3772,0.033027178,0.028606585,0.181442617,0.982430377,-0.016168039,-0.015556279,0.00693418,-0.558374147,0.420203529,0.376935765,0.607920007,-0.007639382,0.008816178,0.017678936,0.13641371517847456,False,0.891880682548188,False
bracket_screw,asymmetric,icp_pt2pt,hard,8,74.79034973658136,0.2601037861891065,False,74.79034973658136,0.2601037861891065,False,0.0,itodd_bracket_screw.ply,0.094265,0.000943,6287,3772,-0.214805444,0.010592505,-0.009552487,0.976552697,-0.00333845,0.004251809,0.004553447,0.295254898,0.228636765,0.296763289,0.878909168,-0.001751576,-0.019548039,0.010229603,0.12575608177496048,False,0.6972863234004298,False
bracket_screw,asymmetric,icp_pt2pl,hard,8,91.57173273551052,0.3589001868886544,False,91.57173273551052,0.3589001868886544,False,0.0,itodd_bracket_screw.ply,0.094265,0.000943,6287,3772,-0.223699501,-0.211640418,-0.073791018,0.948536637,-0.021540028,0.005013391,-0.002007483,0.295254898,0.228636765,0.296763289,0.878909168,-0.001751576,-0.019548039,0.010229603,0.14689963201938938,False,0.9535844715978148,False
bracket_screw,asymmetric,fpfh_ransac,hard,8,121.79269634887476,0.3770975415521207,False,121.79269634887476,0.3770975415521207,False,0.0,itodd_bracket_screw.ply,0.094265,0.000943,6287,3772,0.343743003,-0.424942107,-0.455933193,0.702417167,-0.017512152,0.009046103,-0.003826841,0.295254898,0.228636765,0.296763289,0.878909168,-0.001751576,-0.019548039,0.010229603,0.14305405341386743,False,1.0892535274896078,False
bracket_screw,asymmetric,fgr,hard,8,13.597584538367526,0.0170189403246128,False,13.597584538367526,0.0170189403246128,False,0.0,itodd_bracket_screw.ply,0.094265,0.000943,6287,3772,0.256987953,0.123596561,0.330422838,0.899723196,-0.003167612,-0.019511325,0.010982769,0.295254898,0.228636765,0.296763289,0.878909168,-0.001751576,-0.019548039,0.010229603,0.030206121438359844,True,0.11308023337613683,False
bracket_screw,asymmetric,icp_pt2pt,hard,9,99.4315671778602,0.0438338164091675,False,99.4315671778602,0.0438338164091675,False,0.0,itodd_bracket_screw.ply,0.094265,0.000943,6287,3772,-0.040468342,-0.134023117,0.148405076,0.978966828,0.001975514,-0.001437946,-0.001381126,0.278598918,-0.388180017,0.714928414,0.510466728,-0.000891915,-0.000390045,0.001403339,0.10147640493239599,False,0.44391988248508596,False
bracket_screw,asymmetric,icp_pt2pl,hard,9,57.57454333473007,0.1062453389311059,False,57.57454333473007,0.1062453389311059,False,0.0,itodd_bracket_screw.ply,0.094265,0.000943,6287,3772,0.053388471,-0.473970687,0.382817426,0.791171459,0.008084461,-0.004831872,0.001395746,0.278598918,-0.388180017,0.714928414,0.510466728,-0.000891915,-0.000390045,0.001403339,0.1252604602847988,False,0.4053730487304573,False
bracket_screw,asymmetric,fpfh_ransac,hard,9,101.24359203289411,0.1336237291315236,False,101.24359203289411,0.1336237291315236,False,0.0,itodd_bracket_screw.ply,0.094265,0.000943,6287,3772,0.064317115,0.838349761,-0.531305264,0.103671135,-0.000943953,0.000759724,0.013946727,0.278598918,-0.388180017,0.714928414,0.510466728,-0.000891915,-0.000390045,0.001403339,0.11878283596171309,False,0.5732264905520311,False
bracket_screw,asymmetric,fgr,hard,9,84.69776359431894,0.0863673439781355,False,84.69776359431894,0.0863673439781355,False,0.0,itodd_bracket_screw.ply,0.094265,0.000943,6287,3772,-0.058759665,-0.367005957,0.212037509,0.903821899,0.005930959,-0.002116138,-0.002689594,0.278598918,-0.388180017,0.714928414,0.510466728,-0.000891915,-0.000390045,0.001403339,0.12712343807388127,False,0.4887839208169355,False
bracket_screw,asymmetric,icp_pt2pt,hard,10,153.47491038275925,0.118597468202001,False,153.47491038275925,0.118597468202001,False,0.0,itodd_bracket_screw.ply,0.094265,0.000943,6287,3772,-0.432851611,0.304824203,0.034115085,0.847677916,-0.005253817,-0.008555503,0.001344656,-0.195264313,-0.488889188,0.819205704,-0.227510933,0.000182425,0.001212383,0.00120431,0.09160042647616744,True,0.7435747670805091,False
bracket_screw,asymmetric,icp_pt2pl,hard,10,161.98317231624563,0.2099436773053504,False,161.98317231624563,0.2099436773053504,False,0.0,itodd_bracket_screw.ply,0.094265,0.000943,6287,3772,-0.450849491,0.27319179,0.098833543,0.843998171,-0.005020795,-0.017881748,0.001231335,-0.195264313,-0.488889188,0.819205704,-0.227510933,0.000182425,0.001212383,0.00120431,0.13055410049078683,False,0.8247025991378565,False
bracket_screw,asymmetric,fpfh_ransac,hard,10,74.76906302053365,0.1516144676391991,False,74.76906302053365,0.1516144676391991,False,0.0,itodd_bracket_screw.ply,0.094265,0.000943,6287,3772,-0.141401566,0.508817062,-0.511797218,0.677624086,-0.011545354,-0.006955749,0.001244214,-0.195264313,-0.488889188,0.819205704,-0.227510933,0.000182425,0.001212383,0.00120431,0.12110868901287201,False,0.5243139927505721,False
bracket_screw,asymmetric,fgr,hard,10,173.2498962467449,0.1542357091147848,False,173.2498962467449,0.1542357091147848,False,0.0,itodd_bracket_screw.ply,0.094265,0.000943,6287,3772,0.112051559,-0.045112551,0.198065969,0.972717419,0.000880218,0.01160145,-0.008942862,-0.195264313,-0.488889188,0.819205704,-0.227510933,0.000182425,0.001212383,0.00120431,0.09979036268995115,True,0.5228854232216903,False
bracket_screw,asymmetric,icp_pt2pt,hard,11,113.88391772737432,0.4569198463384581,False,113.88391772737432,0.4569198463384581,False,0.0,itodd_bracket_screw.ply,0.094265,0.000943,6287,3772,-0.584856926,0.435572228,-0.279457262,0.62459815,-0.004930257,-0.0027813,-0.002354369,-0.061591915,-0.162801412,0.11027443,0.97854059,-0.022564661,0.019952936,-0.034406708,0.24632640627852473,False,0.7822944271528373,False
bracket_screw,asymmetric,icp_pt2pl,hard,11,90.1561071478906,0.5553858371386192,False,90.1561071478906,0.5553858371386192,False,0.0,itodd_bracket_screw.ply,0.094265,0.000943,6287,3772,0.65390873,-0.176455199,-0.018215613,0.735482921,-0.018661349,0.011780623,0.017157603,-0.061591915,-0.162801412,0.11027443,0.97854059,-0.022564661,0.019952936,-0.034406708,0.259467343205228,False,0.9758194259591039,False
bracket_screw,asymmetric,fpfh_ransac,hard,11,104.18623700677716,0.3844574080006285,False,104.18623700677716,0.3844574080006285,False,0.0,itodd_bracket_screw.ply,0.094265,0.000943,6287,3772,0.104006157,-0.29495087,0.811327229,0.493897592,-0.00866071,-0.012961629,-0.040466501,-0.061591915,-0.162801412,0.11027443,0.97854059,-0.022564661,0.019952936,-0.034406708,0.24082394273666333,False,0.6838794253716773,False
bracket_screw,asymmetric,fgr,hard,11,0.207441096471251,0.0012561952913156,True,0.207441096471251,0.0012561952913156,True,0.0,itodd_bracket_screw.ply,0.094265,0.000943,6287,3772,-0.06015836,-0.161793647,0.110676824,0.978751464,-0.022600374,0.019980751,-0.034297286,-0.061591915,-0.162801412,0.11027443,0.97854059,-0.022564661,0.019952936,-0.034406708,0.001332892265905591,True,0.0021609256250948975,True
bracket_screw,asymmetric,icp_pt2pt,hard,12,91.57983248178768,0.3271613385320075,False,91.57983248178768,0.3271613385320075,False,0.0,itodd_bracket_screw.ply,0.094265,0.000943,6287,3772,0.0,0.0,0.0,1.0,0.0,0.0,0.0,-0.277294186,0.183678546,0.634944894,0.697291265,0.013793125,5.933e-05,0.027583499,0.14568628459084762,False,0.6653362770542961,False
bracket_screw,asymmetric,icp_pt2pl,hard,12,91.57983248178768,0.3271613385320075,False,91.57983248178768,0.3271613385320075,False,0.0,itodd_bracket_screw.ply,0.094265,0.000943,6287,3772,0.0,0.0,0.0,1.0,0.0,0.0,0.0,-0.277294186,0.183678546,0.634944894,0.697291265,0.013793125,5.933e-05,0.027583499,0.14568628459084762,False,0.6653362770542961,False
bracket_screw,asymmetric,fpfh_ransac,hard,12,0.2007972542410755,0.0165413931531239,False,0.2007972542410755,0.0165413931531239,False,0.0,itodd_bracket_screw.ply,0.094265,0.000943,6287,3772,-0.276133096,0.18426174,0.634244123,0.698235288,0.015349388,-3.6671e-05,0.027570019,-0.277294186,0.183678546,0.634944894,0.697291265,0.013793125,5.933e-05,0.027583499,0.015952517136967173,True,0.01798522615982694,True
bracket_screw,asymmetric,fgr,hard,12,53.8261648740016,0.3582894706150771,False,53.8261648740016,0.3582894706150771,False,0.0,itodd_bracket_screw.ply,0.094265,0.000943,6287,3772,-0.135777856,-0.031745168,0.328288688,0.934228642,-0.005389707,-0.027733421,0.027051608,-0.277294186,0.183678546,0.634944894,0.697291265,0.013793125,5.933e-05,0.027583499,0.1965011825364672,False,0.6341170231304661,False
bracket_screw,asymmetric,icp_pt2pt,hard,13,147.26102413693377,0.3404782698734168,False,147.26102413693377,0.3404782698734168,False,0.0,itodd_bracket_screw.ply,0.094265,0.000943,6287,3772,-0.06304297,-0.03739627,-0.017872059,0.997149784,0.003061627,-0.00232472,-0.002278577,0.754751473,0.280507113,0.552865529,-0.214489349,-0.005440121,-0.027860877,0.015206625,0.1462608967384059,False,0.9673330062274889,False
bracket_screw,asymmetric,icp_pt2pl,hard,13,129.60467634633497,0.32263367006127,False,129.60467634633497,0.32263367006127,False,0.0,itodd_bracket_screw.ply,0.094265,0.000943,6287,3772,-0.112557664,-0.075836089,-0.201600552,0.970019009,0.00801785,-0.006219315,-0.001391147,0.754751473,0.280507113,0.552865529,-0.214489349,-0.005440121,-0.027860877,0.015206625,0.14043773079895083,False,0.9203575038819353,False
bracket_screw,asymmetric,fpfh_ransac,hard,13,0.3976366275331995,0.0012472680468976,True,0.3976366275331995,0.0012472680468976,True,0.0,itodd_bracket_screw.ply,0.094265,0.000943,6287,3772,0.754179725,0.28277744,0.551615916,-0.21672504,-0.005350291,-0.027936416,0.015213546,0.754751473,0.280507113,0.552865529,-0.214489349,-0.005440121,-0.027860877,0.015206625,0.0016649042814884066,True,0.0036556222511442264,True
bracket_screw,asymmetric,fgr,hard,13,61.62613189090642,0.1947368582289329,False,61.62613189090642,0.1947368582289329,False,0.0,itodd_bracket_screw.ply,0.094265,0.000943,6287,3772,0.507983597,0.627582759,0.360282696,-0.467214004,0.012438872,-0.023699745,0.015264878,0.754751473,0.280507113,0.552865529,-0.214489349,-0.005440121,-0.027860877,0.015206625,0.13984029992632035,False,0.5568590069959112,False
bracket_screw,asymmetric,icp_pt2pt,hard,14,13.561173843625156,0.0266364751719797,False,13.561173843625156,0.0266364751719797,False,0.0,itodd_bracket_screw.ply,0.094265,0.000943,6287,3772,0.150409412,-0.038532183,0.025660424,0.987539276,0.002137589,0.004525392,0.000522401,0.156148131,-0.031402199,0.143091094,0.976809399,-0.000117604,0.005624276,0.000628012,0.03013019670999559,True,0.08202814018023878,True
bracket_screw,asymmetric,icp_pt2pl,hard,14,0.2019265538879978,0.0005429989881746,True,0.2019265538879978,0.0005429989881746,True,0.0,itodd_bracket_screw.ply,0.094265,0.000943,6287,3772,0.155873903,-0.030687262,0.144669465,0.976643417,-0.000157173,0.00564266,0.000601246,0.156148131,-0.031402199,0.143091094,0.976809399,-0.000117604,0.005624276,0.000628012,0.000816674340372929,True,0.0014913357781521294,True
bracket_screw,asymmetric,fpfh_ransac,hard,14,0.1836981837405086,0.0005882216363532,True,0.1836981837405086,0.0005882216363532,True,0.0,itodd_bracket_screw.ply,0.094265,0.000943,6287,3772,0.155995187,-0.03062746,0.144477519,0.976654343,-0.000156497,0.005656321,0.000604881,0.156148131,-0.031402199,0.143091094,0.976809399,-0.000117604,0.005624276,0.000628012,0.0008218583891563738,True,0.0014768384291108667,True
bracket_screw,asymmetric,fgr,hard,14,0.1426847762903312,0.0005591274319936,True,0.1426847762903312,0.0005591274319936,True,0.0,itodd_bracket_screw.ply,0.094265,0.000943,6287,3772,0.156041133,-0.030721629,0.144122143,0.976696552,-0.000142157,0.005666077,0.000607328,0.156148131,-0.031402199,0.143091094,0.976809399,-0.000117604,0.005624276,0.000628012,0.0007338386734783235,True,0.0012121965434143819,True
bracket_screw,asymmetric,icp_pt2pt,hard,15,112.22015353597176,0.6173590300099548,False,112.22015353597176,0.6173590300099548,False,0.0,itodd_bracket_screw.ply,0.094265,0.000943,6287,3772,0.661496046,-0.349302669,0.340106568,-0.569858007,-0.013630862,-0.022445002,0.007944559,0.001084741,-0.05214319,-0.022316834,0.998389638,0.030217528,0.011914522,-0.008891768,0.3991598946050169,False,1.1603453570779396,False
bracket_screw,asymmetric,icp_pt2pl,hard,15,94.5470977040917,0.5593121693222096,False,94.5470977040917,0.5593121693222096,False,0.0,itodd_bracket_screw.ply,0.094265,0.000943,6287,3772,-0.064328331,0.692127408,0.052487686,0.716984351,-0.020869405,-0.001117324,-0.008595386,0.001084741,-0.05214319,-0.022316834,0.998389638,0.030217528,0.011914522,-0.008891768,0.4071604459673653,False,1.0227820360840707,False
bracket_screw,asymmetric,fpfh_ransac,hard,15,177.76340970549523,0.4781838004598054,False,177.76340970549523,0.4781838004598054,False,0.0,itodd_bracket_screw.ply,0.094265,0.000943,6287,3772,0.995749032,-0.068828142,-0.055658678,-0.025468882,0.02637355,-0.019538642,0.02316725,0.001084741,-0.05214319,-0.022316834,0.998389638,0.030217528,0.011914522,-0.008891768,0.22559344935100129,False,1.151835849752294,False
bracket_screw,asymmetric,fgr,hard,15,1.9215859355217932,0.0177108967297047,False,1.9215859355217932,0.0177108967297047,False,0.0,itodd_bracket_screw.ply,0.094265,0.000943,6287,3772,0.015395152,-0.055507812,-0.01425078,0.998237841,0.03003983,0.013504537,-0.00841471,0.001084741,-0.05214319,-0.022316834,0.998389638,0.030217528,0.011914522,-0.008891768,0.017523643331554758,True,0.028776760775522818,True
bracket_screw,asymmetric,icp_pt2pt,hard,16,28.44331476762164,0.0047832795385015,False,28.44331476762164,0.0047832795385015,False,0.0,itodd_bracket_screw.ply,0.094265,0.000943,6287,3772,-0.069244579,0.113687229,0.048343972,0.989920837,2.1189e-05,-0.000915776,0.004308395,-0.058022032,0.120881604,0.291813801,0.947029982,-2.3567e-05,-0.00070948,0.004706826,0.038728155415734114,True,0.1465102155849189,False
bracket_screw,asymmetric,icp_pt2pl,hard,16,0.0928145747213099,0.000246082417304,True,0.0928145747213099,0.000246082417304,True,0.0,itodd_bracket_screw.ply,0.094265,0.000943,6287,3772,-0.058280136,0.12019081,0.292147379,0.94699921,-3.4518e-05,-0.000689334,0.004703315,-0.058022032,0.120881604,0.291813801,0.947029982,-2.3567e-05,-0.00070948,0.004706826,0.0003506940100226333,True,0.0008429022706569773,True
bracket_screw,asymmetric,fpfh_ransac,hard,16,43.62225948900785,0.0635744816722552,False,43.62225948900785,0.0635744816722552,False,0.0,itodd_bracket_screw.ply,0.094265,0.000943,6287,3772,-0.011275178,0.132866797,-0.081264008,0.987732477,0.003831415,-0.005297688,0.004750745,-0.058022032,0.120881604,0.291813801,0.947029982,-2.3567e-05,-0.00070948,0.004706826,0.05983094928208553,True,0.21977131060883692,False
bracket_screw,asymmetric,fgr,hard,16,0.132754601719157,0.0003437203631996,True,0.132754601719157,0.0003437203631996,True,0.0,itodd_bracket_screw.ply,0.094265,0.000943,6287,3772,-0.058341668,0.119804922,0.29209631,0.94706007,-3.72e-07,-0.000687503,0.004701459,-0.058022032,0.120881604,0.291813801,0.947029982,-2.3567e-05,-0.00070948,0.004706826,0.0004946922513842241,True,0.0010502091391245466,True
bracket_screw,asymmetric,icp_pt2pt,hard,17,70.41013960639134,0.2892410169290735,False,70.41013960639134,0.2892410169290735,False,0.0,itodd_bracket_screw.ply,0.094265,0.000943,6287,3772,0.281737246,-0.034669036,0.611943711,0.738205308,0.017374598,-0.003079307,-0.007138497,-0.121827369,-0.45438684,0.662746941,0.582629543,-0.007935545,-0.00311325,0.00300039,0.22020280980413545,False,0.7537004521172116,False
bracket_screw,asymmetric,icp_pt2pl,hard,17,62.82905968120472,0.1930345448539808,False,62.82905968120472,0.1930345448539808,False,0.0,itodd_bracket_screw.ply,0.094265,0.000943,6287,3772,0.240831214,-0.083159312,0.630111281,0.733515254,0.010192723,-0.003032194,0.001428624,-0.121827369,-0.45438684,0.662746941,0.582629543,-0.007935545,-0.00311325,0.00300039,0.17140665210210057,False,0.6234607215705651,False
bracket_screw,asymmetric,fpfh_ransac,hard,17,178.5428578369221,0.2184550598464296,False,178.5428578369221,0.2184550598464296,False,0.0,itodd_bracket_screw.ply,0.094265,0.000943,6287,3772,0.781687759,0.340555559,0.497719305,-0.158939144,0.007833875,0.006781127,-0.005802295,-0.121827369,-0.45438684,0.662746941,0.582629543,-0.007935545,-0.00311325,0.00300039,0.1295282557816417,False,1.1502189763686697,False
bracket_screw,asymmetric,fgr,hard,17,110.83454879983812,0.1584335432331078,False,110.83454879983812,0.1584335432331078,False,0.0,itodd_bracket_screw.ply,0.094265,0.000943,6287,3772,-0.005072333,-0.0001481,-0.023464936,0.999711782,-0.003686542,-0.002032173,0.017277121,-0.121827369,-0.45438684,0.662746941,0.582629543,-0.007935545,-0.00311325,0.00300039,0.08688641621987932,True,0.4429725732090216,False
bracket_screw,asymmetric,icp_pt2pt,hard,18,176.92095669493423,0.2419799863156179,False,176.92095669493423,0.2419799863156179,False,0.0,itodd_bracket_screw.ply,0.094265,0.000943,6287,3772,-0.554415726,-0.183397849,0.044393279,0.810566264,0.001373023,-0.008169801,0.008562372,0.634573735,0.538156349,0.216276202,0.510811632,-0.020926001,-0.003484863,0.00750626,0.1343452370811406,False,0.8609944389962662,False
bracket_screw,asymmetric,icp_pt2pl,hard,18,179.8686620909416,0.2158006013347864,False,179.8686620909416,0.2158006013347864,False,0.0,itodd_bracket_screw.ply,0.094265,0.000943,6287,3772,-0.530727001,-0.160704028,-0.003063713,0.832162051,-0.002094397,-0.011175624,0.007707543,0.634573735,0.538156349,0.216276202,0.510811632,-0.020926001,-0.003484863,0.00750626,0.11670545532398491,False,0.8521314713292885,False
bracket_screw,asymmetric,fpfh_ransac,hard,18,178.8475694951951,0.1330140173164397,False,178.8475694951951,0.1330140173164397,False,0.0,itodd_bracket_screw.ply,0.094265,0.000943,6287,3772,-0.495370027,0.232744199,-0.556196571,0.625367132,-0.010454054,0.003410946,0.007558945,0.634573735,0.538156349,0.216276202,0.510811632,-0.020926001,-0.003484863,0.00750626,0.0886073306211105,True,0.7137504354384244,False
bracket_screw,asymmetric,fgr,hard,18,124.199599895055,0.3544088191497547,False,124.199599895055,0.3544088191497547,False,0.0,itodd_bracket_screw.ply,0.094265,0.000943,6287,3772,0.194512715,-0.223252563,-0.096099665,0.950309398,0.000531964,0.00957763,-0.01451763,0.634573735,0.538156349,0.216276202,0.510811632,-0.020926001,-0.003484863,0.00750626,0.2095792852664708,False,0.9793570902673895,False
bracket_screw,asymmetric,icp_pt2pt,hard,19,78.9856710977827,0.0558912173131882,False,78.9856710977827,0.0558912173131882,False,0.0,itodd_bracket_screw.ply,0.094265,0.000943,6287,3772,0.085215977,0.13330392,-0.093621488,0.982956418,-0.002805203,0.001208964,-0.000269104,0.479123018,0.008996249,-0.541498431,0.690752959,-0.001112607,0.005448759,0.002360997,0.11714334087276056,False,0.4776315564837161,False
bracket_screw,asymmetric,icp_pt2pl,hard,19,88.26079150931976,0.1320528394009689,False,88.26079150931976,0.1320528394009689,False,0.0,itodd_bracket_screw.ply,0.094265,0.000943,6287,3772,0.335921791,0.340519165,0.091519767,0.873399898,-0.008992749,-0.00418681,0.002469997,0.479123018,0.008996249,-0.541498431,0.690752959,-0.001112607,0.005448759,0.002360997,0.10234744873463203,False,0.5979798981633968,False
bracket_screw,asymmetric,fpfh_ransac,hard,19,47.13865499128562,0.1420563644337368,False,47.13865499128562,0.1420563644337368,False,0.0,itodd_bracket_screw.ply,0.094265,0.000943,6287,3772,0.421638269,0.200105131,-0.225321157,0.855224814,-0.012701395,-0.001260817,0.002370426,0.479123018,0.008996249,-0.541498431,0.690752959,-0.001112607,0.005448759,0.002360997,0.10995531969562691,False,0.40229563804218094,False
bracket_screw,asymmetric,fgr,hard,19,88.04504518654169,0.133836585008578,False,88.04504518654169,0.133836585008578,False,0.0,itodd_bracket_screw.ply,0.094265,0.000943,6287,3772,0.337996273,0.340145557,0.090262018,0.872875872,-0.009149235,-0.00427598,0.002456891,0.479123018,0.008996249,-0.541498431,0.690752959,-0.001112607,0.005448759,0.002360997,0.1025406788489063,False,0.5987681097129767,False
injection_pump,asymmetric,icp_pt2pt,easy,0,0.006571131866115,4.5449629228708456e-05,True,0.006571131866115,4.5449629228708456e-05,True,0.0,itodd_injection_pump.ply,0.145244,0.001452,13103,13103,-0.032426039,0.020836877,-0.019260768,0.999071268,0.000304994,0.005164632,0.003651367,-0.032482342,0.020833105,-0.019250683,0.999069712,0.000305294,0.005167098,0.003657484,4.753550729414367e-05,True,7.147354436874372e-05,True
injection_pump,asymmetric,icp_pt2pl,easy,0,0.0118325364313729,4.321269538684151e-05,True,0.0118325364313729,4.321269538684151e-05,True,0.0,itodd_injection_pump.ply,0.145244,0.001452,13103,13103,-0.032578163,0.020799135,-0.019268545,0.999066956,0.000303445,0.005165691,0.003651653,-0.032482342,0.020833105,-0.019250683,0.999069712,0.000305294,0.005167098,0.003657484,4.842220132854463e-05,True,8.004725652917162e-05,True
injection_pump,asymmetric,fpfh_ransac,easy,0,0.0153879763741494,4.5332208993284896e-05,True,0.0153879763741494,4.5332208993284896e-05,True,0.0,itodd_injection_pump.ply,0.145244,0.001452,13103,13103,-0.032608902,0.020793956,-0.019272328,0.999065988,0.000303605,0.005165977,0.003651219,-0.032482342,0.020833105,-0.019250683,0.999069712,0.000305294,0.005167098,0.003657484,5.382128619524433e-05,True,9.338449587422685e-05,True
injection_pump,asymmetric,fgr,easy,0,0.0174618701822543,4.810817467534665e-05,True,0.0174618701822543,4.810817467534665e-05,True,0.0,itodd_injection_pump.ply,0.145244,0.001452,13103,13103,-0.032629555,0.02080034,-0.019229197,0.999066012,0.000302561,0.005168241,0.003651156,-0.032482342,0.020833105,-0.019250683,0.999069712,0.000305294,0.005167098,0.003657484,5.546198548628023e-05,True,0.00011669879137205605,True
injection_pump,asymmetric,icp_pt2pt,easy,1,0.0382181692808724,4.7231915863727376e-05,True,0.0382181692808724,4.7231915863727376e-05,True,0.0,itodd_injection_pump.ply,0.145244,0.001452,13103,13103,0.002120425,-0.010453919,0.00642414,0.999922472,0.000221731,0.000196274,-0.000377208,0.002195027,-0.010388072,0.006742463,0.999920901,0.000220721,0.000200314,-0.000371757,0.00013368933696787237,True,0.0002671678867047993,True
injection_pump,asymmetric,icp_pt2pl,easy,1,0.0184958588262742,3.045198405758508e-05,True,0.0184958588262742,3.045198405758508e-05,True,0.0,itodd_injection_pump.ply,0.145244,0.001452,13103,13103,0.002071423,-0.010393922,0.006638833,0.999921798,0.000216811,0.000198249,-0.000371875,0.002195027,-0.010388072,0.006742463,0.999920901,0.000220721,0.000200314,-0.000371757,6.102763959725256e-05,True,0.00010639590697642539,True
injection_pump,asymmetric,fpfh_ransac,easy,1,0.0163131195810684,2.402262596963644e-05,True,0.0163131195810684,2.402262596963644e-05,True,0.0,itodd_injection_pump.ply,0.145244,0.001452,13103,13103,0.00210398,-0.010364618,0.006635574,0.999922056,0.000217984,0.000198286,-0.000372513,0.002195027,-0.010388072,0.006742463,0.999920901,0.000220721,0.000200314,-0.000371757,5.479255210644103e-05,True,0.00010169932593449916,True
injection_pump,asymmetric,fgr,easy,1,0.0156907467974708,3.992714626888513e-05,True,0.0156907467974708,3.992714626888513e-05,True,0.0,itodd_injection_pump.ply,0.145244,0.001452,13103,13103,0.002072019,-0.010374024,0.006683979,0.999921702,0.000214991,0.000199694,-0.000372403,0.002195027,-0.010388072,0.006742463,0.999920901,0.000220721,0.000200314,-0.000371757,5.829530170902752e-05,True,8.88831642576374e-05,True
injection_pump,asymmetric,icp_pt2pt,easy,2,0.0244763915553567,3.783042237252888e-05,True,0.0244763915553567,3.783042237252888e-05,True,0.0,itodd_injection_pump.ply,0.145244,0.001452,13103,13103,-0.069426902,0.013351531,-0.0215498,0.997264884,-0.002085096,-0.001490173,-0.000427491,-0.069637463,0.013331006,-0.021575151,0.997249929,-0.00208567,-0.001484743,-0.000428108,6.260450756813565e-05,True,0.00013498594684642856,True
injection_pump,asymmetric,icp_pt2pl,easy,2,0.0048870659811863,5.536576969601193e-05,True,0.0048870659811863,5.536576969601193e-05,True,0.0,itodd_injection_pump.ply,0.145244,0.001452,13103,13103,-0.069657704,0.013296958,-0.021590905,0.997248629,-0.002090842,-0.001490886,-0.000428533,-0.069637463,0.013331006,-0.021575151,0.997249929,-0.00208567,-0.001484743,-0.000428108,5.764206321246009e-05,True,6.878626622043349e-05,True
injection_pump,asymmetric,fpfh_ransac,easy,2,0.0082142788518933,5.305301833102478e-05,True,0.0082142788518933,5.305301833102478e-05,True,0.0,itodd_injection_pump.ply,0.145244,0.001452,13103,13103,-0.069695429,0.013291126,-0.021588324,0.997246127,-0.002090456,-0.001490782,-0.000428065,-0.069637463,0.013331006,-0.021575151,0.997249929,-0.00208567,-0.001484743,-0.000428108,5.768400394410546e-05,True,7.23152584494863e-05,True
injection_pump,asymmetric,fgr,easy,2,0.0085778359165926,4.586882299622607e-05,True,0.0085778359165926,4.586882299622607e-05,True,0.0,itodd_injection_pump.ply,0.145244,0.001452,13103,13103,-0.069702838,0.013294793,-0.021573912,0.997245872,-0.002090291,-0.00148953,-0.000428444,-0.069637463,0.013331006,-0.021575151,0.997249929,-0.00208567,-0.001484743,-0.000428108,5.054673649039216e-05,True,6.373509782732254e-05,True
injection_pump,asymmetric,icp_pt2pt,easy,3,0.0248298361780148,5.556328370313358e-05,True,0.0248298361780148,5.556328370313358e-05,True,0.0,itodd_injection_pump.ply,0.145244,0.001452,13103,13103,0.012003373,0.002184965,0.013792515,0.999830441,0.000171702,4.9326e-05,-7.9327e-05,0.011822333,0.002131163,0.013898722,0.999831244,0.00017856,5.0759e-05,-8.3333e-05,8.473025773149229e-05,True,0.00012864081683029236,True
injection_pump,asymmetric,icp_pt2pl,easy,3,0.0040576936061357,2.643742651893283e-05,True,0.0040576936061357,2.643742651893283e-05,True,0.0,itodd_injection_pump.ply,0.145244,0.001452,13103,13103,0.011852592,0.002136078,0.013881,0.999831121,0.00017867,4.7861e-05,-8.0816e-05,0.011822333,0.002131163,0.013898722,0.999831244,0.00017856,5.0759e-05,-8.3333e-05,2.7274146970787625e-05,True,4.552982676213863e-05,True
injection_pump,asymmetric,fpfh_ransac,easy,3,0.0022580045246885,2.503150311328806e-05,True,0.0022580045246885,2.503150311328806e-05,True,0.0,itodd_injection_pump.ply,0.145244,0.001452,13103,13103,0.011841954,0.002132446,0.013897458,0.999831026,0.000177874,4.8481e-05,-8.0583e-05,0.011822333,0.002131163,0.013898722,0.999831244,0.00017856,5.0759e-05,-8.3333e-05,2.4922256142338354e-05,True,3.4736344369238353e-05,True
injection_pump,asymmetric,fgr,easy,3,0.0052287120978073,2.25345809755369e-05,True,0.0052287120978073,2.25345809755369e-05,True,0.0,itodd_injection_pump.ply,0.145244,0.001452,13103,13103,0.011867558,0.002136261,0.013901936,0.999830652,0.000177868,4.8785e-05,-8.0816e-05,0.011822333,0.002131163,0.013898722,0.999831244,0.00017856,5.0759e-05,-8.3333e-05,2.3386397519613305e-05,True,4.381067731749735e-05,True
injection_pump,asymmetric,icp_pt2pt,easy,4,0.0237048038871064,0.0001591768513178,True,0.0237048038871064,0.0001591768513178,True,0.0,itodd_injection_pump.ply,0.145244,0.001452,13103,13103,0.000707616,-0.001558174,0.000633861,0.999998335,-0.000825252,0.001413086,-0.002049338,0.000656531,-0.001753181,0.000680283,0.999998016,-0.000837136,0.001412257,-0.002069152,0.00016204600881885802,True,0.0003135201709820168,True
injection_pump,asymmetric,icp_pt2pl,easy,4,0.0107053018646838,3.610418734152073e-05,True,0.0107053018646838,3.610418734152073e-05,True,0.0,itodd_injection_pump.ply,0.145244,0.001452,13103,13103,0.000651673,-0.001711036,0.00059705,0.999998146,-0.000837333,0.001411367,-0.002063988,0.000656531,-0.001753181,0.000680283,0.999998016,-0.000837136,0.001412257,-0.002069152,5.044347499968537e-05,True,9.707196513600784e-05,True
injection_pump,asymmetric,fpfh_ransac,easy,4,0.0107859085766863,3.493940183700732e-05,True,0.0107859085766863,3.493940183700732e-05,True,0.0,itodd_injection_pump.ply,0.145244,0.001452,13103,13103,0.000652907,-0.001708694,0.000597414,0.999998149,-0.000837577,0.00141153,-0.002064149,0.000656531,-0.001753181,0.000680283,0.999998016,-0.000837136,0.001412257,-0.002069152,4.958781590985044e-05,True,9.817410676910843e-05,True
injection_pump,asymmetric,fgr,easy,4,0.0105657297147637,3.5376988353960694e-05,True,0.0105657297147637,3.5376988353960694e-05,True,0.0,itodd_injection_pump.ply,0.145244,0.001452,13103,13103,0.000654325,-0.001708134,0.000599863,0.999998147,-0.0008376,0.001411446,-0.0020641,0.000656531,-0.001753181,0.000680283,0.999998016,-0.000837136,0.001412257,-0.002069152,4.935440085546169e-05,True,9.67918636432983e-05,True
injection_pump,asymmetric,icp_pt2pt,easy,5,0.0330687382605923,6.187286052416883e-05,True,0.0330687382605923,6.187286052416883e-05,True,0.0,itodd_injection_pump.ply,0.145244,0.001452,13103,13103,-0.045319509,0.052639306,-0.01069572,0.997527367,-0.000905358,-0.000782965,-0.000660762,-0.045601069,0.052651947,-0.010635081,0.997514516,-0.000904732,-0.000784974,-0.000669499,9.090299120343311e-05,True,0.00021468823674397681,True
injection_pump,asymmetric,icp_pt2pl,easy,5,0.0099088728220096,3.6875417849061695e-05,True,0.0099088728220096,3.6875417849061695e-05,True,0.0,itodd_injection_pump.ply,0.145244,0.001452,13103,13103,-0.045672746,0.052636292,-0.010680753,0.997511575,-0.000909763,-0.000783174,-0.000669875,-0.045601069,0.052651947,-0.010635081,0.997514516,-0.000904732,-0.000784974,-0.000669499,4.5067839733791326e-05,True,7.532711814154846e-05,True
injection_pump,asymmetric,fpfh_ransac,easy,5,0.0077522126222268,3.858928573922336e-05,True,0.0077522126222268,3.858928573922336e-05,True,0.0,itodd_injection_pump.ply,0.145244,0.001452,13103,13103,-0.04564977,0.052642722,-0.010681067,0.997512284,-0.000909831,-0.000782988,-0.000670712,-0.045601069,0.052651947,-0.010635081,0.997514516,-0.000904732,-0.000784974,-0.000669499,4.423292345029799e-05,True,7.377838609248883e-05,True
injection_pump,asymmetric,fgr,easy,5,0.0104116126314426,4.670470495824552e-05,True,0.0104116126314426,4.670470495824552e-05,True,0.0,itodd_injection_pump.ply,0.145244,0.001452,13103,13103,-0.045688648,0.052639977,-0.010655789,0.997510919,-0.000910211,-0.000781245,-0.000670949,-0.045601069,0.052651947,-0.010635081,0.997514516,-0.000904732,-0.000784974,-0.000669499,5.154651430106192e-05,True,7.73471163825274e-05,True
injection_pump,asymmetric,icp_pt2pt,easy,6,0.0197454296334927,4.900704279112767e-05,True,0.0197454296334927,4.900704279112767e-05,True,0.0,itodd_injection_pump.ply,0.145244,0.001452,13103,13103,-0.012273112,-0.00328771,-0.009057325,0.999878256,0.000234781,-4.551e-06,0.000229443,-0.012273777,-0.0033451,-0.009219788,0.999876572,0.000240114,-1.195e-06,0.000232753,7.800485449032669e-05,True,0.0001636032961128062,True
injection_pump,asymmetric,icp_pt2pl,easy,6,0.0136185256664184,4.1211058382517376e-05,True,0.0136185256664184,4.1211058382517376e-05,True,0.0,itodd_injection_pump.ply,0.145244,0.001452,13103,13103,-0.012178933,-0.003318175,-0.009286146,0.999877208,0.000240211,-6.776e-06,0.000230593,-0.012273777,-0.0033451,-0.009219788,0.999876572,0.000240114,-1.195e-06,0.000232753,5.12377771794683e-05,True,9.90230673737411e-05,True
injection_pump,asymmetric,fpfh_ransac,easy,6,0.0150878760836524,4.570121792777056e-05,True,0.0150878760836524,4.570121792777056e-05,True,0.0,itodd_injection_pump.ply,0.145244,0.001452,13103,13103,-0.012159361,-0.003324518,-0.0092816,0.999877467,0.000239772,-7.72e-06,0.000231581,-0.012273777,-0.0033451,-0.009219788,0.999876572,0.000240114,-1.195e-06,0.000232753,5.5456692295680146e-05,True,0.0001018843020686903,True
injection_pump,asymmetric,fgr,easy,6,0.0120721281829731,3.655580018969716e-05,True,0.0120721281829731,3.655580018969716e-05,True,0.0,itodd_injection_pump.ply,0.145244,0.001452,13103,13103,-0.012194458,-0.003309832,-0.009279478,0.999877108,0.0002396,-5.689e-06,0.000229973,-0.012273777,-0.0033451,-0.009219788,0.999876572,0.000240114,-1.195e-06,0.000232753,4.6116481524117356e-05,True,9.220614161217352e-05,True
injection_pump,asymmetric,icp_pt2pt,easy,7,0.0242122217918549,6.19726139043784e-05,True,0.0242122217918549,6.19726139043784e-05,True,0.0,itodd_injection_pump.ply,0.145244,0.001452,13103,13103,0.009227633,-0.002954127,-0.012352527,0.999876762,-0.001579496,0.00411692,0.003085315,0.009241055,-0.002778039,-0.012468526,0.999875703,-0.001572682,0.004122248,0.003082825,9.63889255209646e-05,True,0.00019421722753715516,True
injection_pump,asymmetric,icp_pt2pl,easy,7,0.0113104720831002,3.782383671085268e-05,True,0.0113104720831002,3.782383671085268e-05,True,0.0,itodd_injection_pump.ply,0.145244,0.001452,13103,13103,0.009304071,-0.00272533,-0.012523223,0.99987458,-0.001575679,0.004117847,0.003081474,0.009241055,-0.002778039,-0.012468526,0.999875703,-0.001572682,0.004122248,0.003082825,4.914497940996405e-05,True,9.239612884199445e-05,True
injection_pump,asymmetric,fpfh_ransac,easy,7,0.0096472786356143,3.1823175217777574e-05,True,0.0096472786356143,3.1823175217777574e-05,True,0.0,itodd_injection_pump.ply,0.145244,0.001452,13103,13103,0.009306987,-0.00272623,-0.012476021,0.99987514,-0.001576604,0.004119872,0.003082248,0.009241055,-0.002778039,-0.012468526,0.999875703,-0.001572682,0.004122248,0.003082825,4.0829224420365895e-05,True,6.113778757074548e-05,True
injection_pump,asymmetric,fgr,easy,7,0.0081358007733503,2.4070597042521093e-05,True,0.0081358007733503,2.4070597042521093e-05,True,0.0,itodd_injection_pump.ply,0.145244,0.001452,13103,13103,0.009283089,-0.002736825,-0.012428835,0.999875921,-0.001576004,0.004123014,0.003082051,0.009241055,-0.002778039,-0.012468526,0.999875703,-0.001572682,0.004122248,0.003082825,3.3380727596525526e-05,True,5.7752178764746765e-05,True
injection_pump,asymmetric,icp_pt2pt,easy,8,0.0203367778570551,3.654767468532776e-05,True,0.0203367778570551,3.654767468532776e-05,True,0.0,itodd_injection_pump.ply,0.145244,0.001452,13103,13103,-0.025642091,-0.025774632,-0.015988613,0.999210947,-0.002996154,0.004543451,0.00280583,-0.02578603,-0.025746735,-0.015888624,0.999209557,-0.002995349,0.004547678,0.002802722,6.362317568183445e-05,True,0.0001443596116538902,True
injection_pump,asymmetric,icp_pt2pl,easy,8,0.0172436091827673,6.526918875424092e-05,True,0.0172436091827673,6.526918875424092e-05,True,0.0,itodd_injection_pump.ply,0.145244,0.001452,13103,13103,-0.025639424,-0.02572533,-0.015862741,0.999214292,-0.003003308,0.004544334,0.002806638,-0.02578603,-0.025746735,-0.015888624,0.999209557,-0.002995349,0.004547678,0.002802722,7.396628126700547e-05,True,0.00011921906360595066,True
injection_pump,asymmetric,fpfh_ransac,easy,8,0.0135842046278715,6.005550768952601e-05,True,0.0135842046278715,6.005550768952601e-05,True,0.0,itodd_injection_pump.ply,0.145244,0.001452,13103,13103,-0.025674603,-0.025732886,-0.015850804,0.999213383,-0.003003207,0.00454573,0.002805967,-0.02578603,-0.025746735,-0.015888624,0.999209557,-0.002995349,0.004547678,0.002802722,6.63397441717755e-05,True,0.0001035934435138893,True
injection_pump,asymmetric,fgr,easy,8,0.0140822278613575,6.10201079531458e-05,True,0.0140822278613575,6.10201079531458e-05,True,0.0,itodd_injection_pump.ply,0.145244,0.001452,13103,13103,-0.025676282,-0.025735476,-0.015834636,0.99921353,-0.003003635,0.004547441,0.002805857,-0.02578603,-0.025746735,-0.015888624,0.999209557,-0.002995349,0.004547678,0.002802722,6.852950872479529e-05,True,0.00011228687792572316,True
injection_pump,asymmetric,icp_pt2pt,easy,9,0.0346056146687078,3.661620441144442e-05,True,0.0346056146687078,3.661620441144442e-05,True,0.0,itodd_injection_pump.ply,0.145244,0.001452,13103,13103,-0.045397235,-0.003667171,-0.019856987,0.998764909,0.000179528,0.000277806,-0.000174428,-0.045659484,-0.003665555,-0.020005981,0.998749987,0.000178504,0.000280681,-0.000170073,9.522134532934435e-05,True,0.00018725885062122048,True
injection_pump,asymmetric,icp_pt2pl,easy,9,0.0104637620489061,4.7124577187016746e-05,True,0.0104637620489061,4.7124577187016746e-05,True,0.0,itodd_injection_pump.ply,0.145244,0.001452,13103,13103,-0.045568911,-0.003655088,-0.020003267,0.998754216,0.000174671,0.000285863,-0.000172375,-0.045659484,-0.003665555,-0.020005981,0.998749987,0.000178504,0.000280681,-0.000170073,5.2963221905219895e-05,True,8.32776944742101e-05,True
injection_pump,asymmetric,fpfh_ransac,easy,9,0.009511357402007,5.015015048202168e-05,True,0.009511357402007,5.015015048202168e-05,True,0.0,itodd_injection_pump.ply,0.145244,0.001452,13103,13103,-0.045577227,-0.003657302,-0.01999967,0.9987539,0.000174136,0.000285909,-0.000172652,-0.045659484,-0.003665555,-0.020005981,0.998749987,0.000178504,0.000280681,-0.000170073,5.5049564439379534e-05,True,8.187273375897959e-05,True
injection_pump,asymmetric,fgr,easy,9,0.0081786692932119,5.0522520529343866e-05,True,0.0081786692932119,5.0522520529343866e-05,True,0.0,itodd_injection_pump.ply,0.145244,0.001452,13103,13103,-0.045589006,-0.003658474,-0.019997908,0.998753394,0.000174518,0.000286116,-0.000172975,-0.045659484,-0.003665555,-0.020005981,0.998749987,0.000178504,0.000280681,-0.000170073,5.432726687188888e-05,True,7.852079067159227e-05,True
injection_pump,asymmetric,icp_pt2pt,easy,10,0.0184223579434779,2.993520304054977e-05,True,0.0184223579434779,2.993520304054977e-05,True,0.0,itodd_injection_pump.ply,0.145244,0.001452,13103,13103,-0.039976246,0.015861083,0.048474144,0.997898083,-0.002062048,-0.00611633,0.003073154,-0.039989471,0.015893442,0.048630823,0.997889415,-0.002062136,-0.006114999,0.003077293,6.818662724681891e-05,True,0.00013779167458691455,True
injection_pump,asymmetric,icp_pt2pl,easy,10,0.001081829251203,3.2623559849908595e-05,True,0.001081829251203,3.2623559849908595e-05,True,0.0,itodd_injection_pump.ply,0.145244,0.001452,13103,13103,-0.039988041,0.015885133,0.04863507,0.997889397,-0.002063741,-0.006118947,0.003075221,-0.039989471,0.015893442,0.048630823,0.997889415,-0.002062136,-0.006114999,0.003077293,3.2550618442343674e-05,True,3.9469953397097616e-05,True
injection_pump,asymmetric,fpfh_ransac,easy,10,0.0009553082362545,3.2742822905014576e-05,True,0.0009553082362545,3.2742822905014576e-05,True,0.0,itodd_injection_pump.ply,0.145244,0.001452,13103,13103,-0.039989658,0.015887902,0.048637046,0.997889192,-0.002063374,-0.006119215,0.003075473,-0.039989471,0.015893442,0.048630823,0.997889415,-0.002062136,-0.006114999,0.003077293,3.263867758984197e-05,True,3.9175870555277954e-05,True
injection_pump,asymmetric,fgr,easy,10,0.0009453483636857,2.9749371670695027e-05,True,0.0009453483636857,2.9749371670695027e-05,True,0.0,itodd_injection_pump.ply,0.145244,0.001452,13103,13103,-0.039991266,0.01589477,0.048638751,0.997888935,-0.002063506,-0.006118786,0.003075725,-0.039989471,0.015893442,0.048630823,0.997889415,-0.002062136,-0.006114999,0.003077293,2.9738386799453367e-05,True,3.4507616041300146e-05,True
injection_pump,asymmetric,icp_pt2pt,easy,11,0.0178415835925562,5.987641405461181e-05,True,0.0178415835925562,5.987641405461181e-05,True,0.0,itodd_injection_pump.ply,0.145244,0.001452,13103,13103,0.027578788,-0.014121005,0.034276438,0.998931996,8.0757e-05,0.000157025,-0.000900978,0.02773415,-0.01412989,0.034278698,0.998927492,8.3067e-05,0.000162693,-0.0008948,6.875760787632651e-05,True,0.00013106238415670372,True
injection_pump,asymmetric,icp_pt2pl,easy,11,0.00994458348572,2.8306874063313216e-05,True,0.00994458348572,2.8306874063313216e-05,True,0.0,itodd_injection_pump.ply,0.145244,0.001452,13103,13103,0.027802547,-0.014081191,0.034256759,0.998927031,8.2852e-05,0.000158627,-0.000894231,0.02773415,-0.01412989,0.034278698,0.998927492,8.3067e-05,0.000162693,-0.0008948,3.6755782941263556e-05,True,5.7290680233816285e-05,True
injection_pump,asymmetric,fpfh_ransac,easy,11,0.0138403760668937,1.553817571154653e-05,True,0.0138403760668937,1.553817571154653e-05,True,0.0,itodd_injection_pump.ply,0.145244,0.001452,13103,13103,0.027840552,-0.01408182,0.034309434,0.998924156,8.2012e-05,0.000160885,-0.000893957,0.02773415,-0.01412989,0.034278698,0.998927492,8.3067e-05,0.000162693,-0.0008948,3.536890967380239e-05,True,6.67974839740274e-05,True
injection_pump,asymmetric,fgr,easy,11,0.012291046241366,1.4752401414935992e-05,True,0.012291046241366,1.4752401414935992e-05,True,0.0,itodd_injection_pump.ply,0.145244,0.001452,13103,13103,0.027829132,-0.014087145,0.034304144,0.99892458,8.2568e-05,0.000160619,-0.000894599,0.02773415,-0.01412989,0.034278698,0.998927492,8.3067e-05,0.000162693,-0.0008948,3.16274499611843e-05,True,5.942000206178491e-05,True
injection_pump,asymmetric,icp_pt2pt,easy,12,0.005068149658927,3.3931392623318505e-05,True,0.005068149658927,3.3931392623318505e-05,True,0.0,itodd_injection_pump.ply,0.145244,0.001452,13103,13103,0.061236172,0.00297747,-0.024004583,0.997830169,-0.00254979,0.002932737,0.001896453,0.061279442,0.002985872,-0.024006969,0.99782743,-0.002554268,0.002934424,0.001897635,3.590911003997211e-05,True,4.516488960773735e-05,True
injection_pump,asymmetric,icp_pt2pl,easy,12,0.0096251738927429,4.093466995855728e-05,True,0.0096251738927429,4.093466995855728e-05,True,0.0,itodd_injection_pump.ply,0.145244,0.001452,13103,13103,0.061222687,0.002943178,-0.023962367,0.997832113,-0.002548918,0.002932219,0.001899003,0.061279442,0.002985872,-0.024006969,0.99782743,-0.002554268,0.002934424,0.001897635,4.868435886801553e-05,True,7.933894938131233e-05,True
injection_pump,asymmetric,fpfh_ransac,easy,12,0.0075019841305493,4.330528535729737e-05,True,0.0075019841305493,4.330528535729737e-05,True,0.0,itodd_injection_pump.ply,0.145244,0.001452,13103,13103,0.061247114,0.00294491,-0.023967553,0.997830484,-0.002548494,0.002932297,0.001898939,0.061279442,0.002985872,-0.024006969,0.99782743,-0.002554268,0.002934424,0.001897635,4.896839632399397e-05,True,7.378343921015465e-05,True
injection_pump,asymmetric,fgr,easy,12,0.0098281536244494,3.70658814629028e-05,True,0.0098281536244494,3.70658814629028e-05,True,0.0,itodd_injection_pump.ply,0.145244,0.001452,13103,13103,0.061231188,0.002942338,-0.023951178,0.997831862,-0.002549305,0.00293316,0.001899296,0.061279442,0.002985872,-0.024006969,0.99782743,-0.002554268,0.002934424,0.001897635,4.685422156477445e-05,True,7.68124866461091e-05,True
injection_pump,asymmetric,icp_pt2pt,easy,13,0.012254055742625,3.5669526896987995e-05,True,0.012254055742625,3.5669526896987995e-05,True,0.0,itodd_injection_pump.ply,0.145244,0.001452,13103,13103,-0.0206315,0.067731785,-0.001115502,0.9974896,-0.000713239,-3.2936e-05,0.005951571,-0.02052834,0.067745257,-0.001090796,0.997490841,-0.000708505,-3.2768e-05,0.005953668,4.640979043931106e-05,True,6.746220257705748e-05,True
injection_pump,asymmetric,icp_pt2pl,easy,13,0.0120774698909902,3.967979651057726e-05,True,0.0120774698909902,3.967979651057726e-05,True,0.0,itodd_injection_pump.ply,0.145244,0.001452,13103,13103,-0.020632899,0.067743957,-0.001103824,0.997488757,-0.000712779,-2.9133e-05,0.005952355,-0.02052834,0.067745257,-0.001090796,0.997490841,-0.000708505,-3.2768e-05,0.005953668,4.7164878562348704e-05,True,7.50872512291268e-05,True
injection_pump,asymmetric,fpfh_ransac,easy,13,0.010349348859338,2.867633854224831e-05,True,0.010349348859338,2.867633854224831e-05,True,0.0,itodd_injection_pump.ply,0.145244,0.001452,13103,13103,-0.020613677,0.06772994,-0.00111608,0.997490093,-0.000711544,-2.9943e-05,0.005953311,-0.02052834,0.067745257,-0.001090796,0.997490841,-0.000708505,-3.2768e-05,0.005953668,3.63580002955924e-05,True,6.56540259015861e-05,True
injection_pump,asymmetric,fgr,easy,13,0.0146467518302307,4.273611841632212e-05,True,0.0146467518302307,4.273611841632212e-05,True,0.0,itodd_injection_pump.ply,0.145244,0.001452,13103,13103,-0.020654043,0.067767778,-0.001087349,0.99748672,-0.000712941,-2.8817e-05,0.00595187,-0.02052834,0.067745257,-0.001090796,0.997490841,-0.000708505,-3.2768e-05,0.005953668,5.376002102421762e-05,True,0.000101667995276315,True
injection_pump,asymmetric,icp_pt2pt,easy,14,0.0277320515615636,1.4701306084241712e-05,True,0.0277320515615636,1.4701306084241712e-05,True,0.0,itodd_injection_pump.ply,0.145244,0.001452,13103,13103,-0.049287968,-0.026901994,0.050050925,0.997166929,-0.001743282,-0.00031494,0.004149085,-0.049506747,-0.026908991,0.050152874,0.99715078,-0.001741964,-0.000315564,0.004147526,6.909124661472122e-05,True,0.00014831604434016138,True
injection_pump,asymmetric,icp_pt2pl,easy,14,0.0106367228055808,2.425959660030969e-05,True,0.0106367228055808,2.425959660030969e-05,True,0.0,itodd_injection_pump.ply,0.145244,0.001452,13103,13103,-0.049451967,-0.026927143,0.050080409,0.99715665,-0.001743211,-0.000312921,0.004145556,-0.049506747,-0.026908991,0.050152874,0.99715078,-0.001741964,-0.000315564,0.004147526,3.680886427172136e-05,True,8.691656512690916e-05,True
injection_pump,asymmetric,fpfh_ransac,easy,14,0.0100576167816015,2.767739918284248e-05,True,0.0100576167816015,2.767739918284248e-05,True,0.0,itodd_injection_pump.ply,0.145244,0.001452,13103,13103,-0.049477001,-0.026949895,0.050081253,0.997154751,-0.001742989,-0.000311872,0.004146309,-0.049506747,-0.026908991,0.050152874,0.99715078,-0.001741964,-0.000315564,0.004147526,3.857395927407775e-05,True,9.789177851810446e-05,True
injection_pump,asymmetric,fgr,easy,14,0.0100950327479724,2.537240420717578e-05,True,0.0100950327479724,2.537240420717578e-05,True,0.0,itodd_injection_pump.ply,0.145244,0.001452,13103,13103,-0.04947384,-0.026943905,0.05007912,0.997155177,-0.001743783,-0.000312765,0.004145965,-0.049506747,-0.026908991,0.050152874,0.99715078,-0.001741964,-0.000315564,0.004147526,3.728905590326403e-05,True,9.473123800838635e-05,True
injection_pump,asymmetric,icp_pt2pt,easy,15,0.0233206400650096,1.3704315737621511e-05,True,0.0233206400650096,1.3704315737621511e-05,True,0.0,itodd_injection_pump.ply,0.145244,0.001452,13103,13103,0.030365447,-0.015671847,-0.064573342,0.997327738,-0.000247179,0.000254629,-0.000645451,0.030385059,-0.015620445,-0.064768878,0.997315267,-0.000247511,0.000256402,-0.000644608,7.417432703221673e-05,True,0.000184555249929008,True
injection_pump,asymmetric,icp_pt2pl,easy,15,0.0080255458508454,4.001272959731134e-05,True,0.0080255458508454,4.001272959731134e-05,True,0.0,itodd_injection_pump.ply,0.145244,0.001452,13103,13103,0.03043502,-0.015604506,-0.064722489,0.997317005,-0.000249208,0.000251748,-0.000641569,0.030385059,-0.015620445,-0.064768878,0.997315267,-0.000247511,0.000256402,-0.000644608,4.137354637345559e-05,True,8.307639055982252e-05,True
injection_pump,asymmetric,fpfh_ransac,easy,15,0.0097993660747116,3.361018729740528e-05,True,0.0097993660747116,3.361018729740528e-05,True,0.0,itodd_injection_pump.ply,0.145244,0.001452,13103,13103,0.030432613,-0.015602124,-0.064700284,0.997318556,-0.000249399,0.000252818,-0.000641885,0.030385059,-0.015620445,-0.064768878,0.997315267,-0.000247511,0.000256402,-0.000644608,3.998862375017847e-05,True,9.380039572598454e-05,True
injection_pump,asymmetric,fgr,easy,15,0.0091525258131647,3.588675561488188e-05,True,0.0091525258131647,3.588675561488188e-05,True,0.0,itodd_injection_pump.ply,0.145244,0.001452,13103,13103,0.030432032,-0.015610438,-0.064705124,0.99731813,-0.000249202,0.000252647,-0.000641413,0.030385059,-0.015620445,-0.064768878,0.997315267,-0.000247511,0.000256402,-0.000644608,4.103407987433192e-05,True,8.949204074240198e-05,True
injection_pump,asymmetric,icp_pt2pt,easy,16,0.0094103468972482,0.0001211332644543,True,0.0094103468972482,0.0001211332644543,True,0.0,itodd_injection_pump.ply,0.145244,0.001452,13103,13103,-0.03163957,0.002488594,0.002210375,0.999493801,-0.000384679,-0.006734837,-0.001086753,-0.031583086,0.002503426,0.00215267,0.999495677,-0.000400382,-0.006736078,-0.001094591,0.00012498456851103973,True,0.00015429082948493513,True
injection_pump,asymmetric,icp_pt2pl,easy,16,0.0147143446020332,3.447886705599919e-05,True,0.0147143446020332,3.447886705599919e-05,True,0.0,itodd_injection_pump.ply,0.145244,0.001452,13103,13103,-0.031705989,0.002515536,0.002187605,0.999491679,-0.000400877,-0.006734232,-0.001089961,-0.031583086,0.002503426,0.00215267,0.999495677,-0.000400382,-0.006736078,-0.001094591,4.776119502899476e-05,True,9.351044271678442e-05,True
injection_pump,asymmetric,fpfh_ransac,easy,16,0.0147676952327079,3.462242066368276e-05,True,0.0147676952327079,3.462242066368276e-05,True,0.0,itodd_injection_pump.ply,0.145244,0.001452,13103,13103,-0.031708222,0.002516543,0.002180248,0.999491622,-0.000400426,-0.006734157,-0.001089943,-0.031583086,0.002503426,0.00215267,0.999495677,-0.000400382,-0.006736078,-0.001094591,4.71042831744083e-05,True,9.51887032358293e-05,True
injection_pump,asymmetric,fgr,easy,16,0.0149926303082238,3.221159508728263e-05,True,0.0149926303082238,3.221159508728263e-05,True,0.0,itodd_injection_pump.ply,0.145244,0.001452,13103,13103,-0.031707843,0.002518461,0.002188876,0.99949161,-0.000400825,-0.006734219,-0.00109032,-0.031583086,0.002503426,0.00215267,0.999495677,-0.000400382,-0.006736078,-0.001094591,4.683534726897558e-05,True,9.283135844074125e-05,True
injection_pump,asymmetric,icp_pt2pt,easy,17,0.0316609627229597,3.5561388558899954e-05,True,0.0316609627229597,3.5561388558899954e-05,True,0.0,itodd_injection_pump.ply,0.145244,0.001452,13103,13103,0.030856528,0.022448714,0.038119991,0.998544339,-0.000170175,-0.000177856,0.000115758,0.031113939,0.022408754,0.038211474,0.998533752,-0.000173578,-0.000175896,0.000119112,8.725651167870247e-05,True,0.0001892171199448798,True
injection_pump,asymmetric,icp_pt2pl,easy,17,0.0100574647271372,3.0102642924424315e-05,True,0.0100574647271372,3.0102642924424315e-05,True,0.0,itodd_injection_pump.ply,0.145244,0.001452,13103,13103,0.031072427,0.022478206,0.038177483,0.998534784,-0.000170052,-0.000174689,0.000116826,0.031113939,0.022408754,0.038211474,0.998533752,-0.000173578,-0.000175896,0.000119112,4.151510558090649e-05,True,8.252256256855861e-05,True
injection_pump,asymmetric,fpfh_ransac,easy,17,0.0123685860995058,4.376749923121831e-05,True,0.0123685860995058,4.376749923121831e-05,True,0.0,itodd_injection_pump.ply,0.145244,0.001452,13103,13103,0.03103755,0.022484916,0.038215235,0.998534273,-0.000170125,-0.000171477,0.000116118,0.031113939,0.022408754,0.038211474,0.998533752,-0.000173578,-0.000175896,0.000119112,5.391173444924478e-05,True,0.00010469979323867103,True
injection_pump,asymmetric,fgr,easy,17,0.015757785476606,5.0418196193218834e-05,True,0.015757785476606,5.0418196193218834e-05,True,0.0,itodd_injection_pump.ply,0.145244,0.001452,13103,13103,0.031006766,0.022486843,0.038247889,0.998533936,-0.000170096,-0.000170077,0.000116347,0.031113939,0.022408754,0.038211474,0.998533752,-0.000173578,-0.000175896,0.000119112,6.364365980441584e-05,True,0.00012654299976143206,True
injection_pump,asymmetric,icp_pt2pt,easy,18,0.0177771166595705,1.1486412375890608e-05,True,0.0177771166595705,1.1486412375890608e-05,True,0.0,itodd_injection_pump.ply,0.145244,0.001452,13103,13103,0.035164064,-0.015322393,0.049791718,0.998022794,0.001851503,0.00188353,-0.00410504,0.035313625,-0.015281824,0.049785953,0.998018423,0.001851349,0.001884875,-0.004106016,4.1144897981098915e-05,True,8.301162724062482e-05,True
injection_pump,asymmetric,icp_pt2pl,easy,18,0.0039063925937881,1.212685247868948e-05,True,0.0039063925937881,1.212685247868948e-05,True,0.0,itodd_injection_pump.ply,0.145244,0.001452,13103,13103,0.035314425,-0.015315523,0.04979098,0.998017627,0.001850224,0.001883637,-0.004105463,0.035313625,-0.015281824,0.049785953,0.998018423,0.001851349,0.001884875,-0.004106016,1.7201790714115654e-05,True,3.123374970809271e-05,True
injection_pump,asymmetric,fpfh_ransac,easy,18,0.005830488931824,9.90345114025191e-06,True,0.005830488931824,9.90345114025191e-06,True,0.0,itodd_injection_pump.ply,0.145244,0.001452,13103,13103,0.035332568,-0.01532387,0.04980732,0.998016042,0.001850432,0.001884736,-0.004104916,0.035313625,-0.015281824,0.049785953,0.998018423,0.001851349,0.001884875,-0.004106016,2.0240711128988672e-05,True,4.3573909598157657e-05,True
injection_pump,asymmetric,fgr,easy,18,0.0071034397377658,1.8429288118558365e-05,True,0.0071034397377658,1.8429288118558365e-05,True,0.0,itodd_injection_pump.ply,0.145244,0.001452,13103,13103,0.035296508,-0.015303067,0.049841561,0.998015927,0.001848706,0.001885241,-0.00410623,0.035313625,-0.015281824,0.049785953,0.998018423,0.001851349,0.001884875,-0.004106016,2.72729107415012e-05,True,5.7215550883588e-05,True
injection_pump,asymmetric,icp_pt2pt,easy,19,0.033199679713774,4.113744625766749e-05,True,0.033199679713774,4.113744625766749e-05,True,0.0,itodd_injection_pump.ply,0.145244,0.001452,13103,13103,-0.043709291,0.014011273,-0.026124479,0.998604373,-0.000138316,-0.002612377,0.000508478,-0.043990933,0.01396509,-0.026075751,0.998593926,-0.000140711,-0.002617851,0.000508467,8.387701204053203e-05,True,0.00015689636612273422,True
injection_pump,asymmetric,icp_pt2pl,easy,19,0.022835617059614,3.2260807316624914e-05,True,0.022835617059614,3.2260807316624914e-05,True,0.0,itodd_injection_pump.ply,0.145244,0.001452,13103,13103,-0.043818055,0.013987137,-0.02597961,0.998603724,-0.000136264,-0.002616428,0.000508865,-0.043990933,0.01396509,-0.026075751,0.998593926,-0.000140711,-0.002617851,0.000508467,6.940744096842252e-05,True,0.00011878345957799569,True
injection_pump,asymmetric,fpfh_ransac,easy,19,0.0193061797655997,3.3276078761200705e-05,True,0.0193061797655997,3.3276078761200705e-05,True,0.0,itodd_injection_pump.ply,0.145244,0.001452,13103,13103,-0.043854772,0.013988841,-0.025979758,0.998602085,-0.000136294,-0.002616198,0.000509525,-0.043990933,0.01396509,-0.026075751,0.998593926,-0.000140711,-0.002617851,0.000508467,6.383078629419182e-05,True,0.00010428915921181497,True
injection_pump,asymmetric,fgr,easy,19,0.0209996685887062,3.443211924128179e-05,True,0.0209996685887062,3.443211924128179e-05,True,0.0,itodd_injection_pump.ply,0.145244,0.001452,13103,13103,-0.043849576,0.013987779,-0.0259617,0.998602797,-0.000136533,-0.002615392,0.000509696,-0.043990933,0.01396509,-0.026075751,0.998593926,-0.000140711,-0.002617851,0.000508467,6.969283998286703e-05,True,0.00011843572698247633,True
injection_pump,asymmetric,icp_pt2pt,medium,0,4.805602755087,0.0551687604524674,False,4.805602755087,0.0551687604524674,False,0.0,itodd_injection_pump.ply,0.145244,0.001452,13103,11137,0.009544674,-0.000653636,-0.001077689,0.999953654,0.001822529,-0.003455745,-0.003386225,0.010370999,-0.013589196,0.038793335,0.999101023,0.00966923,-0.00471843,-0.004407001,0.04121786230849288,True,0.07650699798185527,True
injection_pump,asymmetric,icp_pt2pl,medium,0,0.0150298058012922,0.0001579970546175,True,0.0150298058012922,0.0001579970546175,True,0.0,itodd_injection_pump.ply,0.145244,0.001452,13103,11137,0.010442978,-0.013531087,0.038886246,0.99909745,0.009671574,-0.004699089,-0.004419127,0.010370999,-0.013589196,0.038793335,0.999101023,0.00966923,-0.00471843,-0.004407001,0.0001638884560865098,True,0.00024447970508855636,True
injection_pump,asymmetric,fpfh_ransac,medium,0,0.0160410243650563,0.0001601898134355,True,0.0160410243650563,0.0001601898134355,True,0.0,itodd_injection_pump.ply,0.145244,0.001452,13103,11137,0.010454574,-0.013540094,0.038894245,0.999096895,0.009671959,-0.004698645,-0.004418936,0.010370999,-0.013589196,0.038793335,0.999101023,0.00966923,-0.00471843,-0.004407001,0.000166908552191103,True,0.00024902234419436626,True
injection_pump,asymmetric,fgr,medium,0,0.0145941312947456,0.0001440219163353,True,0.0145941312947456,0.0001440219163353,True,0.0,itodd_injection_pump.ply,0.145244,0.001452,13103,11137,0.01047647,-0.013537024,0.038842006,0.999098739,0.009671075,-0.004701363,-0.004418954,0.010370999,-0.013589196,0.038793335,0.999101023,0.00966923,-0.00471843,-0.004407001,0.00014966704084101436,True,0.0002086638719982173,True
injection_pump,asymmetric,icp_pt2pt,medium,1,16.907927007236403,0.2276628105985347,False,16.907927007236403,0.2276628105985347,False,0.0,itodd_injection_pump.ply,0.145244,0.001452,13103,11137,-0.007365815,-0.005701659,0.063669034,0.997927598,-0.003277945,0.003210936,-0.001774401,-0.133148509,0.018154738,-0.009073111,0.990888268,0.009173804,0.033237039,-0.007839953,0.11205535192523379,False,0.29579436546687843,False
injection_pump,asymmetric,icp_pt2pl,medium,1,20.248790586235803,0.2018746606098176,False,20.248790586235803,0.2018746606098176,False,0.0,itodd_injection_pump.ply,0.145244,0.001452,13103,11137,-0.012393272,-0.037994462,0.106693171,0.993488498,-0.003524555,0.007362797,-0.002454674,-0.133148509,0.018154738,-0.009073111,0.990888268,0.009173804,0.033237039,-0.007839953,0.09912754369184476,True,0.30103552094092434,False
injection_pump,asymmetric,fpfh_ransac,medium,1,0.0213662503325978,0.0001566041822786,True,0.0213662503325978,0.0001566041822786,True,0.0,itodd_injection_pump.ply,0.145244,0.001452,13103,11137,-0.133053352,0.01831242,-0.009100584,0.990897896,0.009183799,0.033231074,-0.007820411,-0.133148509,0.018154738,-0.009073111,0.990888268,0.009173804,0.033237039,-0.007839953,0.00015826032240179175,True,0.00027188043885548484,True
injection_pump,asymmetric,fgr,medium,1,0.0182499191698808,0.0001319948289715,True,0.0182499191698808,0.0001319948289715,True,0.0,itodd_injection_pump.ply,0.145244,0.001452,13103,11137,-0.133084974,0.018300448,-0.009065308,0.990894194,0.009181746,0.033231594,-0.007823375,-0.133148509,0.018154738,-0.009073111,0.990888268,0.009173804,0.033237039,-0.007839953,0.00013317395548551302,True,0.0002474046730585252,True
injection_pump,asymmetric,icp_pt2pt,medium,2,9.478821038647586,0.0594908886265207,False,9.478821038647586,0.0594908886265207,False,0.0,itodd_injection_pump.ply,0.145244,0.001452,13103,11137,0.014731567,0.016054605,-0.01834255,0.999594308,0.001160083,0.00307591,0.005943233,-0.040151347,-0.005657601,0.03956621,0.998393898,-0.005942564,0.00784122,0.007170359,0.043264185207203563,True,0.10411492165841199,False
injection_pump,asymmetric,icp_pt2pl,medium,2,0.0358616327942733,7.395096262576626e-05,True,0.0358616327942733,7.395096262576626e-05,True,0.0,itodd_injection_pump.ply,0.145244,0.001452,13103,11137,-0.039867976,-0.005761002,0.039484045,0.998407915,-0.005950642,0.007848262,0.007169638,-0.040151347,-0.005657601,0.03956621,0.998393898,-0.005942564,0.00784122,0.007170359,0.00011977817269343284,True,0.00021335538592990547,True
injection_pump,asymmetric,fpfh_ransac,medium,2,98.5230069298798,0.1292092999064396,False,98.5230069298798,0.1292092999064396,False,0.0,itodd_injection_pump.ply,0.145244,0.001452,13103,11137,0.783070191,-0.000152773,-0.042406859,-0.620485867,-0.0060767,0.004078319,-0.011214913,-0.040151347,-0.005657601,0.03956621,0.998393898,-0.005942564,0.00784122,0.007170359,0.07260555038624864,True,0.5379695247422785,False
injection_pump,asymmetric,fgr,medium,2,0.0343560321083995,9.13116625769454e-05,True,0.0343560321083995,9.13116625769454e-05,True,0.0,itodd_injection_pump.ply,0.145244,0.001452,13103,11137,-0.039882675,-0.005774946,0.039504759,0.998406428,-0.005952374,0.007850118,0.007169669,-0.040151347,-0.005657601,0.03956621,0.998393898,-0.005942564,0.00784122,0.007170359,0.00013032798062991312,True,0.0002157340182271849,True
injection_pump,asymmetric,icp_pt2pt,medium,3,32.942312384624564,0.1498731258184021,False,32.942312384624564,0.1498731258184021,False,0.0,itodd_injection_pump.ply,0.145244,0.001452,13103,11137,-0.003503834,-0.01537839,0.005909667,0.999858142,0.001688475,0.00055763,0.002085307,-0.173395626,0.099244642,0.20184178,0.958824465,0.002310428,0.008358398,0.022398223,0.08700788289393555,True,0.2950719315355955,False
injection_pump,asymmetric,icp_pt2pl,medium,3,35.28695015423372,0.1173910027914589,False,35.28695015423372,0.1173910027914589,False,0.0,itodd_injection_pump.ply,0.145244,0.001452,13103,11137,-0.00900941,-0.0663536,0.006602059,0.997733653,0.000908102,0.0004093,0.007379588,-0.173395626,0.099244642,0.20184178,0.958824465,0.002310428,0.008358398,0.022398223,0.07483823298337935,True,0.3014896272435271,False
injection_pump,asymmetric,fpfh_ransac,medium,3,0.022910413305253,0.0001058001011456,True,0.022910413305253,0.0001058001011456,True,0.0,itodd_injection_pump.ply,0.145244,0.001452,13103,11137,-0.173390489,0.099443099,0.201851373,0.958802812,0.002321742,0.008356331,0.022388032,-0.173395626,0.099244642,0.20184178,0.958824465,0.002310428,0.008358398,0.022398223,0.0001255559335394071,True,0.00022329089331736248,True
injection_pump,asymmetric,fgr,medium,3,0.0240148047620136,0.0001006329816746,True,0.0240148047620136,0.0001006329816746,True,0.0,itodd_injection_pump.ply,0.145244,0.001452,13103,11137,-0.173323954,0.099435813,0.201886203,0.958808264,0.002321626,0.008355013,0.022389461,-0.173395626,0.099244642,0.20184178,0.958824465,0.002310428,0.008358398,0.022398223,0.00012072133095399828,True,0.00020459451485083856,True
injection_pump,asymmetric,icp_pt2pt,medium,4,39.76766385061911,0.1445416503687854,False,39.76766385061911,0.1445416503687854,False,0.0,itodd_injection_pump.ply,0.145244,0.001452,13103,11137,-0.001825746,0.006410387,0.000946858,0.999977338,0.000316735,-0.00224168,-0.005668787,-0.183398459,-0.1407145,-0.246365213,0.941205937,0.015069352,-0.014596837,-0.014062258,0.07439736106361121,True,0.2973652351243421,False
injection_pump,asymmetric,icp_pt2pl,medium,4,35.081778923637,0.1264288142532712,False,35.081778923637,0.1264288142532712,False,0.0,itodd_injection_pump.ply,0.145244,0.001452,13103,11137,-0.015526292,-6.1001e-05,-0.042178096,0.998989459,0.001214394,-0.002726672,-0.011978972,-0.183398459,-0.1407145,-0.246365213,0.941205937,0.015069352,-0.014596837,-0.014062258,0.06511128634264542,True,0.2584857737875561,False
injection_pump,asymmetric,fpfh_ransac,medium,4,0.0338305609875485,6.864300368845652e-05,True,0.0338305609875485,6.864300368845652e-05,True,0.0,itodd_injection_pump.ply,0.145244,0.001452,13103,11137,-0.183120924,-0.140782196,-0.246435178,0.941231536,0.015078132,-0.014592185,-0.01406308,-0.183398459,-0.1407145,-0.246365213,0.941205937,0.015069352,-0.014596837,-0.014062258,0.00010293782236809245,True,0.00019167121176238405,True
injection_pump,asymmetric,fgr,medium,4,0.0340635182851859,6.656634691534525e-05,True,0.0340635182851859,6.656634691534525e-05,True,0.0,itodd_injection_pump.ply,0.145244,0.001452,13103,11137,-0.183118456,-0.140786001,-0.246429391,0.941232962,0.015076493,-0.014590535,-0.014063924,-0.183398459,-0.1407145,-0.246365213,0.941205937,0.015069352,-0.014596837,-0.014062258,0.00010056193390052597,True,0.00019296844378726623,True
injection_pump,asymmetric,icp_pt2pt,medium,5,21.87189293345179,0.1313336090973798,False,21.87189293345179,0.1313336090973798,False,0.0,itodd_injection_pump.ply,0.145244,0.001452,13103,11137,0.04658588,0.014911108,-0.015676845,0.998679954,0.000324958,0.001719827,-0.001669578,-0.047718383,0.021634216,-0.18032943,0.982209862,0.01102319,-0.003059563,-0.016722049,0.06742407667941609,True,0.23485571414395998,False
injection_pump,asymmetric,icp_pt2pl,medium,5,26.18559521094002,0.1118250882826732,False,26.18559521094002,0.1118250882826732,False,0.0,itodd_injection_pump.ply,0.145244,0.001452,13103,11137,0.141141962,0.030860446,-0.053037569,0.988085824,0.000583956,0.002939513,-0.005820968,-0.047718383,0.021634216,-0.18032943,0.982209862,0.01102319,-0.003059563,-0.016722049,0.06120342379649754,True,0.2228657207387727,False
injection_pump,asymmetric,fpfh_ransac,medium,5,0.0365381811738793,0.0001412993282053,True,0.0365381811738793,0.0001412993282053,True,0.0,itodd_injection_pump.ply,0.145244,0.001452,13103,11137,-0.047491446,0.021835132,-0.180427759,0.982198357,0.011008895,-0.003069422,-0.016732987,-0.047718383,0.021634216,-0.18032943,0.982209862,0.01102319,-0.003059563,-0.016722049,0.0001733861464511269,True,0.00033179726731026913,True
injection_pump,asymmetric,fgr,medium,5,0.0454646293828954,0.0001199852397077,True,0.0454646293828954,0.0001199852397077,True,0.0,itodd_injection_pump.ply,0.145244,0.001452,13103,11137,-0.047393467,0.021842357,-0.180421552,0.98220407,0.011009749,-0.003065236,-0.016731581,-0.047718383,0.021634216,-0.18032943,0.982209862,0.01102319,-0.003059563,-0.016722049,0.00016956603359050937,True,0.0003326096326222252,True
injection_pump,asymmetric,icp_pt2pt,medium,6,26.083357695955225,0.0735224767597825,False,26.083357695955225,0.0735224767597825,False,0.0,itodd_injection_pump.ply,0.145244,0.001452,13103,11137,-0.020842184,0.008173466,0.00491421,0.99973729,0.000336886,-0.001330563,0.000857798,-0.160662472,0.137088586,-0.115782051,0.970561078,0.008808698,-0.005822637,-0.003841594,0.05481229534511185,True,0.2125229298653126,False
injection_pump,asymmetric,icp_pt2pl,medium,6,16.21109877726226,0.0586876526422432,False,16.21109877726226,0.0586876526422432,False,0.0,itodd_injection_pump.ply,0.145244,0.001452,13103,11137,-0.141101918,0.037219036,-0.019451332,0.989103957,0.001236607,-0.003174535,-0.000958874,-0.160662472,0.137088586,-0.115782051,0.970561078,0.008808698,-0.005822637,-0.003841594,0.047796001204252495,True,0.13894809411987938,False
injection_pump,asymmetric,fpfh_ransac,medium,6,0.0338780132182754,0.0001358851307361,True,0.0338780132182754,0.0001358851307361,True,0.0,itodd_injection_pump.ply,0.145244,0.001452,13103,11137,-0.160567128,0.137349916,-0.115682384,0.970551794,0.008794412,-0.0058351,-0.003847084,-0.160662472,0.137088586,-0.115782051,0.970561078,0.008808698,-0.005822637,-0.003841594,0.000176970971970545,True,0.0002843242369642449,True
injection_pump,asymmetric,fgr,medium,6,0.0353417311409582,0.000136159612626,True,0.0353417311409582,0.000136159612626,True,0.0,itodd_injection_pump.ply,0.145244,0.001452,13103,11137,-0.160537811,0.137351046,-0.115678723,0.97055692,0.008794232,-0.005834774,-0.003847472,-0.160662472,0.137088586,-0.115782051,0.970561078,0.008808698,-0.005822637,-0.003841594,0.00017960618146662335,True,0.00029308882217478073,True
injection_pump,asymmetric,icp_pt2pt,medium,7,0.069144239814946,4.6259274814066616e-05,True,0.069144239814946,4.6259274814066616e-05,True,0.0,itodd_injection_pump.ply,0.145244,0.001452,13103,11137,-0.01481264,0.004265477,0.02089148,0.999662912,8.1819e-05,-0.000203982,0.000103484,-0.015261822,0.004178077,0.021284506,0.999648233,8.2032e-05,-0.000204494,9.6788e-05,0.0001860535589178407,True,0.0003895208928662822,True
injection_pump,asymmetric,icp_pt2pl,medium,7,0.0240706832890946,0.0001621457542188,True,0.0240706832890946,0.0001621457542188,True,0.0,itodd_injection_pump.ply,0.145244,0.001452,13103,11137,-0.015113512,0.004047746,0.021212931,0.999652544,7.967e-05,-0.000212738,0.000118722,-0.015261822,0.004178077,0.021284506,0.999648233,8.2032e-05,-0.000204494,9.6788e-05,0.0001675096287523682,True,0.0002947608236420847,True
injection_pump,asymmetric,fpfh_ransac,medium,7,124.03854569699472,0.0306634581007905,False,124.03854569699472,0.0306634581007905,False,0.0,itodd_injection_pump.ply,0.145244,0.001452,13103,11137,0.870878028,0.095283531,0.003547516,0.48216172,0.003464584,0.002051139,-0.001721386,-0.015261822,0.004178077,0.021284506,0.999648233,8.2032e-05,-0.000204494,9.6788e-05,0.053640220051841755,True,0.44953678078082737,False
injection_pump,asymmetric,fgr,medium,7,0.0260174527698006,0.0001614230619372,True,0.0260174527698006,0.0001614230619372,True,0.0,itodd_injection_pump.ply,0.145244,0.001452,13103,11137,-0.015098225,0.004024246,0.021317908,0.999650637,8.2495e-05,-0.000209324,0.000119726,-0.015261822,0.004178077,0.021284506,0.999648233,8.2032e-05,-0.000204494,9.6788e-05,0.00016999559154433076,True,0.0003045008125642744,True
injection_pump,asymmetric,icp_pt2pt,medium,8,16.47051181280242,0.1633263694871303,False,16.47051181280242,0.1633263694871303,False,0.0,itodd_injection_pump.ply,0.145244,0.001452,13103,11137,-0.010929272,0.001113301,-0.009172245,0.999897586,7.8489e-05,0.002576319,-0.003818908,0.031656935,0.137004779,-0.024681113,0.989756723,0.005378846,0.025005049,-0.009440287,0.09209830800520921,True,0.20584613281814026,False
injection_pump,asymmetric,icp_pt2pl,medium,8,6.07950302459761,0.1122070597178828,False,6.07950302459761,0.1122070597178828,False,0.0,itodd_injection_pump.ply,0.145244,0.001452,13103,11137,0.032664434,0.084537215,-0.019684587,0.995690218,-0.000628271,0.009912598,-0.008122027,0.031656935,0.137004779,-0.024681113,0.989756723,0.005378846,0.025005049,-0.009440287,0.06414417110534898,True,0.12514955584291154,False
injection_pump,asymmetric,fpfh_ransac,medium,8,0.0389347084773393,4.66147433460515e-05,True,0.0389347084773393,4.66147433460515e-05,True,0.0,itodd_injection_pump.ply,0.145244,0.001452,13103,11137,0.031738948,0.137315001,-0.024781925,0.989708586,0.005379815,0.024999284,-0.009436872,0.031656935,0.137004779,-0.024681113,0.989756723,0.005378846,0.025005049,-0.009440287,0.00012474264099466566,True,0.0002846488266543414,True
injection_pump,asymmetric,fgr,medium,8,0.0553532764869153,4.902132218379337e-05,True,0.0553532764869153,4.902132218379337e-05,True,0.0,itodd_injection_pump.ply,0.145244,0.001452,13103,11137,0.031921554,0.137389332,-0.024787307,0.989692263,0.005378038,0.02500232,-0.00943376,0.031656935,0.137004779,-0.024681113,0.989756723,0.005378846,0.025005049,-0.009440287,0.00015437494697672906,True,0.0003447825896878233,True
injection_pump,asymmetric,icp_pt2pt,medium,9,30.613277187907784,0.1089020301931198,False,30.613277187907784,0.1089020301931198,False,0.0,itodd_injection_pump.ply,0.145244,0.001452,13103,11137,0.033372223,0.022798279,-0.003304098,0.99917747,0.000891382,0.003955242,0.000685465,-0.107722614,0.187409925,0.147634304,0.965130805,0.005371907,0.011971783,-0.012192775,0.06417280170996291,True,0.27200122284678124,False
injection_pump,asymmetric,icp_pt2pl,medium,9,34.39739879186587,0.0976613057675465,False,34.39739879186587,0.0976613057675465,False,0.0,itodd_injection_pump.ply,0.145244,0.001452,13103,11137,0.108478218,0.029343117,0.017647316,0.993508948,0.001693456,0.007559253,0.000776606,-0.107722614,0.187409925,0.147634304,0.965130805,0.005371907,0.011971783,-0.012192775,0.0627340345459858,True,0.27449379530788315,False
injection_pump,asymmetric,fpfh_ransac,medium,9,0.0168573594125148,5.111228027882544e-05,True,0.0168573594125148,5.111228027882544e-05,True,0.0,itodd_injection_pump.ply,0.145244,0.001452,13103,11137,-0.107702147,0.187271647,0.147603396,0.965164657,0.005378051,0.01197137,-0.012188628,-0.107722614,0.187409925,0.147634304,0.965130805,0.005371907,0.011971783,-0.012192775,7.315033937771959e-05,True,0.00015489182601713657,True
injection_pump,asymmetric,fgr,medium,9,0.0223373765924648,7.838102497766075e-05,True,0.0223373765924648,7.838102497766075e-05,True,0.0,itodd_injection_pump.ply,0.145244,0.001452,13103,11137,-0.107607427,0.187259327,0.147622912,0.965174628,0.005379104,0.011975993,-0.012185023,-0.107722614,0.187409925,0.147634304,0.965130805,0.005371907,0.011971783,-0.012192775,9.997524558365185e-05,True,0.00020352178776846533,True
injection_pump,asymmetric,icp_pt2pt,medium,10,6.240743987144224,0.1292679212396124,False,6.240743987144224,0.1292679212396124,False,0.0,itodd_injection_pump.ply,0.145244,0.001452,13103,11137,-0.035730084,0.014881092,-0.020166882,0.999047152,0.002047579,0.00125774,0.003533049,-0.080396115,0.04539151,-0.025271756,0.995408164,0.020561655,0.003336538,0.005861751,0.061381505341057505,True,0.14423610908592518,False
injection_pump,asymmetric,icp_pt2pl,medium,10,5.4311635912188,0.1086792120593408,False,5.4311635912188,0.1086792120593408,False,0.0,itodd_injection_pump.ply,0.145244,0.001452,13103,11137,-0.043824845,0.031632265,-0.052030398,0.997181839,0.004983218,0.000821737,0.006254715,-0.080396115,0.04539151,-0.025271756,0.995408164,0.020561655,0.003336538,0.005861751,0.05655920955682438,True,0.12613654651146644,False
injection_pump,asymmetric,fpfh_ransac,medium,10,0.0363787337978747,0.0001431333811549,True,0.0363787337978747,0.0001431333811549,True,0.0,itodd_injection_pump.ply,0.145244,0.001452,13103,11137,-0.080610233,0.045269721,-0.025471306,0.995391308,0.020561803,0.00331798,0.005852382,-0.080396115,0.04539151,-0.025271756,0.995408164,0.020561655,0.003336538,0.005861751,0.0001762178098049421,True,0.0002889691505550307,True
injection_pump,asymmetric,fgr,medium,10,0.0406180811218601,0.000142038847982,True,0.0406180811218601,0.000142038847982,True,0.0,itodd_injection_pump.ply,0.145244,0.001452,13103,11137,-0.080662428,0.045262458,-0.025465766,0.995387551,0.020562387,0.00331864,0.005851516,-0.080396115,0.04539151,-0.025271756,0.995408164,0.020561655,0.003336538,0.005861751,0.00017822381888914327,True,0.00029223358209611315,True
injection_pump,asymmetric,icp_pt2pt,medium,11,2.402754483776293,0.0353608024072374,False,2.402754483776293,0.0353608024072374,False,0.0,itodd_injection_pump.ply,0.145244,0.001452,13103,11137,-0.011137818,0.006449589,-0.00367816,0.999910407,-0.002456297,0.002455428,0.005503594,-0.022211828,-0.000344981,0.012777341,0.999671574,-0.007501708,0.002748179,0.006417949,0.03225157190291402,True,0.045431095513571614,True
injection_pump,asymmetric,icp_pt2pl,medium,11,0.0292226639576045,3.930854412070656e-05,True,0.0292226639576045,3.930854412070656e-05,True,0.0,itodd_injection_pump.ply,0.145244,0.001452,13103,11137,-0.022141549,-0.000397649,0.012537969,0.999676144,-0.007505298,0.002752157,0.006415978,-0.022211828,-0.000344981,0.012777341,0.999671574,-0.007501708,0.002748179,0.006417949,9.687731769033979e-05,True,0.00024011059801454828,True
injection_pump,asymmetric,fpfh_ransac,medium,11,0.0289347262525517,4.110264156624368e-05,True,0.0289347262525517,4.110264156624368e-05,True,0.0,itodd_injection_pump.ply,0.145244,0.001452,13103,11137,-0.022133214,-0.00039674,0.012543083,0.999676265,-0.007505677,0.002751974,0.006415606,-0.022211828,-0.000344981,0.012777341,0.999671574,-0.007501708,0.002748179,0.006417949,9.631738846978083e-05,True,0.0002354969594713391,True
injection_pump,asymmetric,fgr,medium,11,0.0209792972346874,4.965052734083942e-05,True,0.0209792972346874,4.965052734083942e-05,True,0.0,itodd_injection_pump.ply,0.145244,0.001452,13103,11137,-0.022173616,-0.000400185,0.012607044,0.999674564,-0.00750693,0.002752416,0.006415345,-0.022211828,-0.000344981,0.012777341,0.999671574,-0.007501708,0.002748179,0.006417949,7.874413998078153e-05,True,0.00019384673893137465,True
injection_pump,asymmetric,icp_pt2pt,medium,12,30.09423619794956,0.092090811475806,False,30.09423619794956,0.092090811475806,False,0.0,itodd_injection_pump.ply,0.145244,0.001452,13103,11137,0.015345376,-0.011946592,-0.021742729,0.999574435,0.001150681,0.002180569,0.003558302,-0.243350363,-0.016118614,0.005581119,0.969788452,0.001818245,0.013304906,0.010955002,0.057361701766515824,True,0.21890910104629638,False
injection_pump,asymmetric,icp_pt2pl,medium,12,5.933299937436782,0.015538669590586,False,5.933299937436782,0.015538669590586,False,0.0,itodd_injection_pump.ply,0.145244,0.001452,13103,11137,-0.199927179,0.005023965,-0.010186883,0.979744921,0.002785359,0.011277685,0.011175586,-0.243350363,-0.016118614,0.005581119,0.969788452,0.001818245,0.013304906,0.010955002,0.018292310952897357,True,0.03638651033349021,True
injection_pump,asymmetric,fpfh_ransac,medium,12,0.0147377437313985,0.0001025979593301,True,0.0147377437313985,0.0001025979593301,True,0.0,itodd_injection_pump.ply,0.145244,0.001452,13103,11137,-0.243280841,-0.016016447,0.005611282,0.969807414,0.001830138,0.013298787,0.010961574,-0.243350363,-0.016118614,0.005581119,0.969788452,0.001818245,0.013304906,0.010955002,0.0001070598056335301,True,0.00017194295268655152,True
injection_pump,asymmetric,fgr,medium,12,0.0208819396195236,0.0001137214128131,True,0.0208819396195236,0.0001137214128131,True,0.0,itodd_injection_pump.ply,0.145244,0.001452,13103,11137,-0.243209089,-0.016017385,0.005621637,0.969825334,0.001830532,0.013297001,0.010962707,-0.243350363,-0.016118614,0.005581119,0.969788452,0.001818245,0.013304906,0.010955002,0.00012015869317397286,True,0.00019090345534192803,True
injection_pump,asymmetric,icp_pt2pt,medium,13,20.57680664719334,0.0855598534816638,False,20.57680664719334,0.0855598534816638,False,0.0,itodd_injection_pump.ply,0.145244,0.001452,13103,11137,-0.00692494,0.007941946,-0.015242186,0.999828308,-0.000488305,0.003613095,-0.002306468,0.164499419,0.001330725,0.035051553,0.985753295,0.003362924,0.014498647,-0.006900432,0.058722134505471264,True,0.16949939921148865,False
injection_pump,asymmetric,icp_pt2pl,medium,13,12.484916882222617,0.0388679313908628,False,12.484916882222617,0.0388679313908628,False,0.0,itodd_injection_pump.ply,0.145244,0.001452,13103,11137,0.073790192,0.050360316,0.001560991,0.996000206,0.001297704,0.010031891,-0.004134071,0.164499419,0.001330725,0.035051553,0.985753295,0.003362924,0.014498647,-0.006900432,0.04029310296303072,True,0.0894721806463964,True
injection_pump,asymmetric,fpfh_ransac,medium,13,0.015355907103026,0.0001436856667162,True,0.015355907103026,0.0001436856667162,True,0.0,itodd_injection_pump.ply,0.145244,0.001452,13103,11137,0.164376858,0.00129397,0.035018155,0.985774976,0.003362794,0.014483576,-0.006885997,0.164499419,0.001330725,0.035051553,0.985753295,0.003362924,0.014498647,-0.006900432,0.00014942605072485555,True,0.00020922615406517684,True
injection_pump,asymmetric,fgr,medium,13,0.017147796031667,0.0001272413317896,True,0.017147796031667,0.0001272413317896,True,0.0,itodd_injection_pump.ply,0.145244,0.001452,13103,11137,0.164354707,0.001310668,0.035030839,0.985778197,0.003361234,0.014485461,-0.006887594,0.164499419,0.001330725,0.035051553,0.985753295,0.003362924,0.014498647,-0.006900432,0.00013401960937996994,True,0.0001952441056826386,True
injection_pump,asymmetric,icp_pt2pt,medium,14,29.961664675001227,0.2383470462666136,False,29.961664675001227,0.2383470462666136,False,0.0,itodd_injection_pump.ply,0.145244,0.001452,13103,11137,0.01999137,0.06127674,-0.00774323,0.997890549,-0.001489663,0.000259917,-0.003318631,-0.130504492,0.240309839,0.099847243,0.956687142,-0.023193546,-0.026697584,-0.004139448,0.10366363029844186,False,0.3321239362693292,False
injection_pump,asymmetric,icp_pt2pl,medium,14,32.478347572908326,0.2340682441819519,False,32.478347572908326,0.2340682441819519,False,0.0,itodd_injection_pump.ply,0.145244,0.001452,13103,11137,-0.020492228,0.027993364,-0.044629548,0.998401043,-0.00497595,0.001487859,-0.009570529,-0.130504492,0.240309839,0.099847243,0.956687142,-0.023193546,-0.026697584,-0.004139448,0.09420816558895684,True,0.3648211234685389,False
injection_pump,asymmetric,fpfh_ransac,medium,14,0.0425332560745097,0.0001662155037944,True,0.0425332560745097,0.0001662155037944,True,0.0,itodd_injection_pump.ply,0.145244,0.001452,13103,11137,-0.130150177,0.240396882,0.099787346,0.95671979,-0.023215335,-0.026697662,-0.004149841,-0.130504492,0.240309839,0.099847243,0.956687142,-0.023193546,-0.026697584,-0.004139448,0.00019361133925742651,True,0.0003203342419613398,True
injection_pump,asymmetric,fgr,medium,14,0.0365717341830501,0.0001842853385579,True,0.0365717341830501,0.0001842853385579,True,0.0,itodd_injection_pump.ply,0.145244,0.001452,13103,11137,-0.130206504,0.240397654,0.099778772,0.956712826,-0.0232185,-0.026698114,-0.004149115,-0.130504492,0.240309839,0.099847243,0.956687142,-0.023193546,-0.026697584,-0.004139448,0.00020381131830170062,True,0.000315449467487426,True
injection_pump,asymmetric,icp_pt2pt,medium,15,0.0443362628862218,0.0002292865725234,True,0.0443362628862218,0.0002292865725234,True,0.0,itodd_injection_pump.ply,0.145244,0.001452,13103,11137,-0.00691863,0.006912734,0.005498224,0.999937056,0.00069358,-0.000184034,0.000908749,-0.007278965,0.00697124,0.005370052,0.999934788,0.000718679,-0.000202209,0.000920946,0.00025970277555054967,True,0.00034239560137152176,True
injection_pump,asymmetric,icp_pt2pl,medium,15,0.020148406165625,0.0001143163420514,True,0.020148406165625,0.0001143163420514,True,0.0,itodd_injection_pump.ply,0.145244,0.001452,13103,11137,-0.007207135,0.006889189,0.005232138,0.999936609,0.000707156,-0.000191258,0.000925742,-0.007278965,0.00697124,0.005370052,0.999934788,0.000718679,-0.000202209,0.000920946,0.00013014066065152632,True,0.0002168131493871266,True
injection_pump,asymmetric,fpfh_ransac,medium,15,0.0226413431560789,0.0001137282306942,True,0.0226413431560789,0.0001137282306942,True,0.0,itodd_injection_pump.ply,0.145244,0.001452,13103,11137,-0.007210688,0.006861834,0.005220373,0.999936832,0.000708777,-0.0001912,0.000928268,-0.007278965,0.00697124,0.005370052,0.999934788,0.000718679,-0.000202209,0.000920946,0.00013536435939159422,True,0.0002240291738395368,True
injection_pump,asymmetric,fgr,medium,15,0.0230991424895353,0.0001164366835911,True,0.0230991424895353,0.0001164366835911,True,0.0,itodd_injection_pump.ply,0.145244,0.001452,13103,11137,-0.00733349,0.006838845,0.005228169,0.999936056,0.000709463,-0.000191335,0.000930048,-0.007278965,0.00697124,0.005370052,0.999934788,0.000718679,-0.000202209,0.000920946,0.00013699164711596527,True,0.00022682537471478516,True
injection_pump,asymmetric,icp_pt2pt,medium,16,42.48925175166108,0.0324144590340507,False,42.48925175166108,0.0324144590340507,False,0.0,itodd_injection_pump.ply,0.145244,0.001452,13103,11137,0.036144125,0.007302824,-0.004826579,0.999308248,0.000130358,0.001513096,-0.001860651,0.100007058,0.236963317,-0.276341353,0.926003473,0.00240396,0.001842744,-0.005970077,0.06270236596532007,True,0.28275719839261204,False
injection_pump,asymmetric,icp_pt2pl,medium,16,29.350130896070404,0.018219790754445,False,29.350130896070404,0.018219790754445,False,0.0,itodd_injection_pump.ply,0.145244,0.001452,13103,11137,0.066856143,0.112985862,-0.06473566,0.989228864,-4.1267e-05,0.002846792,-0.006095534,0.100007058,0.236963317,-0.276341353,0.926003473,0.00240396,0.001842744,-0.005970077,0.050624022916310345,True,0.20530261285049958,False
injection_pump,asymmetric,fpfh_ransac,medium,16,0.0222474395858209,7.613132109482515e-05,True,0.0222474395858209,7.613132109482515e-05,True,0.0,itodd_injection_pump.ply,0.145244,0.001452,13103,11137,0.099838415,0.23695247,-0.276436635,0.925996007,0.002398212,0.001842224,-0.005979509,0.100007058,0.236963317,-0.276341353,0.926003473,0.00240396,0.001842744,-0.005970077,9.787580366808473e-05,True,0.0001526777626485005,True
injection_pump,asymmetric,fgr,medium,16,0.0163419432108432,6.964414263544267e-05,True,0.0163419432108432,6.964414263544267e-05,True,0.0,itodd_injection_pump.ply,0.145244,0.001452,13103,11137,0.09988453,0.23695926,-0.276413836,0.925996102,0.002399495,0.001843164,-0.005979144,0.100007058,0.236963317,-0.276341353,0.926003473,0.00240396,0.001842744,-0.005970077,8.249882145747237e-05,True,0.00012582411688243198,True
injection_pump,asymmetric,icp_pt2pt,medium,17,14.487811311009793,0.0059687186152442,False,14.487811311009793,0.0059687186152442,False,0.0,itodd_injection_pump.ply,0.145244,0.001452,13103,11137,0.018828693,-0.001289198,0.042929371,0.998899839,0.000474789,0.002054944,-0.003469765,0.014852162,0.005781408,0.16831161,0.985604987,-0.000359096,0.002272739,-0.003376205,0.03729073364413763,True,0.10436123931538971,False
injection_pump,asymmetric,icp_pt2pl,medium,17,0.0466879028608845,9.112610772668113e-05,True,0.0466879028608845,9.112610772668113e-05,True,0.0,itodd_injection_pump.ply,0.145244,0.001452,13103,11137,0.015194665,0.005756477,0.168094705,0.985636929,-0.000357512,0.002285522,-0.003373165,0.014852162,0.005781408,0.16831161,0.985604987,-0.000359096,0.002272739,-0.003376205,0.00014439384164341082,True,0.0002962432039657836,True
injection_pump,asymmetric,fpfh_ransac,medium,17,0.0396427013684848,0.0001132352036766,True,0.0396427013684848,0.0001132352036766,True,0.0,itodd_injection_pump.ply,0.145244,0.001452,13103,11137,0.015154606,0.005776506,0.168145425,0.985628777,-0.000359397,0.002288874,-0.003373033,0.014852162,0.005781408,0.16831161,0.985604987,-0.000359096,0.002272739,-0.003376205,0.00014351872758925138,True,0.0002780850568520387,True
injection_pump,asymmetric,fgr,medium,17,0.041100061422557,0.0001180244751772,True,0.041100061422557,0.0001180244751772,True,0.0,itodd_injection_pump.ply,0.145244,0.001452,13103,11137,0.015163909,0.005789742,0.168136244,0.985630122,-0.000359678,0.002289728,-0.003373997,0.014852162,0.005781408,0.16831161,0.985604987,-0.000359096,0.002272739,-0.003376205,0.00014872545573104635,True,0.00029152711882453656,True
injection_pump,asymmetric,icp_pt2pt,medium,18,39.32083651359868,0.1974466354346418,False,39.32083651359868,0.1974466354346418,False,0.0,itodd_injection_pump.ply,0.145244,0.001452,13103,11137,-0.006290268,-0.05939779,-0.015574255,0.998093071,-0.000602177,0.003744054,-0.001311357,0.028322699,-0.175283603,-0.327140096,0.928144838,0.005032955,0.031862684,-0.001201058,0.10799550518434378,False,0.478761044288044,False
injection_pump,asymmetric,icp_pt2pl,medium,18,38.15722169084258,0.1931733328077423,False,38.15722169084258,0.1931733328077423,False,0.0,itodd_injection_pump.ply,0.145244,0.001452,13103,11137,0.055058179,-0.137819537,-0.004577527,0.988915274,-0.001872609,0.004676976,-0.000522295,0.028322699,-0.175283603,-0.327140096,0.928144838,0.005032955,0.031862684,-0.001201058,0.10744663934063575,False,0.4731714807454176,False
injection_pump,asymmetric,fpfh_ransac,medium,18,0.031824523485166,3.3608983136149355e-05,True,0.031824523485166,3.3608983136149355e-05,True,0.0,itodd_injection_pump.ply,0.145244,0.001452,13103,11137,0.028545095,-0.17539743,-0.327019627,0.928158975,0.005036481,0.031859715,-0.001202665,0.028322699,-0.175283603,-0.327140096,0.928144838,0.005032955,0.031862684,-0.001201058,8.466402023514697e-05,True,0.00015554780261441484,True
injection_pump,asymmetric,fgr,medium,18,0.0297218933174434,2.012044322993932e-05,True,0.0297218933174434,2.012044322993932e-05,True,0.0,itodd_injection_pump.ply,0.145244,0.001452,13103,11137,0.028544081,-0.175360591,-0.327030387,0.928162176,0.005033487,0.031860149,-0.001202411,0.028322699,-0.175283603,-0.327140096,0.928144838,0.005032955,0.031862684,-0.001201058,7.233232476925692e-05,True,0.00014563098729169032,True
injection_pump,asymmetric,icp_pt2pt,medium,19,0.0161066881450307,0.0001800130588795,True,0.0161066881450307,0.0001800130588795,True,0.0,itodd_injection_pump.ply,0.145244,0.001452,13103,11137,0.024357174,0.061948111,-0.023485111,0.997505694,0.005456768,0.000465861,-0.000314343,0.024418391,0.061877126,-0.023380511,0.99751106,0.005482088,0.000461737,-0.000309295,0.0001897874270772482,True,0.00023319609493633052,True
injection_pump,asymmetric,icp_pt2pl,medium,19,0.0126362607178063,5.004548864379295e-05,True,0.0126362607178063,5.004548864379295e-05,True,0.0,itodd_injection_pump.ply,0.145244,0.001452,13103,11137,0.024386064,0.061956405,-0.023449768,0.997505304,0.005484448,0.000464908,-0.000315395,0.024418391,0.061877126,-0.023380511,0.99751106,0.005482088,0.000461737,-0.000309295,6.38669075809634e-05,True,0.00011009622888632788,True
injection_pump,asymmetric,fpfh_ransac,medium,19,0.0146536491498767,4.785774293624261e-05,True,0.0146536491498767,4.785774293624261e-05,True,0.0,itodd_injection_pump.ply,0.145244,0.001452,13103,11137,0.024346185,0.061949163,-0.023457512,0.997506546,0.005485157,0.000464071,-0.000315079,0.024418391,0.061877126,-0.023380511,0.99751106,0.005482088,0.000461737,-0.000309295,6.347377781022204e-05,True,0.00012589146373103425,True
injection_pump,asymmetric,fgr,medium,19,0.0123454429560336,5.361802163145712e-05,True,0.0123454429560336,5.361802163145712e-05,True,0.0,itodd_injection_pump.ply,0.145244,0.001452,13103,11137,0.024423433,0.061960435,-0.023448286,0.997504175,0.005485155,0.000463744,-0.000316166,0.024418391,0.061877126,-0.023380511,0.99751106,0.005482088,0.000461737,-0.000309295,6.634324501510391e-05,True,0.00011675360392675587,True
injection_pump,asymmetric,icp_pt2pt,hard,0,148.22512282463475,0.5714947155667529,False,148.22512282463475,0.5714947155667529,False,0.0,itodd_injection_pump.ply,0.145244,0.001452,13103,7862,-0.2040209,0.106084948,0.17238847,0.957811919,-0.005186555,0.023079827,-0.012976811,0.92168191,-0.355566852,-0.153524834,-0.022467654,0.007917725,-0.058815138,-0.016370722,0.2925909208309184,False,1.1707049180744677,False
injection_pump,asymmetric,icp_pt2pl,hard,0,155.43587539869887,0.5965344190281432,False,155.43587539869887,0.5965344190281432,False,0.0,itodd_injection_pump.ply,0.145244,0.001452,13103,7862,0.28184562,-0.066983935,0.330109999,0.898389441,-0.012538895,0.013301062,0.027078077,0.92168191,-0.355566852,-0.153524834,-0.022467654,0.007917725,-0.058815138,-0.016370722,0.2954344849824339,False,1.210062101449854,False
injection_pump,asymmetric,fpfh_ransac,hard,0,0.0614507520302389,0.0004260696763624,True,0.0614507520302389,0.0004260696763624,True,0.0,itodd_injection_pump.ply,0.145244,0.001452,13103,7862,0.921636091,-0.355852592,-0.153110837,-0.022647748,0.007862352,-0.058825422,-0.016345076,0.92168191,-0.355566852,-0.153524834,-0.022467654,0.007917725,-0.058815138,-0.016370722,0.0004548881379157602,True,0.0006797099169217208,True
injection_pump,asymmetric,fgr,hard,0,154.627407754325,0.848038836877387,False,154.627407754325,0.848038836877387,False,0.0,itodd_injection_pump.ply,0.145244,0.001452,13103,7862,0.058285322,0.744565105,0.150743036,-0.647689866,0.002239699,0.045826922,0.04835391,0.92168191,-0.355566852,-0.153524834,-0.022467654,0.007917725,-0.058815138,-0.016370722,0.5511621014405763,False,1.4818251654029613,False
injection_pump,asymmetric,icp_pt2pt,hard,1,47.26152952515089,0.3396536739109306,False,47.26152952515089,0.3396536739109306,False,0.0,itodd_injection_pump.ply,0.145244,0.001452,13103,7862,0.033492575,0.026858327,-0.035403239,0.998450544,0.003367146,0.001089295,-0.001173384,-0.099864624,0.389073029,-0.135932164,0.905633304,0.044049081,0.006602671,-0.028528349,0.12918156483240073,False,0.516904665102918,False
injection_pump,asymmetric,icp_pt2pl,hard,1,50.069428857559984,0.3045666395050683,False,50.069428857559984,0.3045666395050683,False,0.0,itodd_injection_pump.ply,0.145244,0.001452,13103,7862,0.130295319,0.032629167,-0.098432261,0.9860373,0.011238807,-0.000685283,0.000233389,-0.099864624,0.389073029,-0.135932164,0.905633304,0.044049081,0.006602671,-0.028528349,0.11633914939141363,False,0.5187294588449318,False
injection_pump,asymmetric,fpfh_ransac,hard,1,25.32769341356898,0.0758296461757536,False,25.32769341356898,0.0758296461757536,False,0.0,itodd_injection_pump.ply,0.145244,0.001452,13103,7862,-0.045892112,0.395730913,-0.342560194,0.850848678,0.04689497,-0.00402836,-0.028959534,-0.099864624,0.389073029,-0.135932164,0.905633304,0.044049081,0.006602671,-0.028528349,0.05100977448726355,True,0.21096380469052012,False
injection_pump,asymmetric,fgr,hard,1,56.07058274898932,0.2468135166637829,False,56.07058274898932,0.2468135166637829,False,0.0,itodd_injection_pump.ply,0.145244,0.001452,13103,7862,0.342189365,0.497091792,-0.009954807,0.797312417,0.037282232,0.034593538,-0.007178562,-0.099864624,0.389073029,-0.135932164,0.905633304,0.044049081,0.006602671,-0.028528349,0.11867993565135426,False,0.4763154952588618,False
injection_pump,asymmetric,icp_pt2pt,hard,2,27.19992638142506,0.1563231874991953,False,27.19992638142506,0.1563231874991953,False,0.0,itodd_injection_pump.ply,0.145244,0.001452,13103,7862,0.006831035,-0.024310403,-0.022139417,0.999435935,-0.001090745,0.002644184,-0.002586191,0.165952338,-0.181515399,-0.091808604,0.964926506,0.006148526,0.023970574,0.000293969,0.08499461233247128,True,0.2747730376681538,False
injection_pump,asymmetric,icp_pt2pl,hard,2,24.975592866808476,0.1410177524655945,False,24.975592866808476,0.1410177524655945,False,0.0,itodd_injection_pump.ply,0.145244,0.001452,13103,7862,0.010812661,-0.039626553,-0.04689134,0.998055121,-0.002784014,0.00625764,-0.004802437,0.165952338,-0.181515399,-0.091808604,0.964926506,0.006148526,0.023970574,0.000293969,0.07771844644994023,True,0.23569670254468525,False
injection_pump,asymmetric,fpfh_ransac,hard,2,34.99053931205484,0.0512673804015511,False,34.99053931205484,0.0512673804015511,False,0.0,itodd_injection_pump.ply,0.145244,0.001452,13103,7862,0.041240381,0.051691215,-0.242036899,0.968011048,0.001102037,0.020637029,-0.004049706,0.165952338,-0.181515399,-0.091808604,0.964926506,0.006148526,0.023970574,0.000293969,0.05457796931761224,True,0.23287798523930425,False
injection_pump,asymmetric,fgr,hard,2,50.6110858868555,0.1565761911005219,False,50.6110858868555,0.1565761911005219,False,0.0,itodd_injection_pump.ply,0.145244,0.001452,13103,7862,0.562835485,-0.12803457,-0.159711589,0.800821812,0.005719948,0.014295417,0.020870533,0.165952338,-0.181515399,-0.091808604,0.964926506,0.006148526,0.023970574,0.000293969,0.08147451305780302,True,0.35421447155979346,False
injection_pump,asymmetric,icp_pt2pt,hard,3,108.58812222281088,0.3558970797998468,False,108.58812222281088,0.3558970797998468,False,0.0,itodd_injection_pump.ply,0.145244,0.001452,13103,7862,0.033177771,0.051094776,-0.06273328,0.99616921,0.003462934,-0.007707442,-0.001245335,0.346434198,-0.033647392,0.760787253,-0.54777181,0.001937905,-0.038551511,0.040207915,0.16273688146530046,False,0.8370816482168111,False
injection_pump,asymmetric,icp_pt2pl,hard,3,105.63234556013042,0.3045713174388773,False,105.63234556013042,0.3045713174388773,False,0.0,itodd_injection_pump.ply,0.145244,0.001452,13103,7862,-0.185031398,-0.169299552,-0.020803571,0.96781623,-0.000114835,9.85e-06,0.018627049,0.346434198,-0.033647392,0.760787253,-0.54777181,0.001937905,-0.038551511,0.040207915,0.1093979022433114,False,0.7841487193752263,False
injection_pump,asymmetric,fpfh_ransac,hard,3,136.1303466891357,0.792006486534463,False,136.1303466891357,0.792006486534463,False,0.0,itodd_injection_pump.ply,0.145244,0.001452,13103,7862,0.131854317,0.786578283,-0.086394633,0.597030159,0.01297684,0.005695765,-0.065400731,0.346434198,-0.033647392,0.760787253,-0.54777181,0.001937905,-0.038551511,0.040207915,0.5263096448087001,False,1.440756471441877,False
injection_pump,asymmetric,fgr,hard,3,112.20597697940848,0.7635351850828686,False,112.20597697940848,0.7635351850828686,False,0.0,itodd_injection_pump.ply,0.145244,0.001452,13103,7862,0.042097067,0.637791011,-0.186893135,0.746003632,0.039827555,-0.011494463,-0.06044425,0.346434198,-0.033647392,0.760787253,-0.54777181,0.001937905,-0.038551511,0.040207915,0.5323363791502245,False,1.364385376924682,False
injection_pump,asymmetric,icp_pt2pt,hard,4,93.6720339270447,0.4382611440886698,False,93.6720339270447,0.4382611440886698,False,0.0,itodd_injection_pump.ply,0.145244,0.001452,13103,7862,0.0,0.0,0.0,1.0,0.0,0.0,0.0,0.06755914,-0.19282277,0.700198365,0.68408873,-0.002977507,0.001732996,0.063561507,0.29930524951864274,False,0.7969572075657938,False
injection_pump,asymmetric,icp_pt2pl,hard,4,93.6720339270447,0.4382611440886698,False,93.6720339270447,0.4382611440886698,False,0.0,itodd_injection_pump.ply,0.145244,0.001452,13103,7862,0.0,0.0,0.0,1.0,0.0,0.0,0.0,0.06755914,-0.19282277,0.700198365,0.68408873,-0.002977507,0.001732996,0.063561507,0.29930524951864274,False,0.7969572075657938,False
injection_pump,asymmetric,fpfh_ransac,hard,4,0.0524870244106585,0.0001546497978073,True,0.0524870244106585,0.0001546497978073,True,0.0,itodd_injection_pump.ply,0.145244,0.001452,13103,7862,0.067781343,-0.192894675,0.699902613,0.684349082,-0.002969579,0.001722458,0.06357969,0.06755914,-0.19282277,0.700198365,0.68408873,-0.002977507,0.001732996,0.063561507,0.00023388802570266663,True,0.0004750468382366361,True
injection_pump,asymmetric,fgr,hard,4,25.614561717610624,0.2033301620556382,False,25.614561717610624,0.2033301620556382,False,0.0,itodd_injection_pump.ply,0.145244,0.001452,13103,7862,0.236382782,-0.217199684,0.574154455,0.753189312,0.021323415,-0.013495526,0.070613109,0.06755914,-0.19282277,0.700198365,0.68408873,-0.002977507,0.001732996,0.063561507,0.10457660153901828,False,0.3569850476487818,False
injection_pump,asymmetric,icp_pt2pt,hard,5,132.13782803150568,0.26550783211902,False,132.13782803150568,0.26550783211902,False,0.0,itodd_injection_pump.ply,0.145244,0.001452,13103,7862,0.007645822,0.011218046,0.01527151,0.999791217,0.001428325,0.002864772,0.001239674,0.707591797,-0.573328446,0.076659436,-0.405871498,-0.007153702,-0.027061126,-0.021518333,0.10863529936450933,False,0.8542514281128998,False
injection_pump,asymmetric,icp_pt2pl,hard,5,138.26190956019855,0.2933606766924784,False,138.26190956019855,0.2933606766924784,False,0.0,itodd_injection_pump.ply,0.145244,0.001452,13103,7862,0.028263234,-0.0524376,-0.015584127,0.998102511,0.004146731,0.004498909,0.004783397,0.707591797,-0.573328446,0.076659436,-0.405871498,-0.007153702,-0.027061126,-0.021518333,0.12412818474931044,False,0.8964473659186226,False
injection_pump,asymmetric,fpfh_ransac,hard,5,171.2515587281817,0.3553690750476745,False,171.2515587281817,0.3553690750476745,False,0.0,itodd_injection_pump.ply,0.145244,0.001452,13103,7862,0.530077735,0.774883277,-0.341126435,-0.046970819,-0.010320512,0.024293375,-0.017417323,0.707591797,-0.573328446,0.076659436,-0.405871498,-0.007153702,-0.027061126,-0.021518333,0.13495712879405808,False,1.0645017497024338,False
injection_pump,asymmetric,fgr,hard,5,122.82220848883144,0.3904214377187113,False,122.82220848883144,0.3904214377187113,False,0.0,itodd_injection_pump.ply,0.145244,0.001452,13103,7862,0.02069846,0.343852874,0.462827468,0.81677874,-0.005781387,0.028063297,-0.008288537,0.707591797,-0.573328446,0.076659436,-0.405871498,-0.007153702,-0.027061126,-0.021518333,0.15118979441915714,False,0.9862026512160735,False
injection_pump,asymmetric,icp_pt2pt,hard,6,129.6146328541681,0.4789701632562283,False,129.6146328541681,0.4789701632562283,False,0.0,itodd_injection_pump.ply,0.145244,0.001452,13103,7862,0.0,0.0,0.0,1.0,0.0,0.0,0.0,-0.082669028,0.813113832,-0.388358216,0.425663746,-0.069186539,-0.006220181,0.003765027,0.2948734483986926,False,1.125175342671439,False
injection_pump,asymmetric,icp_pt2pl,hard,6,129.6146328541681,0.4789701632562283,False,129.6146328541681,0.4789701632562283,False,0.0,itodd_injection_pump.ply,0.145244,0.001452,13103,7862,0.0,0.0,0.0,1.0,0.0,0.0,0.0,-0.082669028,0.813113832,-0.388358216,0.425663746,-0.069186539,-0.006220181,0.003765027,0.2948734483986926,False,1.125175342671439,False
injection_pump,asymmetric,fpfh_ransac,hard,6,19.22287527983076,0.2158742842546484,False,19.22287527983076,0.2158742842546484,False,0.0,itodd_injection_pump.ply,0.145244,0.001452,13103,7862,-0.20072962,0.77842516,-0.309693903,0.507790878,-0.070869842,-0.037160937,-0.001024271,-0.082669028,0.813113832,-0.388358216,0.425663746,-0.069186539,-0.006220181,0.003765027,0.1201752789217088,False,0.2954832650535983,False
injection_pump,asymmetric,fgr,hard,6,155.20630704834736,1.089124466871488,False,155.20630704834736,1.089124466871488,False,0.0,itodd_injection_pump.ply,0.145244,0.001452,13103,7862,0.708110757,-0.095275149,-0.155280094,0.682194909,0.080827812,0.037944461,-0.020086073,-0.082669028,0.813113832,-0.388358216,0.425663746,-0.069186539,-0.006220181,0.003765027,0.8639279611792318,False,1.6853086303451248,False
injection_pump,asymmetric,icp_pt2pt,hard,7,76.99534818918316,0.4481435632330061,False,76.99534818918316,0.4481435632330061,False,0.0,itodd_injection_pump.ply,0.145244,0.001452,13103,7862,0.286664245,0.234965789,-0.148490075,0.916823531,-0.013916168,0.006606953,-0.016049784,-0.075577788,-0.308661591,-0.064039538,0.945999449,0.033204812,-0.038148363,-0.01240224,0.2670476468506356,False,0.7083566118638847,False
injection_pump,asymmetric,icp_pt2pl,hard,7,94.84025816978055,0.4907224791124166,False,94.84025816978055,0.4907224791124166,False,0.0,itodd_injection_pump.ply,0.145244,0.001452,13103,7862,0.316728012,0.363214384,-0.239544647,0.84283868,-0.02166964,0.007157158,-0.016434401,-0.075577788,-0.308661591,-0.064039538,0.945999449,0.033204812,-0.038148363,-0.01240224,0.2983664834886375,False,0.8262706142182062,False
injection_pump,asymmetric,fpfh_ransac,hard,7,179.16902408656318,0.5123267374359218,False,179.16902408656318,0.5123267374359218,False,0.0,itodd_injection_pump.ply,0.145244,0.001452,13103,7862,0.94173606,0.063656881,-0.319928928,0.082015091,0.033426082,0.032526501,0.010883333,-0.075577788,-0.308661591,-0.064039538,0.945999449,0.033204812,-0.038148363,-0.01240224,0.3286654979278385,False,0.9734246300715813,False
injection_pump,asymmetric,fgr,hard,7,130.09679448542337,0.582694347226356,False,130.09679448542337,0.582694347226356,False,0.0,itodd_injection_pump.ply,0.145244,0.001452,13103,7862,0.321427907,0.316106782,0.643759652,0.618331718,-0.005951977,0.033720591,-0.033950334,-0.075577788,-0.308661591,-0.064039538,0.945999449,0.033204812,-0.038148363,-0.01240224,0.4140839276547681,False,1.1757485419631,False
injection_pump,asymmetric,icp_pt2pt,hard,8,138.00336159495689,0.4666296626990622,False,138.00336159495689,0.4666296626990622,False,0.0,itodd_injection_pump.ply,0.145244,0.001452,13103,7862,0.025636506,0.068111041,0.150575634,0.985916139,-0.003966808,0.007489769,8.0999e-05,0.892197098,0.123131166,0.12917484,-0.414893861,0.045991425,-0.016816857,-0.038736978,0.27064362261743585,False,0.8913089125189082,False
injection_pump,asymmetric,icp_pt2pl,hard,8,124.22130064521563,0.4777310316399941,False,124.22130064521563,0.4777310316399941,False,0.0,itodd_injection_pump.ply,0.145244,0.001452,13103,7862,-0.126656455,0.067137348,0.258223663,0.955390631,-0.006493144,0.01494883,-0.006318683,0.892197098,0.123131166,0.12917484,-0.414893861,0.045991425,-0.016816857,-0.038736978,0.2729887413613719,False,0.934863191270706,False
injection_pump,asymmetric,fpfh_ransac,hard,8,32.683510620340485,0.155522196130793,False,32.683510620340485,0.155522196130793,False,0.0,itodd_injection_pump.ply,0.145244,0.001452,13103,7862,0.841651743,0.393103177,0.078796242,-0.361778093,0.045061776,0.004681961,-0.031867884,0.892197098,0.123131166,0.12917484,-0.414893861,0.045991425,-0.016816857,-0.038736978,0.09711778792915195,True,0.3546197283733077,False
injection_pump,asymmetric,fgr,hard,8,32.38409256939443,0.2382359488159439,False,32.38409256939443,0.2382359488159439,False,0.0,itodd_injection_pump.ply,0.145244,0.001452,13103,7862,0.782544701,0.286473121,-0.018143151,-0.552474224,0.03153398,0.01460578,-0.039697372,0.892197098,0.123131166,0.12917484,-0.414893861,0.045991425,-0.016816857,-0.038736978,0.12035326660852255,False,0.4147075019767632,False
injection_pump,asymmetric,icp_pt2pt,hard,9,66.21588459902907,0.1398053406768455,False,66.21588459902907,0.1398053406768455,False,0.0,itodd_injection_pump.ply,0.145244,0.001452,13103,7862,-0.039514297,-0.016262553,0.001801342,0.999085034,0.001047998,0.000999458,0.000574047,-0.042113425,-0.490003793,0.268453998,0.828284488,-0.015391407,-0.010920063,0.000583058,0.09685859446658997,True,0.46080707470005555,False
injection_pump,asymmetric,icp_pt2pl,hard,9,54.55554858917602,0.1609915487817637,False,54.55554858917602,0.1609915487817637,False,0.0,itodd_injection_pump.ply,0.145244,0.001452,13103,7862,-0.151160853,-0.129833752,0.027799915,0.979551304,0.005358986,-0.000454129,0.003162364,-0.042113425,-0.490003793,0.268453998,0.828284488,-0.015391407,-0.010920063,0.000583058,0.09325035941206375,True,0.42429594338034843,False
injection_pump,asymmetric,fpfh_ransac,hard,9,63.89517416880379,0.0990805395902127,False,63.89517416880379,0.0990805395902127,False,0.0,itodd_injection_pump.ply,0.145244,0.001452,13103,7862,-0.495664314,-0.472585613,0.44850212,0.574304426,-0.018385257,-0.00378651,0.012717553,-0.042113425,-0.490003793,0.268453998,0.828284488,-0.015391407,-0.010920063,0.000583058,0.07209548771380833,True,0.42266832892368583,False
injection_pump,asymmetric,fgr,hard,9,165.86546978382935,0.1309603531423914,False,165.86546978382935,0.1309603531423914,False,0.0,itodd_injection_pump.ply,0.145244,0.001452,13103,7862,0.784689479,-0.131045674,-0.535025231,0.284319284,-0.010446838,0.007126914,-0.002832223,-0.042113425,-0.490003793,0.268453998,0.828284488,-0.015391407,-0.010920063,0.000583058,0.09109216877977602,True,0.8347221821130015,False
injection_pump,asymmetric,icp_pt2pt,hard,10,156.3563482873669,0.1407957976292157,False,156.3563482873669,0.1407957976292157,False,0.0,itodd_injection_pump.ply,0.145244,0.001452,13103,7862,0.004349949,0.006936284,0.005535532,0.999951161,1.5077e-05,0.000379156,-0.000491878,-0.041451918,0.94495898,-0.247554813,-0.209883013,0.018996468,0.007426909,-0.003360339,0.07946957140551406,True,0.9672925813507617,False
injection_pump,asymmetric,icp_pt2pl,hard,10,154.991955102111,0.1427201800341003,False,154.991955102111,0.1427201800341003,False,0.0,itodd_injection_pump.ply,0.145244,0.001452,13103,7862,0.071099093,0.002624162,0.027340265,0.99709104,-0.000521382,0.000972616,-0.00069623,-0.041451918,0.94495898,-0.247554813,-0.209883013,0.018996468,0.007426909,-0.003360339,0.08090356674208478,True,0.9646824138628523,False
injection_pump,asymmetric,fpfh_ransac,hard,10,148.03635784760834,0.2114847408098227,False,148.03635784760834,0.2114847408098227,False,0.0,itodd_injection_pump.ply,0.145244,0.001452,13103,7862,0.29155383,0.037226845,0.532548109,0.793727307,0.005329702,-0.020073492,-0.004049392,-0.041451918,0.94495898,-0.247554813,-0.209883013,0.018996468,0.007426909,-0.003360339,0.11833297068341485,False,0.7778965737832871,False
injection_pump,asymmetric,fgr,hard,10,128.73062934929834,0.1355651943660704,False,128.73062934929834,0.1355651943660704,False,0.0,itodd_injection_pump.ply,0.145244,0.001452,13103,7862,0.160397786,0.442121593,-0.619601956,0.628406288,0.011741279,0.002403603,0.014241536,-0.041451918,0.94495898,-0.247554813,-0.209883013,0.018996468,0.007426909,-0.003360339,0.08393603127461434,True,0.8350406027794303,False
injection_pump,asymmetric,icp_pt2pt,hard,11,110.59022333831426,0.2224599032183857,False,110.59022333831426,0.2224599032183857,False,0.0,itodd_injection_pump.ply,0.145244,0.001452,13103,7862,-0.031358582,-0.001112967,-0.054474406,0.998022014,0.000677926,-0.000715398,0.004169514,0.677618204,-0.437596147,-0.059850384,0.588014551,0.008149975,-0.013946491,-0.024345486,0.1297908975973898,False,0.6059497791439491,False
injection_pump,asymmetric,icp_pt2pl,hard,11,108.7391068354767,0.2357692207767357,False,108.7391068354767,0.2357692207767357,False,0.0,itodd_injection_pump.ply,0.145244,0.001452,13103,7862,-0.019738941,-0.012971186,-0.147163824,0.988830082,-0.000780921,-0.00351392,0.007024191,0.677618204,-0.437596147,-0.059850384,0.588014551,0.008149975,-0.013946491,-0.024345486,0.13051511813044248,False,0.6093623536303728,False
injection_pump,asymmetric,fpfh_ransac,hard,11,0.0927422512782159,0.0003493564708978,True,0.0927422512782159,0.0003493564708978,True,0.0,itodd_injection_pump.ply,0.145244,0.001452,13103,7862,0.677693077,-0.437337579,-0.059108919,0.588195606,0.008131717,-0.013941207,-0.024298438,0.677618204,-0.437596147,-0.059850384,0.588014551,0.008149975,-0.013946491,-0.024345486,0.0004613530443249078,True,0.0008149633473632675,True
injection_pump,asymmetric,fgr,hard,11,177.14511072579546,0.3828855461261776,False,177.14511072579546,0.3828855461261776,False,0.0,itodd_injection_pump.ply,0.145244,0.001452,13103,7862,-0.6050239,-0.013073298,0.251214513,0.755424674,0.007099758,-0.000901656,0.029704537,0.677618204,-0.437596147,-0.059850384,0.588014551,0.008149975,-0.013946491,-0.024345486,0.2337265078057576,False,0.8987344901292222,False
injection_pump,asymmetric,icp_pt2pt,hard,12,12.467081251902014,0.1834923856240771,False,12.467081251902014,0.1834923856240771,False,0.0,itodd_injection_pump.ply,0.145244,0.001452,13103,7862,-0.067024905,0.041668544,0.006478645,0.99685978,-0.000713976,-0.002033467,-0.00275176,0.034722211,0.006060449,-0.007601313,0.999349718,-0.01975622,-0.012550201,-0.018149034,0.08029237132257674,True,0.23191939336905162,False
injection_pump,asymmetric,icp_pt2pl,hard,12,18.980356687885568,0.144538214599969,False,18.980356687885568,0.144538214599969,False,0.0,itodd_injection_pump.ply,0.145244,0.001452,13103,7862,-0.123606962,0.051580636,0.005123321,0.990976543,-0.001863973,-0.004006007,-0.011250971,0.034722211,0.006060449,-0.007601313,0.999349718,-0.01975622,-0.012550201,-0.018149034,0.06635765279947348,True,0.21105033506063678,False
injection_pump,asymmetric,fpfh_ransac,hard,12,83.77034167495859,0.1503587276650393,False,83.77034167495859,0.1503587276650393,False,0.0,itodd_injection_pump.ply,0.145244,0.001452,13103,7862,0.555410065,0.25168251,0.316694208,0.72655375,-0.014146632,0.007888148,-0.012882598,0.034722211,0.006060449,-0.007601313,0.999349718,-0.01975622,-0.012550201,-0.018149034,0.08600210295925426,True,0.4835998757855727,False
injection_pump,asymmetric,fgr,hard,12,48.382039540261935,0.2619738127994134,False,48.382039540261935,0.2619738127994134,False,0.0,itodd_injection_pump.ply,0.145244,0.001452,13103,7862,0.067603351,-0.402049598,0.015584491,0.912985778,0.018023518,-0.009119999,-0.021104909,0.034722211,0.006060449,-0.007601313,0.999349718,-0.01975622,-0.012550201,-0.018149034,0.09842946752995112,True,0.5101698618537505,False
injection_pump,asymmetric,icp_pt2pt,hard,13,152.6449257354028,0.2480572752346382,False,152.6449257354028,0.2480572752346382,False,0.0,itodd_injection_pump.ply,0.145244,0.001452,13103,7862,0.091046692,0.053321858,0.005976559,0.994400101,0.000674638,0.004643683,0.003213501,-0.133521214,0.85590168,-0.421048599,-0.268928384,-0.031224258,-0.001161389,-0.012497589,0.11797609308248244,False,0.9097005647327361,False
injection_pump,asymmetric,icp_pt2pl,hard,13,161.98486530759416,0.226961182790907,False,161.98486530759416,0.226961182790907,False,0.0,itodd_injection_pump.ply,0.145244,0.001452,13103,7862,0.019806578,0.104703468,-0.055674046,0.992746334,-0.00041642,0.005659302,-0.002956618,-0.133521214,0.85590168,-0.421048599,-0.268928384,-0.031224258,-0.001161389,-0.012497589,0.09815883216632672,True,0.907765759439939,False
injection_pump,asymmetric,fpfh_ransac,hard,13,164.3517748727805,0.5022659394484514,False,164.3517748727805,0.5022659394484514,False,0.0,itodd_injection_pump.ply,0.145244,0.001452,13103,7862,0.77268662,0.298724734,0.328603611,-0.453584156,0.04063482,0.000189045,4.996e-06,-0.133521214,0.85590168,-0.421048599,-0.268928384,-0.031224258,-0.001161389,-0.012497589,0.27129182918117933,False,1.1335211711831936,False
injection_pump,asymmetric,fgr,hard,13,115.88677372440996,0.5080926113370509,False,115.88677372440996,0.5080926113370509,False,0.0,itodd_injection_pump.ply,0.145244,0.001452,13103,7862,-0.184156382,-0.62767552,-0.376116631,0.656236352,0.018407586,0.023751765,0.036103562,-0.133521214,0.85590168,-0.421048599,-0.268928384,-0.031224258,-0.001161389,-0.012497589,0.32641865111750634,False,1.0485923459306996,False
injection_pump,asymmetric,icp_pt2pt,hard,14,169.31998291176924,0.1456982409166242,False,169.31998291176924,0.1456982409166242,False,0.0,itodd_injection_pump.ply,0.145244,0.001452,13103,7862,-0.040464184,-0.00858104,0.009010989,0.999103507,0.001242724,-0.001056174,-0.004201316,-0.148425045,0.809024785,-0.562009733,-0.087143345,-0.014306929,0.010391239,0.004458166,0.07486842642118313,True,0.8436706182169698,False
injection_pump,asymmetric,icp_pt2pl,hard,14,173.81421511023717,0.169225927992967,False,173.81421511023717,0.169225927992967,False,0.0,itodd_injection_pump.ply,0.145244,0.001452,13103,7862,-0.095006637,-0.004217078,-0.039210136,0.99469519,0.001545904,-0.001612943,-0.009988878,-0.148425045,0.809024785,-0.562009733,-0.087143345,-0.014306929,0.010391239,0.004458166,0.08254199513482968,True,0.858421575815313,False
injection_pump,asymmetric,fpfh_ransac,hard,14,172.58637253098624,0.1360590230956304,False,172.58637253098624,0.1360590230956304,False,0.0,itodd_injection_pump.ply,0.145244,0.001452,13103,7862,0.511132244,0.10215353,-0.005225366,0.853393919,0.003358918,0.012417954,-0.004163743,-0.148425045,0.809024785,-0.562009733,-0.087143345,-0.014306929,0.010391239,0.004458166,0.06446915375872811,True,0.8803327211239848,False
injection_pump,asymmetric,fgr,hard,14,106.00205090333266,0.2324094876629852,False,106.00205090333266,0.2324094876629852,False,0.0,itodd_injection_pump.ply,0.145244,0.001452,13103,7862,-0.10384684,-0.179744453,0.899201748,-0.38515449,0.013785809,-0.004518102,-0.006854784,-0.148425045,0.809024785,-0.562009733,-0.087143345,-0.014306929,0.010391239,0.004458166,0.10603168488227226,False,0.6758953049151568,False
injection_pump,asymmetric,icp_pt2pt,hard,15,53.745696050665856,0.0376170802989524,False,53.745696050665856,0.0376170802989524,False,0.0,itodd_injection_pump.ply,0.145244,0.001452,13103,7862,-0.005410729,-0.033148241,0.020447641,0.999226607,0.000586292,-0.000633075,-0.000454375,0.080169687,-0.400823113,0.261092495,0.874496634,0.002120895,-0.004210636,0.003379368,0.06832453670671274,True,0.3863160434963554,False
injection_pump,asymmetric,icp_pt2pl,hard,15,51.04993793600342,0.0314994749062242,False,51.04993793600342,0.0314994749062242,False,0.0,itodd_injection_pump.ply,0.145244,0.001452,13103,7862,-0.002696446,-0.057953133,0.025450184,0.997991208,0.001989686,-0.002324452,-0.000786772,0.080169687,-0.400823113,0.261092495,0.874496634,0.002120895,-0.004210636,0.003379368,0.06446964468881726,True,0.35677490214031715,False
injection_pump,asymmetric,fpfh_ransac,hard,15,90.26276025654413,0.0331428511577254,False,90.26276025654413,0.0331428511577254,False,0.0,itodd_injection_pump.ply,0.145244,0.001452,13103,7862,-0.582339456,-0.131059864,0.446100904,0.666856847,0.002257,0.000454922,0.004556957,0.080169687,-0.400823113,0.261092495,0.874496634,0.002120895,-0.004210636,0.003379368,0.07974904803408259,True,0.5006450068950101,False
injection_pump,asymmetric,fgr,hard,15,125.56591509497142,0.1526521252872949,False,125.56591509497142,0.1526521252872949,False,0.0,itodd_injection_pump.ply,0.145244,0.001452,13103,7862,0.795520156,0.242849275,0.285330957,0.476191302,0.013140626,0.01405525,-0.002663143,0.080169687,-0.400823113,0.261092495,0.874496634,0.002120895,-0.004210636,0.003379368,0.09535771454791458,True,0.530020983735147,False
injection_pump,asymmetric,icp_pt2pt,hard,16,136.53794691838027,0.4102845291400495,False,136.53794691838027,0.4102845291400495,False,0.0,itodd_injection_pump.ply,0.145244,0.001452,13103,7862,0.0,0.0,0.0,1.0,0.0,0.0,0.0,0.866717174,-0.065965279,0.327665953,-0.370249843,0.015798015,0.031437625,0.048096045,0.2807226642209909,False,0.8104584849245776,False
injection_pump,asymmetric,icp_pt2pl,hard,16,136.53794691838027,0.4102845291400495,False,136.53794691838027,0.4102845291400495,False,0.0,itodd_injection_pump.ply,0.145244,0.001452,13103,7862,0.0,0.0,0.0,1.0,0.0,0.0,0.0,0.866717174,-0.065965279,0.327665953,-0.370249843,0.015798015,0.031437625,0.048096045,0.2807226642209909,False,0.8104584849245776,False
injection_pump,asymmetric,fpfh_ransac,hard,16,94.1373908783428,0.6673868782256991,False,94.1373908783428,0.6673868782256991,False,0.0,itodd_injection_pump.ply,0.145244,0.001452,13103,7862,0.922210214,0.188087031,0.054063338,0.333509737,0.006407635,0.040365529,-0.047968009,0.866717174,-0.065965279,0.327665953,-0.370249843,0.015798015,0.031437625,0.048096045,0.47206340094049504,False,0.996093638193322,False
injection_pump,asymmetric,fgr,hard,16,91.43573635793146,0.3935558716719007,False,91.43573635793146,0.3935558716719007,False,0.0,itodd_injection_pump.ply,0.145244,0.001452,13103,7862,0.816939588,0.383707047,-0.30086909,-0.307987667,-0.02183208,0.060012519,0.015926131,0.866717174,-0.065965279,0.327665953,-0.370249843,0.015798015,0.031437625,0.048096045,0.14049188383003683,False,0.8931615138842766,False
injection_pump,asymmetric,icp_pt2pt,hard,17,68.66516668962772,0.4521505629311934,False,68.66516668962772,0.4521505629311934,False,0.0,itodd_injection_pump.ply,0.145244,0.001452,13103,7862,0.0,0.0,0.0,1.0,0.0,0.0,0.0,0.161480172,0.443786212,-0.308332867,0.825777691,-0.02141703,0.054870574,0.029040717,0.27908669038627476,False,0.7639189516693089,False
injection_pump,asymmetric,icp_pt2pl,hard,17,68.66516668962772,0.4521505629311934,False,68.66516668962772,0.4521505629311934,False,0.0,itodd_injection_pump.ply,0.145244,0.001452,13103,7862,0.0,0.0,0.0,1.0,0.0,0.0,0.0,0.161480172,0.443786212,-0.308332867,0.825777691,-0.02141703,0.054870574,0.029040717,0.27908669038627476,False,0.7639189516693089,False
injection_pump,asymmetric,fpfh_ransac,hard,17,35.536239959168576,0.3381398434732804,False,35.536239959168576,0.3381398434732804,False,0.0,itodd_injection_pump.ply,0.145244,0.001452,13103,7862,0.10196932,0.47854831,-0.010826616,0.87205307,-0.05025747,0.015435362,0.03405656,0.161480172,0.443786212,-0.308332867,0.825777691,-0.02141703,0.054870574,0.029040717,0.20252490937539394,False,0.5159111196973766,False
injection_pump,asymmetric,fgr,hard,17,166.18972466522055,0.8758027038674915,False,166.18972466522055,0.8758027038674915,False,0.0,itodd_injection_pump.ply,0.145244,0.001452,13103,7862,-0.205790249,-0.610942591,0.387626033,0.658897247,0.037722431,-0.025853865,-0.049490959,0.161480172,0.443786212,-0.308332867,0.825777691,-0.02141703,0.054870574,0.029040717,0.5496425040121967,False,1.6271535298962398,False
injection_pump,asymmetric,icp_pt2pt,hard,18,89.44055010465186,0.0877783322887548,False,89.44055010465186,0.0877783322887548,False,0.0,itodd_injection_pump.ply,0.145244,0.001452,13103,7862,-0.004363805,0.023164921,-0.008051862,0.999689707,6.7167e-05,0.000478401,0.000601677,0.257621804,0.19355492,-0.634779716,0.702297808,-0.001879646,-0.01125652,-0.003985872,0.08123343028854428,True,0.5674530594623336,False
injection_pump,asymmetric,icp_pt2pl,hard,18,88.93543911787606,0.0970391055561437,False,88.93543911787606,0.0970391055561437,False,0.0,itodd_injection_pump.ply,0.145244,0.001452,13103,7862,0.00512313,0.044625525,-0.003312682,0.998985156,0.000811359,0.001759688,0.000703208,0.257621804,0.19355492,-0.634779716,0.702297808,-0.001879646,-0.01125652,-0.003985872,0.08220830268687405,True,0.5720396334308199,False
injection_pump,asymmetric,fpfh_ransac,hard,18,36.28357808114539,0.0829620624079972,False,36.28357808114539,0.0829620624079972,False,0.0,itodd_injection_pump.ply,0.145244,0.001452,13103,7862,0.180983698,0.25038581,-0.385130411,0.869612795,0.000237003,0.000601295,-0.003656773,0.257621804,0.19355492,-0.634779716,0.702297808,-0.001879646,-0.01125652,-0.003985872,0.059042859733422916,True,0.28478335474282124,False
injection_pump,asymmetric,fgr,hard,18,75.76279262782484,0.2379707623583881,False,75.76279262782484,0.2379707623583881,False,0.0,itodd_injection_pump.ply,0.145244,0.001452,13103,7862,0.340637638,0.208159134,-0.027761954,0.916441514,0.020048545,0.01368527,0.005591164,0.257621804,0.19355492,-0.634779716,0.702297808,-0.001879646,-0.01125652,-0.003985872,0.12570090661093897,False,0.6894260507874914,False
injection_pump,asymmetric,icp_pt2pt,hard,19,94.52797439024462,0.2042471247840562,False,94.52797439024462,0.2042471247840562,False,0.0,itodd_injection_pump.ply,0.145244,0.001452,13103,7862,-0.017164619,-0.002063144,0.005098647,0.999837548,-0.000541987,0.004408438,-0.000911857,-0.476212659,-0.127030336,0.558209986,0.667447682,-0.00743309,-0.01548824,-0.021808911,0.11686084100612071,False,0.6211180859088777,False
injection_pump,asymmetric,icp_pt2pl,hard,19,89.96612878094975,0.2115229211684984,False,89.96612878094975,0.2115229211684984,False,0.0,itodd_injection_pump.ply,0.145244,0.001452,13103,7862,-0.103095718,-0.028629661,-0.01602699,0.994130148,0.002108022,0.007674428,-0.004023353,-0.476212659,-0.127030336,0.558209986,0.667447682,-0.00743309,-0.01548824,-0.021808911,0.11703582772637855,False,0.6094191868518277,False
injection_pump,asymmetric,fpfh_ransac,hard,19,87.18284535197213,0.2436968445033185,False,87.18284535197213,0.2436968445033185,False,0.0,itodd_injection_pump.ply,0.145244,0.001452,13103,7862,0.114674158,-0.476238985,0.314923609,0.812938735,-0.007658291,0.018830043,-0.013145971,-0.476212659,-0.127030336,0.558209986,0.667447682,-0.00743309,-0.01548824,-0.021808911,0.1392498664754865,False,0.5912309714762292,False
injection_pump,asymmetric,fgr,hard,19,33.73873025884071,0.202557978196459,False,33.73873025884071,0.202557978196459,False,0.0,itodd_injection_pump.ply,0.145244,0.001452,13103,7862,-0.472659491,-0.150733426,0.304661044,0.813052328,-0.003588201,0.013525202,-0.018810086,-0.476212659,-0.127030336,0.558209986,0.667447682,-0.00743309,-0.01548824,-0.021808911,0.09524400812242527,True,0.34642948891733943,False
star,asymmetric,icp_pt2pt,easy,0,0.024351674263327,9.40145522041092e-05,True,0.024351674263327,9.40145522041092e-05,True,0.0,itodd_star.ply,0.06871,0.000687,7634,7634,0.015649066,-0.008342102,-0.023618744,0.99956374,0.0012517,-0.00011723,0.000309222,0.015563275,-0.008417208,-0.023798038,0.999560198,0.001257548,-0.000118379,0.00030673,0.00012745048494274604,True,0.00023178368033126986,True
star,asymmetric,icp_pt2pl,easy,0,0.0226281615455447,0.0001213112216944,True,0.0226281615455447,0.0001213112216944,True,0.0,itodd_star.ply,0.06871,0.000687,7634,7634,0.015666001,-0.008372185,-0.023635536,0.999562827,0.001250497,-0.000122227,0.000308955,0.015563275,-0.008417208,-0.023798038,0.999560198,0.001257548,-0.000118379,0.00030673,0.00014162789649709023,True,0.00025411032317294076,True
star,asymmetric,fpfh_ransac,easy,0,179.98307976979888,0.0248537218042747,False,179.98307976979888,0.0248537218042747,False,0.0,itodd_star.ply,0.06871,0.000687,7634,7634,0.881894173,-0.471120799,0.000335568,-0.017542756,0.000898222,-0.001022174,-0.001096924,0.015563275,-0.008417208,-0.023798038,0.999560198,0.001257548,-0.000118379,0.00030673,0.03538560069753011,True,0.6509847975584537,False
star,asymmetric,fgr,easy,0,0.0147364858593506,8.732035334957074e-05,True,0.0147364858593506,8.732035334957074e-05,True,0.0,itodd_star.ply,0.06871,0.000687,7634,7634,0.015650842,-0.0083781,-0.023712367,0.999561195,0.001251873,-0.000119567,0.000308271,0.015563275,-0.008417208,-0.023798038,0.999560198,0.001257548,-0.000118379,0.00030673,9.916447900186625e-05,True,0.0001675337752739434,True
star,asymmetric,icp_pt2pt,easy,1,1.1711023709964146,0.0051125081438184,True,1.1711023709964146,0.0051125081438184,True,0.0,itodd_star.ply,0.06871,0.000687,7634,7634,-0.031070411,-0.020516903,0.05513423,0.997784497,-0.000547989,0.000665017,0.001302933,-0.030525524,-0.021111697,0.065303846,0.997174958,-0.000774446,0.000933433,0.001311142,0.006753436092029838,True,0.011607918991987485,True
star,asymmetric,icp_pt2pl,easy,1,0.0095733579294526,0.0001449544650721,True,0.0095733579294526,0.0001449544650721,True,0.0,itodd_star.ply,0.06871,0.000687,7634,7634,-0.030529995,-0.021033327,0.06533244,0.997174604,-0.000768485,0.000925671,0.00131299,-0.030525524,-0.021111697,0.065303846,0.997174958,-0.000774446,0.000933433,0.001311142,0.00014719648681136514,True,0.00017610943266913246,True
star,asymmetric,fpfh_ransac,easy,1,179.99402124827364,0.0562047498360729,False,179.99402124827364,0.0562047498360729,False,0.0,itodd_star.ply,0.06871,0.000687,7634,7634,0.997836115,-0.054340039,-0.020543605,0.030793002,-0.000853638,-0.00088272,-0.00209604,-0.030525524,-0.021111697,0.065303846,0.997174958,-0.000774446,0.000933433,0.001311142,0.05607602402868578,True,0.6563950904958223,False
star,asymmetric,fgr,easy,1,29.95618898691244,0.0087256365966982,False,29.95618898691244,0.0087256365966982,False,0.0,itodd_star.ply,0.06871,0.000687,7634,7634,-0.034971599,-0.012379365,-0.194629919,0.98017495,-0.000228737,0.001181711,0.001312396,-0.030525524,-0.021111697,0.065303846,0.997174958,-0.000774446,0.000933433,0.001311142,0.026816663962672283,True,0.0004329065685946789,True
star,asymmetric,icp_pt2pt,easy,2,0.1254143773572254,0.0177057197875769,False,0.1254143773572254,0.0177057197875769,False,0.0,itodd_star.ply,0.06871,0.000687,7634,7634,0.002535953,0.012932643,0.000753601,0.99991287,-0.00059006,0.00011326,-0.000608065,0.003020703,0.013825318,0.001160756,0.999899189,-0.001806226,0.000128949,-0.000581683,0.01691339491379393,True,0.018013199766634493,True
star,asymmetric,icp_pt2pl,easy,2,0.0084654677332441,2.807204562296773e-05,True,0.0084654677332441,2.807204562296773e-05,True,0.0,itodd_star.ply,0.06871,0.000687,7634,7634,0.002948509,0.013839909,0.001166471,0.999899196,-0.001805047,0.000127541,-0.000581094,0.003020703,0.013825318,0.001160756,0.999899189,-0.001806226,0.000128949,-0.000581683,3.70866743352465e-05,True,6.434402531315204e-05,True
star,asymmetric,fpfh_ransac,easy,2,149.97104373733467,0.0508968193262221,False,149.97104373733467,0.0508968193262221,False,0.0,itodd_star.ply,0.06871,0.000687,7634,7634,-0.014162554,-0.000715444,0.965462101,-0.260157339,0.001624379,0.000807675,-0.000580811,0.003020703,0.013825318,0.001160756,0.999899189,-0.001806226,0.000128949,-0.000581683,0.031394233621657386,True,0.0009521940449142358,True
star,asymmetric,fgr,easy,2,0.0079602823904689,4.177115173964205e-05,True,0.0079602823904689,4.177115173964205e-05,True,0.0,itodd_star.ply,0.06871,0.000687,7634,7634,0.00295393,0.013821412,0.001142006,0.999899464,-0.001807662,0.000126563,-0.00058099,0.003020703,0.013825318,0.001160756,0.999899189,-0.001806226,0.000128949,-0.000581683,4.802085208177105e-05,True,7.380111049323528e-05,True
star,asymmetric,icp_pt2pt,easy,3,1.4074675260864202,0.0112240722183139,False,1.4074675260864202,0.0112240722183139,False,0.0,itodd_star.ply,0.06871,0.000687,7634,7634,-0.008296639,0.0202626,-0.026616014,0.999405914,-0.001657622,-0.000752852,-0.000477542,-0.008657191,0.020800729,-0.038874264,0.998990077,-0.002366328,-0.00105649,-0.000460446,0.01167542078351606,True,0.019691248996192855,True
star,asymmetric,icp_pt2pl,easy,3,0.0124209659340891,4.886084356089786e-05,True,0.0124209659340891,4.886084356089786e-05,True,0.0,itodd_star.ply,0.06871,0.000687,7634,7634,-0.008719848,0.020869199,-0.038818273,0.998990281,-0.002364874,-0.001054114,-0.000458571,-0.008657191,0.020800729,-0.038874264,0.998990077,-0.002366328,-0.00105649,-0.000460446,6.1032089806549324e-05,True,0.0001051332576347832,True
star,asymmetric,fpfh_ransac,easy,3,59.991205450798894,0.0379297809775441,False,59.991205450798894,0.0379297809775441,False,0.0,itodd_star.ply,0.06871,0.000687,7634,7634,-0.017996238,0.013733623,0.465759442,0.884621764,-0.000250801,-0.002578499,-0.000458302,-0.008657191,0.020800729,-0.038874264,0.998990077,-0.002366328,-0.00105649,-0.000460446,0.03091425125912882,True,0.0005625348846624354,True
star,asymmetric,fgr,easy,3,0.0121033885322238,4.7224060831746345e-05,True,0.0121033885322238,4.7224060831746345e-05,True,0.0,itodd_star.ply,0.06871,0.000687,7634,7634,-0.008722004,0.020882762,-0.03888902,0.998987228,-0.00236631,-0.00105395,-0.000458426,-0.008657191,0.020800729,-0.038874264,0.998990077,-0.002366328,-0.00105649,-0.000460446,5.4846162114477614e-05,True,0.0001096056129836456,True
star,asymmetric,icp_pt2pt,easy,4,0.293484757786033,0.0172514497515685,False,0.293484757786033,0.0172514497515685,False,0.0,itodd_star.ply,0.06871,0.000687,7634,7634,-0.006892613,0.005150334,-0.006153341,0.99994405,-0.001233328,0.0005242,-0.000274919,-0.0060969,0.005493105,-0.00374325,0.99995932,-0.002263542,0.001109914,-0.000249795,0.016531991678185153,True,0.018844868221447843,True
star,asymmetric,icp_pt2pl,easy,4,0.0218393872511046,0.0001639950931661,True,0.0218393872511046,0.0001639950931661,True,0.0,itodd_star.ply,0.06871,0.000687,7634,7634,-0.006066428,0.005484211,-0.00355533,0.99996024,-0.002262888,0.0010988,-0.000248059,-0.0060969,0.005493105,-0.00374325,0.99995932,-0.002263542,0.001109914,-0.000249795,0.00017838065480316558,True,0.00028367791533147986,True
star,asymmetric,fpfh_ransac,easy,4,179.9930389053822,0.0546697906702761,False,179.9930389053822,0.0546697906702761,False,0.0,itodd_star.ply,0.06871,0.000687,7634,7634,-0.271839018,0.962308444,0.004342255,-0.006866715,0.001319809,0.002198414,-0.000541116,-0.0060969,0.005493105,-0.00374325,0.99995932,-0.002263542,0.001109914,-0.000249795,0.03333339486000357,True,0.6919854370455185,False
star,asymmetric,fgr,easy,4,7.95204843153235,0.0381826723685897,False,7.95204843153235,0.0381826723685897,False,0.0,itodd_star.ply,0.06871,0.000687,7634,7634,-0.005008148,0.006420118,-0.073058096,0.997294448,-0.002759781,0.003685804,-0.000287015,-0.0060969,0.005493105,-0.00374325,0.99995932,-0.002263542,0.001109914,-0.000249795,0.028647076243652723,True,0.08504143316425504,True
star,asymmetric,icp_pt2pt,easy,5,0.0144073672529017,2.9544737408284676e-05,True,0.0144073672529017,2.9544737408284676e-05,True,0.0,itodd_star.ply,0.06871,0.000687,7634,7634,-0.029853236,0.039013785,0.046932042,0.997689377,-0.000184124,0.001150457,-0.001698413,-0.029926883,0.039043116,0.047029306,0.997681443,-0.000184813,0.00115203,-0.001699496,5.978398292312073e-05,True,0.00010978348293472451,True
star,asymmetric,icp_pt2pl,easy,5,0.0317916872781119,9.992522447978336e-05,True,0.0317916872781119,9.992522447978336e-05,True,0.0,itodd_star.ply,0.06871,0.000687,7634,7634,-0.029877592,0.039030705,0.046756967,0.997696206,-0.000178186,0.001150902,-0.001698096,-0.029926883,0.039043116,0.047029306,0.997681443,-0.000184813,0.00115203,-0.001699496,0.00016003388693833922,True,0.0002904914980443525,True
star,asymmetric,fpfh_ransac,easy,5,179.98599445292322,0.0402130710455551,False,179.98599445292322,0.0402130710455551,False,0.0,itodd_star.ply,0.06871,0.000687,7634,7634,0.292859097,0.95489466,0.03863542,-0.030282691,0.000702075,0.001006715,0.000913285,-0.029926883,0.039043116,0.047029306,0.997681443,-0.000184813,0.00115203,-0.001699496,0.0536936284159841,True,0.6483181904390619,False
star,asymmetric,fgr,easy,5,30.50509682205343,0.137398029824019,False,30.50509682205343,0.137398029824019,False,0.0,itodd_star.ply,0.06871,0.000687,7634,7634,-0.017663519,0.045529069,-0.217052151,0.974937674,0.006101975,0.008194616,-0.001750858,-0.029926883,0.039043116,0.047029306,0.997681443,-0.000184813,0.00115203,-0.001699496,0.04984531128227326,True,0.1354418829971561,False
star,asymmetric,icp_pt2pt,easy,6,0.0112594643183552,0.0001194591193174,True,0.0112594643183552,0.0001194591193174,True,0.0,itodd_star.ply,0.06871,0.000687,7634,7634,-0.004522447,-0.011579953,0.000389094,0.999922647,-0.000196477,-6.1443e-05,0.000555465,-0.004470233,-0.011497583,0.000377177,0.999923837,-0.000194476,-5.3486e-05,0.000555722,0.0001246351296875785,True,0.00014224793140558585,True
star,asymmetric,icp_pt2pl,easy,6,0.0143373394059057,8.073570637194208e-05,True,0.0143373394059057,8.073570637194208e-05,True,0.0,itodd_star.ply,0.06871,0.000687,7634,7634,-0.004521234,-0.011604075,0.00033582,0.999922393,-0.000195728,-5.8713e-05,0.000557098,-0.004470233,-0.011497583,0.000377177,0.999923837,-0.000194476,-5.3486e-05,0.000555722,9.11243717240492e-05,True,0.0001463782286937453,True
star,asymmetric,fpfh_ransac,easy,6,150.0396325092234,0.0053291132148832,False,150.0396325092234,0.0053291132148832,False,0.0,itodd_star.ply,0.06871,0.000687,7634,7634,0.012363827,-0.00140277,0.965842788,-0.258829822,9.6628e-05,0.000168619,0.000554334,-0.004470233,-0.011497583,0.000377177,0.999923837,-0.000194476,-5.3486e-05,0.000555722,0.027373308542356273,True,0.00044377544158601785,True
star,asymmetric,fgr,easy,6,0.0149659499341489,8.545584881822839e-05,True,0.0149659499341489,8.545584881822839e-05,True,0.0,itodd_star.ply,0.06871,0.000687,7634,7634,-0.004521641,-0.011605754,0.000325109,0.999922375,-0.000195711,-5.9029e-05,0.000557217,-0.004470233,-0.011497583,0.000377177,0.999923837,-0.000194476,-5.3486e-05,0.000555722,9.617367280043413e-05,True,0.00015677210098237053,True
star,asymmetric,icp_pt2pt,easy,7,0.0217091729130445,5.944607183690774e-05,True,0.0217091729130445,5.944607183690774e-05,True,0.0,itodd_star.ply,0.06871,0.000687,7634,7634,0.026020764,-0.03335327,-0.038044202,0.998380247,0.000121844,-6.9259e-05,-1.6806e-05,0.026015145,-0.033512624,-0.038146101,0.998371169,0.00012543,-6.7445e-05,-1.6074e-05,9.231859429276657e-05,True,0.00014775429776183537,True
star,asymmetric,icp_pt2pl,easy,7,0.01373605217119,3.101059057945322e-05,True,0.01373605217119,3.101059057945322e-05,True,0.0,itodd_star.ply,0.06871,0.000687,7634,7634,0.026040774,-0.033454739,-0.03804444,0.998376321,0.000125934,-6.5433e-05,-1.5588e-05,0.026015145,-0.033512624,-0.038146101,0.998371169,0.00012543,-6.7445e-05,-1.6074e-05,6.069224858086468e-05,True,0.00010582844272428588,True
star,asymmetric,fpfh_ransac,easy,7,179.98790224621797,0.0037560961167365,False,179.98790224621797,0.0037560961167365,False,0.0,itodd_star.ply,0.06871,0.000687,7634,7634,0.033379363,0.025967772,0.998380816,0.038042606,-7.9632e-05,8.9255e-05,-1.6394e-05,0.026015145,-0.033512624,-0.038146101,0.998371169,0.00012543,-6.7445e-05,-1.6074e-05,0.035171053210401385,True,0.0014711935281748786,True
star,asymmetric,fgr,easy,7,30.00063349906368,0.0012664737863924,False,30.00063349906368,0.0012664737863924,False,0.0,itodd_star.ply,0.06871,0.000687,7634,7634,0.033767234,-0.025529967,0.221554748,0.974228663,0.000152189,1.5357e-05,-1.5723e-05,0.026015145,-0.033512624,-0.038146101,0.998371169,0.00012543,-6.7445e-05,-1.6074e-05,0.02747510115281181,True,8.751777522819965e-05,True
star,asymmetric,icp_pt2pt,easy,8,1.1785730061902149,0.0056178037211876,True,1.1785730061902149,0.0056178037211876,True,0.0,itodd_star.ply,0.06871,0.000687,7634,7634,-0.061987978,0.046195026,0.024819292,0.996698306,0.001777555,0.000731373,0.000711491,-0.062702446,0.045357002,0.035040313,0.996385127,0.002085596,0.000963882,0.000718121,0.006710975091355245,True,0.012695871778561886,True
star,asymmetric,icp_pt2pl,easy,8,0.0012188126418889,5.950520427790307e-05,True,0.0012188126418889,5.950520427790307e-05,True,0.0,itodd_star.ply,0.06871,0.000687,7634,7634,-0.062706191,0.045366147,0.035036412,0.996384613,0.002083188,0.000960891,0.000719525,-0.062702446,0.045357002,0.035040313,0.996385127,0.002085596,0.000963882,0.000718121,5.95716474696786e-05,True,6.168942609334631e-05,True
star,asymmetric,fpfh_ransac,easy,8,179.97452351651566,0.0628277892669072,False,179.97452351651566,0.0628277892669072,False,0.0,itodd_star.ply,0.06871,0.000687,7634,7634,0.850601502,-0.520115667,0.008858503,0.076670106,0.000265572,-0.002258887,-0.001503744,-0.062702446,0.045357002,0.035040313,0.996385127,0.002085596,0.000963882,0.000718121,0.04451200664656773,True,0.6863338768323476,False
star,asymmetric,fgr,easy,8,4.820821719705975,0.0778347274344235,False,4.820821719705975,0.0778347274344235,False,0.0,itodd_star.ply,0.06871,0.000687,7634,7634,-0.065099493,0.041620394,0.076806548,0.994047561,0.007268947,-0.00035201,0.00066948,-0.062702446,0.045357002,0.035040313,0.996385127,0.002085596,0.000963882,0.000718121,0.038234928131114974,True,0.1060305845523594,False
star,asymmetric,icp_pt2pt,easy,9,0.0891219505158996,0.0127282371006825,False,0.0891219505158996,0.0127282371006825,False,0.0,itodd_star.ply,0.06871,0.000687,7634,7634,0.080226508,0.015156602,-0.001755664,0.996659873,-0.000299361,-0.000789885,-0.002695275,0.079545827,0.01501781,-0.001410684,0.99671708,0.000326508,-0.001400625,-0.002684005,0.012472887130072862,True,0.013019581711593271,True
star,asymmetric,icp_pt2pl,easy,9,0.0192278756712509,6.693292269129112e-05,True,0.0192278756712509,6.693292269129112e-05,True,0.0,itodd_star.ply,0.06871,0.000687,7634,7634,0.079679677,0.015028038,-0.001310584,0.996706371,0.00032254,-0.001398879,-0.002682468,0.079545827,0.01501781,-0.001410684,0.99671708,0.000326508,-0.001400625,-0.002684005,9.334410264867769e-05,True,0.00017157936670888062,True
star,asymmetric,fpfh_ransac,easy,9,179.9600447308402,0.0747565759148555,False,179.9600447308402,0.0747565759148555,False,0.0,itodd_star.ply,0.06871,0.000687,7634,7634,0.695542996,0.7138659,-0.046572424,-0.06668153,-0.001320661,0.000233254,0.001898668,0.079545827,0.01501781,-0.001410684,0.99671708,0.000326508,-0.001400625,-0.002684005,0.0649693946790851,True,0.6682490310445953,False
star,asymmetric,fgr,easy,9,0.0202152071114803,7.89447909025341e-05,True,0.0202152071114803,7.89447909025341e-05,True,0.0,itodd_star.ply,0.06871,0.000687,7634,7634,0.079681642,0.015022603,-0.001298718,0.996706311,0.000321387,-0.001399768,-0.002682435,0.079545827,0.01501781,-0.001410684,0.99671708,0.000326508,-0.001400625,-0.002684005,0.00010457559383116234,True,0.000191457218555834,True
star,asymmetric,icp_pt2pt,easy,10,0.0593487929450467,4.582555992840063e-05,True,0.0593487929450467,4.582555992840063e-05,True,0.0,itodd_star.ply,0.06871,0.000687,7634,7634,-0.022885011,-0.046875189,0.013324931,0.998549668,-7.1782e-05,0.000393725,0.000554981,-0.022892045,-0.046876445,0.013842747,0.998542404,-7.424e-05,0.000395596,0.000555591,0.00025563471464894763,True,0.00039557897103938995,True
star,asymmetric,icp_pt2pl,easy,10,0.0210199933940219,5.164622490706555e-05,True,0.0210199933940219,5.164622490706555e-05,True,0.0,itodd_star.ply,0.06871,0.000687,7634,7634,-0.022878737,-0.046869459,0.013659957,0.998545554,-7.095e-05,0.000394859,0.000554484,-0.022892045,-0.046876445,0.013842747,0.998542404,-7.424e-05,0.000395596,0.000555591,0.00010130644069247526,True,0.00017419303570965293,True
star,asymmetric,fpfh_ransac,easy,10,179.97586499077826,0.011915456471818,False,179.97586499077826,0.011915456471818,False,0.0,itodd_star.ply,0.06871,0.000687,7634,7634,0.046858499,-0.022851951,0.998541239,-0.014052185,2.4617e-05,-0.000417121,0.00055553,-0.022892045,-0.046876445,0.013842747,0.998542404,-7.424e-05,0.000395596,0.000555591,0.04272059570213518,True,0.0011696607814626417,True
star,asymmetric,fgr,easy,10,29.971186429786325,0.0031724307652807,False,29.971186429786325,0.0031724307652807,False,0.0,itodd_star.ply,0.06871,0.000687,7634,7634,-0.01000286,-0.051080016,0.271574551,0.961008865,-0.00027694,0.000315437,0.000554602,-0.022892045,-0.046876445,0.013842747,0.998542404,-7.424e-05,0.000395596,0.000555591,0.02765342244440351,True,0.0005242041651881359,True
star,asymmetric,icp_pt2pt,easy,11,0.1620311826036569,0.0294843649196833,False,0.1620311826036569,0.0294843649196833,False,0.0,itodd_star.ply,0.06871,0.000687,7634,7634,-0.000646798,0.001371015,-0.000607455,0.999998666,0.000393467,6.6911e-05,-0.000322002,0.000329772,0.000358286,-0.000465851,0.999999773,0.00103172,0.001989328,-0.000289514,0.024588778005501334,True,0.029611062846124917,True
star,asymmetric,icp_pt2pl,easy,11,0.0051673480368975,5.971768636169024e-05,True,0.0051673480368975,5.971768636169024e-05,True,0.0,itodd_star.ply,0.06871,0.000687,7634,7634,0.000374706,0.000362033,-0.000465255,0.999999756,0.00103117,0.001988692,-0.000285498,0.000329772,0.000358286,-0.000465851,0.999999773,0.00103172,0.001989328,-0.000289514,6.0634411475324966e-05,True,9.044184735257554e-05,True
star,asymmetric,fpfh_ransac,easy,11,59.94667885550235,0.0323093683606836,False,59.94667885550235,0.0323093683606836,False,0.0,itodd_star.ply,0.06871,0.000687,7634,7634,0.000492917,0.000178071,-0.500000404,0.866025012,0.002216986,0.00011226,-0.000286918,0.000329772,0.000358286,-0.000465851,0.999999773,0.00103172,0.001989328,-0.000289514,0.027912271588508324,True,0.0006169502183109731,True
star,asymmetric,fgr,easy,11,30.062206541802382,0.0163110800871011,False,30.062206541802382,0.0163110800871011,False,0.0,itodd_star.ply,0.06871,0.000687,7634,7634,0.000244895,0.000448595,0.258893393,0.965905767,-6.054e-05,0.002240301,-0.000286051,0.000329772,0.000358286,-0.000465851,0.999999773,0.00103172,0.001989328,-0.000289514,0.028096852224150957,True,0.0008711591933025973,True
star,asymmetric,icp_pt2pt,easy,12,0.008771170586925,4.908035541996325e-05,True,0.008771170586925,4.908035541996325e-05,True,0.0,itodd_star.ply,0.06871,0.000687,7634,7634,0.010001802,0.009759298,-0.040869257,0.999066776,0.000160338,-0.000855181,-0.000239414,0.00993092,0.00977603,-0.040892805,0.999066356,0.00016015,-0.00085854,-0.000239196,5.628626647406478e-05,True,7.297707246477884e-05,True
star,asymmetric,icp_pt2pl,easy,12,0.0093318946895598,7.588250490668417e-05,True,0.0093318946895598,7.588250490668417e-05,True,0.0,itodd_star.ply,0.06871,0.000687,7634,7634,0.00995322,0.009706621,-0.040856568,0.999068294,0.00015792,-0.000853851,-0.000238721,0.00993092,0.00977603,-0.040892805,0.999066356,0.00016015,-0.00085854,-0.000239196,8.153032853171121e-05,True,0.00011052014954095716,True
star,asymmetric,fpfh_ransac,easy,12,0.0169545677922857,8.024779711308691e-05,True,0.0169545677922857,8.024779711308691e-05,True,0.0,itodd_star.ply,0.06871,0.000687,7634,7634,0.00996178,0.009707671,-0.041020249,0.999061491,0.000163813,-0.000854429,-0.000238923,0.00993092,0.00977603,-0.040892805,0.999066356,0.00016015,-0.00085854,-0.000239196,9.88699365166618e-05,True,0.0001629407715155982,True
star,asymmetric,fgr,easy,12,30.00987880084239,0.0063442509743493,False,30.00987880084239,0.0063442509743493,False,0.0,itodd_star.ply,0.06871,0.000687,7634,7634,0.007118006,0.012072977,0.21916209,0.9755878,0.000556172,-0.000676389,-0.000236704,0.00993092,0.00977603,-0.040892805,0.999066356,0.00016015,-0.00085854,-0.000239196,0.026461626165972345,True,0.000560928211211131,True
star,asymmetric,icp_pt2pt,easy,13,0.152074768871579,0.03998324872766,False,0.152074768871579,0.03998324872766,False,0.0,itodd_star.ply,0.06871,0.000687,7634,7634,0.00392696,0.005499195,0.004712327,0.999966065,-0.000108825,0.00023313,-0.001096706,0.004819922,0.004630929,0.005170511,0.999964294,0.00055691,0.00289811,-0.001052236,0.02851243371318482,True,0.04031654356460659,True
star,asymmetric,icp_pt2pl,easy,13,0.1632183014259439,0.0062912952658669,True,0.1632183014259439,0.0062912952658669,True,0.0,itodd_star.ply,0.06871,0.000687,7634,7634,0.004698081,0.004685945,0.003752466,0.999970944,0.000527947,0.002466817,-0.001054815,0.004819922,0.004630929,0.005170511,0.999964294,0.00055691,0.00289811,-0.001052236,0.0062657253382445415,True,0.007220462887234381,True
star,asymmetric,fpfh_ransac,easy,13,29.97665470005916,0.022296395442884,False,29.97665470005916,0.022296395442884,False,0.0,itodd_star.ply,0.06871,0.000687,7634,7634,0.005749826,0.003307842,-0.253619255,0.967281382,0.001929534,0.002217774,-0.001053402,0.004819922,0.004630929,0.005170511,0.999964294,0.00055691,0.00289811,-0.001052236,0.02710085177411398,True,0.0003455441821087991,True
star,asymmetric,fgr,easy,13,0.0114918245055401,5.993901296368301e-05,True,0.0114918245055401,5.993901296368301e-05,True,0.0,itodd_star.ply,0.06871,0.000687,7634,7634,0.004806601,0.004671349,0.005079705,0.999964635,0.000556873,0.002894292,-0.001053778,0.004819922,0.004630929,0.005170511,0.999964294,0.00055691,0.00289811,-0.001052236,7.084871582179542e-05,True,0.00012494385356460843,True
star,asymmetric,icp_pt2pt,easy,14,0.1057478017314776,0.0124672516374986,False,0.1057478017314776,0.0124672516374986,False,0.0,itodd_star.ply,0.06871,0.000687,7634,7634,-0.006960552,-0.009357053,0.006967193,0.999907723,0.001401968,0.000475951,-0.000312314,-0.006609873,-0.009931498,0.006335814,0.999908762,0.002019398,0.001069501,-0.000295626,0.012161192880578235,True,0.012887764107962562,True
star,asymmetric,icp_pt2pl,easy,14,0.0294552230932293,0.0001281421300969,True,0.0294552230932293,0.0001281421300969,True,0.0,itodd_star.ply,0.06871,0.000687,7634,7634,-0.006698625,-0.009894667,0.006097408,0.999910019,0.002011822,0.001065198,-0.0002969,-0.006609873,-0.009931498,0.006335814,0.999908762,0.002019398,0.001069501,-0.000295626,0.00016281139375996193,True,0.0002922898273678205,True
star,asymmetric,fpfh_ransac,easy,14,59.98819789835608,0.0330385720308635,False,59.98819789835608,0.0330385720308635,False,0.0,itodd_star.ply,0.06871,0.000687,7634,7634,-0.000792741,-0.011916479,0.505352747,0.862830209,0.000105617,0.002290419,-0.000298711,-0.006609873,-0.009931498,0.006335814,0.999908762,0.002019398,0.001069501,-0.000295626,0.028771282024786984,True,0.0004831579981847854,True
star,asymmetric,fgr,easy,14,60.01311695585985,0.0333249455550805,False,60.01311695585985,0.0333249455550805,False,0.0,itodd_star.ply,0.06871,0.000687,7634,7634,-0.010669102,-0.005218151,-0.494566583,0.869058592,0.001926429,-0.001218355,-0.000298049,-0.006609873,-0.009931498,0.006335814,0.999908762,0.002019398,0.001069501,-0.000295626,0.02741532519188393,True,0.0004149880100108532,True
star,asymmetric,icp_pt2pt,easy,15,0.0064640453951272,2.714070577834585e-05,True,0.0064640453951272,2.714070577834585e-05,True,0.0,itodd_star.ply,0.06871,0.000687,7634,7634,-0.028938875,-0.02754437,-0.041339631,0.998346074,-0.000402778,-6.2107e-05,0.000627028,-0.028953858,-0.027577187,-0.041382884,0.998342942,-0.000403879,-6.1691e-05,0.000625581,3.5380103512213236e-05,True,5.62298776307342e-05,True
star,asymmetric,icp_pt2pl,easy,15,0.005942910027838,8.524138357085068e-05,True,0.005942910027838,8.524138357085068e-05,True,0.0,itodd_star.ply,0.06871,0.000687,7634,7634,-0.029000715,-0.027565007,-0.041364293,0.998342689,-0.000399012,-5.9415e-05,0.000627912,-0.028953858,-0.027577187,-0.041382884,0.998342942,-0.000403879,-6.1691e-05,0.000625581,8.608611217946101e-05,True,0.00011165759108531339,True
star,asymmetric,fpfh_ransac,easy,15,179.98773464765924,0.0300799337820077,False,179.98773464765924,0.0300799337820077,False,0.0,itodd_star.ply,0.06871,0.000687,7634,7634,0.669268659,0.741937608,0.001480237,0.040073157,-0.000182869,-0.000321998,-0.001412796,-0.028953858,-0.027577187,-0.041382884,0.998342942,-0.000403879,-6.1691e-05,0.000625581,0.03963207791620036,True,0.646332046222608,False
star,asymmetric,fgr,easy,15,0.007935058717107,5.815294312947764e-05,True,0.007935058717107,5.815294312947764e-05,True,0.0,itodd_star.ply,0.06871,0.000687,7634,7634,-0.029000753,-0.027553418,-0.041427876,0.998340371,-0.000400857,-6.0283e-05,0.000627783,-0.028953858,-0.027577187,-0.041382884,0.998342942,-0.000403879,-6.1691e-05,0.000625581,6.407356820234778e-05,True,8.290394680590172e-05,True
star,asymmetric,icp_pt2pt,easy,16,0.9206521439408044,0.0036093126810491,True,0.9206521439408044,0.0036093126810491,True,0.0,itodd_star.ply,0.06871,0.000687,7634,7634,0.0418691,0.025784703,-0.05996937,0.996988366,0.000147394,-0.000583411,-0.000169955,0.041870427,0.025235662,-0.067969197,0.996488945,0.000249646,-0.000809321,-0.000166659,0.00505822953453748,True,0.008711042213136844,True
star,asymmetric,icp_pt2pl,easy,16,0.0080076385704925,7.005805370714988e-05,True,0.0080076385704925,7.005805370714988e-05,True,0.0,itodd_star.ply,0.06871,0.000687,7634,7634,0.041914211,0.025273478,-0.067930003,0.996488818,0.000253835,-0.000811068,-0.000168264,0.041870427,0.025235662,-0.067969197,0.996488945,0.000249646,-0.000809321,-0.000166659,7.316109841759794e-05,True,0.00010485221450829884,True
star,asymmetric,fpfh_ransac,easy,16,179.58301299979323,0.0233671499396018,False,179.58301299979323,0.0233671499396018,False,0.0,itodd_star.ply,0.06871,0.000687,7634,7634,-0.025240246,0.041874044,0.996729967,0.064334027,-0.000324251,0.00069015,-0.000162695,0.041870427,0.025235662,-0.067969197,0.996488945,0.000249646,-0.000809321,-0.000166659,0.041679092896590914,True,0.004832239080558471,True
star,asymmetric,fgr,easy,16,0.0083806398576546,7.80791519586721e-05,True,0.0083806398576546,7.80791519586721e-05,True,0.0,itodd_star.ply,0.06871,0.000687,7634,7634,0.041917353,0.025272627,-0.067927003,0.996488912,0.000254478,-0.00081093,-0.000168346,0.041870427,0.025235662,-0.067969197,0.996488945,0.000249646,-0.000809321,-0.000166659,8.101057259112398e-05,True,0.00011541234140717217,True
star,asymmetric,icp_pt2pt,easy,17,0.0728605321328847,0.0086319247605598,True,0.0728605321328847,0.0086319247605598,True,0.0,itodd_star.ply,0.06871,0.000687,7634,7634,0.000169834,-0.000279096,-0.013639013,0.999906931,0.000703483,-5.0047e-05,-0.000604555,-8.309e-05,-0.000821297,-0.01385422,0.999903685,0.001296577,-5.1228e-05,-0.000605867,0.008634205702368704,True,0.008795620713839408,True
star,asymmetric,icp_pt2pl,easy,17,0.0139438275656623,4.0455852033281946e-05,True,0.0139438275656623,4.0455852033281946e-05,True,0.0,itodd_star.ply,0.06871,0.000687,7634,7634,2.4109e-05,-0.000797641,-0.013906708,0.999902979,0.001296142,-5.3562e-05,-0.000604422,-8.309e-05,-0.000821297,-0.01385422,0.999903685,0.001296577,-5.1228e-05,-0.000605867,6.099218654524603e-05,True,0.00010632333946783884,True
star,asymmetric,fpfh_ransac,easy,17,29.98823936150955,0.0098813857325839,False,29.98823936150955,0.0098813857325839,False,0.0,itodd_star.ply,0.06871,0.000687,7634,7634,-0.000245087,-0.000775784,-0.272077543,0.962274986,0.001087711,-0.000697249,-0.000605919,-8.309e-05,-0.000821297,-0.01385422,0.999903685,0.001296577,-5.1228e-05,-0.000605867,0.025957692424296325,True,0.00018444034029942147,True
star,asymmetric,fgr,easy,17,61.707586054582,0.1643649823687649,False,61.707586054582,0.1643649823687649,False,0.0,itodd_star.ply,0.06871,0.000687,7634,7634,-0.000548739,-0.001808563,-0.524691998,0.851290042,0.009774255,-0.007512346,-0.000659936,-8.309e-05,-0.000821297,-0.01385422,0.999903685,0.001296577,-5.1228e-05,-0.000605867,0.053722359342617605,True,0.1730170750212102,False
star,asymmetric,icp_pt2pt,easy,18,0.0540507030031594,0.0090366138629783,True,0.0540507030031594,0.0090366138629783,True,0.0,itodd_star.ply,0.06871,0.000687,7634,7634,0.002033965,-0.003429497,0.000784196,0.999991743,0.000191182,0.000336277,-0.000888825,0.002437617,-0.00361192,0.000946267,0.999990058,0.000188328,0.000957163,-0.000885279,0.008921844285091423,True,0.009142199988422176,True
star,asymmetric,icp_pt2pl,easy,18,0.0030561232850236,7.665472000087922e-05,True,0.0030561232850236,7.665472000087922e-05,True,0.0,itodd_star.ply,0.06871,0.000687,7634,7634,0.002413849,-0.003600372,0.000949868,0.999990154,0.000189596,0.000952099,-0.000884575,0.002437617,-0.00361192,0.000946267,0.999990058,0.000188328,0.000957163,-0.000885279,7.712128099066404e-05,True,8.300738511417563e-05,True
star,asymmetric,fpfh_ransac,easy,18,150.01706719672475,0.0269017089238185,False,150.01706719672475,0.0269017089238185,False,0.0,itodd_star.ply,0.06871,0.000687,7634,7634,0.002838751,0.003284112,0.965710067,-0.259586636,0.000291439,-0.000888366,-0.000884692,0.002437617,-0.00361192,0.000946267,0.999990058,0.000188328,0.000957163,-0.000885279,0.027875147834579932,True,0.0005918382231637554,True
star,asymmetric,fgr,easy,18,179.92016044565952,0.0172048197681307,False,179.92016044565952,0.0172048197681307,False,0.0,itodd_star.ply,0.06871,0.000687,7634,7634,0.891533275,0.452936087,-0.004158647,0.00016342,5.8974e-05,0.001647079,6.5895e-05,0.002437617,-0.00361192,0.000946267,0.999990058,0.000188328,0.000957163,-0.000885279,0.03480650647628668,True,0.6508571703834645,False
star,asymmetric,icp_pt2pt,easy,19,0.0325128703639502,0.0001342406284037,True,0.0325128703639502,0.0001342406284037,True,0.0,itodd_star.ply,0.06871,0.000687,7634,7634,-0.004202723,0.0072498,0.01474701,0.999856141,-0.000655,-0.000808608,0.002395051,-0.004244465,0.007357735,0.01500602,0.999851323,-0.000659475,-0.000816438,0.002393117,0.00018030303178070717,True,0.0002990062515280552,True
star,asymmetric,icp_pt2pl,easy,19,0.0171636038715082,3.7297395260275165e-05,True,0.0171636038715082,3.7297395260275165e-05,True,0.0,itodd_star.ply,0.06871,0.000687,7634,7634,-0.004199789,0.007339836,0.014864203,0.999853761,-0.000658295,-0.000814759,0.002394652,-0.004244465,0.007357735,0.01500602,0.999851323,-0.000659475,-0.000816438,0.002393117,7.872033701287508e-05,True,0.00013211519473697774,True
star,asymmetric,fpfh_ransac,easy,19,179.99517076621353,0.0812117975725594,False,179.99517076621353,0.0812117975725594,False,0.0,itodd_star.ply,0.06871,0.000687,7634,7634,0.708474232,0.705684665,0.008262888,-0.002267334,-0.000944497,-0.000676089,-0.003177865,-0.004244465,0.007357735,0.01500602,0.999851323,-0.000659475,-0.000816438,0.002393117,0.07836864532030609,True,0.6555169481595342,False
star,asymmetric,fgr,easy,19,0.0058928058266547,4.543901022128716e-05,True,0.0058928058266547,4.543901022128716e-05,True,0.0,itodd_star.ply,0.06871,0.000687,7634,7634,-0.004210463,0.007352457,0.014967811,0.999852078,-0.000661722,-0.00081688,0.002395239,-0.004244465,0.007357735,0.01500602,0.999851323,-0.000659475,-0.000816438,0.002393117,5.071552073768093e-05,True,6.0231568420170714e-05,True
star,asymmetric,icp_pt2pt,medium,0,5.914108722310556,0.1826918238134892,False,5.914108722310556,0.1826918238134892,False,0.0,itodd_star.ply,0.06871,0.000687,7634,6489,-0.013303753,0.056475221,-0.000357231,0.998315297,0.000197423,0.000162157,-0.001834509,-0.016051886,0.054453132,0.051119587,0.997077721,0.012321726,0.003411469,-0.00171915,0.060084785980494694,True,0.2170417849296209,False
star,asymmetric,icp_pt2pl,medium,0,3.092668634693988,0.1211356693560587,False,3.092668634693988,0.1211356693560587,False,0.0,itodd_star.ply,0.06871,0.000687,7634,6489,-0.014804929,0.055646974,0.024204508,0.998047279,0.004590669,0.000329626,-0.001811249,-0.016051886,0.054453132,0.051119587,0.997077721,0.012321726,0.003411469,-0.00171915,0.043886533824137645,True,0.13944562994826187,False
star,asymmetric,fpfh_ransac,medium,0,149.93012936412336,0.359463161744016,False,149.93012936412336,0.359463161744016,False,0.0,itodd_star.ply,0.06871,0.000687,7634,6489,-0.056839407,-0.001218747,0.976203726,0.209270357,-0.0123761,0.003217663,-0.001726793,-0.016051886,0.054453132,0.051119587,0.997077721,0.012321726,0.003411469,-0.00171915,0.14455196322558642,False,0.0012002517312262294,True
star,asymmetric,fgr,medium,0,24.263501699799253,0.0561447940242022,False,24.263501699799253,0.0561447940242022,False,0.0,itodd_star.ply,0.06871,0.000687,7634,6489,-0.028415238,0.049633426,0.259446417,0.964062578,0.011457488,-0.000347588,-0.001785088,-0.016051886,0.054453132,0.051119587,0.997077721,0.012321726,0.003411469,-0.00171915,0.03300534620109093,True,0.17628288228628589,False
star,asymmetric,icp_pt2pt,medium,1,3.5856205990738426,0.1919401123650028,False,3.5856205990738426,0.1919401123650028,False,0.0,itodd_star.ply,0.06871,0.000687,7634,6489,0.107367439,-0.117667062,0.013630968,0.987137727,-0.000634286,0.000375853,0.009670451,0.111512817,-0.115253088,0.044531158,0.986052024,0.005537888,0.012029832,0.009796999,0.07739733497799074,True,0.2134206858650761,False
star,asymmetric,icp_pt2pl,medium,1,2.357409787276634,0.1275599216313227,False,2.357409787276634,0.1275599216313227,False,0.0,itodd_star.ply,0.06871,0.000687,7634,6489,0.107151947,-0.1172697,0.024550505,0.986997239,0.003374033,0.003537232,0.009689053,0.111512817,-0.115253088,0.044531158,0.986052024,0.005537888,0.012029832,0.009796999,0.05403837601201068,True,0.14122080419593402,False
star,asymmetric,fpfh_ransac,medium,1,149.97206119805105,0.3719605561843916,False,149.97206119805105,0.3719605561843916,False,0.0,itodd_star.ply,0.06871,0.000687,7634,6489,0.140345658,0.077873527,0.963907304,0.212418263,-0.010814957,-0.007610915,0.009794642,0.111512817,-0.115253088,0.044531158,0.986052024,0.005537888,0.012029832,0.009796999,0.17548097464965298,False,0.0005938094816422612,True
star,asymmetric,fgr,medium,1,0.0240286315527042,0.0001354744479803,True,0.0240286315527042,0.0001354744479803,True,0.0,itodd_star.ply,0.06871,0.000687,7634,6489,0.111634343,-0.115398839,0.044613416,0.986017507,0.005539506,0.0120209,0.009799061,0.111512817,-0.115253088,0.044531158,0.986052024,0.005537888,0.012029832,0.009796999,0.0001559249658132028,True,0.00020478433335836244,True
star,asymmetric,icp_pt2pt,medium,2,6.098642320027814,0.0956406146400069,False,6.098642320027814,0.0956406146400069,False,0.0,itodd_star.ply,0.06871,0.000687,7634,6489,-0.064490604,0.23465458,-0.001052015,0.969936639,0.000517759,-0.00085357,-0.001785113,-0.077433703,0.229764427,0.050320805,0.96885507,0.006880011,-0.002496494,-0.001705838,0.05043319305011293,True,0.1294550810729661,False
star,asymmetric,icp_pt2pl,medium,2,0.1930555737107618,0.000888452123008,True,0.1930555737107618,0.000888452123008,True,0.0,itodd_star.ply,0.06871,0.000687,7634,6489,-0.07699864,0.229706531,0.048699555,0.968986312,0.006820343,-0.002508093,-0.001711478,-0.077433703,0.229764427,0.050320805,0.96885507,0.006880011,-0.002496494,-0.001705838,0.0010500779842738993,True,0.00199798973503835,True
star,asymmetric,fpfh_ransac,medium,2,59.97812788052602,0.1063992579574528,False,59.97812788052602,0.1063992579574528,False,0.0,itodd_star.ply,0.06871,0.000687,7634,6489,-0.181760665,0.160159614,0.527878002,0.81403733,0.005629727,0.004706455,-0.001706814,-0.077433703,0.229764427,0.050320805,0.96885507,0.006880011,-0.002496494,-0.001705838,0.07947514124546042,True,0.0007164935465050469,True
star,asymmetric,fgr,medium,2,60.00653317534257,0.1069409398232839,False,60.00653317534257,0.1069409398232839,False,0.0,itodd_star.ply,0.06871,0.000687,7634,6489,0.047704175,0.237417701,-0.440948142,0.864246425,0.001241738,-0.007208302,-0.001707152,-0.077433703,0.229764427,0.050320805,0.96885507,0.006880011,-0.002496494,-0.001705838,0.08732827996754568,True,0.00023231621303142365,True
star,asymmetric,icp_pt2pt,medium,3,12.822874512085836,0.0729376751868524,False,12.822874512085836,0.0729376751868524,False,0.0,itodd_star.ply,0.06871,0.000687,7634,6489,-0.0049458,-0.012368235,0.013267609,0.999823253,-0.000175989,0.001090117,0.001810915,-0.006411388,-0.010749674,-0.098452025,0.995063082,0.001757045,0.005713623,0.001854724,0.033512970615170744,True,0.1442331573341907,False
star,asymmetric,icp_pt2pl,medium,3,28.82743543417192,0.0450039753398202,False,28.82743543417192,0.0450039753398202,False,0.0,itodd_star.ply,0.06871,0.000687,7634,6489,-0.003185221,-0.01152511,0.152337671,0.988256171,-0.001327902,0.005502006,0.001846541,-0.006411388,-0.010749674,-0.098452025,0.995063082,0.001757045,0.005713623,0.001854724,0.029814007430316074,True,0.011932144427015672,True
star,asymmetric,fpfh_ransac,medium,3,179.97439291211876,0.1588473393438333,False,179.97439291211876,0.1588473393438333,False,0.0,itodd_star.ply,0.06871,0.000687,7634,6489,0.929995057,0.367340751,-0.009634913,0.008782671,0.004596635,-0.003817312,-0.002642045,-0.006411388,-0.010749674,-0.098452025,0.995063082,0.001757045,0.005713623,0.001854724,0.08239023172464613,True,0.6664083899113019,False
star,asymmetric,fgr,medium,3,0.0169812219106085,0.0001739421169194,True,0.0169812219106085,0.0001739421169194,True,0.0,itodd_star.ply,0.06871,0.000687,7634,6489,-0.006275056,-0.01072473,-0.098399951,0.995069371,0.00175594,0.005724791,0.001850613,-0.006411388,-0.010749674,-0.098452025,0.995063082,0.001757045,0.005713623,0.001854724,0.00018177509018531816,True,0.00023141147015047392,True
star,asymmetric,icp_pt2pt,medium,4,15.975382009044738,0.0847411452317408,False,15.975382009044738,0.0847411452317408,False,0.0,itodd_star.ply,0.06871,0.000687,7634,6489,0.031907899,0.147736648,0.008891088,0.98847191,0.00044615,0.000644156,0.00337953,0.012252069,0.151409106,0.14631025,0.977506256,-0.002920562,0.005394168,0.003446954,0.040414742696879065,True,0.15910777222127867,False
star,asymmetric,icp_pt2pl,medium,4,15.586621102377206,0.0685950650768585,False,15.586621102377206,0.0685950650768585,False,0.0,itodd_star.ply,0.06871,0.000687,7634,6489,0.031680036,0.147183862,0.012310511,0.988525031,0.000239896,0.00189844,0.003375501,0.012252069,0.151409106,0.14631025,0.977506256,-0.002920562,0.005394168,0.003446954,0.03833928972116152,True,0.14286191851095476,False
star,asymmetric,fpfh_ransac,medium,4,90.13340442517551,0.125734726430289,False,90.13340442517551,0.125734726430289,False,0.0,itodd_star.ply,0.06871,0.000687,7634,6489,-0.098589993,0.115766445,0.795328081,0.586797569,-0.005386073,-0.002885735,0.003440476,0.012252069,0.151409106,0.14631025,0.977506256,-0.002920562,0.005394168,0.003446954,0.0738632024800833,True,0.0010236321393410632,True
star,asymmetric,fgr,medium,4,179.865086978495,0.1861650552439617,False,179.865086978495,0.1861650552439617,False,0.0,itodd_star.ply,0.06871,0.000687,7634,6489,0.604389246,0.782192861,0.063962838,-0.13710114,0.005948859,0.000267784,-0.004212799,0.012252069,0.151409106,0.14631025,0.977506256,-0.002920562,0.005394168,0.003446954,0.09653005889417435,True,0.665497008715492,False
star,asymmetric,icp_pt2pt,medium,5,14.512364214678437,0.0685574453544174,False,14.512364214678437,0.0685574453544174,False,0.0,itodd_star.ply,0.06871,0.000687,7634,6489,0.154418646,0.007466663,0.023091801,0.987707396,-0.000936253,-0.001196104,0.004168396,0.153181948,-0.011681083,-0.101910914,0.982859608,-0.00561985,-0.001696496,0.004222021,0.03419443858062048,True,0.15023286503183483,False
star,asymmetric,icp_pt2pl,medium,5,29.99384375429833,0.0442905096070655,False,29.99384375429833,0.0442905096070655,False,0.0,itodd_star.ply,0.06871,0.000687,7634,6489,0.151093678,0.028394289,0.155886336,0.975737626,-0.004005802,-0.004276384,0.00422129,0.153181948,-0.011681083,-0.101910914,0.982859608,-0.00561985,-0.001696496,0.004222021,0.03902925476235918,True,0.00021345045143013943,True
star,asymmetric,fpfh_ransac,medium,5,149.86034921000197,0.1656053183024844,False,149.86034921000197,0.1656053183024844,False,0.0,itodd_star.ply,0.06871,0.000687,7634,6489,-0.028461196,0.150981841,0.975550761,-0.157146928,0.004042768,0.004312517,0.004220633,0.153181948,-0.011681083,-0.101910914,0.982859608,-0.00561985,-0.001696496,0.004222021,0.09908053262071098,True,0.0019176955951274585,True
star,asymmetric,fgr,medium,5,0.0207643360335441,0.0002242550667979,True,0.0207643360335441,0.0002242550667979,True,0.0,itodd_star.ply,0.06871,0.000687,7634,6489,0.153356364,-0.011656554,-0.101941078,0.982829572,-0.005632314,-0.00168777,0.004224458,0.153181948,-0.011681083,-0.101910914,0.982859608,-0.00561985,-0.001696496,0.004222021,0.0002335064269872124,True,0.0002712417224595489,True
star,asymmetric,icp_pt2pt,medium,6,10.844794854103288,0.0455137258753027,False,10.844794854103288,0.0455137258753027,False,0.0,itodd_star.ply,0.06871,0.000687,7634,6489,-0.120370505,-0.195207855,-0.008843892,0.973307054,0.002016571,-0.00148673,-0.007226564,-0.138594867,-0.183388276,-0.10076618,0.967990899,0.004002933,-0.003901652,-0.007180688,0.036598060126711573,True,0.10769499675563686,False
star,asymmetric,icp_pt2pl,medium,6,0.0090576394349289,0.0002045440216909,True,0.0090576394349289,0.0002045440216909,True,0.0,itodd_star.ply,0.06871,0.000687,7634,6489,-0.138520208,-0.183379395,-0.100746504,0.968005316,0.004007726,-0.003888929,-0.00718425,-0.138594867,-0.183388276,-0.10076618,0.967990899,0.004002933,-0.003901652,-0.007180688,0.00020661924554494718,True,0.00021754472085739183,True
star,asymmetric,fpfh_ransac,medium,6,152.743335252531,0.155544345212583,False,152.743335252531,0.155544345212583,False,0.0,itodd_star.ply,0.06871,0.000687,7634,6489,0.145812403,-0.177248753,0.917024335,0.326171723,-0.002370704,0.004677187,-0.007207686,-0.138594867,-0.183388276,-0.10076618,0.967990899,0.004002933,-0.003901652,-0.007180688,0.1191469763900115,False,0.030493052559582144,True
star,asymmetric,fgr,medium,6,0.025182960150505,0.000306290360906,True,0.025182960150505,0.000306290360906,True,0.0,itodd_star.ply,0.06871,0.000687,7634,6489,-0.138487592,-0.183419436,-0.100579147,0.9680198,0.004014261,-0.003884172,-0.007183695,-0.138594867,-0.183388276,-0.10076618,0.967990899,0.004002933,-0.003901652,-0.007180688,0.0003164934918604769,True,0.0004196162526458296,True
star,asymmetric,icp_pt2pt,medium,7,31.328517148074443,0.0483011427412885,False,31.328517148074443,0.0483011427412885,False,0.0,itodd_star.ply,0.06871,0.000687,7634,6489,-0.242631536,-0.125982179,0.009617194,0.961855466,-0.000535846,0.004641562,0.00774149,-0.267148596,-0.055984041,-0.250551288,0.928828007,0.002699214,0.005381549,0.007772027,0.05203655900750358,True,0.027571176487352148,True
star,asymmetric,icp_pt2pl,medium,7,30.005385208299387,0.0450270818399731,False,30.005385208299387,0.0450270818399731,False,0.0,itodd_star.ply,0.06871,0.000687,7634,6489,-0.243691237,-0.123227418,-0.001551378,0.961991257,-0.000332819,0.005996623,0.007766975,-0.267148596,-0.055984041,-0.250551288,0.928828007,0.002699214,0.005381549,0.007772027,0.05075917752945539,True,0.0005366234734703083,True
star,asymmetric,fpfh_ransac,medium,7,179.8922553402307,0.2655672567193977,False,179.8922553402307,0.2655672567193977,False,0.0,itodd_star.ply,0.06871,0.000687,7634,6489,-0.48964668,0.828336881,0.271714308,-0.01659743,-0.005139393,0.003303715,-0.008574014,-0.267148596,-0.055984041,-0.250551288,0.928828007,0.002699214,0.005381549,0.007772027,0.22113178825223548,False,0.7373875107609169,False
star,asymmetric,fgr,medium,7,59.40186189944293,0.0839033603786338,False,59.40186189944293,0.0839033603786338,False,0.0,itodd_star.ply,0.06871,0.000687,7634,6489,-0.204401865,-0.181031618,0.242576143,0.93091581,-0.00306179,0.005167762,0.007769447,-0.267148596,-0.055984041,-0.250551288,0.928828007,0.002699214,0.005381549,0.007772027,0.08100655525863293,True,0.0070769216497531835,True
star,asymmetric,icp_pt2pt,medium,8,11.650203106906169,0.2054004830263525,False,11.650203106906169,0.2054004830263525,False,0.0,itodd_star.ply,0.06871,0.000687,7634,6489,0.0,0.0,0.0,1.0,0.0,0.0,0.0,0.098843501,-0.014634146,0.017789336,0.99483634,0.003799002,0.012065982,-0.006257499,0.12271703361153855,False,0.2499868072440525,False
star,asymmetric,icp_pt2pl,medium,8,11.650203106906169,0.2054004830263525,False,11.650203106906169,0.2054004830263525,False,0.0,itodd_star.ply,0.06871,0.000687,7634,6489,0.0,0.0,0.0,1.0,0.0,0.0,0.0,0.098843501,-0.014634146,0.017789336,0.99483634,0.003799002,0.012065982,-0.006257499,0.12271703361153855,False,0.2499868072440525,False
star,asymmetric,fpfh_ransac,medium,8,89.91110121613613,0.2591123196015237,False,89.91110121613613,0.2591123196015237,False,0.0,itodd_star.ply,0.06871,0.000687,7634,6489,0.080508277,0.059495702,0.715493327,0.691410138,-0.011998401,0.003855794,-0.006250357,0.098843501,-0.014634146,0.017789336,0.99483634,0.003799002,0.012065982,-0.006257499,0.09494666348040957,True,0.001535896281615712,True
star,asymmetric,fgr,medium,8,0.0437652874058783,0.0001399660605179,True,0.0437652874058783,0.0001399660605179,True,0.0,itodd_star.ply,0.06871,0.000687,7634,6489,0.098956036,-0.014754114,0.017444717,0.994829483,0.003808154,0.012063637,-0.006255703,0.098843501,-0.014634146,0.017789336,0.99483634,0.003799002,0.012065982,-0.006257499,0.00021422658089138968,True,0.00038338966064013557,True
star,asymmetric,icp_pt2pt,medium,9,0.0663568507342754,0.0003407305484958,True,0.0663568507342754,0.0003407305484958,True,0.0,itodd_star.ply,0.06871,0.000687,7634,6489,-0.151140813,-0.013857805,-0.015290382,0.988296828,-0.000288137,0.000334564,-0.000303666,-0.151071636,-0.014023061,-0.015841046,0.988296401,-0.000311309,0.000334404,-0.000300334,0.0004014774281948156,True,0.0007157624007694968,True
star,asymmetric,icp_pt2pl,medium,9,0.062231209153572,0.0002616387948436,True,0.062231209153572,0.0002616387948436,True,0.0,itodd_star.ply,0.06871,0.000687,7634,6489,-0.151271337,-0.013593354,-0.0161048,0.988267595,-0.00031762,0.000317689,-0.000302321,-0.151071636,-0.014023061,-0.015841046,0.988296401,-0.000311309,0.000334404,-0.000300334,0.0003144767424249395,True,0.0005371944255382202,True
star,asymmetric,fpfh_ransac,medium,9,120.1544300456823,0.0107015353388966,False,120.1544300456823,0.0107015353388966,False,0.0,itodd_star.ply,0.06871,0.000687,7634,6489,-0.063546007,-0.137974831,0.84865148,0.506671014,-0.000151778,-0.000383375,-0.000302931,-0.151071636,-0.014023061,-0.015841046,0.988296401,-0.000311309,0.000334404,-0.000300334,0.08462537237155879,True,0.001040435003827042,True
star,asymmetric,fgr,medium,9,0.0592257585247449,0.0002553158213032,True,0.0592257585247449,0.0002553158213032,True,0.0,itodd_star.ply,0.06871,0.000687,7634,6489,-0.151286144,-0.01360412,-0.016052419,0.988266032,-0.000308239,0.000317385,-0.00030328,-0.151071636,-0.014023061,-0.015841046,0.988296401,-0.000311309,0.000334404,-0.000300334,0.0003027916714552597,True,0.0005313449821789955,True
star,asymmetric,icp_pt2pt,medium,10,12.031028359113716,0.0024198068121665,False,12.031028359113716,0.0024198068121665,False,0.0,itodd_star.ply,0.06871,0.000687,7634,6489,-0.127315454,0.193964257,0.004460275,0.972701778,-0.000203839,-0.000791819,-0.000196105,-0.145937776,0.179273681,0.106531373,0.967064724,-0.000122509,-0.000932832,-0.000162271,0.03357931103907233,True,0.07247976109816183,True
star,asymmetric,icp_pt2pl,medium,10,0.0214732940130831,0.0001533817199573,True,0.0214732940130831,0.0001533817199573,True,0.0,itodd_star.ply,0.06871,0.000687,7634,6489,-0.146080035,0.179363106,0.106600603,0.967019033,-0.000126373,-0.000941771,-0.000158244,-0.145937776,0.179273681,0.106531373,0.967064724,-0.000122509,-0.000932832,-0.000162271,0.00016705012362102736,True,0.00021532501652399364,True
star,asymmetric,fpfh_ransac,medium,10,90.07658198314468,0.0193434713771552,False,90.07658198314468,0.0193434713771552,False,0.0,itodd_star.ply,0.06871,0.000687,7634,6489,-0.230161365,0.023623189,0.759542706,0.607916581,0.000911072,-9.7275e-05,-0.000158063,-0.145937776,0.179273681,0.106531373,0.967064724,-0.000122509,-0.000932832,-0.000162271,0.09507771126202441,True,0.0008670726715816161,True
star,asymmetric,fgr,medium,10,73.9509253763884,0.0659830431649049,False,73.9509253763884,0.0659830431649049,False,0.0,itodd_star.ply,0.06871,0.000687,7634,6489,-0.009659972,0.230899499,-0.496747599,0.836560774,-0.003259064,-0.004206098,-0.000206212,-0.145937776,0.179273681,0.106531373,0.967064724,-0.000122509,-0.000932832,-0.000162271,0.08720633057049358,True,0.1356623682310551,False
star,asymmetric,icp_pt2pt,medium,11,7.1486438347120185,0.1903270350522084,False,7.1486438347120185,0.1903270350522084,False,0.0,itodd_star.ply,0.06871,0.000687,7634,6489,0.164580564,0.008954462,-0.011796474,0.986252452,-0.000449885,0.000156245,0.000737695,0.16499178,-0.001401133,-0.073244519,0.983570531,-0.006453428,0.011773787,0.000815486,0.07747235367058454,True,0.23219207581796472,False
star,asymmetric,icp_pt2pl,medium,11,5.834431576769998,0.1544845555347894,False,5.834431576769998,0.1544845555347894,False,0.0,itodd_star.ply,0.06871,0.000687,7634,6489,0.163372958,0.00694943,-0.023123208,0.986268878,-0.003336333,0.001627606,0.000725956,0.16499178,-0.001401133,-0.073244519,0.983570531,-0.006453428,0.011773787,0.000815486,0.06475310546772617,True,0.1888698507667704,False
star,asymmetric,fpfh_ransac,medium,11,119.98124959397956,0.3377638261076504,False,119.98124959397956,0.3377638261076504,False,0.0,itodd_star.ply,0.06871,0.000687,7634,6489,-0.081242423,0.143279681,0.888399055,-0.428506385,0.013391126,-0.000258996,0.000809619,0.16499178,-0.001401133,-0.073244519,0.983570531,-0.006453428,0.011773787,0.000815486,0.14776011520981314,False,0.0006897277272318042,True
star,asymmetric,fgr,medium,11,0.0508885791613941,0.0003083709906338,True,0.0508885791613941,0.0003083709906338,True,0.0,itodd_star.ply,0.06871,0.000687,7634,6489,0.164891739,-0.001095089,-0.072941261,0.983610232,-0.006457792,0.011753152,0.000817505,0.16499178,-0.001401133,-0.073244519,0.983570531,-0.006453428,0.011773787,0.000815486,0.00033415176001400424,True,0.0005760263840997013,True
star,asymmetric,icp_pt2pt,medium,12,0.0698581681012689,0.1856191012915861,False,0.0698581681012689,0.1856191012915861,False,0.0,itodd_star.ply,0.06871,0.000687,7634,6489,0.092239464,-0.013440837,-0.017818713,0.995486674,0.000689919,-0.000810529,0.002764469,0.092077257,-0.01347596,-0.018405302,0.995490543,0.012230002,-0.006240035,0.002847878,0.06049570826982445,True,0.18599259173171462,False
star,asymmetric,icp_pt2pl,medium,12,1.9538402003938036,0.1158309297734717,False,1.9538402003938036,0.1158309297734717,False,0.0,itodd_star.ply,0.06871,0.000687,7634,6489,0.091807957,-0.014061824,-0.035437586,0.995046603,0.005173059,-0.002561219,0.002765307,0.092077257,-0.01347596,-0.018405302,0.995490543,0.012230002,-0.006240035,0.002847878,0.042955414094781555,True,0.12738012952651806,False
star,asymmetric,fpfh_ransac,medium,12,60.01977294191205,0.200706016985672,False,60.01977294191205,0.200706016985672,False,0.0,itodd_star.ply,0.06871,0.000687,7634,6489,0.08633049,0.034554003,0.48194194,0.871254862,0.011491932,0.007530635,0.002836383,0.092077257,-0.01347596,-0.018405302,0.995490543,0.012230002,-0.006240035,0.002847878,0.07490921691986129,True,0.0008176352110032164,True
star,asymmetric,fgr,medium,12,179.90863578763373,0.3398708994251766,False,179.90863578763373,0.3398708994251766,False,0.0,itodd_star.ply,0.06871,0.000687,7634,6489,-0.412279853,0.906226834,-0.079402613,0.049734022,-0.007964647,-0.01599998,-0.003652481,0.092077257,-0.01347596,-0.018405302,0.995490543,0.012230002,-0.006240035,0.002847878,0.14611232437250113,False,0.6990977753968869,False
star,asymmetric,icp_pt2pt,medium,13,7.571489110098559,0.179745342475305,False,7.571489110098559,0.179745342475305,False,0.0,itodd_star.ply,0.06871,0.000687,7634,6489,0.134311681,0.142185267,0.010072934,0.9806336,0.000155085,-0.001855745,0.006073097,0.126531319,0.1502591,0.075107053,0.977635392,-0.007099805,-0.011850413,0.006112923,0.058517878415427375,True,0.21994180886628953,False
star,asymmetric,icp_pt2pl,medium,13,1.0578353051372344,0.1144557604132947,False,1.0578353051372344,0.1144557604132947,False,0.0,itodd_star.ply,0.06871,0.000687,7634,6489,0.128290734,0.14891502,0.066166797,0.978257512,-0.00190294,-0.005948363,0.006047572,0.126531319,0.1502591,0.075107053,0.977635392,-0.007099805,-0.011850413,0.006112923,0.04354620136152029,True,0.12008382121081618,False
star,asymmetric,fpfh_ransac,medium,13,179.97500426430653,0.2210010075627852,False,179.97500426430653,0.2210010075627852,False,0.0,itodd_star.ply,0.06871,0.000687,7634,6489,0.317395329,0.927752281,-0.083961103,-0.177444201,0.000411886,-0.013888113,-0.006925616,0.126531319,0.1502591,0.075107053,0.977635392,-0.007099805,-0.011850413,0.006112923,0.14582632536176018,False,0.7301651439994581,False
star,asymmetric,fgr,medium,13,179.91489412053863,0.4116129717391109,False,179.91489412053863,0.4116129717391109,False,0.0,itodd_star.ply,0.06871,0.000687,7634,6489,-0.380391719,0.903644303,-0.181326696,-0.076483615,0.015661805,-0.001297706,-0.006941144,0.126531319,0.1502591,0.075107053,0.977635392,-0.007099805,-0.011850413,0.006112923,0.21569366089441033,False,0.7391725124391091,False
star,asymmetric,icp_pt2pt,medium,14,16.877452175154637,0.1897811725186814,False,16.877452175154637,0.1897811725186814,False,0.0,itodd_star.ply,0.06871,0.000687,7634,6489,0.066748885,0.299903465,0.008471582,0.951593784,7.7448e-05,-0.000847593,0.000784276,0.110476862,0.285014325,-0.13098094,0.943083077,-0.010999267,-0.007728065,0.000826629,0.0853151004970814,True,0.2489443863779357,False
star,asymmetric,icp_pt2pl,medium,14,27.067927401465163,0.1612844127879857,False,27.067927401465163,0.1612844127879857,False,0.0,itodd_star.ply,0.06871,0.000687,7634,6489,0.04089536,0.304684885,0.093281117,0.946991723,-0.000287448,-0.004888732,0.000790577,0.110476862,0.285014325,-0.13098094,0.943083077,-0.010999267,-0.007728065,0.000826629,0.08568337902469253,True,0.1474385605717567,False
star,asymmetric,fpfh_ransac,medium,14,150.00904100193108,0.3778567230668589,False,150.00904100193108,0.3778567230668589,False,0.0,itodd_star.ply,0.06871,0.000687,7634,6489,-0.303883428,0.032932805,0.944863808,-0.117484792,0.005639601,0.012201672,0.000826417,0.110476862,0.285014325,-0.13098094,0.943083077,-0.010999267,-0.007728065,0.000826629,0.19594176746977698,False,0.0007469621782921994,True
star,asymmetric,fgr,medium,14,29.93893511015742,0.1009507172039791,False,29.93893511015742,0.1009507172039791,False,0.0,itodd_star.ply,0.06871,0.000687,7634,6489,0.03302014,0.303869768,0.117039885,0.944920367,-0.005679182,-0.012178771,0.000829807,0.110476862,0.285014325,-0.13098094,0.943083077,-0.010999267,-0.007728065,0.000826629,0.06682082545639575,True,0.0007597310540700467,True
star,asymmetric,icp_pt2pt,medium,15,0.4081887514039252,0.1541611949788934,False,0.4081887514039252,0.1541611949788934,False,0.0,itodd_star.ply,0.06871,0.000687,7634,6489,-0.004828756,0.016828518,0.009442707,0.99980214,0.001026215,-0.000188502,0.005221014,-0.003663652,0.017440454,0.006132672,0.999822384,0.011602301,0.0003954,0.005280775,0.04915777958356921,True,0.15647440991812633,False
star,asymmetric,icp_pt2pl,medium,15,7.601462021986849,0.0678008400009452,False,7.601462021986849,0.0678008400009452,False,0.0,itodd_star.ply,0.06871,0.000687,7634,6489,-0.006380427,0.017457094,0.07234845,0.997206218,0.006969581,0.000882949,0.00523091,-0.003663652,0.017440454,0.006132672,0.999822384,0.011602301,0.0003954,0.005280775,0.03568014687043938,True,0.11347203255594739,False
star,asymmetric,fpfh_ransac,medium,15,59.9939448683888,0.1690123774287198,False,59.9939448683888,0.1690123774287198,False,0.0,itodd_star.ply,0.06871,0.000687,7634,6489,0.005192735,0.017020067,-0.494559973,0.868961326,0.00611696,-0.009840208,0.005286775,-0.003663652,0.017440454,0.006132672,0.999822384,0.011602301,0.0003954,0.005280775,0.056069799838823216,True,0.0003548555445455719,True
star,asymmetric,fgr,medium,15,12.163778591453116,0.0280514345672007,False,12.163778591453116,0.0280514345672007,False,0.0,itodd_star.ply,0.06871,0.000687,7634,6489,-0.006167114,0.015923205,0.112006443,0.993560756,0.013518406,0.000187986,0.005260554,-0.003663652,0.017440454,0.006132672,0.999822384,0.011602301,0.0003954,0.005280775,0.031080729605445934,True,0.0999718624492697,True
star,asymmetric,icp_pt2pt,medium,16,0.0517286120842807,0.0001963374123795,True,0.0517286120842807,0.0001963374123795,True,0.0,itodd_star.ply,0.06871,0.000687,7634,6489,-0.214044923,-0.257795774,0.035194576,0.941534626,0.000152865,0.000577101,-0.00131122,-0.214050744,-0.257871407,0.035637887,0.941495915,0.000144382,0.000587064,-0.001307941,0.0002761025633122171,True,0.0004703819162292797,True
star,asymmetric,icp_pt2pl,medium,16,0.024382359249876,0.000103222049173,True,0.024382359249876,0.000103222049173,True,0.0,itodd_star.ply,0.06871,0.000687,7634,6489,-0.214061365,-0.257883515,0.035849605,0.941482146,0.000149036,0.000591156,-0.001311389,-0.214050744,-0.257871407,0.035637887,0.941495915,0.000144382,0.000587064,-0.001307941,0.00013741163933279175,True,0.00023143085162155195,True
star,asymmetric,fpfh_ransac,medium,16,89.99264147375385,0.012233808831076,False,89.99264147375385,0.012233808831076,False,0.0,itodd_star.ply,0.06871,0.000687,7634,6489,-0.333635815,-0.031006475,-0.640510086,0.690993901,0.00057098,-0.000137182,-0.001315476,-0.214050744,-0.257871407,0.035637887,0.941495915,0.000144382,0.000587064,-0.001307941,0.12360570787224201,False,0.0005492499362623027,True
star,asymmetric,fgr,medium,16,0.042233522284911,8.739933333032118e-05,True,0.042233522284911,8.739933333032118e-05,True,0.0,itodd_star.ply,0.06871,0.000687,7634,6489,-0.214021123,-0.257934187,0.035999037,0.941471711,0.000148601,0.000584513,-0.001311368,-0.214050744,-0.257871407,0.035637887,0.941495915,0.000144382,0.000587064,-0.001307941,0.00018364889328984283,True,0.00031808113723576513,True
star,asymmetric,icp_pt2pt,medium,17,1.5988723389375763,0.1514584099020359,False,1.5988723389375763,0.1514584099020359,False,0.0,itodd_star.ply,0.06871,0.000687,7634,6489,0.0,0.0,0.0,1.0,0.0,0.0,0.0,-0.006027323,0.011145646,-0.005840698,0.999902661,0.003535836,-0.004956223,-0.008439915,0.11668175918860967,False,0.16008391420010054,False
star,asymmetric,icp_pt2pl,medium,17,1.5988723389375763,0.1514584099020359,False,1.5988723389375763,0.1514584099020359,False,0.0,itodd_star.ply,0.06871,0.000687,7634,6489,0.0,0.0,0.0,1.0,0.0,0.0,0.0,-0.006027323,0.011145646,-0.005840698,0.999902661,0.003535836,-0.004956223,-0.008439915,0.11668175918860967,False,0.16008391420010054,False
star,asymmetric,fpfh_ransac,medium,17,60.0108765451766,0.0888745332175282,False,60.0108765451766,0.0888745332175282,False,0.0,itodd_star.ply,0.06871,0.000687,7634,6489,0.000365283,0.012575989,-0.505091853,0.862973888,-0.002545775,-0.005507411,-0.008437352,-0.006027323,0.011145646,-0.005840698,0.999902661,0.003535836,-0.004956223,-0.008439915,0.03848663798112382,True,0.000707032577249448,True
star,asymmetric,fgr,medium,17,0.1176022065914225,0.0002218136898138,True,0.1176022065914225,0.0002218136898138,True,0.0,itodd_star.ply,0.06871,0.000687,7634,6489,-0.006149011,0.01106071,-0.004825226,0.99990828,0.003539347,-0.004969848,-0.008434057,-0.006027323,0.011145646,-0.005840698,0.999902661,0.003535836,-0.004956223,-0.008439915,0.0005278466383398507,True,0.000899889016467989,True
star,asymmetric,icp_pt2pt,medium,18,3.9447839553235,0.0050063732740565,False,3.9447839553235,0.0050063732740565,False,0.0,itodd_star.ply,0.06871,0.000687,7634,6489,-0.272809516,0.006791611,0.045572129,0.960964111,-0.000414977,-5.4942e-05,-0.000239998,-0.273058884,-0.003437547,0.078367513,0.958793806,-0.000405807,-0.000397489,-0.000209936,0.0151434275114298,True,0.027252003550480373,True
star,asymmetric,icp_pt2pl,medium,18,0.0458999724007956,0.0001082188527037,True,0.0458999724007956,0.0001082188527037,True,0.0,itodd_star.ply,0.06871,0.000687,7634,6489,-0.27309097,-0.003129046,0.078114369,0.958806381,-0.000402423,-0.000403952,-0.000211373,-0.273058884,-0.003437547,0.078367513,0.958793806,-0.000405807,-0.000397489,-0.000209936,0.00016838303473553986,True,0.0003596265044399654,True
star,asymmetric,fpfh_ransac,medium,18,149.91884117147958,0.0164179894238875,False,149.91884117147958,0.0164179894238875,False,0.0,itodd_star.ply,0.06871,0.000687,7634,6489,0.074173642,-0.262846445,0.905601362,-0.324493745,0.000154105,0.000581821,-0.00021148,-0.273058884,-0.003437547,0.078367513,0.958793806,-0.000405807,-0.000397489,-0.000209936,0.1309988373874174,False,0.0012983566839570781,True
star,asymmetric,fgr,medium,18,0.0517729466013946,7.724242139103e-05,True,0.0517729466013946,7.724242139103e-05,True,0.0,itodd_star.ply,0.06871,0.000687,7634,6489,-0.273089178,-0.003089227,0.078081802,0.958809673,-0.000410032,-0.000400172,-0.000211702,-0.273058884,-0.003437547,0.078367513,0.958793806,-0.000405807,-0.000397489,-0.000209936,0.00016956972070771438,True,0.00034321176968317305,True
star,asymmetric,icp_pt2pt,medium,19,0.2176619115879003,0.0781231197169548,False,0.2176619115879003,0.0781231197169548,False,0.0,itodd_star.ply,0.06871,0.000687,7634,6489,0.233324517,0.04949431,-0.005601187,0.971122345,-0.000134545,0.000160667,-0.001143083,0.234048583,0.050751743,-0.004397752,0.970889376,-0.005501765,0.000179628,-0.001065631,0.037277867350748936,True,0.07874957385317996,True
star,asymmetric,icp_pt2pl,medium,19,0.0408698579142264,3.55249178014908e-05,True,0.0408698579142264,3.55249178014908e-05,True,0.0,itodd_star.ply,0.06871,0.000687,7634,6489,0.233762153,0.050949109,-0.004345417,0.97094828,-0.005499555,0.000179336,-0.001064637,0.234048583,0.050751743,-0.004397752,0.970889376,-0.005501765,0.000179628,-0.001065631,0.00011358719318339629,True,0.0002641773481816947,True
star,asymmetric,fpfh_ransac,medium,19,179.94963542987952,0.1048761205601566,False,179.94963542987952,0.1048761205601566,False,0.0,itodd_star.ply,0.06871,0.000687,7634,6489,-0.677047448,0.696335415,-0.202454034,0.125443646,0.000297384,0.004242627,0.000271664,0.234048583,0.050751743,-0.004397752,0.970889376,-0.005501765,0.000179628,-0.001065631,0.12115731123164628,False,0.6849827010516842,False
star,asymmetric,fgr,medium,19,90.04801749081966,0.1127674432389612,False,90.04801749081966,0.1127674432389612,False,0.0,itodd_star.ply,0.06871,0.000687,7634,6489,0.129382185,0.201322066,0.683722045,0.689386569,-0.000180699,-0.005452515,-0.00106592,0.234048583,0.050751743,-0.004397752,0.970889376,-0.005501765,0.000179628,-0.001065631,0.10681698200808147,False,0.0004085858669394566,True
star,asymmetric,icp_pt2pt,hard,0,25.962100325443043,0.4495121122171057,False,25.962100325443043,0.4495121122171057,False,0.0,itodd_star.ply,0.06871,0.000687,7634,4580,-0.122670035,0.033073485,0.03376692,0.991321342,0.002274136,-0.003492963,0.005112731,-0.095632151,0.066222586,-0.187649765,0.975323857,-0.018152149,-0.026646483,0.004328373,0.21913414350915117,False,0.445717655409719,False
star,asymmetric,icp_pt2pl,hard,0,17.957310781370307,0.3238033526431299,False,17.957310781370307,0.3238033526431299,False,0.0,itodd_star.ply,0.06871,0.000687,7634,4580,-0.115169671,0.047709921,-0.034296111,0.991606518,-0.000933063,-0.012565393,0.004795154,-0.095632151,0.066222586,-0.187649765,0.975323857,-0.018152149,-0.026646483,0.004328373,0.14187506824100524,False,0.3540557830834059,False
star,asymmetric,fpfh_ransac,hard,0,90.15415589413657,0.6664682071017546,False,90.15415589413657,0.6664682071017546,False,0.0,itodd_star.ply,0.06871,0.000687,7634,4580,-0.115282125,-0.022215697,0.557897405,0.821563741,0.026802497,-0.017926135,0.00445261,-0.095632151,0.066222586,-0.187649765,0.975323857,-0.018152149,-0.026646483,0.004328373,0.37675639168909514,False,0.005111366298916042,True
star,asymmetric,fgr,hard,0,179.76527554291545,0.9894845740937916,False,179.76527554291545,0.9894845740937916,False,0.0,itodd_star.ply,0.06871,0.000687,7634,4580,0.873585874,-0.472158164,-0.013949049,0.117131608,0.025042733,0.024961651,-0.005318044,-0.095632151,0.066222586,-0.187649765,0.975323857,-0.018152149,-0.026646483,0.004328373,0.6610504624573504,False,0.7786834377139965,False
star,asymmetric,icp_pt2pt,hard,1,0.3830326674253507,0.0027747580763708,True,0.3830326674253507,0.0027747580763708,True,0.0,itodd_star.ply,0.06871,0.000687,7634,4580,0.006430568,-0.003304809,0.021652703,0.999739409,0.001586985,0.000731876,-0.002269447,0.007530712,-0.00463361,0.02451463,0.999660368,0.001733532,0.00084952,-0.002237313,0.0029999995079273705,True,0.004737474995579493,True
star,asymmetric,icp_pt2pl,hard,1,0.1219373439735445,0.0007200121048462,True,0.1219373439735445,0.0007200121048462,True,0.0,itodd_star.ply,0.06871,0.000687,7634,4580,0.006666287,-0.004028963,0.024375558,0.999672526,0.001687983,0.000838583,-0.002253224,0.007530712,-0.00463361,0.02451463,0.999660368,0.001733532,0.00084952,-0.002237313,0.0008093129914223569,True,0.001109503953305381,True
star,asymmetric,fpfh_ransac,hard,1,149.9761552332196,0.0548726188764387,False,149.9761552332196,0.0548726188764387,False,0.0,itodd_star.ply,0.06871,0.000687,7634,4580,0.005849891,0.005443482,0.971900758,0.235255316,-0.00197343,0.000161569,-0.002249906,0.007530712,-0.00463361,0.02451463,0.999660368,0.001733532,0.00084952,-0.002237313,0.03230052629692014,True,0.0010830124442507013,True
star,asymmetric,fgr,hard,1,3.2763911337710905,0.1197906069794881,False,3.2763911337710905,0.1197906069794881,False,0.0,itodd_star.ply,0.06871,0.000687,7634,4580,0.009705893,-0.006278833,-0.003944692,0.999925403,0.008862906,0.004962417,-0.002278191,0.007530712,-0.00463361,0.02451463,0.999660368,0.001733532,0.00084952,-0.002237313,0.044759105046868815,True,0.13934407448119301,False
star,asymmetric,icp_pt2pt,hard,2,140.3897111879187,0.0893136899131185,False,140.3897111879187,0.0893136899131185,False,0.0,itodd_star.ply,0.06871,0.000687,7634,4580,-0.109553078,0.460259146,0.024412626,0.880660925,0.008257702,0.000530359,0.016778389,-0.398016859,-0.260391981,0.819038527,-0.320865218,0.013456293,0.003789064,0.016899746,0.1443887023456539,False,0.37523194826631967,False
star,asymmetric,icp_pt2pl,hard,2,149.3631965379558,0.1384586636664259,False,149.3631965379558,0.1384586636664259,False,0.0,itodd_star.ply,0.06871,0.000687,7634,4580,-0.143676789,0.451670651,0.094203057,0.875486372,0.005855372,-0.001930721,0.016774359,-0.398016859,-0.260391981,0.819038527,-0.320865218,0.013456293,0.003789064,0.016899746,0.15429681308756332,False,0.29688066426026105,False
star,asymmetric,fpfh_ransac,hard,2,89.84145193281807,0.2864857885780124,False,89.84145193281807,0.2864857885780124,False,0.0,itodd_star.ply,0.06871,0.000687,7634,4580,-0.464853706,0.096039838,0.80689773,0.351572802,0.003853305,-0.013393905,0.016862825,-0.398016859,-0.260391981,0.819038527,-0.320865218,0.013456293,0.003789064,0.016899746,0.24844115971294412,False,0.0028485065656204864,True
star,asymmetric,fgr,hard,2,135.44267562315414,0.3563257872452964,False,135.44267562315414,0.3563257872452964,False,0.0,itodd_star.ply,0.06871,0.000687,7634,4580,-0.093700078,0.464596835,-0.015793826,0.880409354,-0.010955055,0.001922327,0.016759582,-0.398016859,-0.260391981,0.819038527,-0.320865218,0.013456293,0.003789064,0.016899746,0.20927197761345923,False,0.12410646673297795,False
star,asymmetric,icp_pt2pt,hard,3,122.55199432070398,0.3303661035489289,False,122.55199432070398,0.3303661035489289,False,0.0,itodd_star.ply,0.06871,0.000687,7634,4580,0.534674277,0.170192361,-0.00832337,0.827700852,0.003677723,-0.011213954,0.018499539,-0.421355753,0.390854825,0.723962877,-0.381535827,0.009969948,0.010595281,0.018658023,0.17342294195584657,False,0.3550950016001532,False
star,asymmetric,icp_pt2pl,hard,3,123.88331116701288,0.3272678307082459,False,123.88331116701288,0.3272678307082459,False,0.0,itodd_star.ply,0.06871,0.000687,7634,4580,0.543079018,0.186404648,-0.002797362,0.818725022,0.002226558,-0.010515511,0.018535139,-0.421355753,0.390854825,0.723962877,-0.381535827,0.009969948,0.010595281,0.018658023,0.17222617390883455,False,0.33303308159772155,False
star,asymmetric,fpfh_ransac,hard,3,30.105175837923507,0.110284444702578,False,30.105175837923507,0.110284444702578,False,0.0,itodd_star.ply,0.06871,0.000687,7634,4580,-0.507534234,0.267906098,0.600311672,-0.557010969,0.003272178,0.014139235,0.018638776,-0.421355753,0.390854825,0.723962877,-0.381535827,0.009969948,0.010595281,0.018658023,0.10071214214455887,False,0.002171556268767797,True
star,asymmetric,fgr,hard,3,134.51870050940724,0.3921129958519128,False,134.51870050940724,0.3921129958519128,False,0.0,itodd_star.ply,0.06871,0.000687,7634,4580,0.52149919,0.236367805,0.072346362,0.816660798,-0.012049827,-0.004928526,0.01856136,-0.421355753,0.390854825,0.723962877,-0.381535827,0.009969948,0.010595281,0.018658023,0.2567571411976894,False,0.11086236898231824,False
star,asymmetric,icp_pt2pt,hard,4,175.82894117161854,0.1108128547444899,False,175.82894117161854,0.1108128547444899,False,0.0,itodd_star.ply,0.06871,0.000687,7634,4580,0.482055973,-0.02106234,-0.004163141,0.875877323,0.000367808,0.003122162,-0.005892277,-0.015047979,0.478171353,0.877961354,-0.017594775,-0.005747846,-0.001392801,-0.005461532,0.15336652315019683,False,0.09556801964439389,True
star,asymmetric,icp_pt2pl,hard,4,179.55160576781722,0.1719386287912417,False,179.55160576781722,0.1719386287912417,False,0.0,itodd_star.ply,0.06871,0.000687,7634,4580,0.481220964,0.000346945,0.021164493,0.876343727,0.00569535,0.001532738,-0.005709244,-0.015047979,0.478171353,0.877961354,-0.017594775,-0.005747846,-0.001392801,-0.005461532,0.15814740041067943,False,0.01433015782010709,True
star,asymmetric,fpfh_ransac,hard,4,30.00692682500227,0.0448509131338098,False,30.00692682500227,0.0448509131338098,False,0.0,itodd_star.ply,0.06871,0.000687,7634,4580,-0.131868348,0.460163106,0.842327693,-0.247678647,-0.004327582,-0.004124873,-0.005585822,-0.015047979,0.478171353,0.877961354,-0.017594775,-0.005747846,-0.001392801,-0.005461532,0.07258991559800725,True,0.007279007472636813,True
star,asymmetric,fgr,hard,4,179.92774560498594,0.1730014817638043,False,179.92774560498594,0.1730014817638043,False,0.0,itodd_star.ply,0.06871,0.000687,7634,4580,0.478502589,0.008620443,0.020379862,0.87780728,0.005792105,0.001455527,-0.005580926,-0.015047979,0.478171353,0.877961354,-0.017594775,-0.005747846,-0.001392801,-0.005461532,0.15848150491198026,False,0.006957815580722115,True
star,asymmetric,icp_pt2pt,hard,5,5.137133876609744,0.3588310481662533,False,5.137133876609744,0.3588310481662533,False,0.0,itodd_star.ply,0.06871,0.000687,7634,4580,0.0,0.0,0.0,1.0,0.0,0.0,0.0,0.00255822,-0.031015625,-0.032246938,0.998995306,-0.022279369,-0.000306665,0.010555204,0.21368362984426376,False,0.38117187615797804,False
star,asymmetric,icp_pt2pl,hard,5,5.137133876609744,0.3588310481662533,False,5.137133876609744,0.3588310481662533,False,0.0,itodd_star.ply,0.06871,0.000687,7634,4580,0.0,0.0,0.0,1.0,0.0,0.0,0.0,0.00255822,-0.031015625,-0.032246938,0.998995306,-0.022279369,-0.000306665,0.010555204,0.21368362984426376,False,0.38117187615797804,False
star,asymmetric,fpfh_ransac,hard,5,59.72418125199758,0.3231374027830365,False,59.72418125199758,0.3231374027830365,False,0.0,itodd_star.ply,0.06871,0.000687,7634,4580,-0.013416864,-0.027688095,-0.525374698,0.850314521,-0.011459386,0.019081113,0.010555603,0.00255822,-0.031015625,-0.032246938,0.998995306,-0.022279369,-0.000306665,0.010555204,0.11981020154215785,False,0.0025445452465831793,True
star,asymmetric,fgr,hard,5,15.786345338803876,0.0843125970470199,False,15.786345338803876,0.0843125970470199,False,0.0,itodd_star.ply,0.06871,0.000687,7634,4580,0.009376062,-0.032412187,0.105134966,0.993885395,-0.017129615,-0.002954991,0.010393074,0.00255822,-0.031015625,-0.032246938,0.998995306,-0.022279369,-0.000306665,0.010555204,0.03589294581469407,True,0.1787902115918305,False
star,asymmetric,icp_pt2pt,hard,6,53.09958726484608,0.2028756559883961,False,53.09958726484608,0.2028756559883961,False,0.0,itodd_star.ply,0.06871,0.000687,7634,4580,0.261319647,0.440380952,0.00716442,0.858909385,0.001592115,-0.001809679,0.002934597,0.037276025,0.511350536,0.390312529,0.76471384,0.015475359,-0.003057107,0.003032241,0.16482097696253145,False,0.23036727553086045,False
star,asymmetric,icp_pt2pl,hard,6,42.21274424453588,0.1917234793489101,False,42.21274424453588,0.1917234793489101,False,0.0,itodd_star.ply,0.06871,0.000687,7634,4580,0.219280629,0.464067617,0.088804723,0.853622267,0.002303862,-0.002902801,0.002882398,0.037276025,0.511350536,0.390312529,0.76471384,0.015475359,-0.003057107,0.003032241,0.15511641975702992,False,0.2453899261116157,False
star,asymmetric,fpfh_ransac,hard,6,179.95710823432532,0.1712614317507902,False,179.95710823432532,0.1712614317507902,False,0.0,itodd_star.ply,0.06871,0.000687,7634,4580,-0.47564777,0.715212573,-0.463319114,-0.21809533,0.010656744,-0.011370471,-0.003760298,0.037276025,0.511350536,0.390312529,0.76471384,0.015475359,-0.003057107,0.003032241,0.18307561769049252,False,0.6835532739843947,False
star,asymmetric,fgr,hard,6,45.78133447756333,0.1885595030565449,False,45.78133447756333,0.1885595030565449,False,0.0,itodd_star.ply,0.06871,0.000687,7634,4580,0.233925328,0.458264864,0.061955106,0.855239042,0.004645838,-0.010167896,0.002920966,0.037276025,0.511350536,0.390312529,0.76471384,0.015475359,-0.003057107,0.003032241,0.16253929769430261,False,0.13685309953597943,False
star,asymmetric,icp_pt2pt,hard,7,19.773012306798325,0.4174779870267016,False,19.773012306798325,0.4174779870267016,False,0.0,itodd_star.ply,0.06871,0.000687,7634,4580,0.0,0.0,0.0,1.0,0.0,0.0,0.0,-0.037042758,0.159562368,-0.051454598,0.98514979,-0.002653218,0.022858963,0.017124369,0.27533093750198173,False,0.4902658058153928,False
star,asymmetric,icp_pt2pl,hard,7,19.773012306798325,0.4174779870267016,False,19.773012306798325,0.4174779870267016,False,0.0,itodd_star.ply,0.06871,0.000687,7634,4580,0.0,0.0,0.0,1.0,0.0,0.0,0.0,-0.037042758,0.159562368,-0.051454598,0.98514979,-0.002653218,0.022858963,0.017124369,0.27533093750198173,False,0.4902658058153928,False
star,asymmetric,fpfh_ransac,hard,7,29.988230822936924,0.1747409370497334,False,29.988230822936924,0.1747409370497334,False,0.0,itodd_star.ply,0.06871,0.000687,7634,4580,-0.078037189,0.143103004,0.20494735,0.965105337,-0.013851277,0.018529259,0.017021897,-0.037042758,0.159562368,-0.051454598,0.98514979,-0.002653218,0.022858963,0.017124369,0.08084440357546736,True,0.0035790423384102904,True
star,asymmetric,fgr,hard,7,15.07450698795691,0.147924676752799,False,15.07450698795691,0.147924676752799,False,0.0,itodd_star.ply,0.06871,0.000687,7634,4580,-0.058032876,0.154440996,0.078197948,0.983191357,-0.012770726,0.023824955,0.017041945,-0.037042758,0.159562368,-0.051454598,0.98514979,-0.002653218,0.022858963,0.017124369,0.06656614812612355,True,0.1604284913481015,False
star,asymmetric,icp_pt2pt,hard,8,179.94393748524945,0.5278095895205858,False,179.94393748524945,0.5278095895205858,False,0.0,itodd_star.ply,0.06871,0.000687,7634,4580,-0.391245586,-0.319264886,0.001535029,0.86313062,-0.006239605,0.005917495,0.017387488,0.848595077,0.158517839,-0.241604875,0.44315412,-0.003821965,-0.001114849,-0.018107522,0.385876448583032,False,1.1095634399459293,False
star,asymmetric,icp_pt2pl,hard,8,179.7959871545245,0.5168336279480892,False,179.7959871545245,0.5168336279480892,False,0.0,itodd_star.ply,0.06871,0.000687,7634,4580,-0.367514537,-0.347268458,0.066457066,0.86018669,-0.003719693,-0.000509483,0.017398627,0.848595077,0.158517839,-0.241604875,0.44315412,-0.003821965,-0.001114849,-0.018107522,0.3410378123729636,False,1.1078215301124084,False
star,asymmetric,fpfh_ransac,hard,8,30.0445380433653,0.0284705976206395,False,30.0445380433653,0.0284705976206395,False,0.0,itodd_star.ply,0.06871,0.000687,7634,4580,0.778769248,0.373248273,-0.118464283,0.490071831,-0.002766708,-0.002762015,-0.018111096,0.848595077,0.158517839,-0.241604875,0.44315412,-0.003821965,-0.001114849,-0.018107522,0.0683005193781508,True,0.0018995736442435193,True
star,asymmetric,fgr,hard,8,179.85605825011072,0.519736741414288,False,179.85605825011072,0.519736741414288,False,0.0,itodd_star.ply,0.06871,0.000687,7634,4580,-0.488049595,-0.124435993,-0.363866544,0.783533289,-0.003003307,0.002658461,0.01739406,0.848595077,0.158517839,-0.241604875,0.44315412,-0.003821965,-0.001114849,-0.018107522,0.36105969910956087,False,1.1070420113324817,False
star,asymmetric,icp_pt2pt,hard,9,178.08635161471923,0.1583299237769774,False,178.08635161471923,0.1583299237769774,False,0.0,itodd_star.ply,0.06871,0.000687,7634,4580,0.638309666,-0.267685565,0.006276171,0.721710343,0.000472083,0.000355616,0.00038775,-0.672416047,0.225846324,0.074073178,0.700973082,0.001537389,-0.010403594,-0.000817522,0.13987221541242376,False,0.6967964012992915,False
star,asymmetric,icp_pt2pl,hard,9,179.89133506544107,0.2044896707685856,False,179.89133506544107,0.2044896707685856,False,0.0,itodd_star.ply,0.06871,0.000687,7634,4580,0.64363516,-0.28873978,0.003036966,0.708769284,0.001413602,0.003610879,0.000179135,-0.672416047,0.225846324,0.074073178,0.700973082,0.001537389,-0.010403594,-0.000817522,0.18467469305870646,False,0.7035766291181075,False
star,asymmetric,fpfh_ransac,hard,9,179.93365508497484,0.3052272142709515,False,179.93365508497484,0.3052272142709515,False,0.0,itodd_star.ply,0.06871,0.000687,7634,4580,-0.226499777,-0.67180986,0.701339683,-0.074108106,-0.001459313,0.010353251,-0.000832598,-0.672416047,0.225846324,0.074073178,0.700973082,0.001537389,-0.010403594,-0.000817522,0.2679131931302052,False,0.0028260801519315996,True
star,asymmetric,fgr,hard,9,14.519964490546371,0.0981336615457471,False,14.519964490546371,0.0981336615457471,False,0.0,itodd_star.ply,0.06871,0.000687,7634,4580,-0.638461124,0.310208187,-0.01398148,0.704232058,-0.004169729,-0.006813892,-0.000902632,-0.672416047,0.225846324,0.074073178,0.700973082,0.001537389,-0.010403594,-0.000817522,0.05675295975189136,True,0.12804960667038226,False
star,asymmetric,icp_pt2pt,hard,10,15.559310504456372,0.0653177767508129,False,15.559310504456372,0.0653177767508129,False,0.0,itodd_star.ply,0.06871,0.000687,7634,4580,0.460911447,-0.305317271,-0.021648715,0.832990597,-0.001567461,-0.004829166,0.008456552,0.415756483,-0.365972242,-0.133739834,0.82178131,0.002918377,-0.004707152,0.008521132,0.05675235716485355,True,0.1417135698272735,False
star,asymmetric,icp_pt2pl,hard,10,0.2227124303569074,0.0008407230311869,True,0.2227124303569074,0.0008407230311869,True,0.0,itodd_star.ply,0.06871,0.000687,7634,4580,0.417413936,-0.365249721,-0.133168344,0.821355246,0.002887278,-0.004658854,0.008527227,0.415756483,-0.365972242,-0.133739834,0.82178131,0.002918377,-0.004707152,0.008521132,0.0010876637192284294,True,0.0016952249288314468,True
star,asymmetric,fpfh_ransac,hard,10,179.68702580811572,0.258949984377087,False,179.68702580811572,0.258949984377087,False,0.0,itodd_star.ply,0.06871,0.000687,7634,4580,-0.535235646,0.63558547,-0.171700628,0.529219054,0.002600214,-0.004729473,-0.009268371,0.415756483,-0.365972242,-0.133739834,0.82178131,0.002918377,-0.004707152,0.008521132,0.1305557856074536,False,0.8971220300835445,False
star,asymmetric,fgr,hard,10,0.1905277606389323,0.0010405421733245,True,0.1905277606389323,0.0010405421733245,True,0.0,itodd_star.ply,0.06871,0.000687,7634,4580,0.417215276,-0.365317327,-0.133561122,0.821362339,0.002880177,-0.004647248,0.008529123,0.415756483,-0.365972242,-0.133739834,0.82178131,0.002918377,-0.004707152,0.008521132,0.0011951027750706094,True,0.0017321878866506384,True
star,asymmetric,icp_pt2pt,hard,11,4.815348968056027,0.100329544917515,False,4.815348968056027,0.100329544917515,False,0.0,itodd_star.ply,0.06871,0.000687,7634,4580,-0.018855824,-0.020854692,-0.002481648,0.999601611,-0.000301702,0.000283608,0.004673104,-0.017974468,-0.021147051,0.039519818,0.998833272,0.005697509,-0.003110704,0.004772827,0.0381113175311761,True,0.12926225083516624,False
star,asymmetric,icp_pt2pl,hard,11,14.112314328831674,0.0736562160893842,False,14.112314328831674,0.0736562160893842,False,0.0,itodd_star.ply,0.06871,0.000687,7634,4580,-0.021369042,-0.018950864,-0.083458789,0.996101832,0.00109411,-0.001010541,0.004669527,-0.017974468,-0.021147051,0.039519818,0.998833272,0.005697509,-0.003110704,0.004772827,0.03240926924368491,True,0.15773674978707342,False
star,asymmetric,fpfh_ransac,hard,11,179.8752137604115,0.1494524738111317,False,179.8752137604115,0.1494524738111317,False,0.0,itodd_star.ply,0.06871,0.000687,7634,4580,0.849656403,-0.526466867,-0.029977653,0.004239593,0.005174839,-0.002725969,-0.005475471,-0.017974468,-0.021147051,0.039519818,0.998833272,0.005697509,-0.003110704,0.004772827,0.14136642168038063,False,0.6983754015541894,False
star,asymmetric,fgr,hard,11,15.103328953394096,0.0781758594974891,False,15.103328953394096,0.0781758594974891,False,0.0,itodd_star.ply,0.06871,0.000687,7634,4580,-0.021269948,-0.018538354,-0.092073101,0.995352431,0.000542606,-0.001604253,0.004673301,-0.017974468,-0.021147051,0.039519818,0.998833272,0.005697509,-0.003110704,0.004772827,0.03222349391127868,True,0.15716134568084128,False
star,asymmetric,icp_pt2pt,hard,12,113.6087677091408,0.3141003007022898,False,113.6087677091408,0.3141003007022898,False,0.0,itodd_star.ply,0.06871,0.000687,7634,4580,-0.20162555,0.134388372,0.122081166,0.96248797,-0.001090744,-0.00078375,-0.008907063,-0.377152436,-0.428360254,-0.540464291,0.618192432,-0.00721663,-0.016477379,0.004581977,0.17867820963880457,False,0.6045588560125877,False
star,asymmetric,icp_pt2pl,hard,12,40.91902087288634,0.1979567522183305,False,40.91902087288634,0.1979567522183305,False,0.0,itodd_star.ply,0.06871,0.000687,7634,4580,-0.205063728,-0.517414958,-0.289724638,0.77864643,0.000618062,-0.005375419,0.003977049,-0.377152436,-0.428360254,-0.540464291,0.618192432,-0.00721663,-0.016477379,0.004581977,0.14098536554070876,False,0.2404969539441758,False
star,asymmetric,fpfh_ransac,hard,12,120.124246507551,0.4539570661989117,False,120.124246507551,0.4539570661989117,False,0.0,itodd_star.ply,0.06871,0.000687,7634,4580,0.559325175,-0.113356058,0.805498112,0.159619998,-0.010689774,0.01451988,0.00457958,-0.377152436,-0.428360254,-0.540464291,0.618192432,-0.00721663,-0.016477379,0.004581977,0.40141937786309967,False,0.0011583890556383458,True
star,asymmetric,fgr,hard,12,75.48537095493931,0.3904068735756266,False,75.48537095493931,0.3904068735756266,False,0.0,itodd_star.ply,0.06871,0.000687,7634,4580,-0.034894151,-0.570514457,-0.049772675,0.819035001,0.018816192,-0.010007918,0.004520409,-0.377152436,-0.428360254,-0.540464291,0.618192432,-0.00721663,-0.016477379,0.004581977,0.18976069189022204,False,0.12952131347463156,False
star,asymmetric,icp_pt2pt,hard,13,71.9327524352634,0.0546306737522372,False,71.9327524352634,0.0546306737522372,False,0.0,itodd_star.ply,0.06871,0.000687,7634,4580,0.251081762,0.178351926,0.008728843,0.951352903,0.000505044,-0.001942838,0.007791246,0.098166833,0.29448147,0.565032876,0.764448681,-0.000454498,-0.005570573,0.007884713,0.0980731026017141,True,0.14534554339439645,False
star,asymmetric,icp_pt2pl,hard,13,72.6554149963853,0.0712441152215376,False,72.6554149963853,0.0712441152215376,False,0.0,itodd_star.ply,0.06871,0.000687,7634,4580,0.254349824,0.178420194,0.002685261,0.950507859,-0.001473091,-0.00078321,0.007805965,0.098166833,0.29448147,0.565032876,0.764448681,-0.000454498,-0.005570573,0.007884713,0.09936894105958914,True,0.12311025194239386,False
star,asymmetric,fpfh_ransac,hard,13,60.2164214777623,0.0806930502050484,False,60.2164214777623,0.0806930502050484,False,0.0,itodd_star.ply,0.06871,0.000687,7634,4580,-0.062514707,0.304051614,0.872310409,0.377781787,0.00453394,-0.003150705,0.007883872,0.098166833,0.29448147,0.565032876,0.764448681,-0.000454498,-0.005570573,0.007884713,0.09161068758635868,True,0.0021954215391156323,True
star,asymmetric,fgr,hard,13,74.8961459938588,0.088346115314358,False,74.8961459938588,0.088346115314358,False,0.0,itodd_star.ply,0.06871,0.000687,7634,4580,0.258648017,0.172756898,-0.015561378,0.950270541,-0.001047849,0.000470052,0.007804172,0.098166833,0.29448147,0.565032876,0.764448681,-0.000454498,-0.005570573,0.007884713,0.10277069254301946,False,0.14437320721621785,False
star,asymmetric,icp_pt2pt,hard,14,3.658666050245853,0.0058705818130619,False,3.658666050245853,0.0058705818130619,False,0.0,itodd_star.ply,0.06871,0.000687,7634,4580,0.456627165,-0.266124507,0.050225055,0.847435439,0.000341531,0.00020903,5.379e-06,0.463596078,-0.246783617,0.074650344,0.847705048,4.009e-06,-6.87e-06,-4.1207e-05,0.011849603376461454,True,0.0251143751939088,True
star,asymmetric,icp_pt2pl,hard,14,0.1671393619064549,0.0010548986535674,True,0.1671393619064549,0.0010548986535674,True,0.0,itodd_star.ply,0.06871,0.000687,7634,4580,0.463389191,-0.248024411,0.075321114,0.847396648,6.5586e-05,-2.8804e-05,-9.889e-06,0.463596078,-0.246783617,0.074650344,0.847705048,4.009e-06,-6.87e-06,-4.1207e-05,0.0011609006988647335,True,0.0018593514043229592,True
star,asymmetric,fpfh_ransac,hard,14,30.026514344619923,0.0014448409503277,False,30.026514344619923,0.0014448409503277,False,0.0,itodd_star.ply,0.06871,0.000687,7634,4580,0.512655709,-0.120065624,0.292288333,0.798333201,6.813e-05,6.0806e-05,-7.091e-06,0.463596078,-0.246783617,0.074650344,0.847705048,4.009e-06,-6.87e-06,-4.1207e-05,0.07251210791577586,True,0.0026150115976000658,True
star,asymmetric,fgr,hard,14,14.657143914639423,0.0773799306448369,False,14.657143914639423,0.0773799306448369,False,0.0,itodd_star.ply,0.06871,0.000687,7634,4580,0.428785397,-0.308779907,-0.031567673,0.848411182,0.005318545,-0.00015948,-2.607e-05,0.463596078,-0.246783617,0.074650344,0.847705048,4.009e-06,-6.87e-06,-4.1207e-05,0.0536318901067353,True,0.14130575137022117,False
star,asymmetric,icp_pt2pt,hard,15,179.82008565978106,0.165104968641739,False,179.82008565978106,0.165104968641739,False,0.0,itodd_star.ply,0.06871,0.000687,7634,4580,0.438015245,0.25656852,-0.047549024,0.860264105,0.002044569,-0.001944613,0.00376041,-0.435781368,0.74266734,-0.507810345,-0.025854869,-0.005125645,-0.005171574,-0.004416875,0.14899128901947337,False,0.7300173238946824,False
star,asymmetric,icp_pt2pl,hard,15,179.8489141107679,0.1771246976081149,False,179.8489141107679,0.1771246976081149,False,0.0,itodd_star.ply,0.06871,0.000687,7634,4580,0.448976588,0.239478871,-0.081287807,0.857007693,0.003073259,-0.001325231,0.003713118,-0.435781368,0.74266734,-0.507810345,-0.025854869,-0.005125645,-0.005171574,-0.004416875,0.15090635984462253,False,0.7285683791278436,False
star,asymmetric,fpfh_ransac,hard,15,60.05788502267676,0.1069395118542573,False,60.05788502267676,0.1069395118542573,False,0.0,itodd_star.ply,0.06871,0.000687,7634,4580,0.748966832,-0.424159538,0.453615232,-0.231020763,0.001997381,-0.006974969,-0.00442581,-0.435781368,0.74266734,-0.507810345,-0.025854869,-0.005125645,-0.005171574,-0.004416875,0.1264501695909824,False,0.0017656794067540719,True
star,asymmetric,fgr,hard,15,179.74168159436795,0.1741147105983183,False,179.74168159436795,0.1741147105983183,False,0.0,itodd_star.ply,0.06871,0.000687,7634,4580,-0.491080806,0.135029542,0.643555001,-0.571352453,-0.007063095,0.003355796,0.003747208,-0.435781368,0.74266734,-0.507810345,-0.025854869,-0.005125645,-0.005171574,-0.004416875,0.18888441201729064,False,0.7318010695955018,False
star,asymmetric,icp_pt2pt,hard,16,1.429981769605496,0.0099410462752496,True,1.429981769605496,0.0099410462752496,True,0.0,itodd_star.ply,0.06871,0.000687,7634,4580,0.462660213,0.371614997,-0.021425512,0.804604728,0.001750759,0.001165399,7.3126e-05,0.458866886,0.377208922,-0.010937787,0.804384843,0.001913421,0.001827307,0.00011752,0.01039820998710129,True,0.01621742911623849,True
star,asymmetric,icp_pt2pl,hard,16,0.1958724334368646,0.00093166411144,True,0.1958724334368646,0.00093166411144,True,0.0,itodd_star.ply,0.06871,0.000687,7634,4580,0.458738899,0.376748374,-0.009326042,0.804693923,0.001949447,0.001874992,0.000140457,0.458866886,0.377208922,-0.010937787,0.804384843,0.001913421,0.001827307,0.00011752,0.0011366955531792553,True,0.0019146819891916304,True
star,asymmetric,fpfh_ransac,hard,16,114.84658252172773,0.2364426172571126,False,114.84658252172773,0.2364426172571126,False,0.0,itodd_star.ply,0.06871,0.000687,7634,4580,-0.564513967,0.185468213,0.682847012,-0.425024094,0.006413705,-0.013782673,4.7646e-05,0.458866886,0.377208922,-0.010937787,0.804384843,0.001913421,0.001827307,0.00011752,0.22416023241716249,False,0.198873122149616,False
star,asymmetric,fgr,hard,16,14.438300334496343,0.0782531651772547,False,14.438300334496343,0.0782531651772547,False,0.0,itodd_star.ply,0.06871,0.000687,7634,4580,0.410996002,0.429843631,0.092785862,0.798565917,0.004387984,0.006600763,0.000125547,0.458866886,0.377208922,-0.010937787,0.804384843,0.001913421,0.001827307,0.00011752,0.054029344359348704,True,0.12861175527221952,False
star,asymmetric,icp_pt2pt,hard,17,178.84486886839767,0.6048419630264652,False,178.84486886839767,0.6048419630264652,False,0.0,itodd_star.ply,0.06871,0.000687,7634,4580,0.617326678,0.115712751,0.538624236,-0.561606859,0.007802379,0.015064252,-0.015721451,0.723734505,0.312717464,-0.489534019,0.372521943,-0.009528384,0.00680353,0.02113655,0.33422578410181225,False,1.157449739539305,False
star,asymmetric,icp_pt2pl,hard,17,179.4758692158635,0.6706549450380389,False,179.4758692158635,0.6706549450380389,False,0.0,itodd_star.ply,0.06871,0.000687,7634,4580,-0.264132844,-0.555862939,-0.146968336,0.774371062,0.000721632,-0.006995639,-0.02161774,0.723734505,0.312717464,-0.489534019,0.372521943,-0.009528384,0.00680353,0.02113655,0.43220890512066373,False,1.2467448625104016,False
star,asymmetric,fpfh_ransac,hard,17,119.89399800539248,0.2947527214623308,False,119.89399800539248,0.2947527214623308,False,0.0,itodd_star.ply,0.06871,0.000687,7634,4580,0.633702601,-0.469599854,-0.566949275,-0.237624725,0.01063887,0.004949198,0.021171924,0.723734505,0.312717464,-0.489534019,0.372521943,-0.009528384,0.00680353,0.02113655,0.16758986104291337,False,0.0021399505365235,True
star,asymmetric,fgr,hard,17,179.92580387050688,0.7248056907741605,False,179.92580387050688,0.7248056907741605,False,0.0,itodd_star.ply,0.06871,0.000687,7634,4580,-0.150888715,-0.596348735,-0.002745131,0.788411851,-0.001729193,-0.017129764,-0.021834649,0.723734505,0.312717464,-0.489534019,0.372521943,-0.009528384,0.00680353,0.02113655,0.504361933678935,False,1.2492500236790407,False
star,asymmetric,icp_pt2pt,hard,18,109.68462303513382,0.4197991418660075,False,109.68462303513382,0.4197991418660075,False,0.0,itodd_star.ply,0.06871,0.000687,7634,4580,0.325304042,0.104916199,0.402794376,0.849073944,-0.014376433,0.012148998,0.009211434,-0.073260991,0.719589724,-0.127138863,-0.678718768,0.012342972,0.007843172,0.01918761,0.3345229544616041,False,0.5628954061402257,False
star,asymmetric,icp_pt2pl,hard,18,179.69055495661638,0.6072869591270658,False,179.69055495661638,0.6072869591270658,False,0.0,itodd_star.ply,0.06871,0.000687,7634,4580,0.406491306,0.551783115,-0.386098282,0.617436903,-0.000956499,0.003492179,-0.020122585,-0.073260991,0.719589724,-0.127138863,-0.678718768,0.012342972,0.007843172,0.01918761,0.3706067819989524,False,1.238979780588704,False
star,asymmetric,fpfh_ransac,hard,18,0.0394980240422632,0.0006250863563992,True,0.0394980240422632,0.0006250863563992,True,0.0,itodd_star.ply,0.06871,0.000687,7634,4580,-0.073566981,0.719671288,-0.127049781,-0.678615863,0.012365873,0.007809711,0.019201773,-0.073260991,0.719589724,-0.127138863,-0.678718768,0.012342972,0.007843172,0.01918761,0.000642179706836843,True,0.0007652264962481205,True
star,asymmetric,fgr,hard,18,15.23839316079162,0.0891952793709319,False,15.23839316079162,0.0891952793709319,False,0.0,itodd_star.ply,0.06871,0.000687,7634,4580,0.020952657,0.725405388,-0.033992091,-0.687162679,0.018468286,0.007681163,0.019304751,-0.073260991,0.719589724,-0.127138863,-0.678718768,0.012342972,0.007843172,0.01918761,0.08531153508049934,True,0.16889562956405604,False
star,asymmetric,icp_pt2pt,hard,19,143.9237930592237,0.574166180586385,False,143.9237930592237,0.574166180586385,False,0.0,itodd_star.ply,0.06871,0.000687,7634,4580,0.121730424,0.316036777,0.081482194,0.937370317,0.002555478,-0.004209543,0.013990796,-0.528018266,-0.516117235,-0.308450606,0.599731552,-0.015596319,-0.001381132,-0.020921588,0.3501571444567081,False,1.0383808128960441,False
star,asymmetric,icp_pt2pl,hard,19,179.08616829791526,0.7105025029170207,False,179.08616829791526,0.7105025029170207,False,0.0,itodd_star.ply,0.06871,0.000687,7634,4580,0.111483353,0.670188587,0.120832627,0.723752855,0.010206463,-0.006410798,0.020214197,-0.528018266,-0.516117235,-0.308450606,0.599731552,-0.015596319,-0.001381132,-0.020921588,0.4666372997950236,False,1.2323309454798408,False
star,asymmetric,fpfh_ransac,hard,19,120.01144067565632,0.3944761828716326,False,120.01144067565632,0.3944761828716326,False,0.0,itodd_star.ply,0.06871,0.000687,7634,4580,-0.183448981,0.715232221,-0.364811172,-0.567187932,0.009012527,-0.012741092,-0.020932854,-0.528018266,-0.516117235,-0.308450606,0.599731552,-0.015596319,-0.001381132,-0.020921588,0.25645707101750614,False,0.0009684882274873855,True
star,asymmetric,fgr,hard,19,31.294495164251448,0.2287292767259512,False,31.294495164251448,0.2287292767259512,False,0.0,itodd_star.ply,0.06871,0.000687,7634,4580,-0.368233476,-0.640957285,-0.136871837,0.659426998,-0.002202877,-0.009602282,-0.021056429,-0.528018266,-0.516117235,-0.308450606,0.599731552,-0.015596319,-0.001381132,-0.020921588,0.17153069452876987,False,0.16121221104551417,False
cylinder,axisymmetric,icp_pt2pt,easy,0,3.3821720227515395,0.0296695262756347,False,0.1341442382408857,0.0296516139167514,False,356.75,itodd_cylinder.ply,0.114891,0.001149,12443,12443,0.002838452,-0.005604424,0.014442038,0.999875973,-0.001550689,-0.000620495,-0.000619466,0.002639204,-0.005540826,-0.015071167,0.999867588,-0.001587708,-0.000514416,-0.004026377,0.027940278146126492,True,0.029771469449493364,True
cylinder,axisymmetric,icp_pt2pl,easy,0,0.3279981659603667,0.0001023328304957,True,0.0782131828848811,3.169755130790278e-05,True,359.75,itodd_cylinder.ply,0.114891,0.001149,12443,12443,0.002650956,-0.005472131,-0.012209964,0.999906968,-0.001584786,-0.000525556,-0.004028741,0.002639204,-0.005540826,-0.015071167,0.999867588,-0.001587708,-0.000514416,-0.004026377,0.0009543133066861648,True,0.0011294775112702592,True
cylinder,axisymmetric,fpfh_ransac,easy,0,0.3325811175908794,0.0001035147420566,True,0.082781487784352,3.245519701068517e-05,True,359.75,itodd_cylinder.ply,0.114891,0.001149,12443,12443,0.002651116,-0.005471973,-0.012169966,0.999907456,-0.001584742,-0.000525688,-0.00402874,0.002639204,-0.005540826,-0.015071167,0.999867588,-0.001587708,-0.000514416,-0.004026377,0.0009676267833553214,True,0.0011447937077208397,True
cylinder,axisymmetric,fgr,easy,0,13.788635219670038,0.0036129227543328,False,0.0540466758428586,0.0009202985939273,True,13.75,itodd_cylinder.ply,0.114891,0.001149,12443,12443,0.001957101,-0.005748164,-0.134984857,0.990829055,-0.001666273,-0.000106826,-0.004026609,0.002639204,-0.005540826,-0.015071167,0.999867588,-0.001587708,-0.000514416,-0.004026377,0.033240209037901966,True,0.0016632922797871841,True
cylinder,axisymmetric,icp_pt2pt,easy,1,0.0647533206539463,5.065706908113338e-05,True,0.0647533206539463,5.065706908113337e-05,True,0.0,itodd_cylinder.ply,0.114891,0.001149,12443,12443,0.034127161,0.051605126,-0.008928447,0.998044353,-0.000157704,0.000121058,-1.6011e-05,0.034169306,0.051616037,-0.0094918,0.998037148,-0.00015319,0.000121378,-1.2351e-05,0.0001960834756518498,True,0.00026921213377462843,True
cylinder,axisymmetric,icp_pt2pl,easy,1,0.4667348244155535,5.766107855974323e-05,True,0.0334394407134513,6.358018980118882e-05,True,359.5,itodd_cylinder.ply,0.114891,0.001149,12443,12443,0.033963873,0.051734318,-0.005425798,0.998068423,-0.000154454,0.000119257,-6.203e-06,0.034169306,0.051616037,-0.0094918,0.998037148,-0.00015319,0.000121378,-1.2351e-05,0.0013603597363323705,True,0.0017764581340538777,True
cylinder,axisymmetric,fpfh_ransac,easy,1,179.99768356938677,0.0029629835820127,False,179.78920355016595,0.0067109547875718,False,181.25,itodd_cylinder.ply,0.114891,0.001149,12443,12443,-0.349808722,0.934775155,-0.049734265,-0.036820794,0.00016626,0.000237396,-3.1777e-05,0.034169306,0.051616037,-0.0094918,0.998037148,-0.00015319,0.000121378,-1.2351e-05,0.05205671704770484,True,0.9100548767225507,False
cylinder,axisymmetric,fgr,easy,1,46.69398244281097,0.0017066730388194,False,0.4580118848115301,0.0029949873324184,True,313.75,itodd_cylinder.ply,0.114891,0.001149,12443,12443,0.010926543,0.06091863,0.386807088,0.920081414,-0.000164284,-7.4335e-05,-7.759e-06,0.034169306,0.051616037,-0.0094918,0.998037148,-0.00015319,0.000121378,-1.2351e-05,0.047188932503977314,True,0.005244774920228613,True
cylinder,axisymmetric,icp_pt2pt,easy,2,6.891463869020995,0.003406642580807,False,0.1100481524624182,0.0003061771686947,True,353.0,itodd_cylinder.ply,0.114891,0.001149,12443,12443,0.054649971,0.008863564,0.00675695,0.998443369,0.00191891,0.00281199,0.002324209,0.055359501,0.005435693,-0.053254745,0.997030446,0.002233854,0.002579727,0.002331404,0.019065066528751083,True,0.0038791115595454588,True
cylinder,axisymmetric,icp_pt2pl,easy,2,3.1115698752943235,0.0016087717342134,False,0.1119083428930457,0.0002778144761306,True,357.0,itodd_cylinder.ply,0.114891,0.001149,12443,12443,0.055208075,0.006974114,-0.026167456,0.998107557,0.002088242,0.00269357,0.002331703,0.055359501,0.005435693,-0.053254745,0.997030446,0.002233854,0.002579727,0.002331404,0.00909559936258534,True,0.0033416194262505996,True
cylinder,axisymmetric,fpfh_ransac,easy,2,86.91876086243194,0.0402376427136476,False,0.8531948549550522,0.0049922805340454,True,272.25,itodd_cylinder.ply,0.114891,0.001149,12443,12443,0.036445709,0.042059537,0.647140023,0.760337094,-0.002381252,0.002310631,0.002330419,0.055359501,0.005435693,-0.053254745,0.997030446,0.002233854,0.002579727,0.002331404,0.05394016013227885,True,0.008670150037505684,True
cylinder,axisymmetric,fgr,easy,2,3.1612755200343656,0.0016332773553375,False,0.0891834761180959,0.000191445038322,True,356.75,itodd_cylinder.ply,0.114891,0.001149,12443,12443,0.055204765,0.006996797,-0.025734441,0.998118839,0.002085972,0.002695238,0.002331543,0.055359501,0.005435693,-0.053254745,0.997030446,0.002233854,0.002579727,0.002331404,0.009232157494921747,True,0.0031482920785528765,True
cylinder,axisymmetric,icp_pt2pt,easy,3,3.3710647039610087,0.0004271261360892,False,0.1229463163435332,0.000240492988823,True,3.25,itodd_cylinder.ply,0.114891,0.001149,12443,12443,0.010999743,-0.024132813,-0.008634161,0.999610956,-0.000326984,0.000246153,0.000905171,0.011691943,-0.023948659,0.020773582,0.999428946,-0.000346858,0.000201536,0.000909915,0.009696640687367204,True,0.0023866279698879,True
cylinder,axisymmetric,icp_pt2pl,easy,3,3.710006866620336,0.000295893007275,False,0.0431255966692429,0.0002610999528916,True,3.75,itodd_cylinder.ply,0.114891,0.001149,12443,12443,0.010843706,-0.024319961,-0.011587333,0.999578255,-0.000329812,0.000230922,0.000908653,0.011691943,-0.023948659,0.020773582,0.999428946,-0.000346858,0.000201536,0.000909915,0.010620826883030392,True,0.0012040535704932076,True
cylinder,axisymmetric,fpfh_ransac,easy,3,113.80761434592104,0.0066615047439195,False,1.2168393278203864,0.0064181170865475,True,115.0,itodd_cylinder.ply,0.114891,0.001149,12443,12443,0.013713339,0.02281572,0.825933053,-0.563139396,0.000410762,0.000310015,0.000909734,0.011691943,-0.023948659,0.020773582,0.999428946,-0.000346858,0.000201536,0.000909915,0.045759198749875996,True,0.007599610359142094,True
cylinder,axisymmetric,fgr,easy,3,60.7160388410306,0.8687575517963366,False,43.966105995068354,0.8687548811801264,False,343.25,itodd_cylinder.ply,0.114891,0.001149,12443,12443,0.022218252,-0.014697506,0.52303697,0.851893574,-0.000318655,-0.000249207,-0.098901529,0.011691943,-0.023948659,0.020773582,0.999428946,-0.000346858,0.000201536,0.000909915,0.43829094206335656,False,0.8692239154459074,False
cylinder,axisymmetric,icp_pt2pt,easy,4,0.026055613304983,2.7802519538064275e-05,True,0.0260556132770071,2.7802519538064987e-05,True,0.0,itodd_cylinder.ply,0.114891,0.001149,12443,12443,-0.025726412,0.00652884,-0.007812299,0.999617174,0.001821271,-0.000947272,0.000641074,-0.02568073,0.006524215,-0.008034992,0.999616613,0.001820065,-0.000947569,0.000644017,8.157140730072286e-05,True,0.00012223501610792348,True
cylinder,axisymmetric,icp_pt2pl,easy,4,1.8876563138012283,0.0005602699040851,True,0.1123781697498617,0.0001509124948783,True,358.0,itodd_cylinder.ply,0.114891,0.001149,12443,12443,-0.025838437,0.006103971,0.008431613,0.999611937,0.001849592,-0.000890928,0.00063605,-0.02568073,0.006524215,-0.008034992,0.999616613,0.001820065,-0.000947569,0.000644017,0.005505497540736477,True,0.000497453248428516,True
cylinder,axisymmetric,fpfh_ransac,easy,4,179.9998247287751,0.0348216275750933,False,179.9021204896632,0.0216333964117591,False,180.25,itodd_cylinder.ply,0.114891,0.001149,12443,12443,0.160251707,0.986718581,0.026483706,-0.002108666,-0.001902745,-0.000313751,-0.00067678,-0.02568073,0.006524215,-0.008034992,0.999616613,0.001820065,-0.000947569,0.000644017,0.05587704389056265,True,0.9102608659104643,False
cylinder,axisymmetric,fgr,easy,4,0.3799004479153236,0.0001432032563024,True,0.1205490110975274,7.156620207982728e-05,True,0.5,itodd_cylinder.ply,0.114891,0.001149,12443,12443,-0.025729945,0.00661752,-0.011348394,0.999582609,0.00181291,-0.000960577,0.000636925,-0.02568073,0.006524215,-0.008034992,0.999616613,0.001820065,-0.000947569,0.000644017,0.0011127420300832518,True,0.0014008586174844738,True
cylinder,axisymmetric,icp_pt2pt,easy,5,3.687140541954464,0.0004473831597607,False,0.0633576632851457,0.0002311970381332,True,3.75,itodd_cylinder.ply,0.114891,0.001149,12443,12443,0.007245809,-0.022803953,0.009257683,0.999670832,-3.3314e-05,0.000789216,-0.000105997,0.00797159,-0.022543114,0.041413098,0.998855954,-8.3437e-05,0.000777948,-0.000107666,0.010573666739712426,True,0.0012310656159538016,True
cylinder,axisymmetric,icp_pt2pl,easy,5,2.9279575220127048,0.0003397856689061,False,0.0722411568812335,0.0002099827523747,True,3.0,itodd_cylinder.ply,0.114891,0.001149,12443,12443,0.00740222,-0.022759713,0.015880283,0.999587425,-4.4672e-05,0.000781914,-0.000105299,0.00797159,-0.022543114,0.041413098,0.998855954,-8.3437e-05,0.000777948,-0.000107666,0.00847271372608906,True,0.0033240624544701885,True
cylinder,axisymmetric,fpfh_ransac,easy,5,34.30511498699604,0.0040066913486826,False,0.3165124769573905,0.0022293257785067,True,326.0,itodd_cylinder.ply,0.114891,0.001149,12443,12443,0.014282907,-0.019189304,0.334150314,0.942216184,-0.000487572,0.000557547,-0.000105565,0.00797159,-0.022543114,0.041413098,0.998855954,-8.3437e-05,0.000777948,-0.000107666,0.04358135576671792,True,0.003415733412012299,True
cylinder,axisymmetric,fgr,easy,5,141.85369514370134,0.2899203069889917,False,51.239608214692815,0.282500341973829,False,125.5,itodd_cylinder.ply,0.114891,0.001149,12443,12443,-0.397229876,0.103676644,0.839292778,-0.356436827,0.028565311,0.005165469,0.016308938,0.00797159,-0.022543114,0.041413098,0.998855954,-8.3437e-05,0.000777948,-0.000107666,0.1761767709776358,False,0.6643458885245407,False
cylinder,axisymmetric,icp_pt2pt,easy,6,3.7080959671373366,5.606976510955868e-05,False,0.0486294504009696,0.000302151430296,True,356.25,itodd_cylinder.ply,0.114891,0.001149,12443,12443,-0.027409646,0.06867418,-0.010495861,0.997207303,2.5497e-05,-7.4375e-05,0.000133531,-0.025181024,0.069687212,-0.042749141,0.996334341,2.8648e-05,-6.9569e-05,0.000130621,0.010618815035820931,True,0.001394484825082258,True
cylinder,axisymmetric,icp_pt2pl,easy,6,3.0038253738986893,5.493508499904299e-05,False,0.0153596449262509,0.0001899828164491,True,357.0,itodd_cylinder.ply,0.114891,0.001149,12443,12443,-0.026942233,0.068970243,-0.016617333,0.997116385,3.294e-05,-7.3617e-05,0.00012838,-0.025181024,0.069687212,-0.042749141,0.996334341,2.8648e-05,-6.9569e-05,0.000130621,0.008646222045930182,True,0.004067651925925273,True
cylinder,axisymmetric,fpfh_ransac,easy,6,179.99865944160604,0.0026426137914364,False,179.94689694690234,0.0094524900993033,False,183.0,itodd_cylinder.ply,0.114891,0.001149,12443,12443,0.235226379,0.969115109,0.043463095,-0.05996178,5.6964e-05,-8.0464e-05,-0.000171472,-0.025181024,0.069687212,-0.042749141,0.996334341,2.8648e-05,-6.9569e-05,0.000130621,0.049925661950683535,True,0.9147912983640338,False
cylinder,axisymmetric,fgr,easy,6,5.915298678774649,8.993947793706944e-05,False,0.0873663595089722,0.0003897534083067,True,354.0,itodd_cylinder.ply,0.114891,0.001149,12443,12443,-0.028691185,0.068267273,0.008719215,0.997216311,3.7131e-05,-7.5449e-05,0.000130142,-0.025181024,0.069687212,-0.042749141,0.996334341,2.8648e-05,-6.9569e-05,0.000130621,0.01643171237284596,True,0.0007744700410896798,True
cylinder,axisymmetric,icp_pt2pt,easy,7,0.0481472778285897,4.034142239055594e-05,True,0.0481472778285897,4.034142239055595e-05,True,0.0,itodd_cylinder.ply,0.114891,0.001149,12443,12443,0.013426393,0.016923463,-0.012799847,0.999684696,0.000494334,-0.001750031,9.7599e-05,0.013499157,0.016891277,-0.013212369,0.999678894,0.000491931,-0.001753682,9.6054e-05,0.00014376742560158286,True,0.0002518425960317505,True
cylinder,axisymmetric,icp_pt2pl,easy,7,0.5080986011045339,0.0001424040717631,True,0.0086492601943582,2.44043782257381e-05,True,359.5,itodd_cylinder.ply,0.114891,0.001149,12443,12443,0.013387792,0.016955861,-0.008780517,0.999728047,0.000508049,-0.001751213,9.7396e-05,0.013499157,0.016891277,-0.013212369,0.999678894,0.000491931,-0.001753682,9.6054e-05,0.0014697968955692223,True,0.0018267325317012045,True
cylinder,axisymmetric,fpfh_ransac,easy,7,72.34476246431471,0.0186539623369223,False,0.8599385220418411,0.0044619080849672,True,288.5,itodd_cylinder.ply,0.114891,0.001149,12443,12443,0.000877679,0.02158517,0.579360853,0.814784826,0.001879666,-0.000120469,9.6495e-05,0.013499157,0.016891277,-0.013212369,0.999678894,0.000491931,-0.001753682,9.6054e-05,0.04575891250032733,True,0.005803255138557185,True
cylinder,axisymmetric,fgr,easy,7,39.13203569999747,0.0105851687611125,False,0.3923495371774518,0.0024942536064613,True,321.25,itodd_cylinder.ply,0.114891,0.001149,12443,12443,0.007016742,0.020429439,0.322335108,0.946379143,0.001511948,-0.001091441,9.7205e-05,0.013499157,0.016891277,-0.013212369,0.999678894,0.000491931,-0.001753682,9.6054e-05,0.04635895492241325,True,0.0055348931369142195,True
cylinder,axisymmetric,icp_pt2pt,easy,8,0.0533624199752348,7.262024750182831e-05,True,0.0533624199888948,7.262024750182892e-05,True,0.0,itodd_cylinder.ply,0.114891,0.001149,12443,12443,-0.017242482,0.023735932,0.006309218,0.999549647,-0.000870001,0.001155116,0.001498002,-0.017228123,0.023749733,0.006774456,0.999546522,-0.0008771,0.001150797,0.001498756,0.00016845119405927686,True,0.0002367470456536654,True
cylinder,axisymmetric,icp_pt2pl,easy,8,0.236339748668768,7.382433680248594e-05,True,0.0137945260709174,2.266498030973261e-05,True,0.25,itodd_cylinder.ply,0.114891,0.001149,12443,12443,-0.017187689,0.023792572,0.004712877,0.999558045,-0.000871785,0.001157218,0.001500324,-0.017228123,0.023749733,0.006774456,0.999546522,-0.0008771,0.001150797,0.001498756,0.0006924196371836152,True,0.0008290722343627914,True
cylinder,axisymmetric,fpfh_ransac,easy,8,41.49528284758341,0.0091205546032719,False,0.504911334678685,0.002669505988372,True,319.0,itodd_cylinder.ply,0.114891,0.001149,12443,12443,-0.024533256,0.016104243,0.360426776,0.932325754,-0.001396246,0.000240567,0.001499981,-0.017228123,0.023749733,0.006774456,0.999546522,-0.0008771,0.001150797,0.001498756,0.04555097019542826,True,0.004681157742343128,True
cylinder,axisymmetric,fgr,easy,8,0.2423440062961981,7.513303063323349e-05,True,0.0078910549269842,2.376099339024831e-05,True,0.25,itodd_cylinder.ply,0.114891,0.001149,12443,12443,-0.017186428,0.023793504,0.004660503,0.99955829,-0.000871663,0.001157315,0.001500326,-0.017228123,0.023749733,0.006774456,0.999546522,-0.0008771,0.001150797,0.001498756,0.0007099641974608994,True,0.0008497313394558672,True
cylinder,axisymmetric,icp_pt2pt,easy,9,0.0289090222155669,6.471101808317035e-05,True,0.0289090222155669,6.471101808317035e-05,True,0.0,itodd_cylinder.ply,0.114891,0.001149,12443,12443,-0.01659954,0.003038638,0.003012229,0.999853063,0.002393086,0.003325655,-0.001532527,-0.016579447,0.002929089,0.002785871,0.99985438,0.002396191,0.003325727,-0.001539281,0.00011500714062066833,True,0.00019585572566563315,True
cylinder,axisymmetric,icp_pt2pl,easy,9,0.2154904247798116,0.0001463266263689,True,0.0356569134342813,1.875607774459039e-05,True,0.25,itodd_cylinder.ply,0.114891,0.001149,12443,12443,-0.016635832,0.002988534,0.000907149,0.999856737,0.002409927,0.003316239,-0.001537298,-0.016579447,0.002929089,0.002785871,0.99985438,0.002396191,0.003325727,-0.001539281,0.0006467673206250605,True,0.0008475157911056363,True
cylinder,axisymmetric,fpfh_ransac,easy,9,50.32105036961246,0.0299648438899639,False,0.4431817242785316,0.0030498898946446,True,309.25,itodd_cylinder.ply,0.114891,0.001149,12443,12443,-0.016334494,-0.004394748,0.427615227,0.903802572,-0.000994788,0.003920186,-0.001536804,-0.016579447,0.002929089,0.002785871,0.99985438,0.002396191,0.003325727,-0.001539281,0.05122694995870518,True,0.004529732540249273,True
cylinder,axisymmetric,fgr,easy,9,179.99261722916128,0.0753120113750373,False,179.7198147934576,0.027724494892829,False,177.0,itodd_cylinder.ply,0.114891,0.001149,12443,12443,0.811863041,-0.583603284,-0.007269576,0.015256567,-0.002312266,-0.003266831,0.001500031,-0.016579447,0.002929089,0.002785871,0.99985438,0.002396191,0.003325727,-0.001539281,0.06564173618798504,True,0.9339624837764134,False
cylinder,axisymmetric,icp_pt2pt,easy,10,7.071453357057605,0.0035296645381055,False,0.0831035036159904,0.0005598060299299,True,7.0,itodd_cylinder.ply,0.114891,0.001149,12443,12443,-0.007722385,0.03145075,0.005153429,0.999462184,0.002904747,-0.001705587,-0.000678595,-0.009511451,0.031244525,0.066787107,0.997232568,0.003086208,-0.001343473,-0.000698521,0.019309953837986928,True,0.0039983438132386835,True
cylinder,axisymmetric,icp_pt2pl,easy,10,6.93162341959026,0.0034796607627152,False,0.0699331220341281,0.0004916546604664,True,7.0,itodd_cylinder.ply,0.114891,0.001149,12443,12443,-0.007587392,0.03175183,0.006379805,0.999446622,0.002903938,-0.00169926,-0.000694229,-0.009511451,0.031244525,0.066787107,0.997232568,0.003086208,-0.001343473,-0.000698521,0.018957648868585943,True,0.00383891084599568,True
cylinder,axisymmetric,fpfh_ransac,easy,10,179.99894104943368,0.0583609631875858,False,179.98207982976268,0.012406705502024,False,173.25,itodd_cylinder.ply,0.114891,0.001149,12443,12443,0.577510128,0.815730858,0.024401445,-0.021674608,-0.002514636,0.002084883,0.000656466,-0.009511451,0.031244525,0.066787107,0.997232568,0.003086208,-0.001343473,-0.000698521,0.0625490979130958,True,0.9234060552187998,False
cylinder,axisymmetric,fgr,easy,10,99.15678760205074,0.0438741582517398,False,0.930745577036434,0.0055817046740988,True,98.25,itodd_cylinder.ply,0.114891,0.001149,12443,12443,-0.0176346,-0.027471664,0.715881502,-0.697458245,-0.001752586,-0.00275599,-0.000695796,-0.009511451,0.031244525,0.066787107,0.997232568,0.003086208,-0.001343473,-0.000698521,0.05273094045494828,True,0.009191050276266257,True
cylinder,axisymmetric,icp_pt2pt,easy,11,3.5875474829486174,0.0011931651230689,False,0.0951102627161829,0.0003279981556436,True,3.5,itodd_cylinder.ply,0.114891,0.001149,12443,12443,0.034571532,0.013096618,0.001885235,0.999314632,-0.000186091,0.001933691,0.000888326,0.034326045,0.014422752,0.033157168,0.998756381,-0.000319521,0.001902274,0.000889482,0.010318126332206332,True,0.0016427007939818355,True
cylinder,axisymmetric,icp_pt2pl,easy,11,2.580175990078561,0.0007659987205469,False,0.0801802124454368,0.0001991661082245,True,2.5,itodd_cylinder.ply,0.114891,0.001149,12443,12443,0.034682789,0.013620823,0.01066386,0.999248647,-0.000232668,0.001916417,0.000888183,0.034326045,0.014422752,0.033157168,0.998756381,-0.000319521,0.001902274,0.000889482,0.00749175949291861,True,0.00222814991809787,True
cylinder,axisymmetric,fpfh_ransac,easy,11,169.67586191856685,0.0334451871542688,False,1.4530379215703193,0.0072982513156114,True,191.75,itodd_cylinder.ply,0.114891,0.001149,12443,12443,-0.011252941,0.035521056,0.997687895,0.056837401,0.000107577,-0.001916469,0.000888535,0.034326045,0.014422752,0.033157168,0.998756381,-0.000319521,0.001902274,0.000889482,0.05463863075853759,True,0.00943987780813522,True
cylinder,axisymmetric,fgr,easy,11,7.737604843630289,0.0022809936811103,False,0.0194544701529095,0.0005335155257566,True,7.75,itodd_cylinder.ply,0.114891,0.001149,12443,12443,0.03525896,0.012068748,-0.03430583,0.998716307,-5.9613e-05,0.001935806,0.000888152,0.034326045,0.014422752,0.033157168,0.998756381,-0.000319521,0.001902274,0.000889482,0.020986275568618463,True,0.0013570606833086482,True
cylinder,axisymmetric,icp_pt2pt,easy,12,3.587138477375905,0.001270023421873,False,0.1237106280212955,0.0002328163462026,True,3.5,itodd_cylinder.ply,0.114891,0.001149,12443,12443,-0.003979824,-0.076001191,0.002953158,0.997095411,-0.000595119,0.002241727,0.002329713,-0.001012594,-0.076464473,0.034105257,0.996488329,-0.000732676,0.00219306,0.002330532,0.010621159386267983,True,0.0016379701615216332,True
cylinder,axisymmetric,icp_pt2pl,easy,12,0.3208803197650003,0.000140877786786,True,0.0708820966094767,6.596762706927144e-05,True,0.25,itodd_cylinder.ply,0.114891,0.001149,12443,12443,-0.00122526,-0.076466921,0.031314626,0.996579502,-0.000718265,0.002199339,0.002334388,-0.001012594,-0.076464473,0.034105257,0.996488329,-0.000732676,0.00219306,0.002330532,0.0009668709730719101,True,0.0013403869526754852,True
cylinder,axisymmetric,fpfh_ransac,easy,12,159.4707680991494,0.0398100670904947,False,1.3090138732127756,0.0071148823142247,True,160.75,itodd_cylinder.ply,0.114891,0.001149,12443,12443,0.075431105,0.012628204,0.974461665,-0.211128253,0.001580214,-0.001752868,0.00233509,-0.001012594,-0.076464473,0.034105257,0.996488329,-0.000732676,0.00219306,0.002330532,0.07124411885325818,True,0.009901977506430147,True
cylinder,axisymmetric,fgr,easy,12,3.886418650742945,0.0013945791766547,False,0.1139848046995418,0.0002611842894727,True,4.0,itodd_cylinder.ply,0.114891,0.001149,12443,12443,-0.003610811,-0.07640067,0.00029623,0.997070615,-0.000580585,0.002243095,0.002336589,-0.001012594,-0.076464473,0.034105257,0.996488329,-0.000732676,0.00219306,0.002330532,0.011386855618856584,True,0.0006480106773645708,True
cylinder,axisymmetric,icp_pt2pt,easy,13,3.585706313969335,0.0018421056073904,False,0.0888013139920723,0.0004055515174935,True,3.5,itodd_cylinder.ply,0.114891,0.001149,12443,12443,0.010824195,-0.007267503,0.001710685,0.999913543,-0.00240831,0.001830398,-0.000891642,0.010945254,-0.007091322,0.032995154,0.999370419,-0.002539101,0.001664331,-0.000902,0.010360856943870659,True,0.001838564056026,True
cylinder,axisymmetric,icp_pt2pl,easy,13,3.2946013905854725,0.0015469434786276,False,0.0450574056692692,0.0002189423747297,True,3.25,itodd_cylinder.ply,0.114891,0.001149,12443,12443,0.010741588,-0.007439509,0.004253136,0.999905587,-0.002439819,0.00181165,-0.000896707,0.010945254,-0.007091322,0.032995154,0.999370419,-0.002539101,0.001664331,-0.000902,0.009553382295712306,True,0.0026122997279722083,True
cylinder,axisymmetric,fpfh_ransac,easy,13,74.94893369780246,0.0326965692964942,False,0.7203085241846114,0.0043887951874564,True,285.75,itodd_cylinder.ply,0.114891,0.001149,12443,12443,0.013029385,0.001010597,0.634210551,0.773049927,-0.002205565,-0.002077376,-0.000899948,0.010945254,-0.007091322,0.032995154,0.999370419,-0.002539101,0.001664331,-0.000902,0.049233794882316675,True,0.007586049856634495,True
cylinder,axisymmetric,fgr,easy,13,3.42630708183607,0.0016070459743863,False,0.0740727653901629,0.0002417198193882,True,3.5,itodd_cylinder.ply,0.114891,0.001149,12443,12443,0.010727349,-0.007445414,0.003103858,0.999909924,-0.002435637,0.001817223,-0.000898936,0.010945254,-0.007091322,0.032995154,0.999370419,-0.002539101,0.001664331,-0.000902,0.009911244831551005,True,0.002154857069531241,True
cylinder,axisymmetric,icp_pt2pt,easy,14,7.053390633385218,0.0016307915634965,False,0.0700779293210738,0.0005045911192874,True,353.0,itodd_cylinder.ply,0.114891,0.001149,12443,12443,0.001302832,-0.013042284,-0.009911086,0.999864977,0.001427784,-0.000586423,-0.00102998,0.000540454,-0.012780875,-0.071397771,0.997365888,0.001344187,-0.000754102,-0.001030699,0.01918991804693142,True,0.0036898155733612287,True
cylinder,axisymmetric,icp_pt2pl,easy,14,9.941273751108875,0.0022414660203784,False,0.0649329633364536,0.0006643731026887,True,350.0,itodd_cylinder.ply,0.114891,0.001149,12443,12443,0.001644903,-0.012743675,0.01528778,0.999800569,0.001456885,-0.000522549,-0.001031867,0.000540454,-0.012780875,-0.071397771,0.997365888,0.001344187,-0.000754102,-0.001030699,0.025916107330572355,True,0.0008735312736188513,True
cylinder,axisymmetric,fpfh_ransac,easy,14,156.58768253243065,0.0253666088455843,False,1.3669016155232283,0.0071978914850738,True,155.25,itodd_cylinder.ply,0.114891,0.001149,12443,12443,0.012468172,0.003124219,0.991106956,-0.132445407,-0.001407402,0.000206346,-0.001032332,0.000540454,-0.012780875,-0.071397771,0.997365888,0.001344187,-0.000754102,-0.001030699,0.048276184489235555,True,0.009747119464130819,True
cylinder,axisymmetric,fgr,easy,14,8.32270529389202,0.0018803889036564,False,0.0762443868564436,0.0005577737506834,True,351.75,itodd_cylinder.ply,0.114891,0.001149,12443,12443,0.001460713,-0.012761639,0.001164912,0.999916821,0.001441269,-0.000561104,-0.001030113,0.000540454,-0.012780875,-0.071397771,0.997365888,0.001344187,-0.000754102,-0.001030699,0.022365440421098278,True,0.0016255706353573134,True
cylinder,axisymmetric,icp_pt2pt,easy,15,3.467175030981463,0.0004858859406818,False,0.0388301795654386,0.0002275579399771,True,3.5,itodd_cylinder.ply,0.114891,0.001149,12443,12443,0.01866488,-0.010593722,-0.00559831,0.999753997,-0.000526577,0.000168077,-0.001924928,0.019053026,-0.009878173,0.02464502,0.999465871,-0.000530339,0.000116299,-0.001945451,0.009924186420332829,True,0.0018346553076380218,True
cylinder,axisymmetric,icp_pt2pl,easy,15,1.867983221226218,0.0001776686686683,True,0.1181668576314034,9.454953242827534e-05,True,1.75,itodd_cylinder.ply,0.114891,0.001149,12443,12443,0.018864798,-0.010207067,0.0083506,0.999735066,-0.000529121,0.000136468,-0.001942551,0.019053026,-0.009878173,0.02464502,0.999465871,-0.000530339,0.000116299,-0.001945451,0.005436482480486558,True,0.0005311650006795463,True
cylinder,axisymmetric,fpfh_ransac,easy,15,80.22084671828387,0.0068220266117571,False,0.7436255674382509,0.0048934504307247,True,79.5,itodd_cylinder.ply,0.114891,0.001149,12443,12443,0.008191707,-0.019815535,-0.625070147,0.780274023,6.9678e-05,0.000620586,-0.001945052,0.019053026,-0.009878173,0.02464502,0.999465871,-0.000530339,0.000116299,-0.001945451,0.044181127419050024,True,0.006086644317911763,True
cylinder,axisymmetric,fgr,easy,15,3.06559016534259,0.0002884240757359,False,0.0663092025836905,0.0001851821484112,True,3.0,itodd_cylinder.ply,0.114891,0.001149,12443,12443,0.018754446,-0.01040108,-0.002098021,0.999767816,-0.000525697,0.000148859,-0.001941399,0.019053026,-0.009878173,0.02464502,0.999465871,-0.000530339,0.000116299,-0.001945451,0.008805006736728918,True,0.0033230437100309146,True
cylinder,axisymmetric,icp_pt2pt,easy,16,3.4152634169653044,0.0295586865751457,False,0.4156588300058657,0.0295409267860912,False,357.0,itodd_cylinder.ply,0.114891,0.001149,12443,12443,-0.018631743,0.023289331,0.003654643,0.999548452,0.000532799,-0.001961678,0.000305764,-0.018006196,0.023706517,-0.026136697,0.999215017,0.000408758,-0.001981029,0.003699471,0.02802952069893943,True,0.02969005935731281,True
cylinder,axisymmetric,icp_pt2pl,easy,16,2.751283771205685,0.0008488820586452,False,0.0153857459350809,0.0001568471158394,True,357.25,itodd_cylinder.ply,0.114891,0.001149,12443,12443,-0.01849356,0.02325872,-0.002139342,0.999556123,0.000505108,-0.001966041,0.003701468,-0.018006196,0.023706517,-0.026136697,0.999215017,0.000408758,-0.001981029,0.003699471,0.007896318817465506,True,0.002628910066919772,True
cylinder,axisymmetric,fpfh_ransac,easy,16,179.99746434732074,0.0653959699408447,False,179.78144177914862,0.0749172211827525,False,181.25,itodd_cylinder.ply,0.114891,0.001149,12443,12443,-0.444111286,0.895477999,0.006305442,-0.029061301,0.001370496,-0.001539095,-0.003739017,-0.018006196,0.023706517,-0.026136697,0.999215017,0.000408758,-0.001981029,0.003699471,0.049866865605973205,True,0.9544918587113119,False
cylinder,axisymmetric,fgr,easy,16,0.3620231717039233,0.0001154895457174,True,0.1122480569995825,5.206390332946761e-05,True,0.25,itodd_cylinder.ply,0.114891,0.001149,12443,12443,-0.017849794,0.023759317,-0.029290458,0.999129095,0.000396915,-0.001987004,0.003699779,-0.018006196,0.023706517,-0.026136697,0.999215017,0.000408758,-0.001981029,0.003699471,0.001052043795204898,True,0.001333872533237019,True
cylinder,axisymmetric,icp_pt2pt,easy,17,0.0217320115094458,5.83115057068286e-05,True,0.0217320115094458,5.83115057068286e-05,True,0.0,itodd_cylinder.ply,0.114891,0.001149,12443,12443,0.015557939,0.015181606,0.006612472,0.999741839,0.002359099,0.000443723,0.002012126,0.015501085,0.015125037,0.006784325,0.999742428,0.002356624,0.000443989,0.002018345,9.217498616441566e-05,True,0.00015444506770180192,True
cylinder,axisymmetric,icp_pt2pl,easy,17,0.0793659658033267,3.414930115123816e-05,True,0.0793659657941422,3.414930115123816e-05,True,0.0,itodd_cylinder.ply,0.114891,0.001149,12443,12443,0.015498965,0.015125849,0.006091744,0.999746909,0.002357473,0.00044028,0.002017389,0.015501085,0.015125037,0.006784325,0.999742428,0.002356624,0.000443989,0.002018345,0.00023259849934616537,True,0.00028000143381531596,True
cylinder,axisymmetric,fpfh_ransac,easy,17,5.455164121214135,0.001920565591238,False,0.0462141151641328,0.0003474525076456,True,354.5,itodd_cylinder.ply,0.114891,0.001149,12443,12443,0.014737979,0.015841335,0.054351362,0.99828742,0.002305215,0.000658567,0.002016787,0.015501085,0.015125037,0.006784325,0.999742428,0.002356624,0.000443989,0.002018345,0.015124710306304382,True,0.0020892906882168483,True
cylinder,axisymmetric,fgr,easy,17,28.876146194368804,0.0101200323014784,False,0.143688058597703,0.0018906075301882,True,29.0,itodd_cylinder.ply,0.114891,0.001149,12443,12443,0.018769993,0.010807436,-0.242699755,0.969859637,0.002280805,-0.000716237,0.002019467,0.015501085,0.015125037,0.006784325,0.999742428,0.002356624,0.000443989,0.002018345,0.04332024919662502,True,0.004873076750981095,True
cylinder,axisymmetric,icp_pt2pt,easy,18,0.0532066266458166,7.595864138878729e-05,True,0.0532066266458166,7.595864138878729e-05,True,0.0,itodd_cylinder.ply,0.114891,0.001149,12443,12443,0.018263355,0.012022991,-0.002936237,0.999756608,0.000592888,0.000561046,0.000398371,0.018356653,0.012051031,-0.003390204,0.999753126,0.000585709,0.000556142,0.000397614,0.00016475357944589178,True,0.00029023059557818404,True
cylinder,axisymmetric,icp_pt2pl,easy,18,0.0993100857938009,4.085708848248091e-05,True,0.0993100857938009,4.085708848248091e-05,True,0.0,itodd_cylinder.ply,0.114891,0.001149,12443,12443,0.018343961,0.012047415,-0.002523665,0.999755965,0.000588288,0.000558338,0.000400864,0.018356653,0.012051031,-0.003390204,0.999753126,0.000585709,0.000556142,0.000397614,0.00028938020906681627,True,0.0003518951645527046,True
cylinder,axisymmetric,fpfh_ransac,easy,18,32.377276089036336,0.0036423731818666,False,0.3811345756592769,0.0021058868390683,True,327.25,itodd_cylinder.ply,0.114891,0.001149,12443,12443,0.014270788,0.016678079,0.275476323,0.961057221,0.000215379,0.000751015,0.000399051,0.018356653,0.012051031,-0.003390204,0.999753126,0.000585709,0.000556142,0.000397614,0.04326833404205951,True,0.0034326235794388624,True
cylinder,axisymmetric,fgr,easy,18,176.4908372845371,0.0134476312056432,False,176.3945241159168,0.0143801639326549,False,333.5,itodd_cylinder.ply,0.114891,0.001149,12443,12443,0.362549608,0.930481851,-0.020063944,-0.04856691,0.001909808,0.000513873,-0.000397395,0.018356653,0.012051031,-0.003390204,0.999753126,0.000585709,0.000556142,0.000397614,0.044292073201250316,True,0.9179195618577666,False
cylinder,axisymmetric,icp_pt2pt,easy,19,0.0781660986599077,4.706722465094143e-05,True,0.0781660986599077,4.706722465094143e-05,True,0.0,itodd_cylinder.ply,0.114891,0.001149,12443,12443,0.023890366,-0.03189707,0.016873332,0.99906312,0.000749985,0.000865797,-0.000416095,0.023943516,-0.031902839,0.017553234,0.999049949,0.000746594,0.000865995,-0.000411887,0.0002361927711609832,True,0.00031159111515074273,True
cylinder,axisymmetric,icp_pt2pl,easy,19,0.6160516909775492,9.980095542109724e-05,True,0.1160610120390112,5.173592502817002e-05,True,0.5,itodd_cylinder.ply,0.114891,0.001149,12443,12443,0.023769342,-0.032034026,0.012182193,0.999129838,0.000756238,0.000860034,-0.000413598,0.023943516,-0.031902839,0.017553234,0.999049949,0.000746594,0.000865995,-0.000411887,0.0018105290868642232,True,0.00229484106966076,True
cylinder,axisymmetric,fpfh_ransac,easy,19,103.92921354787126,0.0149718569678099,False,1.0937429973691597,0.0059607717448258,True,105.0,itodd_cylinder.ply,0.114891,0.001149,12443,12443,0.010377514,0.038503656,0.776066803,-0.629388666,0.000735397,-0.000854101,-0.000412403,0.023943516,-0.031902839,0.017553234,0.999049949,0.000746594,0.000865995,-0.000411887,0.049218701608826826,True,0.00680679955170969,True
cylinder,axisymmetric,fgr,easy,19,0.6160516909775492,9.980095542123704e-05,True,0.1160610120390112,5.17359250283494e-05,True,0.5,itodd_cylinder.ply,0.114891,0.001149,12443,12443,0.023769342,-0.032034026,0.012182193,0.999129838,0.000756238,0.000860034,-0.000413598,0.023943516,-0.031902839,0.017553234,0.999049949,0.000746594,0.000865995,-0.000411887,0.0018105290868642232,True,0.00229484106966076,True
cylinder,axisymmetric,icp_pt2pt,medium,0,9.926724561669635,0.214101112321506,False,41.09834503500636,0.2062039281297219,False,309.0,itodd_cylinder.ply,0.114891,0.001149,12443,10576,0.019875031,0.00355872,0.008175402,0.999762713,-0.001544221,0.000140207,0.000154152,0.023775167,0.00605048,-0.078244091,0.996632327,-0.006600638,0.01692014,0.017415175,0.11412439802074906,False,0.21622394837028636,False
cylinder,axisymmetric,icp_pt2pl,medium,0,18.70649351354044,0.1007972821422893,False,0.3142598730461131,0.0866079334341504,False,19.0,itodd_cylinder.ply,0.114891,0.001149,12443,10576,0.024132775,0.002646152,-0.239191198,0.970668933,-0.000789957,0.018171053,0.007476164,0.023775167,0.00605048,-0.078244091,0.996632327,-0.006600638,0.01692014,0.017415175,0.061923195390433165,True,0.08708147877519747,True
cylinder,axisymmetric,fpfh_ransac,medium,0,179.99350955826807,0.3827637936694035,False,179.97289108301817,0.3976059068425641,False,207.75,itodd_cylinder.ply,0.114891,0.001149,12443,10576,0.366093024,0.930258454,-0.018600065,-0.015784295,0.017497524,0.005191882,-0.017450666,0.023775167,0.00605048,-0.078244091,0.996632327,-0.006600638,0.01692014,0.017415175,0.17986309225664543,False,1.1970013183569412,False
cylinder,axisymmetric,fgr,medium,0,10.974389294512926,0.0302197035832448,False,0.0297079438529427,0.0007496300388869,True,349.0,itodd_cylinder.ply,0.114891,0.001149,12443,10576,0.022941975,0.008279022,0.017414848,0.999550822,-0.009698153,0.015351702,0.017413812,0.023775167,0.00605048,-0.078244091,0.996632327,-0.006600638,0.01692014,0.017415175,0.03486866614819465,True,0.006119261521308035,True
cylinder,axisymmetric,icp_pt2pt,medium,1,14.327446223554874,0.227002087714808,False,37.62467347683161,0.2243039655077791,False,51.75,itodd_cylinder.ply,0.114891,0.001149,12443,10576,-0.001635745,0.002893446,-0.00362881,0.999987892,2.6882e-05,-0.00056891,0.000568861,0.011965115,-0.008167781,0.11986858,0.992684062,0.011866057,-0.018190225,0.015718648,0.12686630280308928,False,0.23395320643328374,False
cylinder,axisymmetric,icp_pt2pl,medium,1,21.83048532369016,0.1321386304801778,False,15.062932732011108,0.1255347835448795,False,341.75,itodd_cylinder.ply,0.114891,0.001149,12443,10576,-0.099389213,-0.071421902,0.256375277,0.958797379,0.008106819,-0.006108437,0.007329498,0.011965115,-0.008167781,0.11986858,0.992684062,0.011866057,-0.018190225,0.015718648,0.08627580569671972,True,0.24206999909362792,False
cylinder,axisymmetric,fpfh_ransac,medium,1,0.1287119253353278,0.0004241042897756,True,0.1217313527314471,0.0004093253894005,True,359.75,itodd_cylinder.ply,0.114891,0.001149,12443,10576,0.011912434,-0.008178636,0.120982413,0.992549475,0.01190517,-0.018161261,0.015720988,0.011965115,-0.008167781,0.11986858,0.992684062,0.011866057,-0.018190225,0.015718648,0.0005015548208744231,True,0.0008267812300987305,True
cylinder,axisymmetric,fgr,medium,1,18.76298824770172,0.0615445824850408,False,0.0531059369779062,0.0011924243192295,True,18.75,itodd_cylinder.ply,0.114891,0.001149,12443,10576,0.010410617,-0.010014754,-0.043548753,0.99894686,0.005384142,-0.021015594,0.015719095,0.011965115,-0.008167781,0.11986858,0.992684062,0.011866057,-0.018190225,0.015718648,0.05319905684413784,True,0.004791886191840806,True
cylinder,axisymmetric,icp_pt2pt,medium,2,12.84948821347732,0.1629432341075632,False,9.24580748792648,0.1627095458122768,False,352.75,itodd_cylinder.ply,0.114891,0.001149,12443,10576,0.003869612,-0.019017068,0.021345695,0.999583783,0.002767282,0.002386828,-0.000743456,0.020480172,-0.096135789,-0.05802666,0.993464332,0.017137764,0.011254264,-0.008825729,0.09623936509174598,True,0.22964752374442352,False
cylinder,axisymmetric,icp_pt2pl,medium,2,23.71796412756607,0.0730708088610365,False,0.2883953557694407,0.0007037858832978,True,336.0,itodd_cylinder.ply,0.114891,0.001149,12443,10576,0.03977978,-0.089948867,0.147376132,0.984178361,0.011175926,0.017164894,-0.008830064,0.020480172,-0.096135789,-0.05802666,0.993464332,0.017137764,0.011254264,-0.008825729,0.05789044308938048,True,0.0018227051643942085,True
cylinder,axisymmetric,fpfh_ransac,medium,2,179.99245321022997,0.1956768717613354,False,179.95618903638024,0.3755472197425029,False,160.25,itodd_cylinder.ply,0.114891,0.001149,12443,10576,0.546540894,0.831636659,-0.073847437,0.064962104,0.005928268,0.019590329,0.008788924,0.020480172,-0.096135789,-0.05802666,0.993464332,0.017137764,0.011254264,-0.008825729,0.10074683997396087,False,1.0799646351623395,False
cylinder,axisymmetric,fgr,medium,2,7.145956218440161,0.0221270013919636,False,0.106521759829116,0.0001539030261915,True,352.75,itodd_cylinder.ply,0.114891,0.001149,12443,10576,0.026407758,-0.09476904,0.004003359,0.995140911,0.015608356,0.013284943,-0.008827647,0.020480172,-0.096135789,-0.05802666,0.993464332,0.017137764,0.011254264,-0.008825729,0.025779086523747972,True,0.005780804887147932,True
cylinder,axisymmetric,icp_pt2pt,medium,3,3.1283505014965587,0.029147826159604,False,0.8753205107228148,0.0291043986778877,False,356.0,itodd_cylinder.ply,0.114891,0.001149,12443,10576,-0.075069901,0.042173205,0.001890519,0.996284275,0.000908887,0.002875994,-0.001336962,-0.073815609,0.04355886,-0.025343078,0.995997796,0.001094782,0.002833269,-0.004680349,0.027625321935573738,True,0.029565899851012354,True
cylinder,axisymmetric,icp_pt2pl,medium,3,3.2409351735446434,0.0015282895135972,False,0.0097544834477829,0.0002574005518468,True,356.75,itodd_cylinder.ply,0.114891,0.001149,12443,10576,-0.075086806,0.041515635,0.0028342,0.996308381,0.000927699,0.002887233,-0.004681723,-0.073815609,0.04355886,-0.025343078,0.995997796,0.001094782,0.002833269,-0.004680349,0.009563966062381612,True,0.003290209992191433,True
cylinder,axisymmetric,fpfh_ransac,medium,3,179.99075130521962,0.0865418321556058,False,179.8022910230792,0.0907173722705471,False,174.75,itodd_cylinder.ply,0.114891,0.001149,12443,10576,-0.282868003,0.955313913,0.060030685,-0.06129713,-0.002230409,0.001942187,0.004647565,-0.073815609,0.04355886,-0.025343078,0.995997796,0.001094782,0.002833269,-0.004680349,0.06605619377455503,True,0.9917390491114186,False
cylinder,axisymmetric,fgr,medium,3,1.7442689480787823,0.0007431905524962,True,0.0164507653226367,9.13930167528266e-05,True,1.75,itodd_cylinder.ply,0.114891,0.001149,12443,10576,-0.073216867,0.044742336,-0.040498099,0.995488482,0.001173777,0.002801239,-0.004685309,-0.073815609,0.04355886,-0.025343078,0.995997796,0.001094782,0.002833269,-0.004680349,0.005230893376782529,True,0.0011188710089136676,True
cylinder,axisymmetric,icp_pt2pt,medium,4,36.16704664147877,0.2099937717300209,False,40.48011189385513,0.2028830235363751,False,317.5,itodd_cylinder.ply,0.114891,0.001149,12443,10576,-0.023277261,0.022974519,0.007349345,0.999438006,-0.001161722,0.001502299,-0.002498084,0.256119475,0.031089974,-0.130091006,0.957346624,0.002126108,0.024250583,-0.009832193,0.1134565828105082,False,0.45668444027089217,False
cylinder,axisymmetric,icp_pt2pl,medium,4,33.587560000082064,0.1860690328279323,False,36.53844880468707,0.183233031407347,False,354.5,itodd_cylinder.ply,0.114891,0.001149,12443,10576,0.013172474,0.05687273,-0.29010884,0.955211411,-0.002542611,0.003527483,-0.012232369,0.256119475,0.031089974,-0.130091006,0.957346624,0.002126108,0.024250583,-0.009832193,0.11613529165472593,False,0.42735220460949686,False
cylinder,axisymmetric,fpfh_ransac,medium,4,179.99950576681437,0.5097284922868445,False,179.7733361335963,0.3362729977131872,False,180.25,itodd_cylinder.ply,0.114891,0.001149,12443,10576,0.902654791,0.344429118,-0.028124414,-0.256499375,0.01265212,-0.020806061,0.026067043,0.256119475,0.031089974,-0.130091006,0.957346624,0.002126108,0.024250583,-0.009832193,0.22099307679997626,False,1.238942966237893,False
cylinder,axisymmetric,fgr,medium,4,21.370516813908417,0.078533299662466,False,0.1429180642858604,0.001195741160693,True,338.5,itodd_cylinder.ply,0.114891,0.001149,12443,10576,0.245970084,0.077992136,0.049685847,0.964856083,-0.006849856,0.023332795,-0.009845309,0.256119475,0.031089974,-0.130091006,0.957346624,0.002126108,0.024250583,-0.009832193,0.06434207394648572,True,0.0055459838153872395,True
cylinder,axisymmetric,icp_pt2pt,medium,5,9.335602561723768,0.1084730821475778,False,21.218413992627944,0.1067276582707533,False,342.25,itodd_cylinder.ply,0.114891,0.001149,12443,10576,-0.06093769,0.059582977,-0.006006449,0.99634351,-0.000144275,0.005259194,0.000163008,-0.12832305,0.102977051,0.004480307,0.986361419,0.002440602,0.009332547,0.011653972,0.058695841709739946,True,0.1545938896056023,False
cylinder,axisymmetric,icp_pt2pl,medium,5,17.26341440783351,0.0251446257212278,False,0.045566572197224,0.0011495056270265,True,17.25,itodd_cylinder.ply,0.114891,0.001149,12443,10576,-0.111355291,0.121167069,-0.143587136,0.97585925,0.005103552,0.008212553,0.011657423,-0.12832305,0.102977051,0.004480307,0.986361419,0.002440602,0.009332547,0.011653972,0.04199399068052039,True,0.004079853051445961,True
cylinder,axisymmetric,fpfh_ransac,medium,5,179.99233463842404,0.2468435383129185,False,179.8222019085279,0.2230253246390088,False,185.0,itodd_cylinder.ply,0.114891,0.001149,12443,10576,0.934358013,0.316045579,0.13917812,0.087862089,0.007671893,-0.005889092,-0.011696216,-0.12832305,0.102977051,0.004480307,0.986361419,0.002440602,0.009332547,0.011653972,0.11824641951557141,False,1.1097663119833434,False
cylinder,axisymmetric,fgr,medium,5,4.224459137356205,0.0061720242140312,False,0.0302439503538104,0.0002801930318324,True,355.75,itodd_cylinder.ply,0.114891,0.001149,12443,10576,-0.131997521,0.098302475,0.040851107,0.985517359,0.001748718,0.009487816,0.011659031,-0.12832305,0.102977051,0.004480307,0.986361419,0.002440602,0.009332547,0.011653972,0.013774895632421773,True,0.0016861719112633085,True
cylinder,axisymmetric,icp_pt2pt,medium,6,25.8601405638766,0.0030854193977852,False,17.661084140864762,0.0040676557731008,False,341.0,itodd_cylinder.ply,0.114891,0.001149,12443,10576,-0.059547134,0.030639625,0.009261569,0.997712171,-0.000673425,-0.000446543,-0.00015687,-0.186455325,0.113998049,-0.153524652,0.963674757,-0.00096058,-0.000478819,4.8463e-05,0.05706299131348679,True,0.14628193157405311,False
cylinder,axisymmetric,icp_pt2pl,medium,6,12.47677109910676,0.0022057837282874,False,0.0383474080529351,0.0007961094037504,True,347.5,itodd_cylinder.ply,0.114891,0.001149,12443,10576,-0.197724566,0.093146989,-0.047878636,0.974646741,-0.000828417,-0.000695002,4.3783e-05,-0.186455325,0.113998049,-0.153524652,0.963674757,-0.00096058,-0.000478819,4.8463e-05,0.03374771324512335,True,0.0034277940083942806,True
cylinder,axisymmetric,fpfh_ransac,medium,6,179.978153870836,0.0083894007626625,False,179.7296405659855,0.0229723622864607,False,170.75,itodd_cylinder.ply,0.114891,0.001149,12443,10576,0.961076119,0.169028492,0.11674036,0.184753213,-0.00096513,0.000484447,1.4707e-05,-0.186455325,0.113998049,-0.153524652,0.963674757,-0.00096058,-0.000478819,4.8463e-05,0.08842080321747418,True,0.9211655266537407,False
cylinder,axisymmetric,fgr,medium,6,13.154355250715096,0.0023251668547845,False,0.1577348562193378,0.0007986613789626,True,347.0,itodd_cylinder.ply,0.114891,0.001149,12443,10576,-0.198266121,0.091974581,-0.042114554,0.974914143,-0.00082001,-0.000705925,4.3263e-05,-0.186455325,0.113998049,-0.153524652,0.963674757,-0.00096058,-0.000478819,4.8463e-05,0.035033396443414494,True,0.006133200784269442,True
cylinder,axisymmetric,icp_pt2pt,medium,7,4.803918949259692,0.0982913397887291,False,4.644095234710139,0.0982912202717572,False,359.75,itodd_cylinder.ply,0.114891,0.001149,12443,10576,-0.015720895,-0.001209411,-0.003801106,0.999868463,-0.00297588,-0.000446265,1.8939e-05,-0.047175988,-0.004191189,-0.031309225,0.998386995,-0.011478051,-0.002434594,-0.007142546,0.06964671781971382,True,0.10776857593807211,False
cylinder,axisymmetric,icp_pt2pl,medium,7,6.430643943410696,0.0115172063283082,False,0.0695948998409616,0.0005355514057027,True,353.5,itodd_cylinder.ply,0.114891,0.001149,12443,10576,-0.047022491,-0.006806817,0.024739879,0.998564215,-0.011127291,-0.003710478,-0.007139332,-0.047175988,-0.004191189,-0.031309225,0.998386995,-0.011478051,-0.002434594,-0.007142546,0.019329207828074544,True,0.0018791312298744925,True
cylinder,axisymmetric,fpfh_ransac,medium,7,56.37752635814752,0.0970272988544337,False,0.3958563579530284,0.0029565489324854,True,304.0,itodd_cylinder.ply,0.114891,0.001149,12443,10576,-0.039753574,-0.026015873,0.444019242,0.894756805,-0.004287467,-0.01095303,-0.007137744,-0.047175988,-0.004191189,-0.031309225,0.998386995,-0.011478051,-0.002434594,-0.007142546,0.07472635266809351,True,0.0042956129419214365,True
cylinder,axisymmetric,fgr,medium,7,5.889106264187108,0.0105517421757505,False,0.1111113232176486,0.0005706537843396,True,354.0,itodd_cylinder.ply,0.114891,0.001149,12443,10576,-0.047059819,-0.006587717,0.020020443,0.998669694,-0.01116226,-0.003605034,-0.00713804,-0.047175988,-0.004191189,-0.031309225,0.998386995,-0.011478051,-0.002434594,-0.007142546,0.017862351292902763,True,0.000917660538583192,True
cylinder,axisymmetric,icp_pt2pt,medium,8,40.92070721840176,0.0634161025356807,False,40.17687472545072,0.0622973108572865,False,352.0,itodd_cylinder.ply,0.114891,0.001149,12443,10576,-0.02621163,-0.01317744,0.001566711,0.999568332,0.001341472,0.00118028,-0.000101562,-0.336810979,-0.154992315,-0.063666192,0.926543233,0.008501762,-4.8154e-05,0.000451754,0.09882515819097688,True,0.3498883562731127,False
cylinder,axisymmetric,icp_pt2pl,medium,8,41.95536114644649,0.0647531194529466,False,32.19128157347547,0.038845641308999,False,332.75,itodd_cylinder.ply,0.114891,0.001149,12443,10576,-0.088189931,-0.048900879,0.174427495,0.979492873,0.004240056,0.005780979,-0.001338786,-0.336810979,-0.154992315,-0.063666192,0.926543233,0.008501762,-4.8154e-05,0.000451754,0.08509297470601762,True,0.2920759730980047,False
cylinder,axisymmetric,fpfh_ransac,medium,8,25.5044812167204,0.0323512803806997,False,0.2517155175121296,0.0014381734478294,True,334.25,itodd_cylinder.ply,0.114891,0.001149,12443,10576,-0.294311189,-0.225404894,0.142467858,0.917756213,0.007706192,0.003582573,0.000446165,-0.336810979,-0.154992315,-0.063666192,0.926543233,0.008501762,-4.8154e-05,0.000451754,0.062110648021794224,True,0.004508870237495853,True
cylinder,axisymmetric,fgr,medium,8,41.85219187815517,0.0929737973355622,False,33.6443735001723,0.0671605478001343,False,334.75,itodd_cylinder.ply,0.114891,0.001149,12443,10576,-0.079654363,-0.038883567,0.157837248,0.983478853,0.001983765,0.008392642,-0.000157144,-0.336810979,-0.154992315,-0.063666192,0.926543233,0.008501762,-4.8154e-05,0.000451754,0.09021737856644574,True,0.3263825090938957,False
cylinder,axisymmetric,icp_pt2pt,medium,9,2.0163946054633466,0.1894195577705356,False,1.234065755174845,0.1894178275655497,False,356.75,itodd_cylinder.ply,0.114891,0.001149,12443,10576,0.083127849,0.089552547,0.003531481,0.992500696,-2.2216e-05,-0.001209796,-0.000602755,0.084957913,0.088047668,-0.013904051,0.992389258,-5.9062e-05,-0.001188846,-0.022365325,0.07896714573272133,True,0.18952590819367976,False
cylinder,axisymmetric,icp_pt2pl,medium,9,11.48535441101177,0.0021242491877527,False,0.0309744989292108,0.0007463408257943,True,348.5,itodd_cylinder.ply,0.114891,0.001149,12443,10576,0.075607168,0.096005869,0.085463208,0.988818724,0.000184876,-0.001195798,-0.022368498,0.084957913,0.088047668,-0.013904051,0.992389258,-5.9062e-05,-0.001188846,-0.022365325,0.029113884827490638,True,0.002872232010343301,True
cylinder,axisymmetric,fpfh_ransac,medium,9,172.2838220226017,0.0210180716876183,False,1.3178924356318458,0.0076946688457229,True,171.0,itodd_cylinder.ply,0.114891,0.001149,12443,10576,-0.093454404,0.078722453,0.991095704,-0.052899478,2.8981e-05,0.001224333,-0.022369419,0.084957913,0.088047668,-0.013904051,0.992389258,-5.9062e-05,-0.001188846,-0.022365325,0.07459266869199163,True,0.009851453677008713,True
cylinder,axisymmetric,fgr,medium,9,5.743020972171695,0.0010437026529259,False,0.0274718366302888,0.0004467289634238,True,5.75,itodd_cylinder.ply,0.114891,0.001149,12443,10576,0.089140979,0.083605381,-0.063605957,0.990463683,-0.000178267,-0.001176771,-0.022370141,0.084957913,0.088047668,-0.013904051,0.992389258,-5.9062e-05,-0.001188846,-0.022365325,0.01610598009324552,True,0.0015890317686763102,True
cylinder,axisymmetric,icp_pt2pt,medium,10,3.513580080777398,0.069191636472545,False,0.2393248079078887,0.0691595871352119,False,3.75,itodd_cylinder.ply,0.114891,0.001149,12443,10576,0.029562766,0.055269632,0.006449292,0.998012884,0.00229007,0.003523017,0.000491255,0.027839962,0.055876715,0.03704847,0.997361589,0.002054886,0.003638152,0.008436441,0.044175829612563444,True,0.06932325766219184,True
cylinder,axisymmetric,icp_pt2pl,medium,10,3.569756186354202,0.002276450549465,False,0.0709057347516882,0.0003111770301902,True,3.5,itodd_cylinder.ply,0.114891,0.001149,12443,10576,0.029606911,0.055052762,0.005965913,0.998026569,0.002283256,0.003510832,0.008429957,0.027839962,0.055876715,0.03704847,0.997361589,0.002054886,0.003638152,0.008436441,0.010386381098586707,True,0.0017458720897574015,True
cylinder,axisymmetric,fpfh_ransac,medium,10,75.90662038424536,0.4196463429065397,False,4.596468346388126,0.417395736814512,False,279.5,itodd_cylinder.ply,0.114891,0.001149,12443,10576,-0.012423628,0.061315651,0.642605017,0.763639206,-0.002970461,0.002834285,0.056380697,0.027839962,0.055876715,0.03704847,0.997361589,0.002054886,0.003638152,0.008436441,0.16190046762195978,False,0.41798064611668545,False
cylinder,axisymmetric,fgr,medium,10,179.99447415982647,0.1577899526487653,False,179.7846646083987,0.1530882617479072,False,177.0,itodd_cylinder.ply,0.114891,0.001149,12443,10576,-0.366628103,0.928265961,-0.047991104,-0.0400374,-0.003954168,0.001004004,-0.00846328,0.027839962,0.055876715,0.03704847,0.997361589,0.002054886,0.003638152,0.008436441,0.07238078154197505,True,1.0452583147634307,False
cylinder,axisymmetric,icp_pt2pt,medium,11,25.314121581339226,0.2330600611038406,False,26.376494332803933,0.2327349380691844,False,341.75,itodd_cylinder.ply,0.114891,0.001149,12443,10576,-0.002265587,-0.008271116,-0.008729307,0.999925125,-0.000221574,0.001576612,-0.000434783,0.11444227,-0.18152435,-0.074199113,0.973882112,-0.001394668,0.014711493,0.022869305,0.1218916025650714,False,0.3772315915124757,False
cylinder,axisymmetric,icp_pt2pl,medium,11,26.84612345492996,0.1662136189102004,False,0.6577738942684518,0.1550263370727561,False,332.5,itodd_cylinder.ply,0.114891,0.001149,12443,10576,0.153500503,-0.150011226,0.153897819,0.964494525,-0.007876888,0.012463841,0.005047869,0.11444227,-0.18152435,-0.074199113,0.973882112,-0.001394668,0.014711493,0.022869305,0.09527920944995405,True,0.15539743963804245,False
cylinder,axisymmetric,fpfh_ransac,medium,11,61.026698910577,0.213033592910477,False,0.5030508236794422,0.1685906511745659,False,298.5,itodd_cylinder.ply,0.114891,0.001149,12443,10576,0.191094543,-0.097873064,0.430442346,0.876711541,-0.013478672,0.005846869,0.04222009,0.11444227,-0.18152435,-0.074199113,0.973882112,-0.001394668,0.014711493,0.022869305,0.09500983619770391,True,0.16955749448784502,False
cylinder,axisymmetric,fgr,medium,11,20.35996749197564,0.0454289113751184,False,0.14977461421642,0.0011246639350027,True,339.5,itodd_cylinder.ply,0.114891,0.001149,12443,10576,0.144775952,-0.158372733,0.099075671,0.971669703,-0.006414566,0.013282433,0.022852114,0.11444227,-0.18152435,-0.074199113,0.973882112,-0.001394668,0.014711493,0.022869305,0.05041660483291841,True,0.003849317471137086,True
cylinder,axisymmetric,icp_pt2pt,medium,12,2.583745917281483,0.0460012207927209,False,0.2636668263015739,0.045883144123987,False,357.25,itodd_cylinder.ply,0.114891,0.001149,12443,10576,-0.024426008,-0.046064908,-0.003278067,0.998634392,0.008296064,0.001257916,0.000892078,-0.025588015,-0.047247979,-0.025760199,0.998223068,0.008354354,0.000890343,0.006164087,0.0368525784143293,True,0.046720790657437644,True
cylinder,axisymmetric,icp_pt2pl,medium,12,3.4274216765812477,0.0043457753725658,False,0.0728155573381074,0.0002616694449807,True,356.5,itodd_cylinder.ply,0.114891,0.001149,12443,10576,-0.024178275,-0.047957588,0.004105141,0.998548261,0.008277618,0.001383663,0.006170228,-0.025588015,-0.047247979,-0.025760199,0.998223068,0.008354354,0.000890343,0.006164087,0.010420355089570845,True,0.002695249820456083,True
cylinder,axisymmetric,fpfh_ransac,medium,12,112.87250727418056,0.1319067837312209,False,1.147488389104233,0.0534788119594041,False,111.75,itodd_cylinder.ply,0.114891,0.001149,12443,10576,0.053300689,0.004392041,0.84603276,-0.530441623,-0.002343327,-0.007948075,0.012256151,-0.025588015,-0.047247979,-0.025760199,0.998223068,0.008354354,0.000890343,0.006164087,0.09063671983107266,True,0.05416016056343281,True
cylinder,axisymmetric,fgr,medium,12,2.1076295086002927,0.0026638662427047,False,0.1078760610111955,0.0002293347002223,True,2.0,itodd_cylinder.ply,0.114891,0.001149,12443,10576,-0.026441521,-0.046731316,-0.044114224,0.997582561,0.008372401,0.00058487,0.006169528,-0.025588015,-0.047247979,-0.025760199,0.998223068,0.008354354,0.000890343,0.006164087,0.0065438218378523405,True,0.0006317989938016844,True
cylinder,axisymmetric,icp_pt2pt,medium,13,20.844102987234503,0.082817063919926,False,15.722487827210106,0.0788519392642919,False,28.5,itodd_cylinder.ply,0.114891,0.001149,12443,10576,-0.029673889,-0.054921882,-0.022549449,0.997794853,-0.001865043,0.003633334,-0.001035916,-0.062112639,-0.147641384,0.129039536,0.978617821,-0.006894836,0.003915073,-0.009107835,0.06365578020741076,True,0.16085271310556223,False
cylinder,axisymmetric,icp_pt2pl,medium,13,26.130333809226027,0.0314022857090223,False,0.1415306091182847,0.0017312614381325,True,26.0,itodd_cylinder.ply,0.114891,0.001149,12443,10576,-0.093780497,-0.12976818,-0.095539477,0.982465086,-0.00446606,0.006582935,-0.009098663,-0.062112639,-0.147641384,0.129039536,0.978617821,-0.006894836,0.003915073,-0.009107835,0.04735425422493532,True,0.002288625539702368,True
cylinder,axisymmetric,fpfh_ransac,medium,13,179.99778563143207,0.1676347493831561,False,179.7561564469231,0.2024367847206181,False,181.0,itodd_cylinder.ply,0.114891,0.001149,12443,10576,-0.487704751,0.858201407,0.13853022,0.08027328,-0.001797978,0.007774199,0.009059896,-0.062112639,-0.147641384,0.129039536,0.978617821,-0.006894836,0.003915073,-0.009107835,0.1049204842136334,False,1.0808559959487791,False
cylinder,axisymmetric,fgr,medium,13,9.263127788758938,0.0112163580631323,False,0.0208455137716728,0.0006198015108309,True,9.25,itodd_cylinder.ply,0.114891,0.001149,12443,10576,-0.073740023,-0.142135581,0.049584606,0.985850522,-0.006176877,0.004985149,-0.009097097,-0.062112639,-0.147641384,0.129039536,0.978617821,-0.006894836,0.003915073,-0.009107835,0.027330137160249464,True,0.004719390031585008,True
cylinder,axisymmetric,icp_pt2pt,medium,14,28.09182193790806,0.0240338729674638,False,17.59051131024342,0.0328258268930284,False,22.0,itodd_cylinder.ply,0.114891,0.001149,12443,10576,0.010341328,0.042746378,0.00213773,0.999030147,0.000789826,0.003554135,-1.0971e-05,-0.033514389,0.192304322,0.187044658,0.96276172,0.002744926,0.005288766,-0.000901639,0.06296210987089199,True,0.17281415108080497,False
cylinder,axisymmetric,icp_pt2pl,medium,14,0.8983810179610269,0.0007672684803303,True,0.1021209249539948,8.987295333969512e-05,True,1.0,itodd_cylinder.ply,0.114891,0.001149,12443,10576,-0.032064684,0.192512674,0.179479919,0.96420832,0.002824179,0.005250686,-0.000907938,-0.033514389,0.192304322,0.187044658,0.96276172,0.002744926,0.005288766,-0.000901639,0.0028534917555046407,True,0.005603854888191285,True
cylinder,axisymmetric,fpfh_ransac,medium,14,25.44939208524432,0.022653325879375,False,0.3079864280640469,0.0013925320892007,True,25.75,itodd_cylinder.ply,0.114891,0.001149,12443,10576,0.009584652,0.194916407,-0.029629708,0.980325359,0.004752413,0.00363231,-0.000905158,-0.033514389,0.192304322,0.187044658,0.96276172,0.002744926,0.005288766,-0.000901639,0.049352427497220464,True,0.0043049747288384285,True
cylinder,axisymmetric,fgr,medium,14,44.50424335241765,0.039054618037846,False,0.5079879982944799,0.002632326840482,True,315.0,itodd_cylinder.ply,0.114891,0.001149,12443,10576,-0.103866464,0.165212613,0.537691364,0.820246638,-0.001727221,0.005653819,-0.000907956,-0.033514389,0.192304322,0.187044658,0.96276172,0.002744926,0.005288766,-0.000901639,0.06250408330735731,True,0.0061110582427612095,True
cylinder,axisymmetric,icp_pt2pt,medium,15,19.338589389988535,0.1258433856138555,False,16.823848351642873,0.1258179190784227,False,3.0,itodd_cylinder.ply,0.114891,0.001149,12443,10576,0.005499235,0.016336629,0.005568506,0.999835919,-0.00010298,0.002137703,-0.000544837,0.031221513,0.097560735,0.150074917,0.983353771,-0.00451693,0.015893147,4.3895e-05,0.08597981704032925,True,0.17614729808188395,False
cylinder,axisymmetric,icp_pt2pl,medium,15,6.234681505104652,0.0156436218934553,False,0.0227920310296665,0.0004456217555477,True,353.75,itodd_cylinder.ply,0.114891,0.001149,12443,10576,0.025878756,0.099103232,0.203329949,0.97373804,-0.006213617,0.015300618,6.6073e-05,0.031221513,0.097560735,0.150074917,0.983353771,-0.00451693,0.015893147,4.3895e-05,0.021388074725298523,True,0.0016573474211915643,True
cylinder,axisymmetric,fpfh_ransac,medium,15,64.73434624694079,0.3907129108387246,False,0.1361480274556717,0.3592386205324022,False,295.25,itodd_cylinder.ply,0.114891,0.001149,12443,10576,-0.02582398,0.099433309,0.653178551,0.750202586,-0.016233507,0.00265565,0.041305865,0.031221513,0.097560735,0.150074917,0.983353771,-0.00451693,0.015893147,4.3895e-05,0.18068319726131246,False,0.35976913452794024,False
cylinder,axisymmetric,fgr,medium,15,18.084004078955523,0.0452298508198064,False,0.1721449901821011,0.0009972378987228,True,18.25,itodd_cylinder.ply,0.114891,0.001149,12443,10576,0.046176532,0.091471839,-0.006332791,0.994716304,0.000640198,0.01653122,6.7463e-05,0.031221513,0.097560735,0.150074917,0.983353771,-0.00451693,0.015893147,4.3895e-05,0.047234426683030614,True,0.0016522304525259772,True
cylinder,axisymmetric,icp_pt2pt,medium,16,19.109800107268946,0.1139773253695766,False,0.9396051099228796,0.1110901993781621,False,340.0,itodd_cylinder.ply,0.114891,0.001149,12443,10576,-0.072456659,-0.01439249,0.043971131,0.996297861,-0.00660833,0.005314584,0.000211667,-0.075721701,-0.001120215,-0.12190523,0.989648465,-0.004448177,0.007282002,0.012976515,0.05420202427192765,True,0.11225389180936751,False
cylinder,axisymmetric,icp_pt2pl,medium,16,21.1112274884072,0.0273482913699687,False,0.1528006939981522,0.0013247504900906,True,338.75,itodd_cylinder.ply,0.114891,0.001149,12443,10576,-0.074119539,-0.014965126,0.061450569,0.995241763,-0.006763299,0.005157688,0.012987966,-0.075721701,-0.001120215,-0.12190523,0.989648465,-0.004448177,0.007282002,0.012976515,0.043097787190213926,True,0.004781508231192463,True
cylinder,axisymmetric,fpfh_ransac,medium,16,179.9944810077093,0.2326826254716137,False,179.83554483513154,0.2640808411350683,False,183.75,itodd_cylinder.ply,0.114891,0.001149,12443,10576,-0.302314968,0.950204197,0.074519083,-0.012827729,0.00164722,0.008417166,-0.013027694,-0.075721701,-0.001120215,-0.12190523,0.989648465,-0.004448177,0.007282002,0.012976515,0.10141962238979572,False,1.1370159464366618,False
cylinder,axisymmetric,fgr,medium,16,15.108336246378926,0.019641472473506,False,0.1496860596358068,0.0009345647040596,True,344.75,itodd_cylinder.ply,0.114891,0.001149,12443,10576,-0.074813815,-0.011063127,0.009254427,0.997093203,-0.006187774,0.005844609,0.01298552,-0.075721701,-0.001120215,-0.12190523,0.989648465,-0.004448177,0.007282002,0.012976515,0.037247576799869175,True,0.004376915141480166,True
cylinder,axisymmetric,icp_pt2pt,medium,17,16.000544086378042,0.1514606134365632,False,16.063153345266716,0.1493471538398302,False,21.5,itodd_cylinder.ply,0.114891,0.001149,12443,10576,-0.029988703,0.014885364,-0.021184248,0.999214857,-0.00067549,0.003184194,-0.000608343,-0.133474999,0.029639424,0.070545839,0.988093727,-0.012926886,0.015422336,-0.002323655,0.098916232972519,True,0.22282980700771224,False
cylinder,axisymmetric,icp_pt2pl,medium,17,12.685064910466128,0.0387576952373146,False,0.0738939062402804,0.0008551163673956,True,12.75,itodd_cylinder.ply,0.114891,0.001149,12443,10576,-0.129433398,0.044186965,-0.039046879,0.989833243,-0.009224877,0.017896908,-0.00233088,-0.133474999,0.029639424,0.070545839,0.988093727,-0.012926886,0.015422336,-0.002323655,0.0412429808374772,True,0.005639097165060632,True
cylinder,axisymmetric,fpfh_ransac,medium,17,179.993541860417,0.3280636809454334,False,179.8035252775304,0.1532084698526465,False,176.25,itodd_cylinder.ply,0.114891,0.001149,12443,10576,0.960472684,0.242462388,0.069925941,0.117535427,-0.001210498,-0.020103329,0.002292471,-0.133474999,0.029639424,0.070545839,0.988093727,-0.012926886,0.015422336,-0.002323655,0.20392815067892472,False,0.9645403218571866,False
cylinder,axisymmetric,fgr,medium,17,7.460272332591628,0.0228187103871675,False,0.0449621384071153,0.0005193210806655,True,7.5,itodd_cylinder.ply,0.114891,0.001149,12443,10576,-0.131298558,0.038244476,0.006110376,0.990586045,-0.010815376,0.016976245,-0.002328784,-0.133474999,0.029639424,0.070545839,0.988093727,-0.012926886,0.015422336,-0.002323655,0.027657022994346157,True,0.003762024130180483,True
cylinder,axisymmetric,icp_pt2pt,medium,18,32.62722376678735,0.0306068759018658,False,29.70679739899728,0.021671787496888,False,346.25,itodd_cylinder.ply,0.114891,0.001149,12443,10576,0.036613441,0.034437849,-0.001900975,0.998734137,-0.005225798,-0.000295644,0.001318541,0.295195253,0.037456775,-0.107444571,0.948637137,-0.005137755,0.002671544,0.003203616,0.08429181109488228,True,0.25820824873639225,False
cylinder,axisymmetric,icp_pt2pl,medium,18,27.268969853552115,0.023929486679689,False,0.2775631693855295,0.0016607714253358,True,333.0,itodd_cylinder.ply,0.114891,0.001149,12443,10576,0.278075411,0.105999291,0.119201045,0.9472219,-0.005772976,-3.35e-06,0.003203324,0.295195253,0.037456775,-0.107444571,0.948637137,-0.005137755,0.002671544,0.003203616,0.05802275437463625,True,0.005954709571361276,True
cylinder,axisymmetric,fpfh_ransac,medium,18,1.2545441610573145,0.0011681946141985,True,0.0051621829174289,0.0001293132389557,True,1.25,itodd_cylinder.ply,0.114891,0.001149,12443,10576,0.295597839,0.034228573,-0.117824554,0.947400494,-0.005071138,0.002788056,0.003202672,0.295195253,0.037456775,-0.107444571,0.948637137,-0.005137755,0.002671544,0.003203616,0.004586269028067174,True,0.004917788787301392,True
cylinder,axisymmetric,fgr,medium,18,51.87317233246372,0.0444424988576176,False,0.3929084387260801,0.0031082466661124,True,308.5,itodd_cylinder.ply,0.114891,0.001149,12443,10576,0.249093573,0.162817453,0.318282934,0.900077131,-0.005236951,-0.002433538,0.003202477,0.295195253,0.037456775,-0.107444571,0.948637137,-0.005137755,0.002671544,0.003203616,0.08253945245801607,True,0.004015165695171807,True
cylinder,axisymmetric,icp_pt2pt,medium,19,20.83056221467281,0.199245535161815,False,38.37907837231409,0.1926590228864308,False,48.0,itodd_cylinder.ply,0.114891,0.001149,12443,10576,-0.012614219,0.019861015,-0.01051895,0.999667831,0.000967499,-0.000493887,-0.001056082,0.10334592,-0.058769037,0.104258843,0.987418814,0.014520207,0.015555568,-0.010153399,0.11118267367610506,False,0.3243353560079113,False
cylinder,axisymmetric,icp_pt2pl,medium,19,4.307472807401865,0.0308950800815432,False,0.2032180844922423,0.0276356657434461,False,355.5,itodd_cylinder.ply,0.114891,0.001149,12443,10576,0.105842339,-0.05512933,0.141293067,0.982748404,0.01332699,0.016614474,-0.006982533,0.10334592,-0.058769037,0.104258843,0.987418814,0.014520207,0.015555568,-0.010153399,0.030740611461751447,True,0.02804327500061264,True
cylinder,axisymmetric,fpfh_ransac,medium,19,179.99818326135937,0.1889364681149501,False,179.8893749489084,0.3959676393661039,False,178.0,itodd_cylinder.ply,0.114891,0.001149,12443,10576,0.855230286,0.504444502,-0.10868939,-0.047994992,0.019132334,0.009330318,0.010124005,0.10334592,-0.058769037,0.104258843,0.987418814,0.014520207,0.015555568,-0.010153399,0.09494051280388807,True,1.102544171468249,False
cylinder,axisymmetric,fgr,medium,19,17.05115199961198,0.0548038543029811,False,0.2049381288595656,0.0005920994106557,True,17.25,itodd_cylinder.ply,0.114891,0.001149,12443,10576,0.093447567,-0.073387731,-0.043281032,0.991972049,0.018440142,0.010628136,-0.010162466,0.10334592,-0.058769037,0.104258843,0.987418814,0.014520207,0.015555568,-0.010153399,0.04749127844259226,True,0.005993938980252513,True
cylinder,axisymmetric,icp_pt2pt,hard,0,62.69041078051986,0.0753881758014695,False,53.73489444423743,0.0865370507963837,False,326.5,itodd_cylinder.ply,0.114891,0.001149,12443,7466,-0.028484003,0.02060723,0.006143217,0.999362929,-0.00402507,0.001787875,-0.000260992,-0.399651307,0.266873142,-0.254353436,0.839262705,-0.006818323,-0.000105685,0.007716004,0.1164663600400008,False,0.5049534925916968,False
cylinder,axisymmetric,icp_pt2pl,hard,0,46.717749875452576,0.3348973292519352,False,55.0956250907634,0.3339550740705339,False,28.0,itodd_cylinder.ply,0.114891,0.001149,12443,7466,-0.068608444,0.068152939,-0.259095808,0.960998138,-0.004087434,0.002348713,-0.030585106,-0.399651307,0.266873142,-0.254353436,0.839262705,-0.006818323,-0.000105685,0.007716004,0.21078114076653928,False,0.6782268310829107,False
cylinder,axisymmetric,fpfh_ransac,hard,0,93.16784777846682,0.0871038324601722,False,0.9293968989060868,0.004628822714521,True,267.75,itodd_cylinder.ply,0.114891,0.001149,12443,7466,-0.468947752,-0.106410996,0.434989118,0.76128127,0.000554598,-0.006872436,0.007702644,-0.399651307,0.266873142,-0.254353436,0.839262705,-0.006818323,-0.000105685,0.007716004,0.14553057342629933,False,0.01291796698246838,True
cylinder,axisymmetric,fgr,hard,0,29.98161033946451,0.3483123154776637,False,65.17433654161592,0.3446408383194512,False,60.0,itodd_cylinder.ply,0.114891,0.001149,12443,7466,-0.186563904,0.149363862,-0.283311637,0.928772773,-0.002170614,0.004203366,-0.031796887,-0.399651307,0.266873142,-0.254353436,0.839262705,-0.006818323,-0.000105685,0.007716004,0.21287244241853415,False,0.5810102933732281,False
cylinder,axisymmetric,icp_pt2pt,hard,1,156.5952252217168,0.067040001928315,False,155.2512941227256,0.0704163643889394,False,37.75,itodd_cylinder.ply,0.114891,0.001149,12443,7466,0.025403505,-0.030585764,-0.011411916,0.999144104,-0.002584199,-0.000585706,-0.002001206,-0.6662704,0.702118361,0.066738039,0.242197432,0.001131508,0.002828513,0.0038179,0.07777331668562462,True,0.94985909733547,False
cylinder,axisymmetric,icp_pt2pl,hard,1,179.96998704415924,0.0824736723731153,False,179.72859199802522,0.072180065900002,False,167.25,itodd_cylinder.ply,0.114891,0.001149,12443,7466,0.125132304,-0.217557825,0.030850103,0.967501303,-0.002756977,-0.001116309,-0.003869942,-0.6662704,0.702118361,0.066738039,0.242197432,0.001131508,0.002828513,0.0038179,0.07436253615276574,True,0.9733652067204344,False
cylinder,axisymmetric,fpfh_ransac,hard,1,179.97783341235214,0.0850667709566883,False,179.72372932415047,0.0681557732505473,False,170.75,itodd_cylinder.ply,0.114891,0.001149,12443,7466,0.190219936,-0.16381153,0.349698887,0.902603372,-0.001432592,-0.002632051,-0.00387152,-0.6662704,0.702118361,0.066738039,0.242197432,0.001131508,0.002828513,0.0038179,0.06911946206414671,True,0.973505407013647,False
cylinder,axisymmetric,fgr,hard,1,179.98108203279202,0.3283067325551741,False,179.73418345873276,0.3262682351262413,False,171.75,itodd_cylinder.ply,0.114891,0.001149,12443,7466,0.107128241,-0.227061369,-0.047779922,0.966790439,-0.00290198,-0.000646086,-0.033524022,-0.6662704,0.702118361,0.066738039,0.242197432,0.001131508,0.002828513,0.0038179,0.1517214917281602,False,1.2301420845471316,False
cylinder,axisymmetric,icp_pt2pt,hard,2,73.95114168713988,0.2619570278865331,False,67.51774212626727,0.2609142531777775,False,32.25,itodd_cylinder.ply,0.114891,0.001149,12443,7466,0.038772095,0.062332167,0.044297786,0.996317787,0.001025921,0.000490525,-0.002454279,0.553033841,0.196242627,0.292499577,0.755040661,0.017150643,0.020483795,0.013232113,0.20162189181115223,False,0.6870522522828937,False
cylinder,axisymmetric,icp_pt2pl,hard,2,103.23427825690204,0.3575359494493456,False,75.11070362558087,0.3754311352809089,False,174.0,itodd_cylinder.ply,0.114891,0.001149,12443,7466,0.359449791,-0.231291877,-0.440107031,0.7896871,-0.008208722,0.008845611,-0.016914713,0.553033841,0.196242627,0.292499577,0.755040661,0.017150643,0.020483795,0.013232113,0.25936913357638036,False,0.4917449714998732,False
cylinder,axisymmetric,fpfh_ransac,hard,2,45.80602655019014,0.1807110523747925,False,0.4573357266154992,0.0015924544651113,True,46.25,itodd_cylinder.ply,0.114891,0.001149,12443,7466,0.585703596,-0.034562109,-0.024319871,0.809422821,0.026640089,0.002017219,0.013225173,0.553033841,0.196242627,0.292499577,0.755040661,0.017150643,0.020483795,0.013232113,0.11990548909472643,False,0.003617745681579001,True
cylinder,axisymmetric,fgr,hard,2,107.386424287588,0.3971374415688459,False,56.4542627867466,0.0872630229438794,False,95.5,itodd_cylinder.ply,0.114891,0.001149,12443,7466,0.114082537,-0.074795481,-0.436632864,0.889237062,0.011285264,-0.024720837,0.015234794,0.553033841,0.196242627,0.292499577,0.755040661,0.017150643,0.020483795,0.013232113,0.23579421252587868,False,0.46284789401633536,False
cylinder,axisymmetric,icp_pt2pt,hard,3,106.57062227778728,0.0373683958321389,False,106.50662257787847,0.0361929775312589,False,4.5,itodd_cylinder.ply,0.114891,0.001149,12443,7466,-0.001941044,0.010345576,0.020275674,0.999739015,0.000599558,-0.003031016,-0.000255761,-0.354424944,0.711700729,-0.039333321,-0.605242035,0.002782726,-0.002088991,0.003318976,0.1341314964187863,False,0.7656756743849299,False
cylinder,axisymmetric,icp_pt2pl,hard,3,107.18190195075296,0.3073515167603708,False,91.312821700745,0.3078019463318732,False,296.25,itodd_cylinder.ply,0.114891,0.001149,12443,7466,0.103960306,-0.061355113,0.573318168,0.810391315,0.003233732,-0.00086648,-0.031968912,-0.354424944,0.711700729,-0.039333321,-0.605242035,0.002782726,-0.002088991,0.003318976,0.22864261519069165,False,0.9512906112189089,False
cylinder,axisymmetric,fpfh_ransac,hard,3,17.723557865718874,0.0093442806755883,False,0.0852168822717314,0.0013783782749008,True,342.25,itodd_cylinder.ply,0.114891,0.001149,12443,7466,-0.460023303,0.648671891,-0.131904623,-0.591780795,0.003287257,-0.001142577,0.003270913,-0.354424944,0.711700729,-0.039333321,-0.605242035,0.002782726,-0.002088991,0.003318976,0.055006575936228916,True,0.0036604662622485144,True
cylinder,axisymmetric,fgr,hard,3,109.1818713872008,0.2711024370945805,False,91.43030688356706,0.2673113285898453,False,67.75,itodd_cylinder.ply,0.114891,0.001149,12443,7466,-0.029063092,-0.118975661,-0.484904819,0.86594887,-0.005592465,0.012132992,0.029733785,-0.354424944,0.711700729,-0.039333321,-0.605242035,0.002782726,-0.002088991,0.003318976,0.21132794418253747,False,0.8462742931789082,False
cylinder,axisymmetric,icp_pt2pt,hard,4,48.4827721990264,0.1684708512858894,False,34.31472616136007,0.1717744491143778,False,22.75,itodd_cylinder.ply,0.114891,0.001149,12443,7466,0.021836854,-0.013177016,0.01465859,0.999567228,0.001627001,-0.001428799,0.000375972,0.240294813,-0.159640219,0.32655362,0.900075628,0.008857017,-0.019349509,-0.000729349,0.12190841197152655,False,0.4005054361515745,False
cylinder,axisymmetric,icp_pt2pl,hard,4,80.3357267316425,0.1586482391556149,False,30.113344893610066,0.1510523747684116,False,62.0,itodd_cylinder.ply,0.114891,0.001149,12443,7466,-0.067914178,-0.114734711,-0.283542795,0.949645773,-0.001064504,-0.004876554,0.004203204,0.240294813,-0.159640219,0.32655362,0.900075628,0.008857017,-0.019349509,-0.000729349,0.13825481211479446,False,0.3650955274601748,False
cylinder,axisymmetric,fpfh_ransac,hard,4,179.96707744646358,0.3363443515223781,False,179.9063243632025,0.0360919130274048,False,138.75,itodd_cylinder.ply,0.114891,0.001149,12443,7466,0.83587596,0.466950585,-0.286289752,-0.036148413,-0.020345962,0.005918049,0.000689985,0.240294813,-0.159640219,0.32655362,0.900075628,0.008857017,-0.019349509,-0.000729349,0.23880516413546185,False,0.9321029194392128,False
cylinder,axisymmetric,fgr,hard,4,42.65866380014025,0.1347077451260007,False,0.6650097009938256,0.0040334617884716,True,42.0,itodd_cylinder.ply,0.114891,0.001149,12443,7466,0.16562144,-0.236459665,-0.023097176,0.957143085,-0.006593031,-0.020175494,-0.000351924,0.240294813,-0.159640219,0.32655362,0.900075628,0.008857017,-0.019349509,-0.000729349,0.10256985798119798,False,0.0067627905569021644,True
cylinder,axisymmetric,icp_pt2pt,hard,5,99.89400093606966,0.0587629242379854,False,99.80828764394263,0.0583539888795318,False,4.75,itodd_cylinder.ply,0.114891,0.001149,12443,7466,-5.6568e-05,-0.005311434,0.010729169,0.999928333,-0.000124469,0.001026127,5.5766e-05,-0.463924452,0.604801074,0.034870486,0.646354247,-0.003860978,-0.001657314,-0.004885707,0.1411717356479036,False,0.7308398532455487,False
cylinder,axisymmetric,icp_pt2pl,hard,5,104.9542525867048,0.281343666955471,False,89.42950957126662,0.2799405155873322,False,62.0,itodd_cylinder.ply,0.114891,0.001149,12443,7466,0.055525364,0.097168032,-0.393494109,0.912489832,0.001114428,0.001377204,0.026908468,-0.463924452,0.604801074,0.034870486,0.646354247,-0.003860978,-0.001657314,-0.004885707,0.22048476840886694,False,0.9109073412707854,False
cylinder,axisymmetric,fpfh_ransac,hard,5,146.45395204719006,0.0710980528356712,False,1.2378395767631871,0.0068762069480265,True,214.75,itodd_cylinder.ply,0.114891,0.001149,12443,7466,0.712834184,0.269670887,-0.629018798,-0.153233127,0.004258401,-0.000762576,-0.004884734,-0.463924452,0.604801074,0.034870486,0.646354247,-0.003860978,-0.001657314,-0.004885707,0.09571479276706782,True,0.009965778113127632,True
cylinder,axisymmetric,fgr,hard,5,114.15283847235848,0.343946177101596,False,114.1458597248192,0.3441993286452526,False,358.5,itodd_cylinder.ply,0.114891,0.001149,12443,7466,0.082677577,-0.098991501,0.074199743,0.988867787,0.020909557,0.020770146,-0.02598003,-0.463924452,0.604801074,0.034870486,0.646354247,-0.003860978,-0.001657314,-0.004885707,0.1523683643099269,False,0.902727958538567,False
cylinder,axisymmetric,icp_pt2pt,hard,6,31.99262733145727,0.0568168017893605,False,30.746126353349755,0.0629347499040943,False,351.0,itodd_cylinder.ply,0.114891,0.001149,12443,7466,0.015455617,0.04555152,0.02256605,0.998587481,0.004421594,-0.005826076,0.000243367,-0.136992762,0.256877325,-0.064603217,0.954501675,0.007684149,-0.004321598,0.005693476,0.08003341192109788,True,0.2674287202914444,False
cylinder,axisymmetric,icp_pt2pl,hard,6,0.6330776259345016,0.0007163578908118,True,0.1199182517448329,0.0003443875610577,True,0.75,itodd_cylinder.ply,0.114891,0.001149,12443,7466,-0.135726455,0.257743743,-0.069893433,0.954076203,0.007649416,-0.004394177,0.005710787,-0.136992762,0.256877325,-0.064603217,0.954501675,0.007684149,-0.004321598,0.005693476,0.0022505579480730244,True,0.0046523638385915994,True
cylinder,axisymmetric,fpfh_ransac,hard,6,28.25811763439512,0.3735620134132862,False,0.4945755812805513,0.3717036042530292,False,331.25,itodd_cylinder.ply,0.114891,0.001149,12443,7466,-0.195893571,0.215516074,0.1702395,0.941380392,0.008821247,-0.000175158,0.048396505,-0.136992762,0.256877325,-0.064603217,0.954501675,0.007684149,-0.004321598,0.005693476,0.17069747526928916,False,0.37204867650633533,False
cylinder,axisymmetric,fgr,hard,6,24.07066932494342,0.3285592041786569,False,0.1819894069279994,0.327014266927426,False,335.75,itodd_cylinder.ply,0.114891,0.001149,12443,7466,-0.187792744,0.222701352,0.135785993,0.946942531,0.008797305,-0.000821086,0.043262844,-0.136992762,0.256877325,-0.064603217,0.954501675,0.007684149,-0.004321598,0.005693476,0.15220343260237273,False,0.3272178952544494,False
cylinder,axisymmetric,icp_pt2pt,hard,7,89.97988868135732,0.221522618644183,False,89.84808811258932,0.2288977945191611,False,5.5,itodd_cylinder.ply,0.114891,0.001149,12443,7466,0.061794657,-0.058481111,0.023765605,0.996090647,-0.005386335,-0.008506354,-4.0086e-05,-0.001218623,0.741378981,-0.096576634,-0.664099899,-0.030784823,-0.010076316,0.000411217,0.13778140844728426,False,0.8256699840741912,False
cylinder,axisymmetric,icp_pt2pl,hard,7,98.22227606307123,0.1890912673747045,False,89.82808461664857,0.227118561314363,False,44.75,itodd_cylinder.ply,0.114891,0.001149,12443,7466,0.032645316,-0.072749187,-0.305519343,0.948841278,-0.010202711,-0.003129972,0.000101383,-0.001218623,0.741378981,-0.096576634,-0.664099899,-0.030784823,-0.010076316,0.000411217,0.1409529704358487,False,0.8238837186904032,False
cylinder,axisymmetric,fpfh_ransac,hard,7,98.14213379189484,0.4587613235875996,False,89.66459163191047,0.4351537163615226,False,315.0,itodd_cylinder.ply,0.114891,0.001149,12443,7466,0.39223477,-0.052116893,0.103254814,0.912564605,-0.026888305,-0.03053567,0.048829394,-0.001218623,0.741378981,-0.096576634,-0.664099899,-0.030784823,-0.010076316,0.000411217,0.33934643763096517,False,0.9561338003881089,False
cylinder,axisymmetric,fgr,hard,7,91.1476778292392,0.1102380397106709,False,89.87381549580847,0.1040793662322308,False,17.25,itodd_cylinder.ply,0.114891,0.001149,12443,7466,-0.005732818,-0.0506911,-0.008256272,0.998663798,-0.020706408,-0.002424575,0.000947735,-0.001218623,0.741378981,-0.096576634,-0.664099899,-0.030784823,-0.010076316,0.000411217,0.14552570899516853,False,0.7489860378922839,False
cylinder,axisymmetric,icp_pt2pt,hard,8,101.43966826557757,0.2733161883694379,False,97.57047039489736,0.2671425703629319,False,32.25,itodd_cylinder.ply,0.114891,0.001149,12443,7466,-0.00489139,0.009006012,-0.021143123,0.999723929,0.001342077,0.001505216,0.000251563,-0.349059643,0.658579372,-0.170325565,-0.644530665,-0.025428901,0.006506398,0.015883656,0.2036559936829549,False,0.7793659644005012,False
cylinder,axisymmetric,icp_pt2pl,hard,8,94.22802855021536,0.3461165306551981,False,92.7546257284734,0.3419969569842942,False,19.0,itodd_cylinder.ply,0.114891,0.001149,12443,7466,0.047646225,-0.019557214,0.047450621,0.997544882,-0.000961143,0.003220498,-0.015290722,-0.349059643,0.658579372,-0.170325565,-0.644530665,-0.025428901,0.006506398,0.015883656,0.25065443824236855,False,0.8986555027162495,False
cylinder,axisymmetric,fpfh_ransac,hard,8,179.99026458299787,0.3161050318718753,False,179.77230666846714,0.5227551432366702,False,175.0,itodd_cylinder.ply,0.114891,0.001149,12443,7466,-0.657375829,0.111287025,0.687434682,0.287933629,-0.023819332,-0.010977426,-0.01590779,-0.349059643,0.658579372,-0.170325565,-0.644530665,-0.025428901,0.006506398,0.015883656,0.23241455686580628,False,0.8469898727585143,False
cylinder,axisymmetric,fgr,hard,8,96.94348510658388,0.4993857999928576,False,90.27312225093208,0.4154340989688262,False,40.0,itodd_cylinder.ply,0.114891,0.001149,12443,7466,-0.122690351,-0.091007443,0.059005896,0.986500394,0.011147039,0.02676429,-0.023406345,-0.349059643,0.658579372,-0.170325565,-0.644530665,-0.025428901,0.006506398,0.015883656,0.2892112712854538,False,0.9178703010407796,False
cylinder,axisymmetric,icp_pt2pt,hard,9,40.478858763320126,0.0954445908361143,False,31.352489680703425,0.0932566926071352,False,334.0,itodd_cylinder.ply,0.114891,0.001149,12443,7466,0.038980152,0.023119436,-0.010492946,0.998917383,-0.00099003,0.000294525,0.000446281,0.212177539,0.222575632,-0.229607208,0.923429104,-0.00521957,0.005996033,-0.007911411,0.08607020678201747,True,0.3094280464950549,False
cylinder,axisymmetric,icp_pt2pl,hard,9,5.62896466482739,0.006718141175078,False,0.1330602320983371,0.0002864919070894,True,5.75,itodd_cylinder.ply,0.114891,0.001149,12443,7466,0.22253377,0.212014152,-0.274780359,0.91105679,-0.004633184,0.006497824,-0.00790065,0.212177539,0.222575632,-0.229607208,0.923429104,-0.00521957,0.005996033,-0.007911411,0.019399266652847375,True,0.0032557699116851652,True
cylinder,axisymmetric,fpfh_ransac,hard,9,179.9858429235147,0.1951915686112928,False,179.9176182191244,0.1435990292975011,False,160.25,itodd_cylinder.ply,0.114891,0.001149,12443,7466,0.604376877,0.735020771,0.05244957,-0.302856566,0.004269542,-0.006807963,0.007866083,0.212177539,0.222575632,-0.229607208,0.923429104,-0.00521957,0.005996033,-0.007911411,0.0763972102569765,True,1.008964341443964,False
cylinder,axisymmetric,fgr,hard,9,5.807005576002523,0.0069344753706946,False,0.0790648363448714,0.0001875815419317,True,5.75,itodd_cylinder.ply,0.114891,0.001149,12443,7466,0.222863245,0.211667429,-0.27619537,0.910628899,-0.004612984,0.006512445,-0.007900573,0.212177539,0.222575632,-0.229607208,0.923429104,-0.00521957,0.005996033,-0.007911411,0.019979588629157847,True,0.001853760124007738,True
cylinder,axisymmetric,icp_pt2pt,hard,10,21.382085065720428,0.408090712751541,False,57.70908810433013,0.4070957567342676,False,64.75,itodd_cylinder.ply,0.114891,0.001149,12443,7466,0.000747087,0.000725816,0.002457802,0.999996437,0.000240092,1.7742e-05,5.4294e-05,0.124154293,-0.107558194,0.08878517,0.982412408,0.019475197,-0.018699512,0.038498661,0.19519304256530126,False,0.4623776870338076,False
cylinder,axisymmetric,icp_pt2pl,hard,10,18.8498155080734,0.4063162322791906,False,23.451142773395816,0.4062935660918959,False,10.5,itodd_cylinder.ply,0.114891,0.001149,12443,7466,-0.001356118,-0.00889035,0.126455395,0.991931528,0.000511831,0.000117799,0.000216579,0.124154293,-0.107558194,0.08878517,0.982412408,0.019475197,-0.018699512,0.038498661,0.19550278838073792,False,0.45390242859448793,False
cylinder,axisymmetric,fpfh_ransac,hard,10,62.40182545459295,0.2428668370377402,False,0.1980049244510334,0.0039679445197168,True,297.5,itodd_cylinder.ply,0.114891,0.001149,12443,7466,0.162115132,-0.027793053,0.584861149,0.794281856,0.025624265,0.008517738,0.038515591,0.124154293,-0.107558194,0.08878517,0.982412408,0.019475197,-0.018699512,0.038498661,0.15243410757312958,False,0.006877953966453755,True
cylinder,axisymmetric,fgr,hard,10,14.78183339296351,0.0604892440436798,False,0.0417066471805155,0.0006781551881791,True,14.75,itodd_cylinder.ply,0.114891,0.001149,12443,7466,0.109327133,-0.122884468,-0.038304277,0.985636732,0.014029757,-0.023017485,0.038514171,0.124154293,-0.107558194,0.08878517,0.982412408,0.019475197,-0.018699512,0.038498661,0.05234405483530362,True,0.006065882758990096,True
cylinder,axisymmetric,icp_pt2pt,hard,11,84.611053490905,0.0669890068928682,False,6.946389310489886,0.0057725833700465,False,84.5,itodd_cylinder.ply,0.114891,0.001149,12443,7466,-0.046465493,-0.077587234,0.038265588,0.995166782,-0.000642061,-0.005196926,-0.002366586,0.038961003,-0.143587941,0.691176234,0.707205739,0.005535473,-0.000611213,-0.002577432,0.07396557522240896,True,0.05970325084274018,True
cylinder,axisymmetric,icp_pt2pl,hard,11,87.1997123789386,0.0658163984241538,False,0.9684360886061448,0.0050210594387106,True,86.25,itodd_cylinder.ply,0.114891,0.001149,12443,7466,-0.07071265,-0.130853955,0.012817437,0.988793546,-0.000265309,-0.005462008,-0.002593333,0.038961003,-0.143587941,0.691176234,0.707205739,0.005535473,-0.000611213,-0.002577432,0.0817926743384227,True,0.00889627647489612,True
cylinder,axisymmetric,fpfh_ransac,hard,11,45.34727855987868,0.0370260920471805,False,0.4139507197382288,0.0029467680602432,True,314.25,itodd_cylinder.ply,0.114891,0.001149,12443,7466,0.091341572,-0.117338764,0.910378172,0.386134583,0.004325271,0.003466964,-0.002588134,0.038961003,-0.143587941,0.691176234,0.707205739,0.005535473,-0.000611213,-0.002577432,0.059255300343892904,True,0.005992683112099084,True
cylinder,axisymmetric,fgr,hard,11,90.7636123644362,0.1282970874739564,False,1.5268116878914857,0.1088774095778045,False,89.25,itodd_cylinder.ply,0.114891,0.001149,12443,7466,-0.07505022,-0.12864955,-0.017900605,0.988684139,-0.000600484,-0.005438215,-0.01508036,0.038961003,-0.143587941,0.691176234,0.707205739,0.005535473,-0.000611213,-0.002577432,0.0975629145988865,True,0.10959339396189732,False
cylinder,axisymmetric,icp_pt2pt,hard,12,114.27212467331512,0.0499829649711477,False,69.38690366504495,0.0288845887173597,False,262.5,itodd_cylinder.ply,0.114891,0.001149,12443,7466,0.005561494,0.007928714,-0.01204889,0.999880508,0.003414242,0.000793338,2.439e-06,-0.417202973,0.396703416,0.61738884,-0.536096165,0.001207531,-0.003484413,0.00313432,0.13558573813033342,False,0.5479174420444664,False
cylinder,axisymmetric,icp_pt2pl,hard,12,109.6384058395499,0.2621391024572772,False,64.90112499780552,0.2561907130533347,False,266.0,itodd_cylinder.ply,0.114891,0.001149,12443,7466,0.049932247,-0.040735644,-0.006798101,0.997898374,0.003194009,0.002789531,-0.02625533,-0.417202973,0.396703416,0.61738884,-0.536096165,0.001207531,-0.003484413,0.00313432,0.18885386806700563,False,0.7055074336628583,False
cylinder,axisymmetric,fpfh_ransac,hard,12,97.61377847166416,0.2857361006852241,False,0.9155054970398137,0.2817399551850854,False,261.5,itodd_cylinder.ply,0.114891,0.001149,12443,7466,0.573449673,0.052579469,-0.003125053,0.817545782,0.003369159,0.001585822,0.035496826,-0.417202973,0.396703416,0.61738884,-0.536096165,0.001207531,-0.003484413,0.00313432,0.23001680711591205,False,0.28348046968369367,False
cylinder,axisymmetric,fgr,hard,12,112.39826874602758,0.2890035008895367,False,58.09473704860434,0.2545743575469996,False,259.0,itodd_cylinder.ply,0.114891,0.001149,12443,7466,0.108694914,-0.018641754,0.046451811,0.992814247,-0.001823257,0.024298723,-0.014793638,-0.417202973,0.396703416,0.61738884,-0.536096165,0.001207531,-0.003484413,0.00313432,0.2244746279991109,False,0.6055401757904856,False
cylinder,axisymmetric,icp_pt2pt,hard,13,147.563557905203,0.4890794241326433,False,102.6177092834696,0.4956870219731457,False,127.0,itodd_cylinder.ply,0.114891,0.001149,12443,7466,0.0,0.0,0.0,1.0,0.0,0.0,0.0,0.6127705,-0.485632717,-0.557374788,-0.279296482,-0.037897573,-0.039817655,-0.011650738,0.3750807445529041,False,0.9172881519972854,False
cylinder,axisymmetric,icp_pt2pl,hard,13,147.563557905203,0.4890794241326433,False,102.6177092834696,0.4956870219731457,False,127.0,itodd_cylinder.ply,0.114891,0.001149,12443,7466,0.0,0.0,0.0,1.0,0.0,0.0,0.0,0.6127705,-0.485632717,-0.557374788,-0.279296482,-0.037897573,-0.039817655,-0.011650738,0.3750807445529041,False,0.9172881519972854,False
cylinder,axisymmetric,fpfh_ransac,hard,13,133.2109239790808,0.7089499759711075,False,90.75886014795095,0.1490563196924265,False,111.25,itodd_cylinder.ply,0.114891,0.001149,12443,7466,-0.303678995,0.830091006,-0.433133303,0.176418627,-0.028855404,0.040189082,0.000661467,0.6127705,-0.485632717,-0.557374788,-0.279296482,-0.037897573,-0.039817655,-0.011650738,0.4038355279241012,False,0.6212574311769797,False
cylinder,axisymmetric,fgr,hard,13,147.2655533507364,0.8606131918941614,False,114.04398861672333,0.1916223386503025,False,117.75,itodd_cylinder.ply,0.114891,0.001149,12443,7466,-0.040966358,-0.094315474,0.044777768,0.993690747,0.001644704,0.050165962,-0.000881842,0.6127705,-0.485632717,-0.557374788,-0.279296482,-0.037897573,-0.039817655,-0.011650738,0.6026947825609951,False,0.8315217922910496,False
cylinder,axisymmetric,icp_pt2pt,hard,14,128.0334169504196,0.4155333875474506,False,73.90072737653394,0.3697659761365994,False,277.0,itodd_cylinder.ply,0.114891,0.001149,12443,7466,0.027198044,0.128024159,-0.107992412,0.985498716,-0.006718488,-0.005132948,-0.004211373,-0.184408663,-0.575701525,0.744596961,-0.283084026,-0.044522058,0.0233832,0.001865535,0.2660903989216352,False,0.7974261241385107,False
cylinder,axisymmetric,icp_pt2pl,hard,14,146.82477092668037,1.1175629685553885,False,77.37445434776602,1.1068337026179906,False,232.5,itodd_cylinder.ply,0.114891,0.001149,12443,7466,0.024208112,-0.003338994,8.0855e-05,0.999701361,0.000955238,-0.001699171,-0.115559896,-0.184408663,-0.575701525,0.744596961,-0.283084026,-0.044522058,0.0233832,0.001865535,0.950755679808965,False,1.6370179668775766,False
cylinder,axisymmetric,fpfh_ransac,hard,14,105.46866040711971,0.7355985428037553,False,0.5661953866470433,0.2326104861190085,False,106.0,itodd_cylinder.ply,0.114891,0.001149,12443,7466,-0.570191815,-0.201761417,0.67602105,0.420914677,0.034480032,0.036761427,0.02874036,-0.184408663,-0.575701525,0.744596961,-0.283084026,-0.044522058,0.0233832,0.001865535,0.5843161302067051,False,0.23417778345822748,False
cylinder,axisymmetric,fgr,hard,14,134.4606349468421,0.8594837296501961,False,67.69723467851047,0.3687939320688334,False,242.5,itodd_cylinder.ply,0.114891,0.001149,12443,7466,-0.058651505,0.028932064,-0.136113439,0.98853228,0.000646864,-0.053713596,-0.040168021,-0.184408663,-0.575701525,0.744596961,-0.283084026,-0.044522058,0.0233832,0.001865535,0.5485509362379315,False,0.8364717676432357,False
cylinder,axisymmetric,icp_pt2pt,hard,15,109.3130012348542,0.3262651840450703,False,109.29546464500906,0.3262901017345193,False,2.5,itodd_cylinder.ply,0.114891,0.001149,12443,7466,0.063282949,0.061474507,-0.031363796,0.995606582,0.000366528,-0.002074528,-0.002602032,-0.380011184,0.699445343,-0.062615238,-0.602035751,0.00016697,-0.035516525,0.014330612,0.23478330438097392,False,0.8868469396259399,False
cylinder,axisymmetric,icp_pt2pl,hard,15,113.31277621928868,0.4074535232153584,False,112.58766300617012,0.4108193430065456,False,15.75,itodd_cylinder.ply,0.114891,0.001149,12443,7466,0.055545537,0.07961844,-0.14153904,0.985161052,0.00196889,-0.001732369,-0.018023965,-0.380011184,0.699445343,-0.062615238,-0.602035751,0.00016697,-0.035516525,0.014330612,0.29428351850638507,False,1.0199340264126011,False
cylinder,axisymmetric,fpfh_ransac,hard,15,179.98177479996107,0.6017108663776288,False,179.82771935537656,0.34143277289695,False,167.75,itodd_cylinder.ply,0.114891,0.001149,12443,7466,-0.561448286,-0.225910599,0.796028574,0.008873141,-0.029204146,0.020111724,-0.014339185,-0.380011184,0.699445343,-0.062615238,-0.602035751,0.00016697,-0.035516525,0.014330612,0.45428300709065605,False,0.9927804783471545,False
cylinder,axisymmetric,fgr,hard,15,135.06480715609936,0.3712134644637967,False,134.65314684097447,0.4194239574023397,False,15.0,itodd_cylinder.ply,0.114891,0.001149,12443,7466,-0.265482267,0.127491899,0.236788383,0.925848931,0.026920912,-0.003560759,0.005275135,-0.380011184,0.699445343,-0.062615238,-0.602035751,0.00016697,-0.035516525,0.014330612,0.18482077579771555,False,0.9074780600812747,False
cylinder,axisymmetric,icp_pt2pt,hard,16,76.15308708882347,0.2532208561548147,False,70.94326474438813,0.2543878160643021,False,330.25,itodd_cylinder.ply,0.114891,0.001149,12443,7466,-0.001273397,-0.031027158,0.009987253,0.999467833,-0.000194455,-4.3433e-05,-0.000357519,-0.475641885,-0.366231036,-0.187420911,0.777504359,-0.003551264,-0.01319941,-0.026087728,0.18229061213755218,False,0.7014941270519024,False
cylinder,axisymmetric,icp_pt2pl,hard,16,75.04913854408937,0.3020033253620346,False,57.88774598085536,0.2893866310961735,False,251.25,itodd_cylinder.ply,0.114891,0.001149,12443,7466,0.061047925,-0.442051587,0.142419691,0.883504486,-0.000746489,0.005239076,0.003170954,-0.475641885,-0.366231036,-0.187420911,0.777504359,-0.003551264,-0.01319941,-0.026087728,0.19967017492119685,False,0.48523412667318083,False
cylinder,axisymmetric,fpfh_ransac,hard,16,179.97692340895887,0.8405821839962176,False,179.69165227764412,0.8119705228107251,False,188.5,itodd_cylinder.ply,0.114891,0.001149,12443,7466,0.782418508,0.165619228,-0.379910115,0.46482239,-0.002724923,0.013394179,0.066750303,-0.475641885,-0.366231036,-0.187420911,0.777504359,-0.003551264,-0.01319941,-0.026087728,0.6091159454316408,False,1.3408739350588426,False
cylinder,axisymmetric,fgr,hard,16,71.3497809652264,0.4074366663679896,False,77.63148432692967,0.3882343414980152,False,11.75,itodd_cylinder.ply,0.114891,0.001149,12443,7466,0.03644239,-0.178373079,0.000871501,0.983287464,-0.028393441,0.022412212,-0.008596816,-0.475641885,-0.366231036,-0.187420911,0.777504359,-0.003551264,-0.01319941,-0.026087728,0.1663300982623092,False,0.7825082487262758,False
cylinder,axisymmetric,icp_pt2pt,hard,17,12.295847010196743,0.1172244596259963,False,21.71260991251069,0.1134770403298245,False,26.25,itodd_cylinder.ply,0.114891,0.001149,12443,7466,-0.011010567,0.029915806,-0.014675204,0.999384035,0.004629877,-0.000881957,-0.001623347,0.012863122,-0.055061369,0.046212222,0.997330044,0.012566954,0.002552927,-0.011947712,0.07045064069227387,True,0.18804564844013377,False
cylinder,axisymmetric,icp_pt2pl,hard,17,4.070409426404381,0.0080205229320072,False,0.0909878108846102,0.000518442200963,True,4.0,itodd_cylinder.ply,0.114891,0.001149,12443,7466,0.010579166,-0.055211138,0.010781871,0.998360437,0.012717995,0.00164391,-0.01195109,0.012863122,-0.055061369,0.046212222,0.997330044,0.012566954,0.002552927,-0.011947712,0.013083904889459217,True,0.0010465311285063575,True
cylinder,axisymmetric,fpfh_ransac,hard,17,179.95280166794572,0.5594069972202403,False,179.71854259054308,0.5854792477299764,False,160.75,itodd_cylinder.ply,0.114891,0.001149,12443,7466,0.978263702,-0.199526457,-0.052509356,-0.020786768,0.011227024,-0.006205658,0.051709454,0.012863122,-0.055061369,0.046212222,0.997330044,0.012566954,0.002552927,-0.011947712,0.21788568012220197,False,1.460687854490084,False
cylinder,axisymmetric,fgr,hard,17,16.523912220852658,0.1062781375197363,False,0.4820875880501151,0.1013831614510508,False,17.0,itodd_cylinder.ply,0.114891,0.001149,12443,7466,0.004593732,-0.056133822,-0.097572194,0.993633513,0.0127782,-0.001119535,-0.02359084,0.012863122,-0.055061369,0.046212222,0.997330044,0.012566954,0.002552927,-0.011947712,0.05857008326974904,True,0.10170591942026487,False
cylinder,axisymmetric,icp_pt2pt,hard,18,134.68839422858525,0.4163780883557406,False,132.68368769629603,0.4154602028472461,False,32.5,itodd_cylinder.ply,0.114891,0.001149,12443,7466,-0.002134544,0.000880814,0.000567274,0.999997173,-7.4982e-05,-3.9842e-05,-6.539e-05,0.840316722,-0.367365401,-0.110497309,-0.383015422,-0.010117091,-0.04567066,0.010204459,0.20491123514163812,False,1.171555598360385,False
cylinder,axisymmetric,icp_pt2pl,hard,18,134.1468522880301,0.583283708508481,False,132.6449412914147,0.5823763548617237,False,28.25,itodd_cylinder.ply,0.114891,0.001149,12443,7466,-6.4645e-05,0.004287753,0.048515065,0.998813246,-0.000276028,8.3022e-05,0.058169453,0.840316722,-0.367365401,-0.110497309,-0.383015422,-0.010117091,-0.04567066,0.010204459,0.4401332919277821,False,1.2622764295782292,False
cylinder,axisymmetric,fpfh_ransac,hard,18,4.731042557079918,0.0334986396683537,False,0.0548422129690217,0.0008149413955582,True,355.25,itodd_cylinder.ply,0.114891,0.001149,12443,7466,0.854651999,-0.332286846,-0.126227125,-0.378446993,-0.006329584,-0.046351733,0.01014637,0.840316722,-0.367365401,-0.110497309,-0.383015422,-0.010117091,-0.04567066,0.010204459,0.03147550859129186,True,0.010205469796446619,True
cylinder,axisymmetric,fgr,hard,18,179.96575071769868,0.803812596035242,False,179.71127215996128,0.3601713343494485,False,166.25,itodd_cylinder.ply,0.114891,0.001149,12443,7466,0.284087207,-0.279262314,-0.07665388,0.914019257,0.032736795,0.033538947,-0.01024221,0.840316722,-0.367365401,-0.110497309,-0.383015422,-0.010117091,-0.04567066,0.010204459,0.46450504868328013,False,1.0194612786778885,False
cylinder,axisymmetric,icp_pt2pt,hard,19,89.18590115872382,0.0934591818478025,False,39.37863150700465,0.0808822013102436,False,81.75,itodd_cylinder.ply,0.114891,0.001149,12443,7466,0.013176134,0.028030302,0.007657922,0.999490894,0.000359306,-0.003143004,0.000218275,-0.324844458,0.14610421,0.609822091,0.70798775,0.002329051,0.002896402,0.008875193,0.09871767130148557,True,0.3431887853446969,False
cylinder,axisymmetric,icp_pt2pl,hard,19,84.23320817542064,0.042747307638069,False,0.7896086158255785,0.0047767822511801,True,85.0,itodd_cylinder.ply,0.114891,0.001149,12443,7466,-0.14286126,0.326266775,-0.022404577,0.934151319,0.003183069,-0.001939916,0.008912462,-0.324844458,0.14610421,0.609822091,0.70798775,0.002329051,0.002896402,0.008875193,0.10863269592566907,False,0.006876357348183562,True
cylinder,axisymmetric,fpfh_ransac,hard,19,141.24305649653618,0.3958281223824925,False,90.26587317024672,0.4341307539673587,False,236.0,itodd_cylinder.ply,0.114891,0.001149,12443,7466,0.451309648,-0.27594149,0.848630043,0.001716141,0.039891567,0.001783219,0.034487409,-0.324844458,0.14610421,0.609822091,0.70798775,0.002329051,0.002896402,0.008875193,0.2953568352659718,False,0.6799448662067318,False
cylinder,axisymmetric,fgr,hard,19,88.26222726723405,0.1812881608268363,False,6.241754760420201,0.1757495023170665,False,94.5,itodd_cylinder.ply,0.114891,0.001149,12443,7466,-0.131315475,0.331275424,-0.055202153,0.932719444,0.003042358,-0.002158467,0.029068291,-0.324844458,0.14610421,0.609822091,0.70798775,0.002329051,0.002896402,0.008875193,0.1439982585143633,False,0.177247086865964,False
washer,axisymmetric,icp_pt2pt,easy,0,0.1863096088075965,0.0297487489145404,False,5.685985605345884,0.0295700451221922,False,354.5,itodd_washer.ply,0.033999,0.00034,8791,8791,0.012216921,-0.01006024,0.004087357,0.999866407,-2.5651e-05,8.4199e-05,0.000612095,0.012206237,-0.010134026,0.005711481,0.999857834,0.000290259,0.00104501,0.000610175,0.025468454958846632,True,0.03089497520733957,True
washer,axisymmetric,icp_pt2pl,easy,0,0.1533657399355467,8.824596403326319e-05,True,0.0970894354925739,7.084976541195628e-05,True,0.25,itodd_washer.ply,0.033999,0.00034,8791,8791,0.012237217,-0.010196215,0.00437493,0.999863565,0.0002931,0.001045279,0.000611101,0.012206237,-0.010134026,0.005711481,0.999857834,0.000290259,0.00104501,0.000610175,0.0007138387214436444,True,0.0010269785378574214,True
washer,axisymmetric,fpfh_ransac,easy,0,156.31905369656968,0.0617648670634172,False,0.0711583409755318,0.0007915049950383,True,203.75,itodd_washer.ply,0.033999,0.00034,8791,8791,0.012464763,0.009890171,0.979754767,0.199568063,-0.000623662,-0.000845599,0.000611216,0.012206237,-0.010134026,0.005711481,0.999857834,0.000290259,0.00104501,0.000610175,0.03996556587943393,True,0.0028938432207766805,True
washer,axisymmetric,fgr,easy,0,9.476918990382362,0.057616515604763,False,1.9773612616884644,0.057466070083114,False,352.5,itodd_washer.ply,0.033999,0.00034,8791,8791,0.01316698,-0.00871409,0.088280401,0.995970515,0.000150826,0.001070995,-0.001343563,0.012206237,-0.010134026,0.005711481,0.999857834,0.000290259,0.00104501,0.000610175,0.0536116187333194,True,0.05785860960071218,True
washer,axisymmetric,icp_pt2pt,easy,1,0.0423825455383092,0.0352049654221546,False,6.7721573306926,0.034993267308265,False,6.75,itodd_washer.ply,0.033999,0.00034,8791,8791,0.022641615,-0.048126721,-0.004086536,0.998576225,3.5838e-05,-0.000143656,-0.000465302,0.022947622,-0.048125663,-0.004294123,0.998568419,0.000695017,-0.001142702,-0.000467475,0.02884314068441258,True,0.03536544397567327,True
washer,axisymmetric,icp_pt2pl,easy,1,1.326365001292091,0.0008322659166057,True,0.0766137390872575,0.0001379065445861,True,358.75,itodd_washer.ply,0.033999,0.00034,8791,8791,0.023457463,-0.047829269,0.007265488,0.998553615,0.000716626,-0.001124438,-0.00046788,0.022947622,-0.048125663,-0.004294123,0.998568419,0.000695017,-0.001142702,-0.000467475,0.006145745815128727,True,0.004703080892437587,True
washer,axisymmetric,fpfh_ransac,easy,1,179.99874973135377,0.0740368042196912,False,179.9930958235383,0.0554284038036753,False,200.75,itodd_washer.ply,0.033999,0.00034,8791,8791,0.525561092,0.849083696,-0.044954978,0.028661238,-0.001287512,9.6788e-05,0.000464869,0.022947622,-0.048125663,-0.004294123,0.998568419,0.000695017,-0.001142702,-0.000467475,0.05641523351356049,True,0.7072813554156931,False
washer,axisymmetric,fgr,easy,1,16.700273863025707,0.0113688501685872,False,0.0498168999804147,0.000118580959033,True,16.75,itodd_washer.ply,0.033999,0.00034,8791,8791,0.015686782,-0.050914635,-0.149262126,0.987361354,0.000335547,-0.001284767,-0.000468019,0.022947622,-0.048125663,-0.004294123,0.998568419,0.000695017,-0.001142702,-0.000467475,0.03350427443065533,True,0.004770969477724554,True
washer,axisymmetric,icp_pt2pt,easy,2,2.18266297805898,0.0020052805040524,False,0.1831047043144358,0.0021550007386479,True,358.0,itodd_washer.ply,0.033999,0.00034,8791,8791,-0.070781082,-0.037284887,-0.001394746,0.996793825,-0.000297157,0.000592181,0.001052036,-0.071541516,-0.036027878,-0.02038382,0.996578298,-0.000332099,0.000650723,0.001052024,0.009738969597206498,True,0.0032796740780556373,True
washer,axisymmetric,icp_pt2pl,easy,2,15.51370983372707,0.0204997419505224,False,6.829719234832515,0.0198266657228124,False,346.0,itodd_washer.ply,0.033999,0.00034,8791,8791,-0.018595305,-0.009298543,0.101185136,0.994650351,-0.000445239,0.000504528,0.000380025,-0.071541516,-0.036027878,-0.02038382,0.996578298,-0.000332099,0.000650723,0.001052024,0.04162300985883027,True,0.061918061887709944,True
washer,axisymmetric,fpfh_ransac,easy,2,179.99236388143527,0.0721181102014527,False,179.99191263085294,0.0751592776281791,False,321.5,itodd_washer.ply,0.033999,0.00034,8791,8791,0.457656117,0.885509736,0.045660683,0.065867204,0.000771085,5.3622e-05,-0.001054712,-0.071541516,-0.036027878,-0.02038382,0.996578298,-0.000332099,0.000650723,0.001052024,0.06011637912125842,True,0.7010802981027052,False
washer,axisymmetric,fgr,easy,2,3.0698114328306816,0.0011596454211221,False,0.0703829552501202,5.98798190017649e-05,True,357.0,itodd_washer.ply,0.033999,0.00034,8791,8791,-0.070577068,-0.038004948,0.006313434,0.996762079,-0.000365322,0.000629503,0.001051418,-0.071541516,-0.036027878,-0.02038382,0.996578298,-0.000332099,0.000650723,0.001052024,0.01363043180019818,True,0.006059122003631613,True
washer,axisymmetric,icp_pt2pt,easy,3,5.853268947172252,0.0032353060977178,False,0.3973241152960157,0.0032214333729293,True,353.75,itodd_washer.ply,0.033999,0.00034,8791,8791,0.046466238,-0.049968319,0.00244676,0.997666312,1.1066e-05,8.369e-06,0.000867296,0.043781876,-0.052101478,-0.048498574,0.996502118,0.000104108,6.704e-05,0.000867379,0.02326460728160101,True,0.004130636487538992,True
washer,axisymmetric,icp_pt2pl,easy,3,7.0998882368239205,0.0238229675403854,False,6.987137884973184,0.0238230123254031,False,358.75,itodd_washer.ply,0.033999,0.00034,8791,8791,0.004822902,-0.005262991,-0.037621779,0.999266552,0.000102868,6.7006e-05,5.7433e-05,0.043781876,-0.052101478,-0.048498574,0.996502118,0.000104108,6.704e-05,0.000867379,0.028683417454704034,True,0.06710749404895482,True
washer,axisymmetric,fpfh_ransac,easy,3,101.70035165842866,0.0043664723363029,False,0.0509932093067925,0.0006326781192486,True,101.75,itodd_washer.ply,0.033999,0.00034,8791,8791,0.012834836,0.066890607,0.803399051,-0.591532652,7.9644e-05,-7.9384e-05,0.000867648,0.043781876,-0.052101478,-0.048498574,0.996502118,0.000104108,6.704e-05,0.000867379,0.04295096069173393,True,0.0024894219448757843,True
washer,axisymmetric,fgr,easy,3,7.189579826319735,0.000403489426845,False,0.061281206928119,3.8461433130237415e-05,True,352.75,itodd_washer.ply,0.033999,0.00034,8791,8791,0.046947935,-0.049341503,0.014082028,0.99757857,9.4816e-05,7.7131e-05,0.000867545,0.043781876,-0.052101478,-0.048498574,0.996502118,0.000104108,6.704e-05,0.000867379,0.02644859987709865,True,0.0050370952307854135,True
washer,axisymmetric,icp_pt2pt,easy,4,0.0196325553700029,0.000169429860431,True,0.0196325553700029,0.000169429860431,True,0.0,itodd_washer.ply,0.033999,0.00034,8791,8791,-0.008361518,0.000690735,0.000525925,0.999964665,0.000361887,-0.000234144,-0.000971668,-0.008404129,0.000654439,0.00068785,0.999964234,0.000359673,-0.000239462,-0.000971654,0.00017582903246721732,True,0.0002840728686497061,True
washer,axisymmetric,icp_pt2pl,easy,4,0.0071181045950538,2.322961681352878e-05,True,0.0071181045950538,2.322961681352878e-05,True,0.0,itodd_washer.ply,0.033999,0.00034,8791,8791,-0.008399156,0.000676312,0.000745776,0.99996422,0.000360006,-0.000239829,-0.000972269,-0.008404129,0.000654439,0.00068785,0.999964234,0.000359673,-0.000239462,-0.000971654,3.8802990288055773e-05,True,5.7727853051516494e-05,True
washer,axisymmetric,fpfh_ransac,easy,4,179.99729499891205,0.0605082022528497,False,179.9931850064909,0.0606070064856524,False,226.75,itodd_washer.ply,0.033999,0.00034,8791,8791,0.056385559,0.998373586,0.008414745,-0.000208904,-0.000321515,-0.000202215,0.000969129,-0.008404129,0.000654439,0.00068785,0.999964234,0.000359673,-0.000239462,-0.000971654,0.06095867083861188,True,0.7066345690168799,False
washer,axisymmetric,fgr,easy,4,21.41081095671764,0.0045521981840681,False,0.0893811191044773,7.752053771148332e-05,True,21.5,itodd_washer.ply,0.033999,0.00034,8791,8791,-0.008130197,0.002180664,-0.185076988,0.982687973,0.00024634,-0.000344859,-0.000972261,-0.008404129,0.000654439,0.00068785,0.999964234,0.000359673,-0.000239462,-0.000971654,0.032488676549433514,True,0.003814781810364158,True
washer,axisymmetric,icp_pt2pt,easy,5,1.1617210494720327,0.0043453733913843,True,0.6618815346225165,0.0044118912357897,True,359.5,itodd_washer.ply,0.033999,0.00034,8791,8791,0.032080535,-0.016033845,-0.000276157,0.999356632,9.3056e-05,0.00060626,0.000633463,0.031809631,-0.016520503,-0.01039859,0.999303302,4.9081e-05,0.0007473,0.00063337,0.005970226652209953,True,0.009807038426859224,True
washer,axisymmetric,icp_pt2pl,easy,5,0.1104560031579697,0.0001357109312965,True,0.110456003164569,0.0001357109312965,True,0.0,itodd_washer.ply,0.033999,0.00034,8791,8791,0.031714601,-0.016518377,-0.011357774,0.999295916,5.359e-05,0.00074638,0.000633042,0.031809631,-0.016520503,-0.01039859,0.999303302,4.9081e-05,0.0007473,0.00063337,0.0005258986134178077,True,0.0008160598951015584,True
washer,axisymmetric,fpfh_ransac,easy,5,125.57469122292224,0.0388567914105487,False,0.0762020002636613,0.0004956225326036,True,125.5,itodd_washer.ply,0.033999,0.00034,8791,8791,0.000170853,0.035791976,0.893452267,-0.447729775,0.000620131,-0.000443978,0.000633242,0.031809631,-0.016520503,-0.01039859,0.999303302,4.9081e-05,0.0007473,0.00063337,0.042485006846806166,True,0.0032537802021426815,True
washer,axisymmetric,fgr,easy,5,179.9779179093806,0.0490997631567101,False,179.97218622876204,0.0415435223899584,False,75.0,itodd_washer.ply,0.033999,0.00034,8791,8791,0.997264141,-0.064672421,-0.014414207,-0.032771041,-5.6866e-05,-0.000770209,0.001320812,0.031809631,-0.016520503,-0.01039859,0.999303302,4.9081e-05,0.0007473,0.00063337,0.04526585422133135,True,0.7050886800117993,False
washer,axisymmetric,icp_pt2pt,easy,6,1.430684976759074,0.0321749042043499,False,6.18068256070357,0.0320485788375216,False,4.75,itodd_washer.ply,0.033999,0.00034,8791,8791,-0.008351774,-0.002709476,0.003866964,0.999953976,0.000513158,1.576e-06,-0.000448286,-0.008380755,-0.00262972,-0.008617713,0.999924288,0.001594776,0.000165044,-0.000448807,0.027694938415413737,True,0.03577929349843669,True
washer,axisymmetric,icp_pt2pl,easy,6,0.2704077503707292,0.0002977535806476,True,0.0207305453004939,9.638039640806095e-05,True,359.75,itodd_washer.ply,0.033999,0.00034,8791,8791,-0.008376166,-0.002682612,-0.006258623,0.999941735,0.001593051,0.000175016,-0.000448525,-0.008380755,-0.00262972,-0.008617713,0.999924288,0.001594776,0.000165044,-0.000448807,0.001304206962043927,True,0.001966210074234367,True
washer,axisymmetric,fpfh_ransac,easy,6,179.99823696754996,0.043517982314688,False,179.9823534015706,0.093244884902012,False,191.5,itodd_washer.ply,0.033999,0.00034,8791,8791,0.962984287,-0.269413428,-0.004883942,0.007335906,0.001265358,-0.000966464,0.000445754,-0.008380755,-0.00262972,-0.008617713,0.999924288,0.001594776,0.000165044,-0.000448807,0.04636300249220017,True,0.7046164461913899,False
washer,axisymmetric,fgr,easy,6,179.980360748959,0.1127682608203898,False,179.9620201924385,0.0843228804927326,False,117.75,itodd_washer.ply,0.033999,0.00034,8791,8791,-0.6756283,0.737184341,0.008428256,-0.003822729,-0.000321071,-0.001531657,0.002406012,-0.008380755,-0.00262972,-0.008617713,0.999924288,0.001594776,0.000165044,-0.000448807,0.08413172016800327,True,0.7112610041544432,False
washer,axisymmetric,icp_pt2pt,easy,7,7.390630574048311,0.0366381804652566,False,7.362499823679535,0.0366419944874354,False,359.25,itodd_washer.ply,0.033999,0.00034,8791,8791,-0.035000403,0.030659841,-0.000537631,0.998916742,0.000148169,-6.0002e-05,0.000240115,-0.082046204,-0.012520666,-0.00917187,0.996507667,0.001038765,-0.000449928,-0.000538622,0.034931875875362596,True,0.0749949209278348,True
washer,axisymmetric,icp_pt2pl,easy,7,7.208309947174738,0.020948134694413,False,7.201874287884855,0.0209454829113196,False,0.25,itodd_washer.ply,0.033999,0.00034,8791,8791,-0.042679431,0.036486834,-0.008369028,0.998387268,0.001056172,-0.000474915,0.000172933,-0.082046204,-0.012520666,-0.00917187,0.996507667,0.001038765,-0.000449928,-0.000538622,0.022948018304217496,True,0.06518245740997441,True
washer,axisymmetric,fpfh_ransac,easy,7,179.99330482600593,0.0338253939762919,False,179.98404754238427,0.0710678791966184,False,130.25,itodd_washer.ply,0.033999,0.00034,8791,8791,0.971091608,-0.223826398,-0.031393525,0.07679375,0.001133049,-4.9783e-05,0.000535403,-0.082046204,-0.012520666,-0.00917187,0.996507667,0.001038765,-0.000449928,-0.000538622,0.04787210489628133,True,0.7065858765072629,False
washer,axisymmetric,fgr,easy,7,174.02667256117314,0.0762785354039531,False,172.96005507420213,0.0841029909469006,False,63.75,itodd_washer.ply,0.033999,0.00034,8791,8791,0.864936971,0.497331853,0.062305878,0.025749597,0.000146197,0.000922059,0.001472969,-0.082046204,-0.012520666,-0.00917187,0.996507667,0.001038765,-0.000449928,-0.000538622,0.074706376862771,True,0.7047431557976231,False
washer,axisymmetric,icp_pt2pt,easy,8,6.283046683524208,0.0017680741628672,False,0.283796404665433,0.001831785863992,True,6.0,itodd_washer.ply,0.033999,0.00034,8791,8791,-0.039820783,-0.02838485,-0.000612367,0.998803399,-9.5959e-05,0.000103984,0.000490847,-0.038096205,-0.030681864,0.05411572,0.997335847,-0.000143917,0.000140224,0.000491269,0.024629910425486692,True,0.003580574354066337,True
washer,axisymmetric,icp_pt2pl,easy,8,5.7705981507162365,0.0006545737081264,False,0.0211433318429488,8.463738564697077e-05,True,5.75,itodd_washer.ply,0.033999,0.00034,8791,8791,-0.039559397,-0.028723819,0.003843663,0.998796888,-0.000127342,0.000155051,0.000490427,-0.038096205,-0.030681864,0.05411572,0.997335847,-0.000143917,0.000140224,0.000491269,0.02319682599746334,True,0.0014822937370267439,True
washer,axisymmetric,fpfh_ransac,easy,8,179.99791565541477,0.0296613693038084,False,179.98761253462,0.0312635398026099,False,199.25,itodd_washer.ply,0.033999,0.00034,8791,8791,-0.34172249,0.938526872,0.047091297,0.013246145,5.5605e-05,0.000223988,-0.000493686,-0.038096205,-0.030681864,0.05411572,0.997335847,-0.000143917,0.000140224,0.000491269,0.047390241675885396,True,0.6977111250197106,False
washer,axisymmetric,fgr,easy,8,151.75655960187018,0.0125513659914278,False,0.0202118887386435,0.0006447265942841,True,208.25,itodd_washer.ply,0.033999,0.00034,8791,8791,0.020484761,-0.044403549,0.980399618,0.190854104,0.000120019,-0.000195089,0.000490681,-0.038096205,-0.030681864,0.05411572,0.997335847,-0.000143917,0.000140224,0.000491269,0.04274635895078671,True,0.002106616589687868,True
washer,axisymmetric,icp_pt2pt,easy,9,2.883962720332349,0.0069601234059506,False,2.4784957487838564,0.0068971971947795,False,1.5,itodd_washer.ply,0.033999,0.00034,8791,8791,0.00202346,-0.009697871,-0.008574582,0.999914163,0.000434737,0.000406205,-0.000927808,-0.00567135,-0.02983059,0.00441295,0.999529138,0.000476323,0.0005045,-0.001139006,0.012075893917936533,True,0.02214748900438373,True
washer,axisymmetric,icp_pt2pl,easy,9,7.803138236871296,0.0235725883766384,False,7.166076744241595,0.0235062634289397,False,357.0,itodd_washer.ply,0.033999,0.00034,8791,8791,0.009298607,0.030921973,0.031243983,0.998990081,0.000406089,0.000528494,-0.000341015,-0.00567135,-0.02983059,0.00441295,0.999529138,0.000476323,0.0005045,-0.001139006,0.02753668554619183,True,0.06764510814665296,True
washer,axisymmetric,fpfh_ransac,easy,9,179.99880865378665,0.0710051587538079,False,179.9881705844601,0.0727926131975202,False,191.5,itodd_washer.ply,0.033999,0.00034,8791,8791,0.084404708,0.995969301,0.003200072,0.030178733,-0.000329456,0.000569785,0.001135684,-0.00567135,-0.02983059,0.00441295,0.999529138,0.000476323,0.0005045,-0.001139006,0.06696583236128986,True,0.7049633694945675,False
washer,axisymmetric,fgr,easy,9,130.69357129239754,0.0358294936714114,False,0.0590996693013895,0.0007005164777613,True,229.25,itodd_washer.ply,0.033999,0.00034,8791,8791,0.024798248,-0.017535653,0.910260692,0.412920114,-0.00063882,1.4245e-05,-0.001138727,-0.00567135,-0.02983059,0.00441295,0.999529138,0.000476323,0.0005045,-0.001139006,0.040593305303726235,True,0.005175382491776084,True
washer,axisymmetric,icp_pt2pt,easy,10,0.0517858461580394,0.0119985785789311,False,0.7120841265249117,0.0119979396734494,False,0.75,itodd_washer.ply,0.033999,0.00034,8791,8791,-0.034740907,0.000848845,0.001155789,0.999395324,-0.000117301,0.000143951,-0.000556713,-0.035037425,0.000792276,0.001491929,0.999384573,-0.000412707,0.00042527,-0.000559126,0.012011468009468142,True,0.012231280169301645,True
washer,axisymmetric,icp_pt2pl,easy,10,0.0404477845977064,5.4759595768960765e-05,True,0.0404477845977064,5.4759595768960765e-05,True,0.0,itodd_washer.ply,0.033999,0.00034,8791,8791,-0.035055127,0.000730192,0.001838947,0.999383422,-0.000414109,0.000424104,-0.00055875,-0.035037425,0.000792276,0.001491929,0.999384573,-0.000412707,0.00042527,-0.000559126,0.00018772957656347042,True,0.00029967440045115904,True
washer,axisymmetric,fpfh_ransac,easy,10,35.02328249857619,0.0108856465891515,False,0.0244532214858905,0.0003112219591244,True,35.0,itodd_washer.ply,0.033999,0.00034,8791,8791,-0.033229297,0.01124872,-0.299293374,0.953515997,-9.0074e-05,0.000606597,-0.000558805,-0.035037425,0.000792276,0.001491929,0.999384573,-0.000412707,0.00042527,-0.000559126,0.03622276863740553,True,0.006261014432413115,True
washer,axisymmetric,fgr,easy,10,7.68046559432235,0.0266796040213879,False,7.121012349326312,0.0265988878013933,False,357.0,itodd_washer.ply,0.033999,0.00034,8791,8791,-0.091886996,-0.024826552,0.025664681,0.99512901,-0.000353215,0.000242266,-0.001445548,-0.035037425,0.000792276,0.001491929,0.999384573,-0.000412707,0.00042527,-0.000559126,0.030353964354664406,True,0.07060768880045315,True
washer,axisymmetric,icp_pt2pt,easy,11,2.2448619193705777,0.0241814160002711,False,2.505259325537416,0.0240671815926598,False,355.25,itodd_washer.ply,0.033999,0.00034,8791,8791,-0.026261428,-0.024723553,-2.4352e-05,0.99934933,-0.000489896,0.000369754,0.000498631,-0.026877254,-0.024267526,-0.019598166,0.999151947,-0.001083386,0.000938672,0.000496043,0.022246014360009208,True,0.025611298418310786,True
washer,axisymmetric,icp_pt2pl,easy,11,0.2011844168207781,0.0001219213690653,True,0.0490512311562616,6.923136093903752e-05,True,359.75,itodd_washer.ply,0.033999,0.00034,8791,8791,-0.026843502,-0.024351175,-0.017845107,0.999183666,-0.001085408,0.000935054,0.000496065,-0.026877254,-0.024267526,-0.019598166,0.999151947,-0.001083386,0.000938672,0.000496043,0.0009234980762685898,True,0.0013558363956768364,True
washer,axisymmetric,fpfh_ransac,easy,11,153.6454180028568,0.0832263054611976,False,0.1059311901231976,0.0006242998370765,True,206.25,itodd_washer.ply,0.033999,0.00034,8791,8791,0.017533556,-0.031703961,0.968375057,0.246854576,0.000614634,-0.001324784,0.000496102,-0.026877254,-0.024267526,-0.019598166,0.999151947,-0.001083386,0.000938672,0.000496043,0.04496980701761147,True,0.002714384646867122,True
washer,axisymmetric,fgr,easy,11,6.875391929098677,0.018699634989124,False,6.797645370824839,0.0187088972648393,False,359.0,itodd_washer.ply,0.033999,0.00034,8791,8791,0.032471123,-0.020035898,-0.01193821,0.999200514,-0.001085953,0.000934724,-0.000139701,-0.026877254,-0.024267526,-0.019598166,0.999151947,-0.001083386,0.000938672,0.000496043,0.02291732476617479,True,0.06078318650862306,True
washer,axisymmetric,icp_pt2pt,easy,12,1.3202803660695277,0.0058090783726325,True,1.0702819009917517,0.0058284267268628,True,0.25,itodd_washer.ply,0.033999,0.00034,8791,8791,-0.007325883,-0.015841431,-0.001711784,0.999846213,-0.000781456,0.000456129,0.000415246,-0.007133925,-0.015889698,0.00980798,0.999800194,-0.000937222,0.000577549,0.000414602,0.0081908912555397,True,0.010168761782092093,True
washer,axisymmetric,icp_pt2pl,easy,12,0.005854518697391,3.164772900593672e-05,True,0.0058545185728838,3.164772900593672e-05,True,0.0,itodd_washer.ply,0.033999,0.00034,8791,8791,-0.007110702,-0.015848807,0.009788033,0.999801204,-0.000937146,0.000578562,0.000414245,-0.007133925,-0.015889698,0.00980798,0.999800194,-0.000937222,0.000577549,0.000414602,3.7802613138905155e-05,True,4.874286122701985e-05,True
washer,axisymmetric,fpfh_ransac,easy,12,179.99203222254243,0.0558200914845617,False,179.98236785929137,0.0656337997695973,False,233.75,itodd_washer.ply,0.033999,0.00034,8791,8791,-0.165944924,0.985982751,0.009757662,0.014320756,0.000741688,0.000878562,-0.000417451,-0.007133925,-0.015889698,0.00980798,0.999800194,-0.000937222,0.000577549,0.000414602,0.040126090763916857,True,0.706608033890808,False
washer,axisymmetric,fgr,easy,12,8.134009719147178,0.0201326460166652,False,7.192673815658346,0.019970634561793,False,3.75,itodd_washer.ply,0.033999,0.00034,8791,8791,0.032348096,0.032695363,-0.023595413,0.998663041,-0.000933673,0.000679665,-0.00026221,-0.007133925,-0.015889698,0.00980798,0.999800194,-0.000937222,0.000577549,0.000414602,0.032043649364727415,True,0.06437812027523253,True
washer,axisymmetric,icp_pt2pt,easy,13,4.628399878310748,0.0067463627030646,False,1.121638285969026,0.006132658483091,True,354.25,itodd_washer.ply,0.033999,0.00034,8791,8791,-0.008223172,0.016240807,0.000757448,0.999834007,-0.000246696,0.000834161,-0.000552881,-0.007505046,0.016597928,-0.039614619,0.99904898,-0.000207829,0.001060209,-0.000552124,0.01924804515529485,True,0.010043833762166623,True
washer,axisymmetric,icp_pt2pl,easy,13,4.837193466329598,0.0025751298522538,False,0.0874331887508832,8.045005654007421e-05,True,355.25,itodd_washer.ply,0.033999,0.00034,8791,8791,-0.008236042,0.016299797,0.002580114,0.999829899,-0.00029203,0.001036239,-0.000553008,-0.007505046,0.016597928,-0.039614619,0.99904898,-0.000207829,0.001060209,-0.000552124,0.02019810055934943,True,0.005524110243657986,True
washer,axisymmetric,fpfh_ransac,easy,13,98.51992241773848,0.0482107993411814,False,0.0262484772216963,0.0005518514956528,True,261.5,itodd_washer.ply,0.033999,0.00034,8791,8791,-0.017476535,0.00517017,0.731104436,0.682022099,-0.000977309,-0.000387045,-0.000552551,-0.007505046,0.016597928,-0.039614619,0.99904898,-0.000207829,0.001060209,-0.000552124,0.03898367791741486,True,0.004026072080285148,True
washer,axisymmetric,fgr,easy,13,167.04208354773527,0.1493577388910328,False,166.69436866662645,0.1583161285587551,False,26.25,itodd_washer.ply,0.033999,0.00034,8791,8791,0.858348101,-0.496706497,-0.020955848,0.126815005,-0.003283631,-0.00250377,0.001351318,-0.007505046,0.016597928,-0.039614619,0.99904898,-0.000207829,0.001060209,-0.000552124,0.078395516010225,True,0.7133545443611601,False
washer,axisymmetric,icp_pt2pt,easy,14,3.284120962116261,0.001165322179551,False,0.0388565098009584,0.0013006684606468,True,356.75,itodd_washer.ply,0.033999,0.00034,8791,8791,0.004706103,-0.072617937,0.000855345,0.997348363,-4.4133e-05,6.1171e-05,-1.4453e-05,0.002709458,-0.072856171,-0.027729674,0.99695321,-7.4669e-05,3.5927e-05,-1.4508e-05,0.014543040727624156,True,0.005704300619120712,True
washer,axisymmetric,icp_pt2pl,easy,14,2.897901450897958,0.000124316877492,False,0.1021305999592995,5.207369362755747e-05,True,357.0,itodd_washer.ply,0.033999,0.00034,8791,8791,0.004534548,-0.072758657,-0.002510428,0.997336109,-7.4362e-05,3.1719e-05,-1.4254e-05,0.002709458,-0.072856171,-0.027729674,0.99695321,-7.4669e-05,3.5927e-05,-1.4508e-05,0.012892063470409948,True,0.005577492660251689,True
washer,axisymmetric,fpfh_ransac,easy,14,179.9997036249265,0.0017528331149105,False,179.97992015644652,0.005650236463985,False,178.25,itodd_washer.ply,0.033999,0.00034,8791,8791,0.997338316,-0.000777536,-0.072750951,-0.004793446,-7.6256e-05,-1.7888e-05,1.1044e-05,0.002709458,-0.072856171,-0.027729674,0.99695321,-7.4669e-05,3.5927e-05,-1.4508e-05,0.05231036120409558,True,0.69952272113489,False
washer,axisymmetric,fgr,easy,14,3.025881328817302,0.0001225850709186,False,0.0259955081266867,5.3705331706420206e-05,True,357.0,itodd_washer.ply,0.033999,0.00034,8791,8791,0.004617121,-0.072752343,-0.001396668,0.997338372,-7.4331e-05,3.1781e-05,-1.4249e-05,0.002709458,-0.072856171,-0.027729674,0.99695321,-7.4669e-05,3.5927e-05,-1.4508e-05,0.013420931668647124,True,0.006082505676628325,True
washer,axisymmetric,icp_pt2pt,easy,15,0.985998380227223,0.0035511388220067,True,0.4860312723934962,0.0035563380327676,True,359.5,itodd_washer.ply,0.033999,0.00034,8791,8791,0.020804364,0.050091115,-0.0006911,0.998527707,5.1973e-05,-3.6685e-05,-6.8083e-05,0.021302028,0.04991636,-0.009279234,0.998483088,0.000152405,-0.000103693,-6.7903e-05,0.00563156231072141,True,0.009634301437959044,True
washer,axisymmetric,icp_pt2pl,easy,15,1.5914460045507433,3.2590811048268074e-05,True,0.0917581667014427,0.0001177351928607,True,358.5,itodd_washer.ply,0.033999,0.00034,8791,8791,0.020658979,0.050160525,0.004591555,0.998516923,0.000152164,-0.000102635,-6.8125e-05,0.021302028,0.04991636,-0.009279234,0.998483088,0.000152405,-0.000103693,-6.7903e-05,0.007286052363852623,True,0.0026775091838717627,True
washer,axisymmetric,fpfh_ransac,easy,15,163.84320488864762,0.0094826656419412,False,0.1584662142717923,0.0008147651285511,True,164.0,itodd_washer.ply,0.033999,0.00034,8791,8791,-0.052368567,0.014179879,0.989878978,-0.1311338,-0.000111982,8.0805e-05,-6.7782e-05,0.021302028,0.04991636,-0.009279234,0.998483088,0.000152405,-0.000103693,-6.7903e-05,0.04703917334981711,True,0.0017886138033591556,True
washer,axisymmetric,fgr,easy,15,22.86556128468577,0.0185564360280207,False,6.667847959684933,0.0187554293501127,False,338.0,itodd_washer.ply,0.033999,0.00034,8791,8791,0.069464108,0.050524751,0.183068753,0.979340502,0.000199491,-0.000165809,0.000558156,0.021302028,0.04991636,-0.009279234,0.998483088,0.000152405,-0.000103693,-6.7903e-05,0.038331404125321794,True,0.05935390944059238,True
washer,axisymmetric,icp_pt2pt,easy,16,1.2745918648640957,0.0382140252696835,False,7.4754474832005,0.0377965185630462,False,8.75,itodd_washer.ply,0.033999,0.00034,8791,8791,-0.012839286,-0.084964966,0.001116098,0.996300588,0.000120139,-0.000314711,0.00021662,-0.011812201,-0.085089448,0.012190498,0.996228713,0.000932278,-0.001328814,0.000214389,0.03109689253004069,True,0.04257363603478498,True
washer,axisymmetric,icp_pt2pl,easy,16,10.278505531557077,0.0084538469585706,False,0.0286446952659857,6.870497609404787e-05,True,10.25,itodd_washer.ply,0.033999,0.00034,8791,8791,-0.019423545,-0.083696927,-0.077094296,0.993314663,0.000680777,-0.001467943,0.000214984,-0.011812201,-0.085089448,0.012190498,0.996228713,0.000932278,-0.001328814,0.000214389,0.031045106249713326,True,0.0018760621963764192,True
washer,axisymmetric,fpfh_ransac,easy,16,173.90309784853105,0.0945747764747379,False,0.15403315156313,0.0006453697682025,True,186.25,itodd_washer.ply,0.033999,0.00034,8791,8791,0.084371152,-0.016343035,0.995464394,0.040805079,-0.000723321,0.001427605,0.000215158,-0.011812201,-0.085089448,0.012190498,0.996228713,0.000932278,-0.001328814,0.000214389,0.0694445893943739,True,0.0013665010295464285,True
washer,axisymmetric,fgr,easy,16,65.65114866605184,0.0513363760069345,False,0.0990224206877548,0.0004112632587734,True,65.75,itodd_washer.ply,0.033999,0.00034,8791,8791,-0.056096386,-0.065078541,-0.529790933,0.843765101,-0.000812664,-0.001367229,0.000215031,-0.011812201,-0.085089448,0.012190498,0.996228713,0.000932278,-0.001328814,0.000214389,0.04464814744591454,True,0.0026826660286895705,True
washer,axisymmetric,icp_pt2pt,easy,17,1.2977661528966742,0.0048054600429474,True,0.9524603034636048,0.0047634967319264,True,357.75,itodd_washer.ply,0.033999,0.00034,8791,8791,0.000204404,-0.008297812,0.004294731,0.999956329,-0.000144605,6.785e-05,-9.3459e-05,0.000246038,-0.008302232,-0.007030267,0.999940792,-0.000279934,0.000159383,-9.422e-05,0.006779867876511454,True,0.009105371375049598,True
washer,axisymmetric,icp_pt2pl,easy,17,0.15423071435697,4.066742583653383e-05,True,0.0969171355904485,3.076688570514561e-05,True,0.25,itodd_washer.ply,0.033999,0.00034,8791,8791,0.000135613,-0.00827871,-0.008371402,0.99993068,-0.000278637,0.00015986,-9.4266e-05,0.000246038,-0.008302232,-0.007030267,0.999940792,-0.000279934,0.000159383,-9.422e-05,0.0007123493739106389,True,0.0009898659966741349,True
washer,axisymmetric,fpfh_ransac,easy,17,179.99010642422675,0.016095480222797,False,179.9750712471642,0.008199858010426,False,226.75,itodd_washer.ply,0.033999,0.00034,8791,8791,0.928901842,0.370233347,-0.007769089,0.002877107,-9.3004e-05,-0.000320311,9.1265e-05,0.000246038,-0.008302232,-0.007030267,0.999940792,-0.000279934,0.000159383,-9.422e-05,0.0389576556611251,True,0.6968361152548921,False
washer,axisymmetric,fgr,easy,17,31.22045276363266,0.008578383299814,False,12.222493184439053,0.0054037770378811,False,28.75,itodd_washer.ply,0.033999,0.00034,8791,8791,0.10247637,-0.029185084,-0.254772366,0.961112827,-0.000138826,0.000351311,-0.000262488,0.000246038,-0.008302232,-0.007030267,0.999940792,-0.000279934,0.000159383,-9.422e-05,0.045223924084594025,True,0.08044086961044475,True
washer,axisymmetric,icp_pt2pt,easy,18,4.167765429470842,0.0053146114839013,False,0.8324925381256082,0.0052172702136638,True,355.0,itodd_washer.ply,0.033999,0.00034,8791,8791,-0.033042851,0.008968874,0.001176228,0.999413001,8.4369e-05,0.000108918,0.000289755,-0.032551841,0.010096303,-0.03516642,0.998800163,0.000233605,0.000210786,0.000289986,0.017925259010172254,True,0.0062598757895744395,True
washer,axisymmetric,icp_pt2pl,easy,18,4.285496968709545,0.0006507961712168,False,0.0359872076101542,9.962936634990666e-05,True,355.75,itodd_washer.ply,0.033999,0.00034,8791,8791,-0.032933472,0.008830914,0.002200977,0.999416108,0.00021569,0.00022376,0.000289416,-0.032551841,0.010096303,-0.03516642,0.998800163,0.000233605,0.000210786,0.000289986,0.018455830213522838,True,0.0018651219504699937,True
washer,axisymmetric,fpfh_ransac,easy,18,91.89618272630844,0.0122029961339081,False,0.1040095038948472,0.0005461124919903,True,268.0,itodd_washer.ply,0.033999,0.00034,8791,8791,-0.029815409,-0.016422881,0.693395365,0.719752873,-0.00018113,0.000199634,0.000289486,-0.032551841,0.010096303,-0.03516642,0.998800163,0.000233605,0.000210786,0.000289986,0.03729972035786732,True,0.0011874733534675377,True
washer,axisymmetric,fgr,easy,18,8.302356718030634,0.0246051958869158,False,7.106597527660414,0.0245469244120195,False,4.25,itodd_washer.ply,0.033999,0.00034,8791,8791,-0.085549954,-0.020002628,-0.0739336,0.993385586,0.000274884,0.000131799,-0.000541795,-0.032551841,0.010096303,-0.03516642,0.998800163,0.000233605,0.000210786,0.000289986,0.03192980132380534,True,0.06787323373492392,True
washer,axisymmetric,icp_pt2pt,easy,19,0.0179193719843093,0.0088977191785707,True,1.7479593065956922,0.0088235014581399,True,1.75,itodd_washer.ply,0.033999,0.00034,8791,8791,-0.00378977,0.000256185,0.000520689,0.99999265,0.000252863,-8.2808e-05,0.000704622,-0.00365658,0.000176318,0.000538992,0.999993154,0.000555351,-8.641e-05,0.000704653,0.008881360618101693,True,0.008915167454153093,True
washer,axisymmetric,icp_pt2pl,easy,19,0.0277590474794605,7.246419464152499e-05,True,0.0277590474794605,7.246419464152499e-05,True,0.0,itodd_washer.ply,0.033999,0.00034,8791,8791,-0.003673608,0.00019984,0.000779488,0.999992929,0.000554676,-8.4192e-05,0.000705486,-0.00365658,0.000176318,0.000538992,0.999993154,0.000555351,-8.641e-05,0.000704653,0.00014880262421792677,True,0.00023773863369975164,True
washer,axisymmetric,fpfh_ransac,easy,19,26.15383965114661,0.0070690790560393,False,0.0962107743626656,0.0002036227364456,True,26.25,itodd_washer.ply,0.033999,0.00034,8791,8791,-0.003543994,0.001031397,-0.225732267,0.974182385,0.000460561,-0.000307265,0.000705523,-0.00365658,0.000176318,0.000538992,0.999993154,0.000555351,-8.641e-05,0.000704653,0.03312775329020988,True,0.0010802019455190626,True
washer,axisymmetric,fgr,easy,19,0.017575686680261,7.117991482980264e-05,True,0.017575686680261,7.117991482980264e-05,True,0.0,itodd_washer.ply,0.033999,0.00034,8791,8791,-0.003672897,0.000197641,0.00069,0.999992997,0.000554475,-8.431e-05,0.000705477,-0.00365658,0.000176318,0.000538992,0.999993154,0.000555351,-8.641e-05,0.000704653,0.00010832850183410582,True,0.00017356364283920678,True
washer,axisymmetric,icp_pt2pt,medium,0,42.140439398944665,0.065308373578279,False,13.02743344473218,0.0656942601454675,False,329.5,itodd_washer.ply,0.033999,0.00034,8791,7472,-0.041085988,-0.002804969,0.002935631,0.999147364,2.551e-05,0.000292343,-0.001182149,-0.092155315,0.039178722,-0.350254314,0.931286391,0.000487881,0.002276589,-0.002064826,0.045596907923604095,True,0.08501686609623627,True
washer,axisymmetric,icp_pt2pl,medium,0,49.61129594892424,0.0571902823811148,False,0.1163793359441438,0.0003948910604074,True,310.5,itodd_washer.ply,0.033999,0.00034,8791,7472,-0.100257019,-0.002925656,0.072791514,0.992290968,-0.001403375,0.001825151,-0.002064686,-0.092155315,0.039178722,-0.350254314,0.931286391,0.000487881,0.002276589,-0.002064826,0.045070902662733545,True,0.0027429328062021623,True
washer,axisymmetric,fpfh_ransac,medium,0,58.20247910294735,0.0663535106878015,False,0.0612616608777831,0.0003545740541332,True,301.75,itodd_washer.ply,0.033999,0.00034,8791,7472,-0.099789526,-0.010433325,0.146910827,0.984047969,-0.00166074,0.001589111,-0.002064592,-0.092155315,0.039178722,-0.350254314,0.931286391,0.000487881,0.002276589,-0.002064826,0.047405294447197474,True,0.0018544082075650466,True
washer,axisymmetric,fgr,medium,0,44.04668579407095,0.0511911851808982,False,0.0584951239641943,0.0003055591673889,True,316.0,itodd_washer.ply,0.033999,0.00034,8791,7472,-0.10031094,0.001934716,0.024537491,0.994651639,-0.001222835,0.001956371,-0.002064858,-0.092155315,0.039178722,-0.350254314,0.931286391,0.000487881,0.002276589,-0.002064826,0.04400943132932265,True,0.0006238350406738979,True
washer,axisymmetric,icp_pt2pt,medium,1,17.536459695999593,0.2268787136686765,False,8.458416814013566,0.2259028073755532,False,19.5,itodd_washer.ply,0.033999,0.00034,8791,7472,-0.257986374,0.024808649,-0.01529881,0.965708811,-5.6301e-05,-0.000532186,-0.000498447,-0.295102608,0.04164193,0.13067171,0.945571417,0.001652944,-0.008036252,-0.001014595,0.12936645489951365,False,0.24359975785864768,False
washer,axisymmetric,icp_pt2pl,medium,1,26.866292090524905,0.2183842261420744,False,29.754183505486274,0.1950322188298958,False,54.5,itodd_washer.ply,0.033999,0.00034,8791,7472,-0.276570651,0.04172588,-0.102333492,0.954617977,-0.001086573,-0.001175864,-0.000268202,-0.295102608,0.04164193,0.13067171,0.945571417,0.001652944,-0.008036252,-0.001014595,0.12077230861722107,False,0.21382910591093204,False
washer,axisymmetric,fpfh_ransac,medium,1,179.98626651183528,0.0875640994135557,False,179.97189953024247,0.4530243232972702,False,121.5,itodd_washer.ply,0.033999,0.00034,8791,7472,-0.184793675,0.936542569,0.26531387,-0.13545429,0.003714651,-0.007327294,0.001012619,-0.295102608,0.04164193,0.13067171,0.945571417,0.001652944,-0.008036252,-0.001014595,0.14495871624588696,False,0.7117333316676128,False
washer,axisymmetric,fgr,medium,1,24.74496480927703,0.1016168184545941,False,1.3975915920202768,0.002568829169762,True,24.75,itodd_washer.ply,0.033999,0.00034,8791,7472,-0.268926066,0.09869863,-0.075283129,0.95512816,-0.001800767,-0.007969312,-0.001071492,-0.295102608,0.04164193,0.13067171,0.945571417,0.001652944,-0.008036252,-0.001014595,0.05490323970126273,True,0.011248626762988427,True
washer,axisymmetric,icp_pt2pt,medium,2,39.568044599963365,0.0523890579184636,False,9.707759529509117,0.0485884306113747,False,45.5,itodd_washer.ply,0.033999,0.00034,8791,7472,-0.107675172,0.024020311,-0.018975311,0.993714758,-0.000335422,7.8848e-05,0.002994788,-0.164014133,-0.042437806,0.308340701,0.936068592,-0.001364178,-0.001084118,0.003867531,0.055465946983284095,True,0.07381141565288102,True
washer,axisymmetric,icp_pt2pl,medium,2,48.94487722012265,0.0380837218219442,False,6.820709683717085,0.0239290384000277,False,48.5,itodd_washer.ply,0.033999,0.00034,8791,7472,-0.113039711,0.052185464,-0.09847624,0.987320177,-0.001597518,-3.4762e-05,0.003145802,-0.164014133,-0.042437806,0.308340701,0.936068592,-0.001364178,-0.001084118,0.003867531,0.059839401164097535,True,0.06563670418923401,True
washer,axisymmetric,fpfh_ransac,medium,2,179.989458963713,0.2411665732319332,False,179.9885447874072,0.2324288010584532,False,314.0,itodd_washer.ply,0.033999,0.00034,8791,7472,0.340935905,0.924703659,0.162405586,0.048065347,0.001349168,-0.001173941,-0.003869301,-0.164014133,-0.042437806,0.308340701,0.936068592,-0.001364178,-0.001084118,0.003867531,0.1906751489959121,False,0.7548168034006898,False
washer,axisymmetric,fgr,medium,2,44.8071015817721,0.0211429653795729,False,11.938029680729354,0.022846465702718,False,43.25,itodd_washer.ply,0.033999,0.00034,8791,7472,-0.065728313,0.006912364,-0.059440302,0.996041595,-0.001894787,-0.000599297,0.003856535,-0.164014133,-0.042437806,0.308340701,0.936068592,-0.001364178,-0.001084118,0.003867531,0.04976013949205461,True,0.08114804295358584,True
washer,axisymmetric,icp_pt2pt,medium,3,23.88075326965435,0.1809266831759008,False,35.88074951422992,0.1801331153271984,False,12.0,itodd_washer.ply,0.033999,0.00034,8791,7472,0.093471951,0.183273651,-0.002152927,0.978605706,-2.928e-05,-0.000172794,-0.00061202,0.129412761,0.159801672,-0.20454921,0.957013784,0.003453443,-0.005243151,-0.000614457,0.08632729767486087,True,0.18367355984736167,False
washer,axisymmetric,icp_pt2pl,medium,3,13.297139029618148,0.0856592171240471,False,15.047135614252332,0.0855472316058882,False,1.75,itodd_washer.ply,0.033999,0.00034,8791,7472,0.109843411,0.173613267,-0.092399279,0.974297302,0.001769388,-0.002867153,-0.00060836,0.129412761,0.159801672,-0.20454921,0.957013784,0.003453443,-0.005243151,-0.000614457,0.0518107759790995,True,0.09766224884450754,True
washer,axisymmetric,fpfh_ransac,medium,3,179.98905534810288,0.3589683587536915,False,179.97691608544568,0.0953092777214619,False,236.5,itodd_washer.ply,0.033999,0.00034,8791,7472,0.839883993,0.502337449,0.109521836,-0.173945202,-0.000458699,0.00625236,0.000608704,0.129412761,0.159801672,-0.20454921,0.957013784,0.003453443,-0.005243151,-0.000614457,0.16884649008404767,False,0.7075148586729494,False
washer,axisymmetric,fgr,medium,3,27.10985824761108,0.0865192983028233,False,0.110820537814315,0.0003532162298092,True,333.0,itodd_washer.ply,0.033999,0.00034,8791,7472,0.088288187,0.185616244,0.025444711,0.978317112,0.005472385,-0.003103879,-0.000611945,0.129412761,0.159801672,-0.20454921,0.957013784,0.003453443,-0.005243151,-0.000614457,0.05049304512195552,True,0.008074697586277331,True
washer,axisymmetric,icp_pt2pt,medium,4,7.388739072172485,0.0790508243349034,False,15.280879541491116,0.0769407200191199,False,347.0,itodd_washer.ply,0.033999,0.00034,8791,7472,-0.021822289,-0.082619255,-0.002026472,0.996340173,-0.000405761,0.000119943,0.00222332,-0.05479672,-0.137303006,0.002943566,0.989007856,-0.001295201,0.002565381,0.002895636,0.05181709228161157,True,0.10349629314266659,False
washer,axisymmetric,icp_pt2pl,medium,4,10.73823125656345,0.0174583027761734,False,6.28419360349539,0.0143421788892285,False,351.25,itodd_washer.ply,0.033999,0.00034,8791,7472,-0.005332192,-0.103001153,0.074661126,0.991860901,-0.001458324,0.002162676,0.002491248,-0.05479672,-0.137303006,0.002943566,0.989007856,-0.001295201,0.002565381,0.002895636,0.03659598111050965,True,0.05251490003390082,True
washer,axisymmetric,fpfh_ransac,medium,4,94.59262631429634,0.1167819697750046,False,7.419323444365786,0.0206420450477396,False,94.25,itodd_washer.ply,0.033999,0.00034,8791,7472,0.114954116,0.112732912,0.72846629,-0.665893164,0.002406313,0.001277424,0.002259868,-0.05479672,-0.137303006,0.002943566,0.989007856,-0.001295201,0.002565381,0.002895636,0.07509415683021958,True,0.0651722439564441,True
washer,axisymmetric,fgr,medium,4,175.25392387100598,0.2258632642819946,False,172.07382530610846,0.1861500863373136,False,253.5,itodd_washer.ply,0.033999,0.00034,8791,7472,0.850731828,0.499966011,-0.034105094,0.158512419,0.001921901,-0.002391651,-0.002007996,-0.05479672,-0.137303006,0.002943566,0.989007856,-0.001295201,0.002565381,0.002895636,0.16638929829628285,False,0.715223938650272,False
washer,axisymmetric,icp_pt2pt,medium,5,20.66160805140492,0.0735389627076125,False,15.523560992099958,0.0724178538332385,False,346.25,itodd_washer.ply,0.033999,0.00034,8791,7472,-0.078815302,-0.173737614,0.003128493,0.981628037,0.000386366,-3.161e-06,-0.001320438,-0.166559636,-0.275118375,-0.109798868,0.940484968,0.002380215,-0.00144377,-0.000872872,0.05988926415493547,True,0.13670173726991564,False
washer,axisymmetric,icp_pt2pl,medium,5,8.73198055203891,0.008974227393878,False,8.161709052997818,0.0079249895810466,False,357.0,itodd_washer.ply,0.033999,0.00034,8791,7472,-0.121508979,-0.222596627,-0.087583499,0.96333558,0.002450013,-0.001318724,-0.000603457,-0.166559636,-0.275118375,-0.109798868,0.940484968,0.002380215,-0.00144377,-0.000872872,0.02621543885414819,True,0.056200326115738615,True
washer,axisymmetric,fpfh_ransac,medium,5,23.69281427930994,0.0332554363857077,False,0.0614684091947995,0.0003095923458798,True,23.75,itodd_washer.ply,0.033999,0.00034,8791,7472,-0.219436735,-0.234896671,-0.300524137,0.897973449,0.001602108,-0.002264068,-0.000874981,-0.166559636,-0.275118375,-0.109798868,0.940484968,0.002380215,-0.00144377,-0.000872872,0.04891433637442364,True,0.0022852045583345248,True
washer,axisymmetric,fgr,medium,5,11.73356954432745,0.0381054042776367,False,8.558349002126144,0.0361452122431152,False,352.0,itodd_washer.ply,0.033999,0.00034,8791,7472,-0.109969865,-0.224813731,-0.04627096,0.967070015,0.002316066,-0.000946613,-0.002067492,-0.166559636,-0.275118375,-0.109798868,0.940484968,0.002380215,-0.00144377,-0.000872872,0.04202646452717643,True,0.08192373434714026,True
washer,axisymmetric,icp_pt2pt,medium,6,1.5972082238655945,0.1089326116448679,False,21.65295476915273,0.1084343747556979,False,23.25,itodd_washer.ply,0.033999,0.00034,8791,7472,-0.012308252,-0.019115943,0.00072236,0.999741249,-1.1525e-05,-2.1443e-05,-6.592e-06,-0.011888146,-0.019406438,0.014650741,0.999633642,0.002465482,-0.002774757,-9.909e-06,0.04674177820681573,True,0.11137580042664812,False
washer,axisymmetric,icp_pt2pl,medium,6,2.433024913844034,0.0045891721838277,False,0.0675351253209782,0.0001781870649126,True,357.5,itodd_washer.ply,0.033999,0.00034,8791,7472,-0.011544432,-0.019656949,0.03587143,0.999096377,0.002578991,-0.002667709,-1.0319e-05,-0.011888146,-0.019406438,0.014650741,0.999633642,0.002465482,-0.002774757,-9.909e-06,0.011710233757340332,True,0.003459604188052202,True
washer,axisymmetric,fpfh_ransac,medium,6,179.99581329669212,0.1598164546387135,False,179.99542207303202,0.2057560225162096,False,312.25,itodd_washer.ply,0.033999,0.00034,8791,7472,0.122334253,0.992228602,0.009742424,0.020538205,-0.002936347,-0.002188909,7.666e-06,-0.011888146,-0.019406438,0.014650741,0.999633642,0.002465482,-0.002774757,-9.909e-06,0.06326010206547088,True,0.7035769781863848,False
washer,axisymmetric,fgr,medium,6,0.6207606749900568,0.0011652474949747,True,0.120800541858896,0.0002175444136509,True,359.5,itodd_washer.ply,0.033999,0.00034,8791,7472,-0.011809791,-0.019459358,0.02006625,0.999539498,0.002494192,-0.002747463,-1.0394e-05,-0.011888146,-0.019406438,0.014650741,0.999633642,0.002465482,-0.002774757,-9.909e-06,0.003075554347683263,True,0.00498950064240866,True
washer,axisymmetric,icp_pt2pt,medium,7,12.192416401677,0.1880649721193537,False,35.43457386599897,0.1772041561779027,False,315.75,itodd_washer.ply,0.033999,0.00034,8791,7472,0.228844498,-0.08763891,0.007526272,0.969480775,-0.000418817,-0.000353842,0.001346196,0.267326799,-0.149025173,-0.067743995,0.949599195,-0.00499482,0.004037219,0.002159389,0.06931867754428774,True,0.194024386436575,False
washer,axisymmetric,icp_pt2pl,medium,7,7.642348769672955,0.1102916024303078,False,20.15884906616172,0.1008219336129489,False,342.0,itodd_washer.ply,0.033999,0.00034,8791,7472,0.232936794,-0.096328993,-0.084438725,0.964018297,-0.002874615,0.001003396,0.001558277,0.267326799,-0.149025173,-0.067743995,0.949599195,-0.00499482,0.004037219,0.002159389,0.05311683729268055,True,0.123196941113839,False
washer,axisymmetric,fpfh_ransac,medium,7,179.99860718192355,0.1447070752339365,False,179.9831350657056,0.3972518893067269,False,189.5,itodd_washer.ply,0.033999,0.00034,8791,7472,-0.670852316,0.675494652,-0.10537271,0.287333844,-0.003208801,0.005570445,-0.002160812,0.267326799,-0.149025173,-0.067743995,0.949599195,-0.00499482,0.004037219,0.002159389,0.11137094694746646,False,0.7254605654241616,False
washer,axisymmetric,fgr,medium,7,15.156994609372974,0.0483288218289203,False,0.5580196587909992,0.002428559817078,True,345.0,itodd_washer.ply,0.033999,0.00034,8791,7472,0.280666828,-0.110475012,0.057959861,0.951662786,-0.005890505,0.002660715,0.002106478,0.267326799,-0.149025173,-0.067743995,0.949599195,-0.00499482,0.004037219,0.002159389,0.04319144927625398,True,0.009203993020850178,True
washer,axisymmetric,icp_pt2pt,medium,8,16.236587168072763,0.0923005017086051,False,18.282135045583427,0.0920717375263749,False,3.25,itodd_washer.ply,0.033999,0.00034,8791,7472,0.155694522,0.134406317,-5.9138e-05,0.978618493,-4.2006e-05,-0.00015069,-0.000208111,0.248069613,0.197962622,-0.079661174,0.944947811,0.00171816,-0.002732019,-0.000501612,0.06338839300482133,True,0.1493347735937311,False
washer,axisymmetric,icp_pt2pl,medium,8,14.440433570915236,0.0239189977162299,False,6.950063182586766,0.0123185926172366,False,12.75,itodd_washer.ply,0.033999,0.00034,8791,7472,0.227455906,0.128226251,-0.182434166,0.947913295,0.001135247,-0.003130181,-0.000905337,0.248069613,0.197962622,-0.079661174,0.944947811,0.00171816,-0.002732019,-0.000501612,0.041069632739985325,True,0.052116469461417125,True
washer,axisymmetric,fpfh_ransac,medium,8,81.22481940454169,0.0738294604163414,False,12.474897585992723,0.0625638068940664,False,291.25,itodd_washer.ply,0.033999,0.00034,8791,7472,0.059471294,0.312115141,0.554546378,0.769107026,0.001246729,-0.000266591,-0.000499964,0.248069613,0.197962622,-0.079661174,0.944947811,0.00171816,-0.002732019,-0.000501612,0.12335972429710364,False,0.07342510577899894,True
washer,axisymmetric,fgr,medium,8,20.771632280313927,0.0342024801546631,False,6.984118276110706,0.0125998526539194,False,19.5,itodd_washer.ply,0.033999,0.00034,8791,7472,0.237055845,0.111464819,-0.237999342,0.935273454,0.000757127,-0.003239326,-0.000915427,0.248069613,0.197962622,-0.079661174,0.944947811,0.00171816,-0.002732019,-0.000501612,0.047259029602736584,True,0.0523543190193794,True
washer,axisymmetric,icp_pt2pt,medium,9,1.0203776864123202,0.1006255989253713,False,19.7518442699606,0.0996223466079825,False,20.75,itodd_washer.ply,0.033999,0.00034,8791,7472,0.006694645,-0.003931269,-0.007485993,0.999941842,0.000363402,6.3032e-05,-0.000457301,0.005213844,-0.002896621,0.0012332,0.999981452,0.002523709,0.001865601,0.001488961,0.05812046794865593,True,0.10544156346252283,False
washer,axisymmetric,icp_pt2pl,medium,9,7.058642618469814,0.0578776912980354,False,4.0595469989193145,0.0576892538636379,False,357.0,itodd_washer.ply,0.033999,0.00034,8791,7472,0.006508848,-0.002309905,0.062773562,0.998003897,0.002332596,0.001917935,-0.000468797,0.005213844,-0.002896621,0.0012332,0.999981452,0.002523709,0.001865601,0.001488961,0.052778942766256595,True,0.05917162349443369,True
washer,axisymmetric,fpfh_ransac,medium,9,179.98741804744844,0.1968591377275211,False,179.9720337442399,0.0943063706130538,False,126.5,itodd_washer.ply,0.033999,0.00034,8791,7472,0.791244857,-0.61146922,0.000935883,-0.006007685,-0.001136336,-0.002879465,-0.001491602,0.005213844,-0.002896621,0.0012332,0.999981452,0.002523709,0.001865601,0.001488961,0.08903799800518224,True,0.7132754808855923,False
washer,axisymmetric,fgr,medium,9,1.227749245358005,0.0019401198463778,True,0.0259696599071712,6.27485843693247e-05,True,358.75,itodd_washer.ply,0.033999,0.00034,8791,7472,0.005356775,-0.002876413,0.011946072,0.999910157,0.002483461,0.001917858,0.001488633,0.005213844,-0.002896621,0.0012332,0.999981452,0.002523709,0.001865601,0.001488961,0.006037940433297038,True,0.00602650807652605,True
washer,axisymmetric,icp_pt2pt,medium,10,9.462106140157127,0.0908275911627495,False,17.03967734162966,0.0858447935973522,False,333.5,itodd_washer.ply,0.033999,0.00034,8791,7472,0.107658107,-0.170402292,-0.005212721,0.979461903,-0.001273177,-0.000321461,0.001810356,0.092022904,-0.179081528,-0.085716569,0.975763425,-0.003390789,0.000776087,0.003771711,0.06592538688486493,True,0.09000674494553126,True
washer,axisymmetric,icp_pt2pl,medium,10,2.030650468528965,0.0586370633746669,False,3.2210508490364345,0.0578792488956806,False,354.75,itodd_washer.ply,0.033999,0.00034,8791,7472,0.095738022,-0.177467075,-0.06851399,0.97705962,-0.003585742,0.00048623,0.001808977,0.092022904,-0.179081528,-0.085716569,0.975763425,-0.003390789,0.000776087,0.003771711,0.04895330491722952,True,0.05852223305265213,True
washer,axisymmetric,fpfh_ransac,medium,10,57.15675612675745,0.0987630560143191,False,0.0937323417115575,0.0002468534005451,True,57.25,itodd_washer.ply,0.033999,0.00034,8791,7472,-0.004871719,-0.201219247,-0.542043807,0.815889449,-0.001172886,0.003297149,0.003771323,0.092022904,-0.179081528,-0.085716569,0.975763425,-0.003390789,0.000776087,0.003771711,0.06703680387198231,True,0.00612312919795233,True
washer,axisymmetric,fgr,medium,10,21.97275251332835,0.0455039992284322,False,8.208107960630214,0.0410500651109962,False,341.5,itodd_washer.ply,0.033999,0.00034,8791,7472,0.077616995,-0.10807938,0.091150404,0.986907318,-0.002997455,-9.081e-06,0.00504538,0.092022904,-0.179081528,-0.085716569,0.975763425,-0.003390789,0.000776087,0.003771711,0.04604319917905461,True,0.08238362857123964,True
washer,axisymmetric,icp_pt2pt,medium,11,12.896284494825403,0.1572382407619109,False,28.72157486940215,0.1446235156017371,False,17.25,itodd_washer.ply,0.033999,0.00034,8791,7472,-0.02340734,0.292812997,-0.0088281,0.955842409,-0.001364565,-0.000460445,-0.004778543,-0.020459545,0.350943884,-0.101718651,0.930630492,0.000369026,-0.005466485,-0.005494527,0.05991243984975568,True,0.1764830237874248,False
washer,axisymmetric,icp_pt2pl,medium,11,12.585611472754591,0.0614894824739607,False,7.5905478520859315,0.0523028125280588,False,346.25,itodd_washer.ply,0.033999,0.00034,8791,7472,-0.038896314,0.292440278,-0.014111478,0.955388207,0.001179704,-0.00371764,-0.004685351,-0.020459545,0.350943884,-0.101718651,0.930630492,0.000369026,-0.005466485,-0.005494527,0.0475200787303979,True,0.07150708820727762,True
washer,axisymmetric,fpfh_ransac,medium,11,179.96119926217148,0.3363677974804626,False,179.95479371199104,0.3408042858588116,False,61.75,itodd_washer.ply,0.033999,0.00034,8791,7472,0.79472412,0.494659859,0.325272201,-0.133877527,-0.000959448,-0.002570988,0.005488824,-0.020459545,0.350943884,-0.101718651,0.930630492,0.000369026,-0.005466485,-0.005494527,0.25846020880475334,False,0.8677471692438601,False
washer,axisymmetric,fgr,medium,11,9.353004137513016,0.0171004691601971,False,4.543207509209214,0.0176993207946763,False,8.25,itodd_washer.ply,0.033999,0.00034,8791,7472,0.010855454,0.314664287,-0.167661783,0.934215217,-1.0513e-05,-0.005487084,-0.005054594,-0.020459545,0.350943884,-0.101718651,0.930630492,0.000369026,-0.005466485,-0.005494527,0.03339238039549272,True,0.04436310709440124,True
washer,axisymmetric,icp_pt2pt,medium,12,9.959917183672646,0.0596229309816405,False,11.896519630514874,0.0595069217471634,False,3.0,itodd_washer.ply,0.033999,0.00034,8791,7472,0.068295875,0.21620614,-0.020268329,0.97374523,0.00130968,0.000207834,0.004346647,0.103188379,0.277760863,-0.066143611,0.952799079,0.003130541,0.000691317,0.005094862,0.0463254839382392,True,0.0971328951432788,True
washer,axisymmetric,icp_pt2pl,medium,12,24.253388748173425,0.0323402181015505,False,8.164657427945153,0.0279583798812219,False,22.75,itodd_washer.ply,0.033999,0.00034,8791,7472,0.118315193,0.194422628,-0.259157615,0.938636611,0.002710118,-6.5727e-05,0.00441731,0.103188379,0.277760863,-0.066143611,0.952799079,0.003130541,0.000691317,0.005094862,0.04842676476009349,True,0.07737267010572832,True
washer,axisymmetric,fpfh_ransac,medium,12,179.9921809804994,0.3184747450005001,False,179.98863699504858,0.345167616877865,False,93.0,itodd_washer.ply,0.033999,0.00034,8791,7472,0.422860955,0.856408088,0.050663545,-0.291868127,5.3526e-05,0.00266267,-0.005097519,0.103188379,0.277760863,-0.066143611,0.952799079,0.003130541,0.000691317,0.005094862,0.2754957395061339,False,0.79899954671159,False
washer,axisymmetric,fgr,medium,12,11.690104480079402,0.0329077783709766,False,8.426855932867655,0.0247395178170875,False,352.0,itodd_washer.ply,0.033999,0.00034,8791,7472,0.058650311,0.217813253,-0.000101008,0.974226625,0.002401535,0.001347149,0.004556171,0.103188379,0.277760863,-0.066143611,0.952799079,0.003130541,0.000691317,0.005094862,0.042607175545472574,True,0.07526933413621295,True
washer,axisymmetric,icp_pt2pt,medium,13,25.795972890102384,0.1319105949602,False,20.55585093608353,0.1280783399022487,False,43.75,itodd_washer.ply,0.033999,0.00034,8791,7472,0.07088013,0.002362011,-0.013557798,0.997389901,-7.1461e-05,-0.000420042,-0.000546499,0.126828392,-0.014797693,0.201721677,0.971083906,0.002516123,-0.004030938,6.9153e-05,0.0603661381896736,True,0.1452083444567832,False
washer,axisymmetric,icp_pt2pl,medium,13,53.43345171237815,0.1251437686609834,False,4.899114320842858,0.0052526525135263,False,53.25,itodd_washer.ply,0.033999,0.00034,8791,7472,0.075879952,-0.040724909,-0.256732612,0.962638084,-0.001716753,-0.004423305,-0.000107967,0.126828392,-0.014797693,0.201721677,0.971083906,0.002516123,-0.004030938,6.9153e-05,0.05296683336726197,True,0.03574308550749483,True
washer,axisymmetric,fpfh_ransac,medium,13,158.17555967350336,0.2736859315079656,False,0.1770456699488689,0.0005774359916757,True,202.0,itodd_washer.ply,0.033999,0.00034,8791,7472,0.038547886,0.121780424,0.991705975,-0.014242453,-0.00077109,0.004674005,6.9659e-05,0.126828392,-0.014797693,0.201721677,0.971083906,0.002516123,-0.004030938,6.9153e-05,0.11772009091220213,False,0.0016306868259696496,True
washer,axisymmetric,fgr,medium,13,24.40298317161816,0.0589205873357613,False,0.0971103766146627,0.0003605091370727,True,24.5,itodd_washer.ply,0.033999,0.00034,8791,7472,0.120835393,-0.041235031,-0.008078036,0.991782852,0.000626979,-0.00469728,7.0314e-05,0.126828392,-0.014797693,0.201721677,0.971083906,0.002516123,-0.004030938,6.9153e-05,0.04343459131151724,True,0.0033062053851619613,True
washer,axisymmetric,icp_pt2pt,medium,14,7.832360972021794,0.1053916537538097,False,10.309689526528674,0.1052779738904299,False,350.0,itodd_washer.ply,0.033999,0.00034,8791,7472,0.010346098,0.090791645,-0.003822197,0.99580883,0.000265327,5.8924e-05,-0.000799494,0.068515816,0.060027924,-0.022255004,0.995593766,0.003702727,0.00010691,0.000210985,0.059938998305689495,True,0.1231003553195421,False
washer,axisymmetric,icp_pt2pl,medium,14,30.935227571906324,0.0669178781010283,False,7.009547877456135,0.0332963266654951,False,30.25,itodd_washer.ply,0.033999,0.00034,8791,7472,0.047721971,0.090672577,-0.285398347,0.952915988,0.003183716,-0.001798619,-0.000918496,0.068515816,0.060027924,-0.022255004,0.995593766,0.003702727,0.00010691,0.000210985,0.04663371312810134,True,0.07625468797434624,True
washer,axisymmetric,fpfh_ransac,medium,14,173.6456123228107,0.1051617572130972,False,173.00131375341425,0.1740436933498013,False,49.5,itodd_washer.ply,0.033999,0.00034,8791,7472,0.838606255,0.523577616,0.043304297,-0.143981828,0.001914263,0.003116337,0.000937535,0.068515816,0.060027924,-0.022255004,0.995593766,0.003702727,0.00010691,0.000210985,0.05564209138006462,True,0.7057453550233589,False
washer,axisymmetric,fgr,medium,14,4.898426981015549,0.0093063138690188,False,0.1040331268373351,0.0001953378495344,True,5.0,itodd_washer.ply,0.033999,0.00034,8791,7472,0.071199755,0.057089105,-0.064771548,0.993718308,0.003701603,-0.00020949,0.000210671,0.068515816,0.060027924,-0.022255004,0.995593766,0.003702727,0.00010691,0.000210985,0.021736652022818926,True,0.0072094694103597605,True
washer,axisymmetric,icp_pt2pt,medium,15,9.742705314251737,0.153108428478355,False,30.369954186199628,0.1529594258596945,False,21.5,itodd_washer.ply,0.033999,0.00034,8791,7472,0.0,0.0,0.0,1.0,0.0,0.0,0.0,-0.041537591,-0.000202529,-0.074066062,0.996387879,0.00183487,-0.002761445,-0.004013052,0.10764141085350616,False,0.17350961433809314,False
washer,axisymmetric,icp_pt2pl,medium,15,9.742705314251737,0.153108428478355,False,30.369954186199628,0.1529594258596945,False,21.5,itodd_washer.ply,0.033999,0.00034,8791,7472,0.0,0.0,0.0,1.0,0.0,0.0,0.0,-0.041537591,-0.000202529,-0.074066062,0.996387879,0.00183487,-0.002761445,-0.004013052,0.10764141085350616,False,0.17350961433809314,False
washer,axisymmetric,fpfh_ransac,medium,15,127.6498166432752,0.1741476605668354,False,0.1543066697434398,0.000710288629547,True,232.5,itodd_washer.ply,0.033999,0.00034,8791,7472,-0.018282881,-0.037513125,0.861531214,0.505986629,0.001124064,0.003116506,-0.004013327,-0.041537591,-0.000202529,-0.074066062,0.996387879,0.00183487,-0.002761445,-0.004013052,0.07138694236129278,True,0.003635220449839459,True
washer,axisymmetric,fgr,medium,15,69.15819532517173,0.106649849370694,False,11.07785807779096,0.0243703083525248,False,291.75,itodd_washer.ply,0.033999,0.00034,8791,7472,-0.121240757,-0.064479784,0.494872149,0.858046964,0.003908314,0.000203762,-0.003776732,-0.041537591,-0.000202529,-0.074066062,0.996387879,0.00183487,-0.002761445,-0.004013052,0.06121985436517431,True,0.0753250640216063,True
washer,axisymmetric,icp_pt2pt,medium,16,8.6608381051503,0.0255265021066251,False,6.644963795977418,0.025368097118569,False,5.5,itodd_washer.ply,0.033999,0.00034,8791,7472,0.083233922,-0.127721979,0.000411368,0.988311207,-0.000549054,4.286e-06,0.000469939,0.071649295,-0.177856149,0.055103077,0.979896535,-0.000663188,-0.000114968,-0.000382083,0.03485314887420658,True,0.06486423823703724,True
washer,axisymmetric,icp_pt2pl,medium,16,9.316512693557849,0.0279567951034887,False,7.181974193977107,0.0277828265741508,False,354.0,itodd_washer.ply,0.033999,0.00034,8791,7472,0.11093413,-0.120095674,0.096614,0.981802619,-0.000596463,-0.000215902,0.000560676,0.071649295,-0.177856149,0.055103077,0.979896535,-0.000663188,-0.000114968,-0.000382083,0.03350736441404549,True,0.07159146389453874,True
washer,axisymmetric,fpfh_ransac,medium,16,179.9964213361897,0.0460823988578038,False,179.98455311918727,0.0294139556417554,False,206.75,itodd_washer.ply,0.033999,0.00034,8791,7472,-0.356429759,0.914441415,0.008589174,0.19152272,0.000582902,0.000453075,0.000379002,0.071649295,-0.177856149,0.055103077,0.979896535,-0.000663188,-0.000114968,-0.000382083,0.04253481466383304,True,0.7020341895289316,False
washer,axisymmetric,fgr,medium,16,15.572048020730795,0.0052130746331346,False,11.396275234806405,0.0039024111113873,False,10.75,itodd_washer.ply,0.033999,0.00034,8791,7472,0.033810491,-0.087614239,-0.037842358,0.994861072,-0.000708784,-3.57e-07,-0.000254809,0.071649295,-0.177856149,0.055103077,0.979896535,-0.000663188,-0.000114968,-0.000382083,0.04304666495628286,True,0.07368907389438106,True
washer,axisymmetric,icp_pt2pt,medium,17,16.22104307990266,0.0175448188129592,False,9.616577708134107,0.0153017818610197,False,347.0,itodd_washer.ply,0.033999,0.00034,8791,7472,-0.094606164,-0.213893052,0.003827549,0.972257572,0.000396049,0.000767886,0.000334226,-0.133572668,-0.280995024,-0.110965465,0.943868002,0.000709923,0.000667639,0.000831462,0.04346282066239212,True,0.07078146067813304,True
washer,axisymmetric,icp_pt2pl,medium,17,16.294741015286775,0.0223548951229872,False,8.107313605004718,0.0207500712164639,False,345.75,itodd_washer.ply,0.033999,0.00034,8791,7472,-0.101651295,-0.227510432,0.01436392,0.968348953,0.000464713,0.000821692,0.000128759,-0.133572668,-0.280995024,-0.110965465,0.943868002,0.000709923,0.000667639,0.000831462,0.04258095136898149,True,0.06856036779503814,True
washer,axisymmetric,fpfh_ransac,medium,17,46.39175251617998,0.021711315221068,False,0.1083049941633198,0.0005993959097281,True,46.5,itodd_washer.ply,0.033999,0.00034,8791,7472,-0.233544872,-0.205642635,-0.473730614,0.823861156,0.000979775,-1.942e-05,0.000830817,-0.133572668,-0.280995024,-0.110965465,0.943868002,0.000709923,0.000667639,0.000831462,0.07432678391206264,True,0.0027087326678373958,True
washer,axisymmetric,fgr,medium,17,18.7781030896944,0.0069332174900539,False,10.895172704731804,0.0094659365854827,False,344.75,itodd_washer.ply,0.033999,0.00034,8791,7472,-0.067824432,-0.208761681,0.016525731,0.975471838,0.000736044,0.00075101,0.001050394,-0.133572668,-0.280995024,-0.110965465,0.943868002,0.000709923,0.000667639,0.000831462,0.046959002115834286,True,0.06957664657356918,True
washer,axisymmetric,icp_pt2pt,medium,18,2.895315723035913,0.0609359495460976,False,0.8711272889435046,0.060934578949443,False,356.25,itodd_washer.ply,0.033999,0.00034,8791,7472,-0.013283534,0.012097354,-0.000565189,0.999838428,1.7013e-05,7.0733e-05,-0.001117038,-0.012426985,0.011262545,-0.025800658,0.999526413,4.1438e-05,0.000741753,-0.003076942,0.049193490456971224,True,0.06277915894257936,True
washer,axisymmetric,icp_pt2pl,medium,18,1.9821806470845416,0.0580574572616765,False,11.480497205082385,0.0578768831458564,False,350.5,itodd_washer.ply,0.033999,0.00034,8791,7472,-0.012001137,0.012224308,-0.043055772,0.998925793,-0.000122286,0.00080854,-0.001111007,-0.012426985,0.011262545,-0.025800658,0.999526413,4.1438e-05,0.000741753,-0.003076942,0.04819960294205561,True,0.05867171384842051,True
washer,axisymmetric,fpfh_ransac,medium,18,151.30560800345293,0.0548806146678315,False,3.9444161871055248,0.0205741535222681,False,204.75,itodd_washer.ply,0.033999,0.00034,8791,7472,-0.013837271,-0.009412885,0.961959361,0.272679511,0.000209645,-0.001116511,-0.003079202,-0.012426985,0.011262545,-0.025800658,0.999526413,4.1438e-05,0.000741753,-0.003076942,0.04073420720128337,True,0.02599978958461981,True
washer,axisymmetric,fgr,medium,18,92.72160624250844,0.0314594920664759,False,0.0311003539184395,0.0004345911703825,True,92.75,itodd_washer.ply,0.033999,0.00034,8791,7472,0.000460156,-0.016859443,0.741161778,-0.67111457,0.000763964,-4.6885e-05,-0.00307899,-0.012426985,0.011262545,-0.025800658,0.999526413,4.1438e-05,0.000741753,-0.003076942,0.03508540050224627,True,0.004892824382298641,True
washer,axisymmetric,icp_pt2pt,medium,19,17.277130762677558,0.0261162244424727,False,6.598695589091324,0.0246895303462516,False,344.0,itodd_washer.ply,0.033999,0.00034,8791,7472,-0.269098478,-0.099722953,0.013233998,0.957844561,0.000467782,0.000535663,0.000773004,-0.33494409,-0.064412315,-0.115167242,0.932952312,0.001049178,0.00063192,0.001437162,0.046167204722908986,True,0.06158932359811573,True
washer,axisymmetric,icp_pt2pl,medium,19,10.457723586328717,0.0173941164137704,False,5.993255199364504,0.0173641664565964,False,351.5,itodd_washer.ply,0.033999,0.00034,8791,7472,-0.279683047,-0.086142813,-0.049490939,0.954938457,0.000945818,0.00067208,0.000856276,-0.33494409,-0.064412315,-0.115167242,0.932952312,0.001049178,0.00063192,0.001437162,0.035505608367098575,True,0.05337832870139938,True
washer,axisymmetric,fpfh_ransac,medium,19,179.9864177645445,0.1195544355405199,False,179.98452195647553,0.1375077251623737,False,302.75,itodd_washer.ply,0.033999,0.00034,8791,7472,-0.38327333,0.858300009,0.339267448,-0.036335214,0.001397607,-0.00222125,-0.001436799,-0.33494409,-0.064412315,-0.115167242,0.932952312,0.001049178,0.00063192,0.001437162,0.17564222493634712,False,0.7205286765434306,False
washer,axisymmetric,fgr,medium,19,169.74254627720697,0.0890250226131011,False,168.12493704408865,0.0991816360246244,False,299.5,itodd_washer.ply,0.033999,0.00034,8791,7472,0.948451946,0.179263824,-0.087502055,0.246265666,0.000912552,-0.000255443,-0.001453336,-0.33494409,-0.064412315,-0.115167242,0.932952312,0.001049178,0.00063192,0.001437162,0.07261216682436984,True,0.699300172236195,False
washer,axisymmetric,icp_pt2pt,hard,0,21.42130163963662,0.4147077296272872,False,21.829008941284822,0.4141990267171602,False,316.75,itodd_washer.ply,0.033999,0.00034,8791,5275,-0.020924567,-0.045355962,0.000720028,0.998751461,8.2832e-05,1.3163e-05,0.001701571,-0.029713648,-0.040472765,-0.184871054,0.981479367,0.010937696,-0.008985011,0.001701119,0.15743290168707463,False,0.4178693585737079,False
washer,axisymmetric,icp_pt2pl,hard,0,29.202503416445623,0.3563606797600672,False,6.548677688843439,0.3389153586430656,False,324.25,itodd_washer.ply,0.033999,0.00034,8791,5275,-0.018257551,-0.047611006,0.068485209,0.996348147,0.002637119,-0.000159386,0.001720197,-0.029713648,-0.040472765,-0.184871054,0.981479367,0.010937696,-0.008985011,0.001701119,0.13062204530569893,False,0.3443525104868125,False
washer,axisymmetric,fpfh_ransac,hard,0,179.9640576275204,0.6717572103340915,False,179.9375848757718,0.7974761330102486,False,109.75,itodd_washer.ply,0.033999,0.00034,8791,5275,0.910378752,0.410648207,-0.032994775,0.038599507,0.005632741,0.012964768,-0.001715772,-0.029713648,-0.040472765,-0.184871054,0.981479367,0.010937696,-0.008985011,0.001701119,0.371771340221143,False,0.7193595560672028,False
washer,axisymmetric,fgr,hard,0,20.326296337055098,0.1472446932308205,False,0.1900051916990165,0.0009564071892602,True,339.5,itodd_washer.ply,0.033999,0.00034,8791,5275,-0.022036577,-0.045751163,-0.008805598,0.998670958,0.013373634,-0.004611546,0.001713866,-0.029713648,-0.040472765,-0.184871054,0.981479367,0.010937696,-0.008985011,0.001701119,0.05602703793731771,True,0.00496990845693469,True
washer,axisymmetric,icp_pt2pt,hard,1,158.94678307356014,0.2109948829227762,False,52.064043314462566,0.2614239610171563,False,107.0,itodd_washer.ply,0.033999,0.00034,8791,5275,-0.553723507,-0.350611963,0.067471853,0.752269286,0.000368504,-0.001106757,-0.006863674,0.24115004,-0.583292924,0.771574907,0.079298086,0.000462554,-0.007890166,-0.004532149,0.18270994765321388,False,0.2989888098415636,False
washer,axisymmetric,icp_pt2pl,hard,1,166.9207480853711,0.3538154172062972,False,25.329608674654157,0.1269952648719449,False,192.25,itodd_washer.ply,0.033999,0.00034,8791,5275,-0.551105512,-0.305781626,0.008900061,0.776338264,0.00090775,0.003975465,-0.006458493,0.24115004,-0.583292924,0.771574907,0.079298086,0.000462554,-0.007890166,-0.004532149,0.30851229333783,False,0.15619211322264956,False
washer,axisymmetric,fpfh_ransac,hard,1,179.89771106749112,0.6985775405633424,False,179.87111691073176,0.7119293549328569,False,75.0,itodd_washer.ply,0.033999,0.00034,8791,5275,0.120146979,0.765623218,0.503091096,0.382472405,0.009604733,0.012062371,0.00454585,0.24115004,-0.583292924,0.771574907,0.079298086,0.000462554,-0.007890166,-0.004532149,0.5080603561034377,False,0.9838764908425365,False
washer,axisymmetric,fgr,hard,1,171.6753444072578,0.7074179557835777,False,7.472831362724081,0.2440032681624744,False,184.0,itodd_washer.ply,0.033999,0.00034,8791,5275,-0.558856452,-0.186201105,-0.141927683,0.795528219,0.000233933,0.016130825,-0.003348776,0.24115004,-0.583292924,0.771574907,0.079298086,0.000462554,-0.007890166,-0.004532149,0.6265515316668007,False,0.28209703485356186,False
washer,axisymmetric,icp_pt2pt,hard,2,13.22172251461256,0.0881903819857284,False,17.150627894373475,0.0863782937853677,False,10.0,itodd_washer.ply,0.033999,0.00034,8791,5275,-0.17144548,0.121157547,0.005344637,0.977700737,-1.8105e-05,-0.000347208,-0.000534239,-0.246973018,0.202822421,0.001355165,0.94755768,0.002932583,-0.000854385,-0.000696416,0.0577637042159209,True,0.12416357480715835,False
washer,axisymmetric,icp_pt2pl,hard,2,9.268597000857143,0.020266429223118,False,7.215917519932169,0.0186065801970674,False,5.75,itodd_washer.ply,0.033999,0.00034,8791,5275,-0.186211001,0.247647634,-0.027441845,0.950391003,0.002815747,-0.00110453,-6.5117e-05,-0.246973018,0.202822421,0.001355165,0.94755768,0.002932583,-0.000854385,-0.000696416,0.030544114836547603,True,0.06261530785937953,True
washer,axisymmetric,fpfh_ransac,hard,2,179.82349052620015,0.1732835763256753,False,179.03520371396434,0.1011078802841396,False,159.0,itodd_washer.ply,0.033999,0.00034,8791,5275,0.570047365,0.760226118,0.311342464,-0.012966143,-0.001638054,0.002560183,0.000772784,-0.246973018,0.202822421,0.001355165,0.94755768,0.002932583,-0.000854385,-0.000696416,0.16405224482815042,False,0.7075767574953219,False
washer,axisymmetric,fgr,hard,2,12.85848036479833,0.0214130070457535,False,8.622204117998239,0.0142600799132993,False,350.5,itodd_washer.ply,0.033999,0.00034,8791,5275,-0.220590742,0.123262929,0.073865995,0.964722649,0.002920942,-0.00029561,-0.001162932,-0.246973018,0.202822421,0.001355165,0.94755768,0.002932583,-0.000854385,-0.000696416,0.041389367853916316,True,0.06562458610627372,True
washer,axisymmetric,icp_pt2pt,hard,3,45.119576091384346,0.0463257030258885,False,6.1310185741524,0.0311053984048172,False,308.75,itodd_washer.ply,0.033999,0.00034,8791,5275,-0.033490692,-0.02803626,-0.027346685,0.998671368,-0.000677706,-0.000537052,-0.00021479,-0.041081915,-0.013230508,-0.408414758,0.911775529,-0.001858639,0.000505063,-0.000221542,0.039835106156015376,True,0.03684916754606417,True
washer,axisymmetric,icp_pt2pl,hard,3,39.68354006705487,0.0393228116053292,False,0.1197994551834579,0.0005670195985708,True,320.25,itodd_washer.ply,0.033999,0.00034,8791,5275,-0.03490119,-0.026692378,-0.074679333,0.996239139,-0.001735841,-0.000826172,-0.000212195,-0.041081915,-0.013230508,-0.408414758,0.911775529,-0.001858639,0.000505063,-0.000221542,0.03731677277506768,True,0.002248615274631187,True
washer,axisymmetric,fpfh_ransac,hard,3,179.91670868000065,0.036567315892546,False,179.9053368904673,0.0250797143233407,False,303.25,itodd_washer.ply,0.033999,0.00034,8791,5275,0.891522226,0.450843553,-0.011379797,0.042411213,-0.00180375,-0.000659418,0.000210441,-0.041081915,-0.013230508,-0.408414758,0.911775529,-0.001858639,0.000505063,-0.000221542,0.040696253142262884,True,0.7012123935109011,False
washer,axisymmetric,fgr,hard,3,46.2337799253787,0.0455876916903248,False,0.0971872772498918,0.0007919457012157,True,313.75,itodd_washer.ply,0.033999,0.00034,8791,5275,-0.033275813,-0.028638113,-0.01764261,0.998880031,-0.001627245,-0.001027455,-0.000212148,-0.041081915,-0.013230508,-0.408414758,0.911775529,-0.001858639,0.000505063,-0.000221542,0.03898335742109585,True,0.0024951463703657066,True
washer,axisymmetric,icp_pt2pt,hard,4,11.255904552409955,0.0145671797321556,False,4.41906614829714,0.0145378412311207,False,10.25,itodd_washer.ply,0.033999,0.00034,8791,5275,0.156018734,0.047969328,-0.001771874,0.986587025,0.000371939,-5.43e-05,9.9625e-05,0.143799428,0.024456091,0.092757357,0.984946545,0.000409243,-1.7719e-05,-0.000392875,0.035677708223853945,True,0.04145145658925746,True
washer,axisymmetric,icp_pt2pl,hard,4,18.346988446271563,0.0032899561992252,False,0.0980486193960519,0.0003891229681938,True,18.25,itodd_washer.ply,0.033999,0.00034,8791,5275,0.145954491,0.001205171,-0.065450632,0.987123117,0.000379227,-0.000125465,-0.000391818,0.143799428,0.024456091,0.092757357,0.984946545,0.000409243,-1.7719e-05,-0.000392875,0.03629534532093987,True,0.0024733592165613856,True
washer,axisymmetric,fpfh_ransac,hard,4,179.99072344934837,0.0291689455842795,False,179.95462234344126,0.0249045414409842,False,156.5,itodd_washer.ply,0.033999,0.00034,8791,5275,-0.457680119,0.877027368,-0.134219985,0.057765899,-0.000108076,-0.000342456,0.000388407,0.143799428,0.024456091,0.092757357,0.984946545,0.000409243,-1.7719e-05,-0.000392875,0.08724813348460758,True,0.7034462123693705,False
washer,axisymmetric,fgr,hard,4,23.547728209929986,0.0897994927359919,False,18.052595035675587,0.0908649651945704,False,5.5,itodd_washer.ply,0.033999,0.00034,8791,5275,0.138693998,-0.007814084,-0.109754075,0.984203718,-3.9018e-05,0.003002171,-0.000414662,0.143799428,0.024456091,0.092757357,0.984946545,0.000409243,-1.7719e-05,-0.000392875,0.0473318839880947,True,0.09793713315428876,True
washer,axisymmetric,icp_pt2pt,hard,5,138.85316065426937,0.4690367518124817,False,127.73441531248017,0.4691114142475292,False,74.25,itodd_washer.ply,0.033999,0.00034,8791,5275,0.0,0.0,0.0,1.0,0.0,0.0,0.0,0.896283983,-0.052546236,0.265380449,0.351407359,0.001194965,0.005615958,-0.014877051,0.2570742571281387,False,0.8618731902949004,False
washer,axisymmetric,icp_pt2pl,hard,5,138.85316065426937,0.4690367518124817,False,127.73441531248017,0.4691114142475292,False,74.25,itodd_washer.ply,0.033999,0.00034,8791,5275,0.0,0.0,0.0,1.0,0.0,0.0,0.0,0.896283983,-0.052546236,0.265380449,0.351407359,0.001194965,0.005615958,-0.014877051,0.2570742571281387,False,0.8618731902949004,False
washer,axisymmetric,fpfh_ransac,hard,5,101.86815443262287,0.2616915759956031,False,0.1207031184482171,0.0004766591103181,True,101.75,itodd_washer.ply,0.033999,0.00034,8791,5275,-0.524050869,0.729047079,0.105532634,-0.427462169,0.005280374,-0.002287748,-0.014872347,0.896283983,-0.052546236,0.265380449,0.351407359,0.001194965,0.005615958,-0.014877051,0.21962314440165348,False,0.0017902350254238389,True
washer,axisymmetric,fgr,hard,5,174.67181505165522,0.915785413753526,False,169.9287144378374,0.8495923838065059,False,131.75,itodd_washer.ply,0.033999,0.00034,8791,5275,-0.304653526,0.204374107,0.012811837,0.930189932,-0.00124897,-0.006877154,0.013537081,0.896283983,-0.052546236,0.265380449,0.351407359,0.001194965,0.005615958,-0.014877051,0.5978895131376517,False,1.372293870473522,False
washer,axisymmetric,icp_pt2pt,hard,6,13.75419302711771,0.0276331945221601,False,6.861270370723258,0.0276597739931423,False,348.0,itodd_washer.ply,0.033999,0.00034,8791,5275,0.078168304,-0.326136114,-0.024466024,0.941767681,4.3633e-05,3.7635e-05,0.001048442,-0.006906289,-0.356592198,-0.102256425,0.928621522,-3.4487e-05,0.000107852,0.000114843,0.0422508479820854,True,0.06917266038086711,True
washer,axisymmetric,icp_pt2pl,hard,6,8.840197414540924,0.0267000522604064,False,6.995541121850172,0.0266945820847551,False,354.5,itodd_washer.ply,0.033999,0.00034,8791,5275,0.066797262,-0.352355989,-0.07997969,0.930046575,-1.933e-05,4.2732e-05,0.001020141,-0.006906289,-0.356592198,-0.102256425,0.928621522,-3.4487e-05,0.000107852,0.000114843,0.032530684542768286,True,0.06889664012877812,True
washer,axisymmetric,fpfh_ransac,hard,6,77.90730267868109,0.2259633290761458,False,43.84283757271454,0.2202361424840757,False,121.75,itodd_washer.ply,0.033999,0.00034,8791,5275,0.229565822,0.272193446,0.663359345,-0.658152445,0.006957801,-0.003074534,0.000104382,-0.006906289,-0.356592198,-0.102256425,0.928621522,-3.4487e-05,0.000107852,0.000114843,0.16302682714859318,False,0.22268728355785264,False
washer,axisymmetric,fgr,hard,6,7.575649982345504,0.012100992108326,False,3.7872486021809713,0.0120449108379084,False,353.5,itodd_washer.ply,0.033999,0.00034,8791,5275,0.008166997,-0.325810891,-0.047923639,0.944184245,-9.435e-05,7.5789e-05,-0.00029093,-0.006906289,-0.356592198,-0.102256425,0.928621522,-3.4487e-05,0.000107852,0.000114843,0.028491293755173643,True,0.0332025893751553,True
washer,axisymmetric,icp_pt2pt,hard,7,179.6536121962242,0.4193769814468827,False,179.62557825815065,0.4045858691872615,False,44.5,itodd_washer.ply,0.033999,0.00034,8791,5275,0.131049896,0.115015378,-0.010521131,0.984625154,-0.000920647,0.000766873,-0.003880511,0.408252417,0.896679884,-0.06874965,-0.15674385,-0.009548115,-0.005175998,0.005791408,0.25374306305165895,False,0.8602096807525977,False
washer,axisymmetric,icp_pt2pl,hard,7,170.49129319984772,74.39104732070763,False,170.68232063336526,74.39000458314659,False,355.5,itodd_washer.ply,0.033999,0.00034,8791,5275,0.056915407,0.055657936,-0.003177896,0.996821314,-2.12855839,-1.385950364,-0.002008585,0.408252417,0.896679884,-0.06874965,-0.15674385,-0.009548115,-0.005175998,0.005791408,74.03354026108522,False,74.59953016552895,False
washer,axisymmetric,fpfh_ransac,hard,7,179.96426595022365,0.5360169199753421,False,179.86498538229614,0.4511319008034286,False,149.25,itodd_washer.ply,0.033999,0.00034,8791,5275,-0.163286383,0.054484208,0.856185593,-0.487150139,-0.004342177,0.007884618,-0.005802815,0.408252417,0.896679884,-0.06874965,-0.15674385,-0.009548115,-0.005175998,0.005791408,0.3485626893401605,False,0.8078459534899121,False
washer,axisymmetric,fgr,hard,7,166.66487850672496,0.4425665115957408,False,165.9923123343429,0.5489107504414411,False,35.5,itodd_washer.ply,0.033999,0.00034,8791,5275,0.038367659,0.03216074,0.063735327,0.996710298,0.000998613,-0.009151564,-0.004176672,0.408252417,0.896679884,-0.06874965,-0.15674385,-0.009548115,-0.005175998,0.005791408,0.2556252236825843,False,0.7800661443144731,False
washer,axisymmetric,icp_pt2pt,hard,8,2.308856055492375,0.1406516034762424,False,16.441399039807816,0.1392284121414715,False,341.25,itodd_washer.ply,0.033999,0.00034,8791,5275,-0.000648557,-0.000863573,0.020718221,0.999784771,-0.000686192,-0.000459487,0.000693743,-0.000470548,-0.000651194,0.000573042,0.999999513,-0.004969003,-0.001318644,-0.001252143,0.06903502785390514,True,0.14217527362595592,False
washer,axisymmetric,icp_pt2pl,hard,8,0.6992866841711718,0.0592041259862812,False,1.834260252933436,0.058778922644976,False,2.5,itodd_washer.ply,0.033999,0.00034,8791,5275,-5.6231e-05,0.000893523,-0.005316058,0.999985469,-0.005262683,-0.001141814,0.000731307,-0.000470548,-0.000651194,0.000573042,0.999999513,-0.004969003,-0.001318644,-0.001252143,0.04812878137678492,True,0.06080837566203347,True
washer,axisymmetric,fpfh_ransac,hard,8,179.8507768223697,0.4529464811839745,False,179.84115216216256,0.5137535116579066,False,40.0,itodd_washer.ply,0.033999,0.00034,8791,5275,0.208450716,0.978032369,0.000813331,-0.000567709,0.00729487,-0.010299491,0.001215164,-0.000470548,-0.000651194,0.000573042,0.999999513,-0.004969003,-0.001318644,-0.001252143,0.18432658372748406,False,0.7503177777299751,False
washer,axisymmetric,fgr,hard,8,0.269935388745912,0.0007628333127858,True,0.0574231561028369,0.0003803764878474,True,0.25,itodd_washer.ply,0.033999,0.00034,8791,5275,-0.00036041,-0.000177397,-0.001731818,0.99999842,-0.004974387,-0.001296816,-0.001239214,-0.000470548,-0.000651194,0.000573042,0.999999513,-0.004969003,-0.001318644,-0.001252143,0.0013157300943378311,True,0.002387844990879077,True
washer,axisymmetric,icp_pt2pt,hard,9,165.0805929156642,0.0061560606152139,False,163.89359444599685,0.0045035230925277,False,44.25,itodd_washer.ply,0.033999,0.00034,8791,5275,0.24353448,0.421923912,0.002439031,0.87330706,0.000207669,8.5739e-05,0.000185792,0.205446045,0.769984778,-0.177339208,-0.577465297,0.00013206,0.000211856,3.6852e-05,0.08495065028712903,True,0.6956005126545739,False
washer,axisymmetric,icp_pt2pl,hard,9,172.48214622993322,0.0153357940652558,False,166.637633877843,0.0192446929382996,False,111.5,itodd_washer.ply,0.033999,0.00034,8791,5275,0.372721797,0.354184831,-0.289577435,0.807326747,0.000186816,0.000228716,0.00055509,0.205446045,0.769984778,-0.177339208,-0.577465297,0.00013206,0.000211856,3.6852e-05,0.14015751730133855,False,0.703377570485763,False
washer,axisymmetric,fpfh_ransac,hard,9,179.95853444965897,0.1529277029621848,False,179.9582436778403,0.1513252679242658,False,13.5,itodd_washer.ply,0.033999,0.00034,8791,5275,0.109300841,0.594396599,0.293401641,0.740716874,0.004206121,-0.003017446,-4.4498e-05,0.205446045,0.769984778,-0.177339208,-0.577465297,0.00013206,0.000211856,3.6852e-05,0.09443285127686193,True,0.7234143350704344,False
washer,axisymmetric,fgr,hard,9,175.947863224179,0.0302793010961655,False,166.54077735461811,0.0379761868511486,False,145.0,itodd_washer.ply,0.033999,0.00034,8791,5275,-0.499643301,-0.086320144,0.658383981,-0.556269663,-0.00054078,0.000823941,0.000518943,0.205446045,0.769984778,-0.177339208,-0.577465297,0.00013206,0.000211856,3.6852e-05,0.13658966959232866,False,0.7032463737026942,False
washer,axisymmetric,icp_pt2pt,hard,10,174.10865153811685,0.0779607045583122,False,165.81911025656885,0.0598437214900273,False,229.25,itodd_washer.ply,0.033999,0.00034,8791,5275,0.192075812,-0.356768682,0.006877753,0.914207682,-0.000591171,0.000474143,0.00080582,0.37920288,0.769724736,-0.430392485,0.280163015,0.001269797,0.000858345,-0.001042049,0.15596421876410607,False,0.7110396794082514,False
washer,axisymmetric,icp_pt2pl,hard,10,173.13185700583983,0.1035009800045904,False,172.7662732614255,0.1134274119223748,False,36.5,itodd_washer.ply,0.033999,0.00034,8791,5275,0.332936218,-0.380500793,0.034826015,0.862067149,-0.000107245,0.001339582,0.002160251,0.37920288,0.769724736,-0.430392485,0.280163015,0.001269797,0.000858345,-0.001042049,0.1580359542162757,False,0.7322737886278079,False
washer,axisymmetric,fpfh_ransac,hard,10,33.698971276710715,0.0415880715678338,False,2.801742974975741,0.0141473370070819,False,323.5,itodd_washer.ply,0.033999,0.00034,8791,5275,0.139974565,0.846846153,-0.330261239,0.392665542,0.000239955,0.001827156,-0.001035329,0.37920288,0.769724736,-0.430392485,0.280163015,0.001269797,0.000858345,-0.001042049,0.07691765466998188,True,0.017683337901560542,True
washer,axisymmetric,fgr,hard,10,173.8275930919622,0.0822101466263866,False,166.1292364758872,0.1150597638925858,False,233.0,itodd_washer.ply,0.033999,0.00034,8791,5275,0.23148154,-0.333843923,0.074629069,0.910711279,0.000958979,0.003399295,8.0069e-05,0.37920288,0.769724736,-0.430392485,0.280163015,0.001269797,0.000858345,-0.001042049,0.17147649941067553,False,0.709379622867123,False
washer,axisymmetric,icp_pt2pt,hard,11,5.186450236268602,0.0018899516571116,False,0.0709411881192061,0.0013372901416461,True,354.75,itodd_washer.ply,0.033999,0.00034,8791,5275,0.054914908,-0.059806086,0.004378558,0.996688724,-0.000289638,4.4592e-05,0.000226266,0.052348261,-0.062045582,-0.040742031,0.995866503,-0.000320811,0.000100715,0.00022896,0.02121098842894267,True,0.006293548858971573,True
washer,axisymmetric,icp_pt2pl,hard,11,6.174661923124007,0.0009309255457129,False,0.0768548860445218,0.0006556463591843,True,353.75,itodd_washer.ply,0.033999,0.00034,8791,5275,0.055752002,-0.059165633,0.012945643,0.996606017,-0.000344116,7.9301e-05,0.000229135,0.052348261,-0.062045582,-0.040742031,0.995866503,-0.000320811,0.000100715,0.00022896,0.0242049939304999,True,0.0016987899254059069,True
washer,axisymmetric,fpfh_ransac,hard,11,179.971037473463,0.2427406365311075,False,179.94267944707892,0.2382447350386425,False,240.75,itodd_washer.ply,0.033999,0.00034,8791,5275,0.21877932,0.97237594,-0.067058582,0.046084556,0.006961146,0.003956539,-0.000234784,0.052348261,-0.062045582,-0.040742031,0.995866503,-0.000320811,0.000100715,0.00022896,0.08917564765022976,True,0.7403822824756678,False
washer,axisymmetric,fgr,hard,11,8.323117696651932,0.0020142519432722,False,0.0741837499704494,0.0006804527348924,True,8.25,itodd_washer.ply,0.033999,0.00034,8791,5275,0.047751613,-0.065771211,-0.112901302,0.990276339,-0.000315089,0.000168958,0.000229078,0.052348261,-0.062045582,-0.040742031,0.995866503,-0.000320811,0.000100715,0.00022896,0.02857863804410416,True,0.002659748919950353,True
washer,axisymmetric,icp_pt2pt,hard,12,151.43706381347403,0.3106164822903811,False,81.07263370955161,0.3209562048877485,False,142.0,itodd_washer.ply,0.033999,0.00034,8791,5275,-0.004629929,-0.030995543,0.013254859,0.999420907,-0.000125955,-0.000209733,-0.000852507,0.654559073,0.133650969,0.7027223,0.244685936,-0.01039696,0.001109876,0.001218647,0.30799221436992985,False,0.6924846452973566,False
washer,axisymmetric,icp_pt2pl,hard,12,166.67228417894458,0.2597159973683949,False,90.73877229203308,0.3688996736009693,False,161.0,itodd_washer.ply,0.033999,0.00034,8791,5275,-0.014463831,0.059066582,-0.174807489,0.98272289,-0.001889707,-0.000229571,-0.000730968,0.654559073,0.133650969,0.7027223,0.244685936,-0.01039696,0.001109876,0.001218647,0.2662633434998608,False,0.75536181667058,False
washer,axisymmetric,fpfh_ransac,hard,12,86.72194572547264,0.2338201065267411,False,22.22199640779062,0.1112467227326895,False,295.5,itodd_washer.ply,0.033999,0.00034,8791,5275,0.384408319,0.546705468,0.678637373,-0.304622211,-0.008443324,-0.006595881,0.001216741,0.654559073,0.133650969,0.7027223,0.244685936,-0.01039696,0.001109876,0.001218647,0.1653679106241711,False,0.2012596990543342,False
washer,axisymmetric,fgr,hard,12,167.12339044716273,0.6166786957041119,False,19.787651671102097,0.0614351131674604,False,167.0,itodd_washer.ply,0.033999,0.00034,8791,5275,0.150514421,-0.509456299,-0.172554934,0.829472413,0.010463922,0.00128158,-0.000873178,0.654559073,0.133650969,0.7027223,0.244685936,-0.01039696,0.001109876,0.001218647,0.5945464076970839,False,0.15467682216352188,False
washer,axisymmetric,icp_pt2pt,hard,13,18.068655414973676,0.1078364500741387,False,21.064536071703056,0.1056458864514354,False,346.0,itodd_washer.ply,0.033999,0.00034,8791,5275,0.1579443,0.280908832,-0.004477048,0.946638148,-0.000104404,-0.000360372,0.000501682,0.234594844,0.401762124,-0.026912419,0.884775777,-0.003678556,-0.001129247,0.000226132,0.0815329862621269,True,0.1872950341872335,False
washer,axisymmetric,icp_pt2pl,hard,13,61.40265812817108,0.1167275387865474,False,16.27476785143273,0.0130864404231484,False,59.5,itodd_washer.ply,0.033999,0.00034,8791,5275,0.291679595,0.165264169,-0.490257625,0.804523604,-0.002823139,0.002721847,0.00065844,0.234594844,0.401762124,-0.026912419,0.884775777,-0.003678556,-0.001129247,0.000226132,0.11733398816568522,False,0.10585293030358632,False
washer,axisymmetric,fpfh_ransac,hard,13,179.97220101485036,0.2049942690767371,False,179.86032097823855,0.1161462580939838,False,157.0,itodd_washer.ply,0.033999,0.00034,8791,5275,0.813765429,0.347363721,0.289702708,-0.364961112,-0.000152397,0.00486546,-0.000225338,0.234594844,0.401762124,-0.026912419,0.884775777,-0.003678556,-0.001129247,0.000226132,0.1421366163878099,False,0.7062757701453148,False
washer,axisymmetric,fgr,hard,13,23.827576555787875,0.0875165085579781,False,19.547847926435328,0.0983252218372214,False,7.25,itodd_washer.ply,0.033999,0.00034,8791,5275,0.201209955,0.258380524,-0.166012958,0.93015792,-0.001222285,-0.002728837,0.000737277,0.234594844,0.401762124,-0.026912419,0.884775777,-0.003678556,-0.001129247,0.000226132,0.08818858508034029,True,0.20514972452274557,False
washer,axisymmetric,icp_pt2pt,hard,14,68.41825882482591,0.1751004252650135,False,65.67795971621548,0.1763813526285718,False,339.75,itodd_washer.ply,0.033999,0.00034,8791,5275,-0.145228856,0.108710956,-0.047561169,0.982256811,0.000177958,0.000665133,-0.002248958,-0.057643259,0.642720441,-0.099081908,0.757476379,0.000694615,0.004264803,0.002464388,0.14543358766226908,False,0.4564395061444029,False
washer,axisymmetric,icp_pt2pl,hard,14,43.31650208550863,0.1656253591664724,False,38.01362932848501,0.1265211184139988,False,21.25,itodd_washer.ply,0.033999,0.00034,8791,5275,-0.03495371,0.376571045,-0.342684635,0.859964957,0.005519594,0.00306017,-0.000176997,-0.057643259,0.642720441,-0.099081908,0.757476379,0.000694615,0.004264803,0.002464388,0.1436838820686676,False,0.27999910913865755,False
washer,axisymmetric,fpfh_ransac,hard,14,179.98033114313327,0.2112839915038322,False,179.95257832843237,0.2947097009260289,False,229.0,itodd_washer.ply,0.033999,0.00034,8791,5275,0.467171957,0.604586736,0.495790043,-0.412816515,0.004543325,0.000744549,-0.002474828,-0.057643259,0.642720441,-0.099081908,0.757476379,0.000694615,0.004264803,0.002464388,0.1789062313894277,False,0.8355788726248334,False
washer,axisymmetric,fgr,hard,14,45.7706354709693,0.1560672469963644,False,29.26646746238768,0.1468802883899056,False,342.0,itodd_washer.ply,0.033999,0.00034,8791,5275,-0.24715331,0.485652976,0.207219691,0.812475494,-0.001171607,0.009196718,0.003054099,-0.057643259,0.642720441,-0.099081908,0.757476379,0.000694615,0.004264803,0.002464388,0.11228201402827949,False,0.24411560855796802,False
washer,axisymmetric,icp_pt2pt,hard,15,156.29599558233562,0.3946324363476695,False,150.8337282892053,0.385842752102168,False,289.25,itodd_washer.ply,0.033999,0.00034,8791,5275,0.144249555,-0.221813642,0.017123089,0.964208263,-0.001267296,-0.000342747,0.003273133,0.047786183,0.865373182,-0.28418258,0.409982924,0.009503886,-0.000728532,-0.004717312,0.30584737503916026,False,0.7799302210291121,False
washer,axisymmetric,icp_pt2pl,hard,15,174.08111372450293,0.4939178790868438,False,172.9483117155692,0.4919626152344539,False,294.25,itodd_washer.ply,0.033999,0.00034,8791,5275,0.296641078,-0.332617321,0.132572826,0.885321543,-0.004295462,-0.002204634,0.004737182,0.047786183,0.865373182,-0.28418258,0.409982924,0.009503886,-0.000728532,-0.004717312,0.37086534451302683,False,0.8811902398602367,False
washer,axisymmetric,fpfh_ransac,hard,15,125.86689110633056,0.2755330584194942,False,37.36692043343496,0.1876378526389595,False,88.5,itodd_washer.ply,0.033999,0.00034,8791,5275,0.792053309,0.351279008,-0.494756478,-0.066862855,0.000462996,-0.003181436,-0.004715448,0.047786183,0.865373182,-0.28418258,0.409982924,0.009503886,-0.000728532,-0.004717312,0.17679790586357155,False,0.2289585759179789,False
washer,axisymmetric,fgr,hard,15,179.96032361388995,0.6081509551541396,False,179.95558171685244,0.5040744846475586,False,53.5,itodd_washer.ply,0.033999,0.00034,8791,5275,0.350884874,-0.354525526,0.196149829,0.844225504,-0.008619356,-0.003891523,0.004719413,0.047786183,0.865373182,-0.28418258,0.409982924,0.009503886,-0.000728532,-0.004717312,0.44748927274925676,False,0.900122663570357,False
washer,axisymmetric,icp_pt2pt,hard,16,9.694436512033166,0.1045689105730061,False,19.830530919207597,0.0992409169214177,False,14.75,itodd_washer.ply,0.033999,0.00034,8791,5275,0.188449545,0.30304255,-0.007120582,0.934131296,-0.001190899,0.000716986,-0.004561297,0.229323403,0.364815954,-0.032073833,0.901826683,0.000623985,-0.002141884,-0.005644103,0.06017603521220014,True,0.13854854818618192,False
washer,axisymmetric,icp_pt2pl,hard,16,7.417749914228297,0.0082339931930555,False,0.1002921701429913,0.0004946976643795,True,7.5,itodd_washer.ply,0.033999,0.00034,8791,5275,0.252577281,0.349645682,-0.090387536,0.897654002,0.000352067,-0.002208025,-0.005651484,0.229323403,0.364815954,-0.032073833,0.901826683,0.000623985,-0.002141884,-0.005644103,0.02679021725251021,True,0.0044332183803166844,True
washer,axisymmetric,fpfh_ransac,hard,16,179.99430214284197,0.3521739131092099,False,179.93825335576335,0.3395162392640928,False,169.5,itodd_washer.ply,0.033999,0.00034,8791,5275,0.890679953,-0.144016279,0.402796467,-0.153959537,0.00141431,0.001760643,0.005647855,0.229323403,0.364815954,-0.032073833,0.901826683,0.000623985,-0.002141884,-0.005644103,0.24392278027866585,False,0.9087630451258232,False
washer,axisymmetric,fgr,hard,16,52.89327336437114,0.0582069538456585,False,0.1150631519357318,0.000515156324613,True,53.0,itodd_washer.ply,0.033999,0.00034,8791,5275,0.367977302,0.224753553,-0.430344834,0.793020724,-0.001321058,-0.001777149,-0.005650028,0.229323403,0.364815954,-0.032073833,0.901826683,0.000623985,-0.002141884,-0.005644103,0.10105164772712626,False,0.006076973036731002,True
washer,axisymmetric,icp_pt2pt,hard,17,34.68124357334946,0.2605856605792899,False,27.61015281649164,0.2605551166934927,False,352.25,itodd_washer.ply,0.033999,0.00034,8791,5275,-0.101342303,-0.113594521,0.002528588,0.988341858,0.000128933,-7.414e-06,-0.000159496,-0.171926605,-0.17886179,-0.276858805,0.928331247,0.008599179,-0.002509442,0.000537853,0.10539381442619451,False,0.2865143846325804,False
washer,axisymmetric,icp_pt2pl,hard,17,42.37271211570396,0.2014121852765117,False,40.40911953399938,0.2020646724595025,False,358.0,itodd_washer.ply,0.033999,0.00034,8791,5275,-0.047425371,-0.185454892,0.065244445,0.979336755,0.001940123,-0.001024097,0.00112276,-0.171926605,-0.17886179,-0.276858805,0.928331247,0.008599179,-0.002509442,0.000537853,0.10556535347470027,False,0.24028987686913883,False
washer,axisymmetric,fpfh_ransac,hard,17,133.25663151589868,0.4819573254902426,False,0.0155681610656972,0.000955716858943,True,133.25,itodd_washer.ply,0.033999,0.00034,8791,5275,0.232509698,-0.086977507,0.961950127,-0.114131968,-0.007665467,-0.004498892,0.000536774,-0.171926605,-0.17886179,-0.276858805,0.928331247,0.008599179,-0.002509442,0.000537853,0.26070477073458376,False,0.00813046151595388,True
washer,axisymmetric,fgr,hard,17,32.02560234283412,0.1439283301556714,False,6.859060618570974,0.0186949437611343,False,31.25,itodd_washer.ply,0.033999,0.00034,8791,5275,-0.161936546,-0.152123866,-0.530944123,0.817761104,0.00602394,-0.006621705,-9.65e-05,-0.171926605,-0.17886179,-0.276858805,0.928331247,0.008599179,-0.002509442,0.000537853,0.07232549100902069,True,0.060665994565264204,True
washer,axisymmetric,icp_pt2pt,hard,18,30.09483438937017,0.1787522289213359,False,35.45723765144546,0.1780858891967691,False,9.75,itodd_washer.ply,0.033999,0.00034,8791,5275,0.329307648,-0.212550997,0.019861021,0.919773932,-9.4184e-05,0.000248475,-0.001104499,0.429775866,-0.408681458,-0.059901386,0.80292216,-0.005228369,0.00295377,-0.002908764,0.10123224172544201,False,0.2546788689485749,False
washer,axisymmetric,icp_pt2pl,hard,18,22.73748827514929,0.091203221845454,False,21.883317760865275,0.0993835778672171,False,353.75,itodd_washer.ply,0.033999,0.00034,8791,5275,0.340711747,-0.264336179,-0.032908122,0.90164236,-0.002533692,0.002794339,-0.00138294,0.429775866,-0.408681458,-0.059901386,0.80292216,-0.005228369,0.00295377,-0.002908764,0.07863407119877885,True,0.18097910232484526,False
washer,axisymmetric,fpfh_ransac,hard,18,179.9777241930461,0.5402802649170948,False,179.97644782754284,0.534620117669186,False,322.0,itodd_washer.ply,0.033999,0.00034,8791,5275,0.004033503,0.805109402,-0.460734759,0.373505104,0.011171642,-0.002929902,0.002907897,0.429775866,-0.408681458,-0.059901386,0.80292216,-0.005228369,0.00295377,-0.002908764,0.28321803737218726,False,0.8626201784124607,False
washer,axisymmetric,fgr,hard,18,37.61483084215725,0.1168159955213583,False,3.752671428719075,0.0136805053425958,False,322.5,itodd_washer.ply,0.033999,0.00034,8791,5275,0.512764619,-0.241256249,0.208117329,0.797217063,-0.005900047,-0.000933976,-0.002453009,0.429775866,-0.408681458,-0.059901386,0.80292216,-0.005228369,0.00295377,-0.002908764,0.10232039157295766,False,0.031389499838824164,True
washer,axisymmetric,icp_pt2pt,hard,19,59.51107423892244,0.2368083258633227,False,47.25413120501515,0.2369286050989966,False,18.0,itodd_washer.ply,0.033999,0.00034,8791,5275,0.0,0.0,0.0,1.0,0.0,0.0,0.0,0.290653021,-0.14499368,0.375248912,0.868150856,0.002024865,0.007320396,-0.002670712,0.18040395745432655,False,0.4231883555344966,False
washer,axisymmetric,icp_pt2pl,hard,19,59.51107423892244,0.2368083258633227,False,47.25413120501515,0.2369286050989966,False,18.0,itodd_washer.ply,0.033999,0.00034,8791,5275,0.0,0.0,0.0,1.0,0.0,0.0,0.0,0.290653021,-0.14499368,0.375248912,0.868150856,0.002024865,0.007320396,-0.002670712,0.18040395745432655,False,0.4231883555344966,False
washer,axisymmetric,fpfh_ransac,hard,19,112.503796684183,0.3707554410447182,False,0.0516282404234786,0.0008526692485268,True,112.5,itodd_washer.ply,0.033999,0.00034,8791,5275,0.041085701,-0.321818919,-0.513526142,0.794377398,0.006031303,-0.004631106,-0.00268071,0.290653021,-0.14499368,0.375248912,0.868150856,0.002024865,0.007320396,-0.002670712,0.24555214505560072,False,0.004101170658380657,True
washer,axisymmetric,fgr,hard,19,59.51107423892244,0.2368083258633227,False,47.25413120501515,0.2369286050989966,False,18.0,itodd_washer.ply,0.033999,0.00034,8791,5275,0.0,0.0,0.0,1.0,0.0,0.0,0.0,0.290653021,-0.14499368,0.375248912,0.868150856,0.002024865,0.007320396,-0.002670712,0.18040395745432655,False,0.4231883555344966,False
thread,axisymmetric,icp_pt2pt,easy,0,2.012457204832425,0.000857640982582,False,0.0205270065444111,0.000134327425379,True,358.0,itodd_thread.ply,0.080566,0.000806,14523,14523,0.005339121,-0.031882517,-0.027503867,0.999098862,0.001541797,0.000672038,-0.00066648,0.004816808,-0.032107113,-0.045044707,0.998457263,0.001563893,0.00060661,-0.000668794,0.009066546857230117,True,0.0002240288977933608,True
thread,axisymmetric,icp_pt2pl,easy,0,0.0068121450592075,1.2815387568966353e-05,True,0.0068121450592075,1.2815387568966353e-05,True,0.0,itodd_thread.ply,0.080566,0.000806,14523,14523,0.00482762,-0.032148204,-0.045086157,0.998454018,0.001564198,0.000606722,-0.000669774,0.004816808,-0.032107113,-0.045044707,0.998457263,0.001563893,0.00060661,-0.000668794,2.9448983542744312e-05,True,5.0707535513484774e-05,True
thread,axisymmetric,fpfh_ransac,easy,0,92.149502839578,0.0293427661559215,False,0.3209227254884407,0.0023584851466608,True,92.0,itodd_thread.ply,0.080566,0.000806,14523,14523,0.02020452,0.025727562,0.750369264,-0.660208935,0.000644761,-0.001571434,-0.000666362,0.004816808,-0.032107113,-0.045044707,0.998457263,0.001563893,0.00060661,-0.000668794,0.048336612864414125,True,0.003720406868234116,True
thread,axisymmetric,fgr,easy,0,0.0121814053856307,1.653576799754391e-05,True,0.0121814053856307,1.653576799754391e-05,True,0.0,itodd_thread.ply,0.080566,0.000806,14523,14523,0.004820142,-0.032145652,-0.045143557,0.998451542,0.001564433,0.000606235,-0.000669953,0.004816808,-0.032107113,-0.045044707,0.998457263,0.001563893,0.00060661,-0.000668794,5.6276759833615394e-05,True,7.556380016133676e-05,True
thread,axisymmetric,icp_pt2pt,easy,1,0.0401037639618743,6.597608812439536e-05,True,0.0401037639618743,6.597608812439536e-05,True,0.0,itodd_thread.ply,0.080566,0.000806,14523,14523,-0.016669679,0.002745518,0.006414605,0.999836705,0.001380472,-0.002164765,0.000696284,-0.016587958,0.002763063,0.006754447,0.999835778,0.001376395,-0.002166547,0.000693376,0.00018826060577510745,True,0.0002926745896692309,True
thread,axisymmetric,icp_pt2pl,easy,1,0.0105920338951169,5.042299215490108e-05,True,0.0105920338951169,5.042299215490108e-05,True,0.0,itodd_thread.ply,0.080566,0.000806,14523,14523,-0.01656826,0.002672849,0.006758578,0.999836322,0.001374944,-0.002165851,0.000697106,-0.016587958,0.002763063,0.006754447,0.999835778,0.001376395,-0.002166547,0.000693376,5.840169095080032e-05,True,0.00011343150162556597,True
thread,axisymmetric,fpfh_ransac,easy,1,0.0108619104773708,4.8239597636438686e-05,True,0.0108619104773708,4.8239597636438686e-05,True,0.0,itodd_thread.ply,0.080566,0.000806,14523,14523,-0.016553148,0.002678295,0.006730228,0.999836749,0.001375225,-0.002166429,0.00069708,-0.016587958,0.002763063,0.006754447,0.999835778,0.001376395,-0.002166547,0.000693376,5.850992762796032e-05,True,0.0001116808038963547,True
thread,axisymmetric,fgr,easy,1,0.0117297671184946,4.7260403529293386e-05,True,0.0117297671184946,4.7260403529293386e-05,True,0.0,itodd_thread.ply,0.080566,0.000806,14523,14523,-0.016560512,0.002669979,0.006787001,0.999836265,0.001375449,-0.002165994,0.000697022,-0.016587958,0.002763063,0.006754447,0.999835778,0.001376395,-0.002166547,0.000693376,5.8369735340674836e-05,True,0.00011804829726096312,True
thread,axisymmetric,icp_pt2pt,easy,2,0.0193920931907068,1.5251597845656685e-05,True,0.0193920931907068,1.5251597845656685e-05,True,0.0,itodd_thread.ply,0.080566,0.000806,14523,14523,-0.010418036,-0.018105296,-0.009414437,0.999737481,9.1211e-05,-0.000547945,0.00051798,-0.010470031,-0.018070544,-0.009571679,0.999736074,9.0024e-05,-0.000547635,0.000518043,8.586037802132462e-05,True,0.00012968270070971085,True
thread,axisymmetric,icp_pt2pl,easy,2,0.0100710149302379,4.2746466222343474e-05,True,0.0100710149302379,4.2746466222343474e-05,True,0.0,itodd_thread.ply,0.080566,0.000806,14523,14523,-0.010493769,-0.018140827,-0.009524566,0.999735002,9.1046e-05,-0.000544758,0.000519638,-0.010470031,-0.018070544,-0.009571679,0.999736074,9.0024e-05,-0.000547635,0.000518043,5.534994755431222e-05,True,0.00010048984652169877,True
thread,axisymmetric,fpfh_ransac,easy,2,131.826559827628,0.0114463554059841,False,0.5439496996584456,0.0030981591265693,True,132.25,itodd_thread.ply,0.080566,0.000806,14523,14523,0.021136994,-0.002227193,0.916587039,-0.399269917,-0.000334254,0.000271145,0.000522902,-0.010470031,-0.018070544,-0.009571679,0.999736074,9.0024e-05,-0.000547635,0.000518043,0.04672141311822558,True,0.004848706231760014,True
thread,axisymmetric,fgr,easy,2,0.0109199881058099,4.397721447074012e-05,True,0.0109199881058099,4.397721447074012e-05,True,0.0,itodd_thread.ply,0.080566,0.000806,14523,14523,-0.010497459,-0.018143169,-0.009516422,0.999734998,9.099e-05,-0.000544704,0.000519785,-0.010470031,-0.018070544,-0.009571679,0.999736074,9.0024e-05,-0.000547635,0.000518043,5.81042841297956e-05,True,0.00010810801957469163,True
thread,axisymmetric,icp_pt2pt,easy,3,0.0086973844740864,2.305055464862141e-05,True,0.0086973844740864,2.305055464862141e-05,True,0.0,itodd_thread.ply,0.080566,0.000806,14523,14523,-0.073815846,-0.019124025,-0.007797475,0.997058018,-0.000625762,0.000205276,0.001408784,-0.073875889,-0.019165459,-0.007817711,0.997052617,-0.000624447,0.000205165,0.001410091,3.775765437578437e-05,True,6.497152370170686e-05,True
thread,axisymmetric,icp_pt2pl,easy,3,0.01063243206112,1.6789014032145212e-05,True,0.01063243206112,1.6789014032145212e-05,True,0.0,itodd_thread.ply,0.080566,0.000806,14523,14523,-0.073920465,-0.019089421,-0.007846625,0.997050545,-0.000625532,0.000204752,0.001410785,-0.073875889,-0.019165459,-0.007817711,0.997052617,-0.000624447,0.000205165,0.001410091,4.12798698401436e-05,True,7.091004641335666e-05,True
thread,axisymmetric,fpfh_ransac,easy,3,0.0107094313703484,1.7264943614348842e-05,True,0.0107094313703484,1.7264943614348842e-05,True,0.0,itodd_thread.ply,0.080566,0.000806,14523,14523,-0.073926338,-0.019093729,-0.007849915,0.997050001,-0.000625615,0.000204885,0.001410793,-0.073875889,-0.019165459,-0.007817711,0.997052617,-0.000624447,0.000205165,0.001410091,4.1699912164463864e-05,True,7.3024116967388e-05,True
thread,axisymmetric,fgr,easy,3,0.0104902871008676,1.8278764009329736e-05,True,0.0104902871703537,1.8278764009329736e-05,True,0.0,itodd_thread.ply,0.080566,0.000806,14523,14523,-0.07392247,-0.019093948,-0.007850747,0.997050277,-0.000625615,0.000204779,0.001410901,-0.073875889,-0.019165459,-0.007817711,0.997052617,-0.000624447,0.000205165,0.001410091,4.149480837702298e-05,True,7.240313819257758e-05,True
thread,axisymmetric,icp_pt2pt,easy,4,0.0277561545926087,0.0001227679604019,True,0.0277561545663468,0.0001227679604019,True,0.0,itodd_thread.ply,0.080566,0.000806,14523,14523,0.002829871,-0.000330082,-1.5558e-05,0.999995941,-0.000134771,5.3245e-05,0.000352826,0.002592325,-0.000291047,1.1223e-05,0.999996598,-0.000140815,4.6738e-05,0.00035718,0.00015171014468717944,True,0.0002481411129955679,True
thread,axisymmetric,icp_pt2pl,easy,4,0.0099849569401281,1.9921183676525213e-05,True,0.0099849569401281,1.9921183676525176e-05,True,0.0,itodd_thread.ply,0.080566,0.000806,14523,14523,0.002611562,-0.00021309,-2.2617e-05,0.999996567,-0.000139646,4.7457e-05,0.000356348,0.002592325,-0.000291047,1.1223e-05,0.999996598,-0.000140815,4.6738e-05,0.00035718,4.1313672645550684e-05,True,7.222388510617924e-05,True
thread,axisymmetric,fpfh_ransac,easy,4,0.0104554426685757,1.9226484030594917e-05,True,0.0104554426685757,1.9226484030594867e-05,True,0.0,itodd_thread.ply,0.080566,0.000806,14523,14523,0.00260799,-0.000215515,-3.7504e-05,0.999996575,-0.000139752,4.7614e-05,0.000356472,0.002592325,-0.000291047,1.1223e-05,0.999996598,-0.000140815,4.6738e-05,0.00035718,4.3893095299240336e-05,True,7.028665010330764e-05,True
thread,axisymmetric,fgr,easy,4,0.0094134244388027,2.1107135084094924e-05,True,0.0094134244388027,2.110713508409488e-05,True,0.0,itodd_thread.ply,0.080566,0.000806,14523,14523,0.002603892,-0.000215823,-1.9693e-05,0.999996586,-0.000139482,4.7652e-05,0.000356651,0.002592325,-0.000291047,1.1223e-05,0.999996598,-0.000140815,4.6738e-05,0.00035718,3.9837622171762486e-05,True,6.635811891034693e-05,True
thread,axisymmetric,icp_pt2pt,easy,5,0.0236589240671312,5.751287158818058e-05,True,0.0236589240671312,5.751287158818058e-05,True,0.0,itodd_thread.ply,0.080566,0.000806,14523,14523,-0.078480153,0.008039672,-0.005901277,0.99686579,-0.002766515,0.001102374,-0.001275188,-0.078476411,0.00800615,-0.006104965,0.996865128,-0.002769477,0.001105561,-0.001276783,0.00011411317537948837,True,0.0001987531836970056,True
thread,axisymmetric,icp_pt2pl,easy,5,0.0152372261928496,3.718992830730682e-05,True,0.0152372261928496,3.718992830730682e-05,True,0.0,itodd_thread.ply,0.080566,0.000806,14523,14523,-0.078416281,0.008003153,-0.005986532,0.996870602,-0.002769416,0.001104557,-0.00127396,-0.078476411,0.00800615,-0.006104965,0.996865128,-0.002769477,0.001105561,-0.001276783,7.382570889518057e-05,True,0.00011961092376169034,True
thread,axisymmetric,fpfh_ransac,easy,5,0.0143496066963708,3.681918314879335e-05,True,0.0143496067471687,3.681918314879335e-05,True,0.0,itodd_thread.ply,0.080566,0.000806,14523,14523,-0.078431374,0.008013709,-0.005988441,0.996869319,-0.002769134,0.001104663,-0.001273976,-0.078476411,0.00800615,-0.006104965,0.996865128,-0.002769477,0.001105561,-0.001276783,7.171920368350108e-05,True,0.0001105847014516107,True
thread,axisymmetric,fgr,easy,5,0.0142731285235634,3.7167657677686906e-05,True,0.0142731285235634,3.7167657677686906e-05,True,0.0,itodd_thread.ply,0.080566,0.000806,14523,14523,-0.078431312,0.008014318,-0.005989224,0.996869314,-0.002769116,0.001104667,-0.001273947,-0.078476411,0.00800615,-0.006104965,0.996865128,-0.002769477,0.001105561,-0.001276783,7.15685768126095e-05,True,0.00011038576779909993,True
thread,axisymmetric,icp_pt2pt,easy,6,1.6954022480864703,0.0012560827235495,True,0.056114322601825,0.0010045434782417,True,1.75,itodd_thread.ply,0.080566,0.000806,14523,14523,0.007058164,-0.001701086,0.00139142,0.999972676,-0.001452464,-5.0778e-05,-0.000673235,0.006952411,-0.001532583,0.01618456,0.999843675,-0.001532793,-0.000112324,-0.00067256,0.007649974876356768,True,0.0028004169683429284,True
thread,axisymmetric,icp_pt2pl,easy,6,0.0174573240791999,3.100636792546518e-05,True,0.0174573240791999,3.100636792546509e-05,True,0.0,itodd_thread.ply,0.080566,0.000806,14523,14523,0.006995708,-0.001558077,0.016040754,0.999845651,-0.001534809,-0.000111025,-0.000673256,0.006952411,-0.001532583,0.01618456,0.999843675,-0.001532793,-0.000112324,-0.00067256,8.019088928751054e-05,True,0.0001353343183419195,True
thread,axisymmetric,fpfh_ransac,easy,6,0.0169483295064472,2.9438251734388e-05,True,0.0169483295064472,2.9438251734387908e-05,True,0.0,itodd_thread.ply,0.080566,0.000806,14523,14523,0.007007525,-0.001556184,0.016049367,0.999845433,-0.001534638,-0.000111066,-0.000673357,0.006952411,-0.001532583,0.01618456,0.999843675,-0.001532793,-0.000112324,-0.00067256,7.668768704549654e-05,True,0.00013010347445499231,True
thread,axisymmetric,fgr,easy,6,0.016880734307506,2.97588304283937e-05,True,0.016880734307506,2.9758830428393607e-05,True,0.0,itodd_thread.ply,0.080566,0.000806,14523,14523,0.007002074,-0.001554924,0.016047695,0.9998455,-0.001534683,-0.000111036,-0.000673276,0.006952411,-0.001532583,0.01618456,0.999843675,-0.001532793,-0.000112324,-0.00067256,7.696993588822968e-05,True,0.000129949888861159,True
thread,axisymmetric,icp_pt2pt,easy,7,1.9303175495156295,0.0002756380871607,True,0.0873110847122659,0.0001972243697759,True,2.0,itodd_thread.ply,0.080566,0.000806,14523,14523,0.031109119,-0.057149358,0.008361682,0.997845808,0.00028532,2.0893e-05,0.000681675,0.032372716,-0.056900295,0.02515455,0.997537775,0.00029274,4.1566e-05,0.000684953,0.008660045780730716,True,0.0006580827100980979,True
thread,axisymmetric,icp_pt2pl,easy,7,0.0121584873715649,2.5789704851982705e-05,True,0.0121584873715649,2.5789704851982705e-05,True,0.0,itodd_thread.ply,0.080566,0.000806,14523,14523,0.032328979,-0.056854444,0.025239632,0.997539659,0.000292176,4.3284e-05,0.00068393,0.032372716,-0.056900295,0.02515455,0.997537775,0.00029274,4.1566e-05,0.000684953,5.5148316744672626e-05,True,9.962435725918962e-05,True
thread,axisymmetric,fpfh_ransac,easy,7,0.0087647644140006,2.7507388170155815e-05,True,0.0087647644140006,2.7507388170155815e-05,True,0.0,itodd_thread.ply,0.080566,0.000806,14523,14523,0.032330333,-0.056874423,0.025212711,0.997539157,0.000291429,4.3224e-05,0.000684287,0.032372716,-0.056900295,0.02515455,0.997537775,0.00029274,4.1566e-05,0.000684953,4.3096265335257016e-05,True,7.973570893719232e-05,True
thread,axisymmetric,fgr,easy,7,0.0123554167246061,2.7183705221222823e-05,True,0.0123554167246061,2.7183705221222823e-05,True,0.0,itodd_thread.ply,0.080566,0.000806,14523,14523,0.032333663,-0.056871531,0.025250845,0.997538249,0.000291608,4.3265e-05,0.00068416,0.032372716,-0.056900295,0.02515455,0.997537775,0.00029274,4.1566e-05,0.000684953,5.821953745272847e-05,True,0.00010179696702855315,True
thread,axisymmetric,icp_pt2pt,easy,8,0.0299701631733128,7.369250820952912e-05,True,0.0299701631733128,7.369250820952912e-05,True,0.0,itodd_thread.ply,0.080566,0.000806,14523,14523,0.001750252,-0.028708823,-0.013346044,0.999497185,-0.000407649,0.000154199,0.000738036,0.001802597,-0.028755,-0.013598051,0.999492368,-0.000408942,0.000159994,0.000738118,0.0001428668104942802,True,0.00024452982015588256,True
thread,axisymmetric,icp_pt2pl,easy,8,0.01201325225449,5.506080306346855e-05,True,0.01201325225449,5.506080306346855e-05,True,0.0,itodd_thread.ply,0.080566,0.000806,14523,14523,0.001717013,-0.028794854,-0.013552472,0.99949199,-0.000406552,0.000156999,0.000735881,0.001802597,-0.028755,-0.013598051,0.999492368,-0.000408942,0.000159994,0.000738118,6.708954357537893e-05,True,0.00011072269694684948,True
thread,axisymmetric,fpfh_ransac,easy,8,0.0145324425949922,5.280882806632569e-05,True,0.0145324425949922,5.280882806632568e-05,True,0.0,itodd_thread.ply,0.080566,0.000806,14523,14523,0.001718104,-0.028818761,-0.013528208,0.999491628,-0.000406907,0.000156846,0.000736105,0.001802597,-0.028755,-0.013598051,0.999492368,-0.000408942,0.000159994,0.000738118,7.131741250457472e-05,True,0.00012441259746863068,True
thread,axisymmetric,fgr,easy,8,0.0152718781412352,4.828876835343583e-05,True,0.0152718781889654,4.828876835343583e-05,True,0.0,itodd_thread.ply,0.080566,0.000806,14523,14523,0.001708326,-0.028826334,-0.013536529,0.999491314,-0.000407133,0.000157355,0.000735904,0.001802597,-0.028755,-0.013598051,0.999492368,-0.000408942,0.000159994,0.000738118,6.938293807012476e-05,True,0.00012253139923569276,True
thread,axisymmetric,icp_pt2pt,easy,9,2.047809892393073,0.0008629165774777,False,0.0512173073293996,0.0001571350158582,True,2.0,itodd_thread.ply,0.080566,0.000806,14523,14523,-0.014899973,-0.03860784,0.022530535,0.998889283,-0.002085293,0.000959396,3.6136e-05,-0.014107026,-0.038814924,0.040373269,0.998330803,-0.00212171,0.000900206,3.8064e-05,0.009191488074206451,True,0.0004270938114902703,True
thread,axisymmetric,icp_pt2pl,easy,9,0.0114851465301139,2.4016067684348257e-05,True,0.0114851465301139,2.4016067684348257e-05,True,0.0,itodd_thread.ply,0.080566,0.000806,14523,14523,-0.014077433,-0.038775715,0.040286077,0.998336267,-0.002121776,0.000901922,3.7173e-05,-0.014107026,-0.038814924,0.040373269,0.998330803,-0.00212171,0.000900206,3.8064e-05,5.375322436628172e-05,True,8.217427628725168e-05,True
thread,axisymmetric,fpfh_ransac,easy,9,0.0112399369127859,2.4064792943153516e-05,True,0.0112399369127859,2.4064792943153516e-05,True,0.0,itodd_thread.ply,0.080566,0.000806,14523,14523,-0.014077235,-0.038770801,0.040291068,0.998336259,-0.002121707,0.000901972,3.7263e-05,-0.014107026,-0.038814924,0.040373269,0.998330803,-0.00212171,0.000900206,3.8064e-05,5.234455799639293e-05,True,8.089267749341641e-05,True
thread,axisymmetric,fgr,easy,9,0.0114966996728685,2.4173963858209623e-05,True,0.0114966996728685,2.4173963858209623e-05,True,0.0,itodd_thread.ply,0.080566,0.000806,14523,14523,-0.014077313,-0.038775591,0.040286058,0.998336274,-0.00212179,0.000901939,3.7179e-05,-0.014107026,-0.038814924,0.040373269,0.998330803,-0.00212171,0.000900206,3.8064e-05,5.382258800001202e-05,True,8.240115183943804e-05,True
thread,axisymmetric,icp_pt2pt,easy,10,0.0049284595304058,2.665666023868033e-05,True,0.0049284595304058,2.665666023868053e-05,True,0.0,itodd_thread.ply,0.080566,0.000806,14523,14523,-0.039682408,-0.001116166,-0.000788259,0.999211409,-0.000247168,-0.000206546,0.000222092,-0.039661329,-0.001109482,-0.000825139,0.999212223,-0.000247443,-0.000207809,0.000220376,3.290208803515302e-05,True,5.284754921610249e-05,True
thread,axisymmetric,icp_pt2pl,easy,10,0.001273269367078,3.0578386774184794e-05,True,0.001273269367078,3.057838677418452e-05,True,0.0,itodd_thread.ply,0.080566,0.000806,14523,14523,-0.039667684,-0.001118584,-0.000825551,0.999211961,-0.000246763,-0.000209849,0.000221577,-0.039661329,-0.001109482,-0.000825139,0.999212223,-0.000247443,-0.000207809,0.000220376,3.10553706536767e-05,True,3.579915292126487e-05,True
thread,axisymmetric,fpfh_ransac,easy,10,0.0014612619671473,2.93194372853773e-05,True,0.0014612614683117,2.931943728537702e-05,True,0.0,itodd_thread.ply,0.080566,0.000806,14523,14523,-0.039668406,-0.001120063,-0.00082584,0.99921193,-0.000246784,-0.000209766,0.000221522,-0.039661329,-0.001109482,-0.000825139,0.999212223,-0.000247443,-0.000207809,0.000220376,2.9929116885966564e-05,True,3.54241018158707e-05,True
thread,axisymmetric,fgr,easy,10,0.0009734337584826,3.087741578311565e-05,True,0.0009734337584826,3.087741578311537e-05,True,0.0,itodd_thread.ply,0.080566,0.000806,14523,14523,-0.039665499,-0.001116821,-0.000824201,0.99921205,-0.000246729,-0.000209847,0.000221611,-0.039661329,-0.001109482,-0.000825139,0.999212223,-0.000247443,-0.000207809,0.000220376,3.119129335412802e-05,True,3.445723370824351e-05,True
thread,axisymmetric,icp_pt2pt,easy,11,0.0382254916200829,6.388073854349675e-05,True,0.0382254916200829,6.388073854349675e-05,True,0.0,itodd_thread.ply,0.080566,0.000806,14523,14523,0.00298211,-0.011705788,0.010087338,0.999876156,0.001180443,-0.001031026,-0.000369459,0.003017173,-0.011738795,0.010417401,0.999872279,0.001183162,-0.001027033,-0.000367683,0.00018244588815000134,True,0.0002846947751150855,True
thread,axisymmetric,icp_pt2pl,easy,11,0.0109731772125352,2.343253687609636e-05,True,0.0109731772125352,2.3432536876096357e-05,True,0.0,itodd_thread.ply,0.080566,0.000806,14523,14523,0.003031857,-0.011727933,0.010323406,0.999873337,0.001184633,-0.001026978,-0.000368865,0.003017173,-0.011738795,0.010417401,0.999872279,0.001183162,-0.001027033,-0.000367683,5.386338478536248e-05,True,8.357090427588608e-05,True
thread,axisymmetric,fpfh_ransac,easy,11,179.98501823357336,0.0369984906261079,False,0.6192968979897915,0.0032580771775672,True,180.5,itodd_thread.ply,0.080566,0.000806,14523,14523,0.011882429,0.002913394,0.999869503,-0.010549782,-0.001057352,0.000939045,-0.000368481,0.003017173,-0.011738795,0.010417401,0.999872279,0.001183162,-0.001027033,-0.000367683,0.04904856864001722,True,0.004486068208031674,True
thread,axisymmetric,fgr,easy,11,0.0042740983193195,2.9463032662992725e-05,True,0.0042740983193195,2.9463032662992725e-05,True,0.0,itodd_thread.ply,0.080566,0.000806,14523,14523,0.003036272,-0.011715547,0.010395362,0.999872724,0.001185242,-0.001027073,-0.000368826,0.003017173,-0.011738795,0.010417401,0.999872279,0.001183162,-0.001027033,-0.000367683,3.340657851561235e-05,True,4.733713796059466e-05,True
thread,axisymmetric,icp_pt2pt,easy,12,1.886723746417553,0.0003669265842669,True,0.1215090947757394,0.0002202729473427,True,358.0,itodd_thread.ply,0.080566,0.000806,14523,14523,0.006251011,-0.005449052,-0.01524326,0.999849427,-0.000784833,0.000400505,-0.000575543,0.005836137,-0.005512978,-0.031698009,0.999465248,-0.000757899,0.000411249,-0.00058129,0.00846285089129717,True,0.0008718691247913287,True
thread,axisymmetric,icp_pt2pl,easy,12,0.0354387487320296,3.686108347091568e-05,True,0.0354387487320296,3.686108347091568e-05,True,0.0,itodd_thread.ply,0.080566,0.000806,14523,14523,0.005860611,-0.005565991,-0.03200154,0.999455139,-0.000760405,0.000412746,-0.000580745,0.005836137,-0.005512978,-0.031698009,0.999465248,-0.000757899,0.000411249,-0.00058129,0.0001620373386029366,True,0.00025167727933730227,True
thread,axisymmetric,fpfh_ransac,easy,12,0.0335364145336107,3.640061534167868e-05,True,0.0335364145336107,3.640061534167868e-05,True,0.0,itodd_thread.ply,0.080566,0.000806,14523,14523,0.005853732,-0.005557632,-0.031986549,0.999455705,-0.000760347,0.000412829,-0.000580955,0.005836137,-0.005512978,-0.031698009,0.999465248,-0.000757899,0.000411249,-0.00058129,0.00015360982437867624,True,0.00023968590645159012,True
thread,axisymmetric,fgr,easy,12,0.0352420432711393,3.704249655168867e-05,True,0.0352420432711393,3.704249655168867e-05,True,0.0,itodd_thread.ply,0.080566,0.000806,14523,14523,0.00585841,-0.00556418,-0.032000276,0.999455202,-0.000760427,0.000412742,-0.000580753,0.005836137,-0.005512978,-0.031698009,0.999465248,-0.000757899,0.000411249,-0.00058129,0.00016126887786080117,True,0.00025072943317362863,True
thread,axisymmetric,icp_pt2pt,easy,13,0.016417899892253,2.757520953587231e-05,True,0.0164178999366515,2.757520953587231e-05,True,0.0,itodd_thread.ply,0.080566,0.000806,14523,14523,-0.013488934,0.016347203,0.006424855,0.999754739,6.248e-05,0.000612348,0.000741015,-0.013477916,0.016393349,0.006560037,0.999753254,6.1492e-05,0.000613836,0.000739695,7.726299478281071e-05,True,0.00012086980097937225,True
thread,axisymmetric,icp_pt2pl,easy,13,0.0096817157629379,3.451984650214679e-05,True,0.0096817157629379,3.451984650214679e-05,True,0.0,itodd_thread.ply,0.080566,0.000806,14523,14523,-0.013457773,0.016424916,0.0064843,0.999753502,6.277e-05,0.000614192,0.000742139,-0.013477916,0.016393349,0.006560037,0.999753254,6.1492e-05,0.000613836,0.000739695,5.1623076765866196e-05,True,8.928839499043564e-05,True
thread,axisymmetric,fpfh_ransac,easy,13,0.0091649611772161,3.9785993052802966e-05,True,0.0091649611772161,3.9785993052802966e-05,True,0.0,itodd_thread.ply,0.080566,0.000806,14523,14523,-0.013453934,0.016436026,0.00649679,0.99975329,6.3255e-05,0.000613878,0.000742371,-0.013477916,0.016393349,0.006560037,0.999753254,6.1492e-05,0.000613836,0.000739695,5.1136721151163856e-05,True,9.360515308138471e-05,True
thread,axisymmetric,fgr,easy,13,0.0082223061034697,3.6947588632591234e-05,True,0.0082223061034697,3.694758863259124e-05,True,0.0,itodd_thread.ply,0.080566,0.000806,14523,14523,-0.013463961,0.016429218,0.00649948,0.999753249,6.3009e-05,0.000614269,0.000742219,-0.013477916,0.016393349,0.006560037,0.999753254,6.1492e-05,0.000613836,0.000739695,4.755019137825705e-05,True,8.390492609604646e-05,True
thread,axisymmetric,icp_pt2pt,easy,14,0.019033480927477,1.307129438688857e-05,True,0.019033480927477,1.307129438688857e-05,True,0.0,itodd_thread.ply,0.080566,0.000806,14523,14523,0.017607149,-0.01013531,0.010907081,0.999734114,0.000334178,-0.000776887,0.000764412,0.01757529,-0.010075053,0.011058549,0.99973362,0.000334599,-0.000776351,0.000765215,8.43767870030872e-05,True,0.0001244512695190358,True
thread,axisymmetric,icp_pt2pl,easy,14,0.0055997912896438,1.7357655369471874e-05,True,0.0055997912896438,1.7357655369471874e-05,True,0.0,itodd_thread.ply,0.080566,0.000806,14523,14523,0.017562532,-0.010059181,0.011014136,0.999734494,0.000335069,-0.000776317,0.000766532,0.01757529,-0.010075053,0.011058549,0.99973362,0.000334599,-0.000776351,0.000765215,2.9714236212639425e-05,True,4.3710130603563825e-05,True
thread,axisymmetric,fpfh_ransac,easy,14,0.0039739653535261,1.996006613276868e-05,True,0.0039739653535261,1.996006613276868e-05,True,0.0,itodd_thread.ply,0.080566,0.000806,14523,14523,0.01756989,-0.010068735,0.011024885,0.99973415,0.000335174,-0.000776307,0.000766716,0.01757529,-0.010075053,0.011058549,0.99973362,0.000334599,-0.000776351,0.000765215,2.6593404333629584e-05,True,3.608986318095684e-05,True
thread,axisymmetric,fgr,easy,14,0.004253495165449,1.942743504960053e-05,True,0.004253495165449,1.942743504960053e-05,True,0.0,itodd_thread.ply,0.080566,0.000806,14523,14523,0.017570802,-0.010064871,0.011023142,0.999734192,0.000335176,-0.000776353,0.00076667,0.01757529,-0.010075053,0.011058549,0.99973362,0.000334599,-0.000776351,0.000765215,2.68661324096229e-05,True,3.8175830194363294e-05,True
thread,axisymmetric,icp_pt2pt,easy,15,0.0247481233509492,1.6795790603521345e-05,True,0.0247481233509492,1.679579060352254e-05,True,0.0,itodd_thread.ply,0.080566,0.000806,14523,14523,0.008946786,-0.024306137,0.016840297,0.999522672,0.001105975,-0.000949848,-0.000234689,0.008991071,-0.024262093,0.017047018,0.99951984,0.001106584,-0.000951051,-0.00023457,0.00010975059869112724,True,0.00016921765582087115,True
thread,axisymmetric,icp_pt2pl,easy,15,0.0113908061808703,4.025048776599277e-05,True,0.0113908061808703,4.025048776599157e-05,True,0.0,itodd_thread.ply,0.080566,0.000806,14523,14523,0.00896954,-0.024305724,0.017133669,0.999517492,0.001106272,-0.000953949,-0.000235991,0.008991071,-0.024262093,0.017047018,0.99951984,0.001106584,-0.000951051,-0.00023457,5.6935633326357235e-05,True,0.00010695855577077217,True
thread,axisymmetric,fpfh_ransac,easy,15,179.9894698316476,0.0342456432877541,False,0.6181193797995334,0.0034381073541015,True,180.5,itodd_thread.ply,0.080566,0.000806,14523,14523,0.024441568,0.008928745,0.999514402,-0.017141989,-0.00096821,0.000867618,-0.000237536,0.008991071,-0.024262093,0.017047018,0.99951984,0.001106584,-0.000951051,-0.00023457,0.050350635844453394,True,0.004693642924406941,True
thread,axisymmetric,fgr,easy,15,0.0084681008825206,4.195542249538552e-05,True,0.0084681008825206,4.195542249538432e-05,True,0.0,itodd_thread.ply,0.080566,0.000806,14523,14523,0.00897274,-0.024290454,0.017112728,0.999518193,0.001106474,-0.000954083,-0.000236059,0.008991071,-0.024262093,0.017047018,0.99951984,0.001106584,-0.000951051,-0.00023457,4.949644471111018e-05,True,9.080938238323955e-05,True
thread,axisymmetric,icp_pt2pt,easy,16,1.8582182576762132,0.000608623471584,True,0.1212835035646813,0.0003150340985029,True,1.75,itodd_thread.ply,0.080566,0.000806,14523,14523,0.002382946,0.082845764,0.007508255,0.996531247,0.000742467,0.00019376,0.000706104,0.001127907,0.083341072,0.023665226,0.996239404,0.000731745,0.000239946,0.000718607,0.008335344312382753,True,0.00115505037166332,True
thread,axisymmetric,icp_pt2pl,easy,16,0.0122495779237402,2.199162647550872e-05,True,0.0122495779237402,2.199162647550872e-05,True,0.0,itodd_thread.ply,0.080566,0.000806,14523,14523,0.001140398,0.083383539,0.023567932,0.996238143,0.000731678,0.000238252,0.000719121,0.001127907,0.083341072,0.023665226,0.996239404,0.000731745,0.000239946,0.000718607,5.7323618077132444e-05,True,9.31925431874532e-05,True
thread,axisymmetric,fpfh_ransac,easy,16,0.0099973263129383,2.114516692894232e-05,True,0.0099973263129383,2.114516692894232e-05,True,0.0,itodd_thread.ply,0.080566,0.000806,14523,14523,0.001131477,0.083389706,0.023592923,0.996237045,0.000731716,0.000238385,0.000719289,0.001127907,0.083341072,0.023665226,0.996239404,0.000731745,0.000239946,0.000718607,4.742973296025544e-05,True,7.422944191568766e-05,True
thread,axisymmetric,fgr,easy,16,0.0121873088590708,2.3357119281320867e-05,True,0.0121873088590708,2.3357119281320867e-05,True,0.0,itodd_thread.ply,0.080566,0.000806,14523,14523,0.001133646,0.083387632,0.023569791,0.996237764,0.000731734,0.000238276,0.000719475,0.001127907,0.083341072,0.023665226,0.996239404,0.000731745,0.000239946,0.000718607,5.7892910309083905e-05,True,9.014530300483507e-05,True
thread,axisymmetric,icp_pt2pt,easy,17,0.0308610819871084,6.634688123047363e-05,True,0.0308610819871084,6.634688123047373e-05,True,0.0,itodd_thread.ply,0.080566,0.000806,14523,14523,0.00315967,0.06614282,0.002217858,0.997802698,-0.000117161,-1.027e-06,6.7177e-05,0.003181734,0.066373106,0.002354847,0.997787022,-0.000119912,-4.702e-06,6.9916e-05,0.00012899059647263612,True,0.0002322026350885389,True
thread,axisymmetric,icp_pt2pl,easy,17,0.0067278561669424,1.092041854347152e-05,True,0.0067278560585974,1.0920418543471508e-05,True,0.0,itodd_thread.ply,0.080566,0.000806,14523,14523,0.003174275,0.066334616,0.002398479,0.997789502,-0.000119937,-4.906e-06,6.9061e-05,0.003181734,0.066373106,0.002354847,0.997787022,-0.000119912,-4.702e-06,6.9916e-05,2.863513414588884e-05,True,4.909364324236234e-05,True
thread,axisymmetric,fpfh_ransac,easy,17,0.005234523477623,9.801724397699706e-06,True,0.005234523477623,9.801724397699713e-06,True,0.0,itodd_thread.ply,0.080566,0.000806,14523,14523,0.003178377,0.066338782,0.002384719,0.997789245,-0.000119818,-5.079e-06,6.9229e-05,0.003181734,0.066373106,0.002354847,0.997787022,-0.000119912,-4.702e-06,6.9916e-05,2.1699614182161672e-05,True,3.989061672658721e-05,True
thread,axisymmetric,fgr,easy,17,0.0055141064656713,1.0012256153366168e-05,True,0.0055141064656713,1.0012256153366173e-05,True,0.0,itodd_thread.ply,0.080566,0.000806,14523,14523,0.003173609,0.066338887,0.002387613,0.997789246,-0.00011985,-4.885e-06,6.9133e-05,0.003181734,0.066373106,0.002354847,0.997787022,-0.000119912,-4.702e-06,6.9916e-05,2.3170719003079036e-05,True,4.118862932319915e-05,True
thread,axisymmetric,icp_pt2pt,easy,18,6.860601183563871,0.0007720696913308,False,0.1425707283075603,0.0007233889485608,True,7.0,itodd_thread.ply,0.080566,0.000806,14523,14523,-0.019837779,-0.004424245,0.015455339,0.999673957,-6.642e-06,-9.6768e-05,-3.2677e-05,-0.01947893,-0.005737025,0.075239337,0.996958725,7.69e-06,-3.6292e-05,-3.5212e-05,0.02826994132040489,True,0.005848155272259203,True
thread,axisymmetric,icp_pt2pl,easy,18,0.017500858692805,2.3893393644906503e-05,True,0.017500858692805,2.38933936449064e-05,True,0.0,itodd_thread.ply,0.080566,0.000806,14523,14523,-0.019455575,-0.005760757,0.075090733,0.996970248,7.244e-06,-3.5751e-05,-3.3419e-05,-0.01947893,-0.005737025,0.075239337,0.996958725,7.69e-06,-3.6292e-05,-3.5212e-05,8.239009068813109e-05,True,0.00011114120116890601,True
thread,axisymmetric,fpfh_ransac,easy,18,44.88676014851345,0.000287968241899,False,0.2094757184387969,0.0010941377301768,True,315.25,itodd_thread.ply,0.080566,0.000806,14523,14523,-0.015520631,-0.012740731,0.450148306,0.892728002,8.597e-06,-5.9445e-05,-3.4035e-05,-0.01947893,-0.005737025,0.075239337,0.996958725,7.69e-06,-3.6292e-05,-3.5212e-05,0.0494435619701772,True,0.006569573977901013,True
thread,axisymmetric,fgr,easy,18,0.0180593299081622,2.5455616457056652e-05,True,0.0180593299081622,2.545561645705656e-05,True,0.0,itodd_thread.ply,0.080566,0.000806,14523,14523,-0.019454927,-0.005756599,0.075085277,0.996970696,7.263e-06,-3.5668e-05,-3.3306e-05,-0.01947893,-0.005737025,0.075239337,0.996958725,7.69e-06,-3.6292e-05,-3.5212e-05,8.528497897995086e-05,True,0.00011390644489619943,True
thread,axisymmetric,icp_pt2pt,easy,19,2.0912453889344764,0.0015841301550366,False,0.0942195533382878,0.0003360975832369,True,2.0,itodd_thread.ply,0.080566,0.000806,14523,14523,0.011528362,0.033460906,0.007128615,0.999348111,0.002842953,-0.00068224,0.000763988,0.011073243,0.03366432,0.025368671,0.999049812,0.002876237,-0.000559104,0.000768263,0.009532006943254677,True,0.0008732638323009858,True
thread,axisymmetric,icp_pt2pl,easy,19,0.0095947298997897,2.992961589699477e-05,True,0.0095947298997897,2.992961589699477e-05,True,0.0,itodd_thread.ply,0.080566,0.000806,14523,14523,0.011085323,0.033714575,0.025302799,0.999049654,0.002877596,-0.000560336,0.000766697,0.011073243,0.03366432,0.025368671,0.999049812,0.002876237,-0.000559104,0.000768263,4.746204812635145e-05,True,8.546954558948554e-05,True
thread,axisymmetric,fpfh_ransac,easy,19,0.0072049676295637,3.0702666742753095e-05,True,0.0072049676295637,3.0702666742753095e-05,True,0.0,itodd_thread.ply,0.080566,0.000806,14523,14523,0.011080786,0.033715802,0.025403866,0.999047098,0.002877618,-0.000560076,0.000766456,0.011073243,0.03366432,0.025368671,0.999049812,0.002876237,-0.000559104,0.000768263,4.08457737227284e-05,True,6.579688422014027e-05,True
thread,axisymmetric,fgr,easy,19,0.0066465222824851,3.342476172013403e-05,True,0.0066465222824851,3.342476172013403e-05,True,0.0,itodd_thread.ply,0.080566,0.000806,14523,14523,0.011078957,0.03372136,0.025377224,0.999047608,0.002877844,-0.000560249,0.00076643,0.011073243,0.03366432,0.025368671,0.999049812,0.002876237,-0.000559104,0.000768263,3.99906850029156e-05,True,6.941904783858586e-05,True
thread,axisymmetric,icp_pt2pt,medium,0,40.20373905838618,0.1958573371094333,False,36.10799849470422,0.1810030356096945,False,63.5,itodd_thread.ply,0.080566,0.000806,14523,12344,0.039654739,0.009096663,-0.012581758,0.999092814,-0.000668574,-0.001331509,0.000738612,0.183057785,0.129981195,0.274718826,0.93494615,0.013380541,-0.00815342,0.002991789,0.10448372206458988,False,0.28983923328179595,False
thread,axisymmetric,icp_pt2pl,medium,0,24.131602293246637,0.1292216304208744,False,14.62770228332911,0.1181100328434285,False,24.75,itodd_thread.ply,0.080566,0.000806,14523,12344,0.125314523,0.007126003,0.122090582,0.984550344,0.003404126,-0.005205524,0.003401893,0.183057785,0.129981195,0.274718826,0.93494615,0.013380541,-0.00815342,0.002991789,0.07394260525930729,True,0.17990434772494107,False
thread,axisymmetric,fpfh_ransac,medium,0,179.988133946813,0.3871898341565955,False,0.4191939525454454,0.0028857804278252,True,180.25,itodd_thread.ply,0.080566,0.000806,14523,12344,-0.13001166,0.18303152,0.934919623,-0.274812171,-0.013266269,0.008065162,0.002990475,0.183057785,0.129981195,0.274718826,0.93494615,0.013380541,-0.00815342,0.002991789,0.1989432255136929,False,0.004849043941243531,True
thread,axisymmetric,fgr,medium,0,0.0143007126895592,5.4684851613203e-05,True,0.0143007126895592,5.4684851613203e-05,True,0.0,itodd_thread.ply,0.080566,0.000806,14523,12344,0.183049572,0.129952057,0.274604312,0.934985449,0.013377433,-0.008154686,0.002994644,0.183057785,0.129981195,0.274718826,0.93494615,0.013380541,-0.00815342,0.002991789,7.919583724065342e-05,True,0.0001377313636777893,True
thread,axisymmetric,icp_pt2pt,medium,1,36.33741059357114,0.0698968672861085,False,32.45961044568037,0.0651646633040353,False,16.5,itodd_thread.ply,0.080566,0.000806,14523,12344,0.040792159,0.002654217,-0.020244097,0.998959024,-9.6017e-05,-0.001460071,8.1166e-05,0.207269547,-0.213976327,0.128923286,0.945850016,0.005450373,-0.000697567,0.000687869,0.0693371510858827,True,0.20041238053936378,False
thread,axisymmetric,icp_pt2pl,medium,1,35.68258337985213,0.0728127129399871,False,32.25260167246368,0.0619332264484884,False,15.5,itodd_thread.ply,0.080566,0.000806,14523,12344,0.075679725,0.017267494,-0.022083822,0.996738039,0.000332478,-0.003499344,7.9477e-05,0.207269547,-0.213976327,0.128923286,0.945850016,0.005450373,-0.000697567,0.000687869,0.06888089503000755,True,0.2036950167880803,False
thread,axisymmetric,fpfh_ransac,medium,1,160.03275143469676,0.1268804279237065,False,159.97047348666686,0.1295507016757962,False,351.0,itodd_thread.ply,0.080566,0.000806,14523,12344,-0.092983386,0.972708352,-0.195385344,0.083768252,-0.004563331,-0.002571002,0.001531226,0.207269547,-0.213976327,0.128923286,0.945850016,0.005450373,-0.000697567,0.000687869,0.10464876817935881,False,0.6861120732359423,False
thread,axisymmetric,fgr,medium,1,0.0104506175782087,5.0043285580449e-05,True,0.0104506175782087,5.0043285580449e-05,True,0.0,itodd_thread.ply,0.080566,0.000806,14523,12344,0.207227656,-0.213906447,0.128958986,0.945870134,0.005449728,-0.000699586,0.000684439,0.207269547,-0.213976327,0.128923286,0.945850016,0.005450373,-0.000697567,0.000687869,6.317383549824287e-05,True,9.574517598949373e-05,True
thread,axisymmetric,icp_pt2pt,medium,2,37.3172395866072,0.0994397719423292,False,27.290361365970384,0.0983237766448351,False,25.75,itodd_thread.ply,0.080566,0.000806,14523,12344,-0.039214739,0.008405939,0.001297928,0.999194606,-0.002120681,-0.000804823,0.000753983,-0.230815536,0.137259975,0.220436462,0.937705526,-0.005328692,-0.004158569,0.00728431,0.06376520830795554,True,0.23061274483768268,False
thread,axisymmetric,icp_pt2pl,medium,2,26.444353443634512,0.0794759913412852,False,22.448334439932665,0.0791389793080439,False,14.0,itodd_thread.ply,0.080566,0.000806,14523,12344,-0.103821445,0.005282502,0.091216189,0.990390231,-0.002922452,-0.00168767,0.001889477,-0.230815536,0.137259975,0.220436462,0.937705526,-0.005328692,-0.004158569,0.00728431,0.05941632112933215,True,0.1895619888900623,False
thread,axisymmetric,fpfh_ransac,medium,2,158.86014658756605,0.1653001253771373,False,0.5033399557671601,0.0035324462691036,True,159.25,itodd_thread.ply,0.080566,0.000806,14523,12344,-0.092621962,-0.252012539,0.881365509,-0.388723156,0.003581089,0.005739655,0.007296137,-0.230815536,0.137259975,0.220436462,0.937705526,-0.005328692,-0.004158569,0.00728431,0.11011590421439675,False,0.009339763053527746,True
thread,axisymmetric,fgr,medium,2,63.84361154676799,0.241727055302413,False,14.721482935720664,0.1820224541689324,False,66.0,itodd_thread.ply,0.080566,0.000806,14523,12344,-0.141759303,0.116595977,-0.321801914,0.928845093,-0.018488451,0.009840084,0.004100507,-0.230815536,0.137259975,0.220436462,0.937705526,-0.005328692,-0.004158569,0.00728431,0.10194489515588495,False,0.2535721874415206,False
thread,axisymmetric,icp_pt2pt,medium,3,30.840822463711618,0.1214212192777064,False,29.12955137935427,0.1197241317358701,False,10.25,itodd_thread.ply,0.080566,0.000806,14523,12344,0.008785191,-0.015405617,-0.005149306,0.999829471,-0.000929447,0.000456458,0.000549341,0.102261115,-0.2478376,0.082254957,0.959871507,-0.009509704,-0.003053048,0.003673306,0.08388109181319578,True,0.27312024925174694,False
thread,axisymmetric,icp_pt2pl,medium,3,29.12970988492775,0.078024481149358,False,28.77154330469536,0.0757889361544347,False,4.5,itodd_thread.ply,0.080566,0.000806,14523,12344,0.002528723,-0.020835965,0.046359174,0.998704308,-0.004467288,0.00018327,0.001771744,0.102261115,-0.2478376,0.082254957,0.959871507,-0.009509704,-0.003053048,0.003673306,0.06911107271569443,True,0.23133360598826128,False
thread,axisymmetric,fpfh_ransac,medium,3,19.418988382961714,0.0415192519138421,False,0.1231315827004348,0.0006370005169094,True,340.5,itodd_thread.ply,0.080566,0.000806,14523,12344,0.142825311,-0.227395966,0.242929615,0.932135831,-0.007948083,-0.006011207,0.003668817,0.102261115,-0.2478376,0.082254957,0.959871507,-0.009509704,-0.003053048,0.003673306,0.04770836437740135,True,0.004816307452574306,True
thread,axisymmetric,fgr,medium,3,0.0249763010409748,5.57890940825073e-05,True,0.0249763010409748,5.57890940825073e-05,True,0.0,itodd_thread.ply,0.080566,0.000806,14523,12344,0.102258215,-0.247747904,0.082453479,0.959877939,-0.00950966,-0.003054449,0.003677577,0.102261115,-0.2478376,0.082254957,0.959871507,-0.009509704,-0.003053048,0.003673306,0.00011611460328428122,True,0.00019325386311792062,True
thread,axisymmetric,icp_pt2pt,medium,4,33.49361260428023,0.0928008540108165,False,31.006672628847262,0.0939279626300319,False,347.25,itodd_thread.ply,0.080566,0.000806,14523,12344,0.051379677,-0.027445419,-0.015353906,0.998183919,-0.001361675,0.0001848,-0.000864706,0.118547693,-0.288713118,-0.11060146,0.943588097,0.002993236,-0.003618348,-0.005605037,0.07782196748931491,True,0.2538080278431667,False
thread,axisymmetric,icp_pt2pl,medium,4,26.537346918275897,0.0963824695593381,False,26.47794969654245,0.0968034607482654,False,358.25,itodd_thread.ply,0.080566,0.000806,14523,12344,0.115428114,-0.061666058,-0.126564229,0.983287925,-0.002945545,0.000321543,-0.002521823,0.118547693,-0.288713118,-0.11060146,0.943588097,0.002993236,-0.003618348,-0.005605037,0.0743704435768091,True,0.2242763568100656,False
thread,axisymmetric,fpfh_ransac,medium,4,179.9878037123119,0.1148422154535327,False,0.426560178787107,0.0026445223580442,True,180.25,itodd_thread.ply,0.080566,0.000806,14523,12344,0.288758182,0.118626321,0.943575657,0.110505602,-0.002886218,0.003525824,-0.005597884,0.118547693,-0.288713118,-0.11060146,0.943588097,0.002993236,-0.003618348,-0.005605037,0.11965610376232746,False,0.004505730922571537,True
thread,axisymmetric,fgr,medium,4,33.19923839176695,0.0823487031376299,False,31.11333016300913,0.0894995502696346,False,11.75,itodd_thread.ply,0.080566,0.000806,14523,12344,0.111154558,-0.54179358,-0.166043092,0.81641538,0.008390827,-0.004821891,-0.00193972,0.118547693,-0.288713118,-0.11060146,0.943588097,0.002993236,-0.003618348,-0.005605037,0.07016283744510286,True,0.23048100548706932,False
thread,axisymmetric,icp_pt2pt,medium,5,2.78707658125292,0.0086453117133334,False,2.7293819485186983,0.0086655922316604,False,0.5,itodd_thread.ply,0.080566,0.000806,14523,12344,0.093883687,-0.069688945,0.01109335,0.993079172,0.001171437,-0.00228662,0.001721307,0.117377262,-0.07383903,0.014863758,0.990226966,0.001184174,-0.002396296,0.002409021,0.011303861300497535,True,0.02464305848464874,True
thread,axisymmetric,icp_pt2pl,medium,5,0.0275041305744448,2.313539103826133e-05,True,0.0275041305744448,2.313539103826133e-05,True,0.0,itodd_thread.ply,0.080566,0.000806,14523,12344,0.117419473,-0.073829895,0.015099727,0.990219073,0.001183753,-0.002398103,0.002409199,0.117377262,-0.07383903,0.014863758,0.990226966,0.001184174,-0.002396296,0.002409021,0.00012226008828360605,True,0.000189928737501537,True
thread,axisymmetric,fpfh_ransac,medium,5,158.99312462365882,0.0637693252227882,False,0.608888082532012,0.0031579822393045,True,201.5,itodd_thread.ply,0.080566,0.000806,14523,12344,0.09429153,0.102017266,0.97631401,0.165869042,-0.000154976,0.002563767,0.002412787,0.117377262,-0.07383903,0.014863758,0.990226966,0.001184174,-0.002396296,0.002409021,0.06896078117917258,True,0.009332874342093117,True
thread,axisymmetric,fgr,medium,5,80.31650388664112,0.3615849752630615,False,73.00654905619294,0.365530201838651,False,7.5,itodd_thread.ply,0.080566,0.000806,14523,12344,0.178346926,-0.162698095,-0.618455499,0.747819831,0.021980754,0.017678411,0.006036322,0.117377262,-0.07383903,0.014863758,0.990226966,0.001184174,-0.002396296,0.002409021,0.1586371167263807,False,0.44388822890667023,False
thread,axisymmetric,icp_pt2pt,medium,6,11.118418243901283,0.047243547158297,False,8.821301778412703,0.0446050772221447,False,341.0,itodd_thread.ply,0.080566,0.000806,14523,12344,0.070089403,-0.030001922,0.001400898,0.99708846,-0.001254988,-0.000331528,-9.3024e-05,0.092313534,-0.043757592,-0.091768649,0.990526123,-0.004281184,0.001804443,-0.00096894,0.04194537688238545,True,0.05150267793647587,True
thread,axisymmetric,icp_pt2pl,medium,6,0.0174129531773057,9.806677800935532e-05,True,0.0174129531773057,9.806677800935664e-05,True,0.0,itodd_thread.ply,0.080566,0.000806,14523,12344,0.092207056,-0.043768153,-0.091876545,0.990525572,-0.004281108,0.00180284,-0.000961204,0.092313534,-0.043757592,-0.091768649,0.990526123,-0.004281184,0.001804443,-0.00096894,0.00011745264915163559,True,0.00018455431245040924,True
thread,axisymmetric,fpfh_ransac,medium,6,179.98935021307534,0.1171656543783797,False,0.6267097969266339,0.0029940965358576,True,179.5,itodd_thread.ply,0.080566,0.000806,14523,12344,0.044319506,0.092228423,0.990522977,0.091618403,0.004405623,-0.00188952,-0.00098403,0.092313534,-0.043757592,-0.091768649,0.990526123,-0.004281184,0.001804443,-0.00096894,0.07602315892449592,True,0.004801133574245257,True
thread,axisymmetric,fgr,medium,6,0.0184520652830231,0.0001060690183454,True,0.0184520652830231,0.0001060690183454,True,0.0,itodd_thread.ply,0.080566,0.000806,14523,12344,0.092190998,-0.043750475,-0.091872855,0.99052819,-0.004280627,0.001802723,-0.000960588,0.092313534,-0.043757592,-0.091768649,0.990526123,-0.004281184,0.001804443,-0.00096894,0.00012465237093938416,True,0.00019878828383929387,True
thread,axisymmetric,icp_pt2pt,medium,7,36.235685662251385,0.1522113475202755,False,29.614746778660333,0.1481036515563576,False,38.0,itodd_thread.ply,0.080566,0.000806,14523,12344,0.000448335,-0.011616062,-0.003522761,0.999926225,-0.000611692,0.000259082,-0.000152092,-0.227092843,0.005623233,0.20798156,0.951388927,-0.009812897,-0.00683482,0.003771973,0.07875313632826673,True,0.2347979569221494,False
thread,axisymmetric,icp_pt2pl,medium,7,33.733488914709646,0.1452933436235162,False,28.214339758806155,0.1412769772419863,False,29.5,itodd_thread.ply,0.080566,0.000806,14523,12344,0.001314984,-0.017167472,0.031782198,0.999346507,-0.001333288,7.293e-05,-0.000399823,-0.227092843,0.005623233,0.20798156,0.951388927,-0.009812897,-0.00683482,0.003771973,0.07506908793007185,True,0.23438106200495726,False
thread,axisymmetric,fpfh_ransac,medium,7,0.0410471266402213,7.208375896700724e-05,True,0.0410471266402213,7.208375896700724e-05,True,0.0,itodd_thread.ply,0.080566,0.000806,14523,12344,-0.226999024,0.00544604,0.208275564,0.95134803,-0.009812843,-0.00684056,0.003771092,-0.227092843,0.005623233,0.20798156,0.951388927,-0.009812897,-0.00683482,0.003771973,0.00017098814095448743,True,0.0003215284546551025,True
thread,axisymmetric,fgr,medium,7,102.58138503942844,0.1573165830123512,False,37.66288828267433,0.1885617020410947,False,69.0,itodd_thread.ply,0.080566,0.000806,14523,12344,0.027844573,0.138672469,-0.592894949,0.792761127,-0.021417074,-0.002750855,0.000721514,-0.227092843,0.005623233,0.20798156,0.951388927,-0.009812897,-0.00683482,0.003771973,0.08832206391626958,True,0.32926597578863315,False
thread,axisymmetric,icp_pt2pt,medium,8,15.758176345403742,0.0520998944335266,False,10.77085361517771,0.051566106267979,False,348.5,itodd_thread.ply,0.080566,0.000806,14523,12344,-0.030493613,0.014642079,0.007081601,0.999402622,0.002518335,0.00047346,0.000550325,-0.08414263,-0.057898806,-0.096137568,0.990113788,0.003972165,5.1967e-05,0.004465387,0.05439105028846241,True,0.11192557246442776,False
thread,axisymmetric,icp_pt2pl,medium,8,0.018744295432073,7.206271900652279e-05,True,0.018744295432073,7.206271900652279e-05,True,0.0,itodd_thread.ply,0.080566,0.000806,14523,12344,-0.084234121,-0.05797676,-0.096246129,0.9900909,0.003977219,5.4537e-05,0.004464137,-0.08414263,-0.057898806,-0.096137568,0.990113788,0.003972165,5.1967e-05,0.004465387,9.592355115632124e-05,True,0.00017505403604198318,True
thread,axisymmetric,fpfh_ransac,medium,8,172.46401295693636,0.1774173635728852,False,172.451458548907,0.1774728460565665,False,6.5,itodd_thread.ply,0.080566,0.000806,14523,12344,-0.102701521,0.984355711,0.074234879,0.122414925,-0.003240158,5.919e-05,-0.007875481,-0.08414263,-0.057898806,-0.096137568,0.990113788,0.003972165,5.1967e-05,0.004465387,0.09954292367241244,True,0.737900893900004,False
thread,axisymmetric,fgr,medium,8,0.0249901501088779,7.229907318895024e-05,True,0.0249901501088779,7.229907318895024e-05,True,0.0,itodd_thread.ply,0.080566,0.000806,14523,12344,-0.08427525,-0.05798206,-0.09628624,0.99008319,0.003976711,5.5608e-05,0.004465348,-0.08414263,-0.057898806,-0.096137568,0.990113788,0.003972165,5.1967e-05,0.004465387,0.00011588530364233357,True,0.00020666377906568444,True
thread,axisymmetric,icp_pt2pt,medium,9,16.496431202338353,0.1605015316872224,False,27.373384043413918,0.1599201696381781,False,329.25,itodd_thread.ply,0.080566,0.000806,14523,12344,0.047566536,0.01257071,-0.01455189,0.998682955,9.1583e-05,0.000180106,0.00087709,0.103092596,-0.105648567,-0.073511581,0.986309457,0.010546535,0.007003779,0.004244994,0.07843066524315843,True,0.21305163899587978,False
thread,axisymmetric,icp_pt2pl,medium,9,3.278915935273941,0.0968253886826811,False,3.982750577234528,0.0967510702842537,False,2.25,itodd_thread.ply,0.080566,0.000806,14523,12344,0.086238084,-0.082843292,-0.074306699,0.990039644,0.004194054,0.002503857,0.003744774,0.103092596,-0.105648567,-0.073511581,0.986309457,0.010546535,0.007003779,0.004244994,0.05762552493281148,True,0.10890340505363443,False
thread,axisymmetric,fpfh_ransac,medium,9,0.0101162909921418,2.96927488518443e-05,True,0.0101162909921418,2.96927488518443e-05,True,0.0,itodd_thread.ply,0.080566,0.000806,14523,12344,0.103093668,-0.105561171,-0.073520572,0.986318032,0.010547399,0.007001549,0.004245038,0.103092596,-0.105648567,-0.073511581,0.986309457,0.010546535,0.007003779,0.004244994,4.6860986739431187e-05,True,7.21493757162802e-05,True
thread,axisymmetric,fgr,medium,9,0.0104676092069567,2.4143745326143528e-05,True,0.0104676092069567,2.4143745326143528e-05,True,0.0,itodd_thread.ply,0.080566,0.000806,14523,12344,0.103108543,-0.105561196,-0.07349227,0.986318584,0.010546928,0.007001878,0.004245107,0.103092596,-0.105648567,-0.073511581,0.986309457,0.010546535,0.007003779,0.004244994,4.342202583027719e-05,True,7.656883871176489e-05,True
thread,axisymmetric,icp_pt2pt,medium,10,3.855962504289974,0.1854646651377876,False,26.17491965918941,0.1837213422832885,False,22.75,itodd_thread.ply,0.080566,0.000806,14523,12344,-0.018350924,-0.002848084,0.006390594,0.999807128,-0.001716873,0.00153653,0.001712738,-0.012364778,0.01313175,-0.022608549,0.999581674,-0.010632816,0.004174269,0.013409658,0.10173110466549491,False,0.19613174454084525,False
thread,axisymmetric,icp_pt2pl,medium,10,15.823931334037477,0.1530002053691689,False,22.337748146050657,0.1525534146574876,False,7.25,itodd_thread.ply,0.080566,0.000806,14523,12344,-0.024439046,-0.059189637,0.094119163,0.993499322,-0.004340151,0.002288643,0.002979245,-0.012364778,0.01313175,-0.022608549,0.999581674,-0.010632816,0.004174269,0.013409658,0.08320824138207,True,0.19782952440599533,False
thread,axisymmetric,fpfh_ransac,medium,10,158.12964402971556,0.4405900387821904,False,154.98480427091752,0.3865891054618493,False,57.75,itodd_thread.ply,0.080566,0.000806,14523,12344,-0.036938532,0.979252077,-0.096594109,0.174271321,0.015078515,0.002164691,-0.010981054,-0.012364778,0.01313175,-0.022608549,0.999581674,-0.010632816,0.004174269,0.013409658,0.25353006770434733,False,0.8055499616173427,False
thread,axisymmetric,fgr,medium,10,0.0346863650401905,3.938416188029616e-05,True,0.0346863650401905,3.938416188029616e-05,True,0.0,itodd_thread.ply,0.080566,0.000806,14523,12344,-0.0124131,0.013194816,-0.022316511,0.999586807,-0.010631739,0.004173027,0.013412372,-0.012364778,0.01313175,-0.022608549,0.999581674,-0.010632816,0.004174269,0.013409658,0.00015840046793599136,True,0.0002372777544327148,True
thread,axisymmetric,icp_pt2pt,medium,11,9.390459657371164,0.120326832016492,False,23.89104080734824,0.1197422974265769,False,32.0,itodd_thread.ply,0.080566,0.000806,14523,12344,-0.014831825,0.001826078,-0.002446281,0.999885342,8.9765e-05,-0.000283825,-0.000774838,0.019558775,0.008962508,0.071518409,0.997207223,-0.00118625,0.005321131,-0.008580962,0.07447156042625169,True,0.14182452239170615,False
thread,axisymmetric,icp_pt2pl,medium,11,11.121594641837362,0.1191286624470378,False,23.39959441218033,0.1179492714090321,False,33.5,itodd_thread.ply,0.080566,0.000806,14523,12344,-0.012707407,0.000411035,-0.019539489,0.999728244,0.000224925,-0.000261403,-0.000902361,0.019558775,0.008962508,0.071518409,0.997207223,-0.00118625,0.005321131,-0.008580962,0.07431583504584431,True,0.1392896081230947,False
thread,axisymmetric,fpfh_ransac,medium,11,0.0203117511624966,9.443416019637392e-05,True,0.0203117511624966,9.443416019637392e-05,True,0.0,itodd_thread.ply,0.080566,0.000806,14523,12344,0.01969548,0.008956749,0.071630582,0.997196532,-0.001188425,0.005324539,-0.008574516,0.019558775,0.008962508,0.071518409,0.997207223,-0.00118625,0.005321131,-0.008580962,0.00011614827524284069,True,0.00019793751453607957,True
thread,axisymmetric,fgr,medium,11,0.0167768661504895,8.614139188879678e-05,True,0.0167768661504895,8.614139188879678e-05,True,0.0,itodd_thread.ply,0.080566,0.000806,14523,12344,0.01968845,0.008964197,0.071585945,0.99719981,-0.001187791,0.005324541,-0.008575116,0.019558775,0.008962508,0.071518409,0.997207223,-0.00118625,0.005321131,-0.008580962,9.943146660429117e-05,True,0.00017109553727209342,True
thread,axisymmetric,icp_pt2pt,medium,12,22.90238323435567,0.1316618180012536,False,23.233921453830675,0.1316610734493372,False,359.5,itodd_thread.ply,0.080566,0.000806,14523,12344,0.001188438,0.006196631,-0.004338383,0.999970683,-0.001053172,-0.001491823,3.6543e-05,-0.071686019,-0.125195606,0.125649818,0.981529061,-0.007399102,-0.009982392,0.000434924,0.07345527211019104,True,0.1738604331042443,False
thread,axisymmetric,icp_pt2pl,medium,12,21.961136188625357,0.1104910390654509,False,21.961136188625357,0.1104910390654509,False,0.0,itodd_thread.ply,0.080566,0.000806,14523,12344,-0.056494355,-0.022795519,-0.034485091,0.997546756,-0.002101206,-0.003121294,-0.001590105,-0.071686019,-0.125195606,0.125649818,0.981529061,-0.007399102,-0.009982392,0.000434924,0.06741260258912646,True,0.1487651305240808,False
thread,axisymmetric,fpfh_ransac,medium,12,179.9522876370391,0.3085195517408134,False,0.5840757082813746,0.0033739452001227,True,180.5,itodd_thread.ply,0.080566,0.000806,14523,12344,0.125502687,-0.072020297,0.981517201,-0.125244305,0.007534296,0.009887909,0.000427199,-0.071686019,-0.125195606,0.125649818,0.981529061,-0.007399102,-0.009982392,0.000434924,0.1491263815378848,False,0.00484909986976223,True
thread,axisymmetric,fgr,medium,12,0.0277047081399127,5.5729637380206375e-05,True,0.0277047081399127,5.5729637380206375e-05,True,0.0,itodd_thread.ply,0.080566,0.000806,14523,12344,-0.071855508,-0.12517011,0.12581756,0.981498432,-0.007394933,-0.009981583,0.000436381,-0.071686019,-0.125195606,0.125649818,0.981529061,-0.007399102,-0.009982392,0.000434924,0.00012373477099529389,True,0.00021729665976568662,True
thread,axisymmetric,icp_pt2pt,medium,13,3.821050575411864,0.0023414361798288,False,0.0762038868750053,0.0002296654891011,True,356.25,itodd_thread.ply,0.080566,0.000806,14523,12344,0.045959534,-0.019826289,-0.019593259,0.998554327,0.002294099,0.001622718,-0.00289838,0.045261657,-0.021553759,-0.052862521,0.997342655,0.002389635,0.001460418,-0.002909199,0.016979527755051432,True,0.0013590055831926133,True
thread,axisymmetric,icp_pt2pl,medium,13,0.0353401558991556,7.543291228888131e-05,True,0.0353401559197817,7.543291228888131e-05,True,0.0,itodd_thread.ply,0.080566,0.000806,14523,12344,0.045425457,-0.021722056,-0.053061237,0.997321004,0.002391436,0.001463072,-0.002904037,0.045261657,-0.021553759,-0.052862521,0.997342655,0.002389635,0.001460418,-0.002909199,0.00015546158247873012,True,0.0002561220351966904,True
thread,axisymmetric,fpfh_ransac,medium,13,19.998448273022024,0.0126262757819856,False,0.0899863477752911,0.0004712576077018,True,20.0,itodd_thread.ply,0.080566,0.000806,14523,12344,0.040581378,-0.029264172,-0.225219617,0.973022551,0.002754426,0.000510843,-0.002903061,0.045261657,-0.021553759,-0.052862521,0.997342655,0.002389635,0.001460418,-0.002909199,0.04666269612230724,True,0.0007919515531259584,True
thread,axisymmetric,fgr,medium,13,0.0336335790304225,8.12798015824896e-05,True,0.0336335790304225,8.12798015824896e-05,True,0.0,itodd_thread.ply,0.080566,0.000806,14523,12344,0.04541655,-0.021697984,-0.053064802,0.997321744,0.002391721,0.001463656,-0.002903903,0.045261657,-0.021553759,-0.052862521,0.997342655,0.002389635,0.001460418,-0.002909199,0.00015402952940425717,True,0.0002443036109750951,True
thread,axisymmetric,icp_pt2pt,medium,14,41.86266040918221,0.0794573033965576,False,40.05518014213743,0.0780341948014511,False,12.5,itodd_thread.ply,0.080566,0.000806,14523,12344,-0.014403758,-0.011903077,-0.003718375,0.999818495,0.000320471,0.000523503,-0.000320817,-0.176859189,0.28779917,0.104097394,0.935444385,-0.003560524,0.003068366,0.004088473,0.07813903222715711,True,0.2746740619137237,False
thread,axisymmetric,icp_pt2pl,medium,14,42.26949206390877,0.0805700646797192,False,40.87891981963388,0.0792497574746982,False,11.0,itodd_thread.ply,0.080566,0.000806,14523,12344,-0.035388338,-0.027684369,-0.000535272,0.998989967,0.000413734,0.00048877,-0.000348541,-0.176859189,0.28779917,0.104097394,0.935444385,-0.003560524,0.003068366,0.004088473,0.07842309082255586,True,0.2781845188414187,False
thread,axisymmetric,fpfh_ransac,medium,14,0.0104917663562584,8.7899430288167e-05,True,0.0104917663562584,8.7899430288167e-05,True,0.0,itodd_thread.ply,0.080566,0.000806,14523,12344,-0.176789627,0.287763272,0.104140754,0.935463752,-0.003554809,0.003069235,0.004084384,-0.176859189,0.28779917,0.104097394,0.935444385,-0.003560524,0.003068366,0.004088473,9.642971672542507e-05,True,0.0001350109578955314,True
thread,axisymmetric,fgr,medium,14,0.0093623509376319,9.23695261875804e-05,True,0.0093623509376319,9.23695261875804e-05,True,0.0,itodd_thread.ply,0.080566,0.000806,14523,12344,-0.176784232,0.287775704,0.104092435,0.935466325,-0.00355418,0.003069786,0.004084852,-0.176859189,0.28779917,0.104097394,0.935444385,-0.003560524,0.003068366,0.004088473,9.851795308298061e-05,True,0.0001150298677102206,True
thread,axisymmetric,icp_pt2pt,medium,15,6.430708089270144,0.1492330481653716,False,8.553796077285517,0.1491694536828189,False,3.25,itodd_thread.ply,0.080566,0.000806,14523,12344,-0.061953649,0.029353389,0.023842027,0.997362362,0.001211588,0.00240096,0.001117959,-0.038694644,0.07381282,-0.001260361,0.996520348,0.005247918,0.012196947,0.006801538,0.07788575548079951,True,0.15645818051007743,False
thread,axisymmetric,icp_pt2pl,medium,15,24.48364698076145,0.1208589973552918,False,21.3702300181432,0.1207438471708177,False,356.5,itodd_thread.ply,0.080566,0.000806,14523,12344,-0.010580455,-0.015223536,0.189887925,0.981630722,0.001240449,0.003472445,0.00517806,-0.038694644,0.07381282,-0.001260361,0.996520348,0.005247918,0.012196947,0.006801538,0.06525078671385115,True,0.15136437501004663,False
thread,axisymmetric,fpfh_ransac,medium,15,0.0224096147911274,4.229028361500951e-05,True,0.0224096147911274,4.229028361500951e-05,True,0.0,itodd_thread.ply,0.080566,0.000806,14523,12344,-0.038771541,0.073636758,-0.001295476,0.996530339,0.005248695,0.012193631,0.006801586,-0.038694644,0.07381282,-0.001260361,0.996520348,0.005247918,0.012196947,0.006801538,9.086050535752915e-05,True,0.0001455929898403517,True
thread,axisymmetric,fgr,medium,15,0.0226101831413088,4.34316334427312e-05,True,0.0226101831413088,4.34316334427312e-05,True,0.0,itodd_thread.ply,0.080566,0.000806,14523,12344,-0.038781825,0.073641242,-0.001302863,0.996529598,0.00524916,0.012193677,0.006801469,-0.038694644,0.07381282,-0.001260361,0.996520348,0.005247918,0.012196947,0.006801538,9.212604106234725e-05,True,0.0001474815403691894,True
thread,axisymmetric,icp_pt2pt,medium,16,13.30466397812016,0.187225302340166,False,36.93076833257865,0.185928522757036,False,28.75,itodd_thread.ply,0.080566,0.000806,14523,12344,-0.045553609,-0.068995496,-0.01626257,0.996443686,-0.000682819,0.000380684,-0.000184128,-0.117175494,-0.14124623,-0.069763646,0.980536812,-0.015572137,0.002560081,0.000858587,0.0988815293264988,True,0.22770176501197362,False
thread,axisymmetric,icp_pt2pl,medium,16,3.9262241065107393,0.1704732406984608,False,23.802258133423216,0.1680083932621361,False,22.5,itodd_thread.ply,0.080566,0.000806,14523,12344,-0.10288976,-0.172044902,-0.066348202,0.977451873,-0.001957715,0.001083148,-0.000190259,-0.117175494,-0.14124623,-0.069763646,0.980536812,-0.015572137,0.002560081,0.000858587,0.08652122499575285,True,0.18572892977591046,False
thread,axisymmetric,fpfh_ransac,medium,16,0.0290120816159035,7.9666587602924e-05,True,0.0290120816159035,7.966658760292402e-05,True,0.0,itodd_thread.ply,0.080566,0.000806,14523,12344,-0.117140725,-0.141169063,-0.070002251,0.980535074,-0.015568308,0.00256336,0.000854614,-0.117175494,-0.14124623,-0.069763646,0.980536812,-0.015572137,0.002560081,0.000858587,0.00014695989163459247,True,0.00023084841707483576,True
thread,axisymmetric,fgr,medium,16,32.274820327545605,0.1125494081869365,False,31.82956009134786,0.1175307149202344,False,5.5,itodd_thread.ply,0.080566,0.000806,14523,12344,-0.135975813,-0.399321428,-0.138389765,0.89604757,-0.010048255,-0.000412201,-0.00568934,-0.117175494,-0.14124623,-0.069763646,0.980536812,-0.015572137,0.002560081,0.000858587,0.07508511306467588,True,0.2935601320592076,False
thread,axisymmetric,icp_pt2pt,medium,17,35.3567273937791,0.196667987922502,False,23.100288918402644,0.1953487164989312,False,19.5,itodd_thread.ply,0.080566,0.000806,14523,12344,0.019978432,-0.031836612,-0.001846299,0.999291691,-0.000566154,0.001473735,-0.002281962,0.209017537,-0.054263636,0.233898287,0.947976117,-0.010606584,0.013556461,-0.004344935,0.10219047254458027,False,0.27607549901720574,False
thread,axisymmetric,icp_pt2pl,medium,17,22.185575685536183,0.174052033589684,False,21.112153662358068,0.1715538372391917,False,17.5,itodd_thread.ply,0.080566,0.000806,14523,12344,0.036534296,-0.036733293,0.157416375,0.986172396,-0.001264817,0.003189942,-0.002965153,0.209017537,-0.054263636,0.233898287,0.947976117,-0.010606584,0.013556461,-0.004344935,0.08785894920024076,True,0.24610307338508472,False
thread,axisymmetric,fpfh_ransac,medium,17,0.0163078587542396,5.6174715506338295e-05,True,0.0163078587542396,5.61747155063383e-05,True,0.0,itodd_thread.ply,0.080566,0.000806,14523,12344,0.208932074,-0.054170773,0.233844244,0.9480136,-0.01060735,0.013552684,-0.004347307,0.209017537,-0.054263636,0.233898287,0.947976117,-0.010606584,0.013556461,-0.004344935,8.335193624904401e-05,True,0.00013592777612090183,True
thread,axisymmetric,fgr,medium,17,0.0172459306712241,5.16191927143496e-05,True,0.0172459306712241,5.16191927143496e-05,True,0.0,itodd_thread.ply,0.080566,0.000806,14523,12344,0.208930185,-0.054181263,0.233818704,0.948019716,-0.010606729,0.013553419,-0.004347767,0.209017537,-0.054263636,0.233898287,0.947976117,-0.010606584,0.013556461,-0.004344935,8.378038044471166e-05,True,0.0001417094962155789,True
thread,axisymmetric,icp_pt2pt,medium,18,37.01575318843184,0.0962042262507888,False,33.81188022054478,0.0972214495488012,False,344.75,itodd_thread.ply,0.080566,0.000806,14523,12344,-0.032610909,-0.007278418,0.016906579,0.999298614,-0.00030552,0.001274959,0.00160173,-0.271326744,0.161465032,-0.104811817,0.943040468,-0.002066926,0.006716739,0.006832383,0.07127835893456867,True,0.27689995752836144,False
thread,axisymmetric,icp_pt2pl,medium,18,34.842203925401144,0.0553038350742035,False,30.30602154314836,0.0652785134959443,False,342.5,itodd_thread.ply,0.080566,0.000806,14523,12344,-0.065687435,-0.005459311,0.031724334,0.997320873,0.000102604,0.003776907,0.004282257,-0.271326744,0.161465032,-0.104811817,0.943040468,-0.002066926,0.006716739,0.006832383,0.06405699791103943,True,0.20883574617441988,False
thread,axisymmetric,fpfh_ransac,medium,18,179.88352320398425,0.2815010878480087,False,179.6002905335783,0.245582194186933,False,146.0,itodd_thread.ply,0.080566,0.000806,14523,12344,0.943070635,0.103036054,0.160302982,0.272588157,-0.002084114,-0.00686688,-0.011329261,-0.271326744,0.161465032,-0.104811817,0.943040468,-0.002066926,0.006716739,0.006832383,0.1684647645257805,False,0.826726993929279,False
thread,axisymmetric,fgr,medium,18,0.028684658013028,0.0001169823946659,True,0.028684658013028,0.0001169823946659,True,0.0,itodd_thread.ply,0.080566,0.000806,14523,12344,-0.271406905,0.161237818,-0.104879193,0.943048786,-0.002069852,0.006725698,0.006832315,-0.271326744,0.161465032,-0.104811817,0.943040468,-0.002066926,0.006716739,0.006832383,0.00015762651869869417,True,0.0002433492362988045,True
thread,axisymmetric,icp_pt2pt,medium,19,1.7872299292053602,0.0833826528059145,False,1.5730518766170227,0.0833823632664382,False,0.25,itodd_thread.ply,0.080566,0.000806,14523,12344,0.017513036,0.01941133,-0.003399318,0.999652409,-0.003449832,2.8285e-05,-0.000417385,0.012041782,0.014152738,0.010225812,0.999775039,-0.003541188,1.1392e-05,0.006299808,0.05723924413707755,True,0.08835773178306854,True
thread,axisymmetric,icp_pt2pl,medium,19,1.706390530206488,0.0879603327587063,False,2.66665921580476,0.0879462253334952,False,358.0,itodd_thread.ply,0.080566,0.000806,14523,12344,0.025137861,0.021224433,0.009925988,0.999409369,-0.003490597,-0.000114275,-0.00078554,0.012041782,0.014152738,0.010225812,0.999775039,-0.003541188,1.1392e-05,0.006299808,0.05824819895731142,True,0.09819661783475751,True
thread,axisymmetric,fpfh_ransac,medium,19,67.51017541650485,0.050482123509934,False,0.306548608957332,0.0026182166381408,True,67.75,itodd_thread.ply,0.080566,0.000806,14523,12344,0.017805604,0.005059794,-0.547017899,0.836916231,-0.001214539,0.003347331,0.006302344,0.012041782,0.014152738,0.010225812,0.999775039,-0.003541188,1.1392e-05,0.006299808,0.053968416826429305,True,0.005624226388729371,True
thread,axisymmetric,fgr,medium,19,0.0243360417732296,8.570463121040464e-05,True,0.0243360418031823,8.570463121040464e-05,True,0.0,itodd_thread.ply,0.080566,0.000806,14523,12344,0.011831429,0.014180128,0.010215901,0.999777263,-0.003541131,1.8038e-05,0.006297936,0.012041782,0.014152738,0.010225812,0.999775039,-0.003541188,1.1392e-05,0.006299808,0.00011160014985295202,True,0.00020108358434358056,True
thread,axisymmetric,icp_pt2pt,hard,0,12.795634779703626,0.4137272109500497,False,79.12698365733063,0.3957983236913576,False,79.25,itodd_thread.ply,0.080566,0.000806,14523,8714,-0.031955806,0.00165812,-0.020683894,0.999273863,-0.000325517,0.001333431,0.002047503,-0.123645791,0.063777883,-0.010301157,0.99022118,-0.019172509,-0.016663531,0.022831031,0.21622567969402512,False,0.4715588984145542,False
thread,axisymmetric,icp_pt2pl,hard,0,17.16794554244317,0.3704165703007945,False,46.773246386157545,0.3680993163506355,False,323.25,itodd_thread.ply,0.080566,0.000806,14523,8714,0.01377155,0.08940787,-0.06368639,0.99386147,-0.000300088,-0.001203972,0.005642521,-0.123645791,0.063777883,-0.010301157,0.99022118,-0.019172509,-0.016663531,0.022831031,0.18485925150533383,False,0.4132174963684609,False
thread,axisymmetric,fpfh_ransac,hard,0,179.07877732969106,0.63840914346896,False,162.3940965391271,0.6809016564077779,False,174.0,itodd_thread.ply,0.080566,0.000806,14523,8714,0.967093455,0.044998159,0.22393206,0.112070729,-0.017432342,0.012771171,-0.019312254,-0.123645791,0.063777883,-0.010301157,0.99022118,-0.019172509,-0.016663531,0.022831031,0.41663456176088454,False,1.011828443205251,False
thread,axisymmetric,fgr,hard,0,13.50955875670472,0.1248744571109812,False,14.715700111926978,0.1014861708009625,False,346.25,itodd_thread.ply,0.080566,0.000806,14523,8714,-0.020917828,0.044136231,0.04341554,0.99786248,-0.013714026,-0.019396615,0.014834002,-0.123645791,0.063777883,-0.010301157,0.99022118,-0.019172509,-0.016663531,0.022831031,0.07447886374236827,True,0.17111629617573032,False
thread,axisymmetric,icp_pt2pt,hard,1,67.94332075349834,0.2230730014082076,False,49.43495532365047,0.2231621501394062,False,48.25,itodd_thread.ply,0.080566,0.000806,14523,8714,-0.008489641,0.049217976,-0.027971103,0.998360223,0.00198013,-0.000693954,-0.001984221,-0.436260085,-0.041958597,0.324730426,0.838132904,0.016956137,0.002305468,-0.011456379,0.1306484261328648,False,0.4144084657081811,False
thread,axisymmetric,icp_pt2pl,hard,1,66.77073766177428,0.2142018808854792,False,47.30471282057428,0.2142510583043112,False,48.5,itodd_thread.ply,0.080566,0.000806,14523,8714,-0.026213632,0.054276448,-0.031880003,0.997672581,0.002259928,-0.000783026,-0.002953283,-0.436260085,-0.041958597,0.324730426,0.838132904,0.016956137,0.002305468,-0.011456379,0.12487974504001226,False,0.3932086952419068,False
thread,axisymmetric,fpfh_ransac,hard,1,26.77861112523525,0.0983192964719263,False,0.1287203254310781,0.0009426422640459,True,26.75,itodd_thread.ply,0.080566,0.000806,14523,8714,-0.434345313,0.060618616,0.121985466,0.890387039,0.016158358,-0.005575472,-0.011469005,-0.436260085,-0.041958597,0.324730426,0.838132904,0.016956137,0.002305468,-0.011456379,0.06654942141251997,True,0.007167686916898817,True
thread,axisymmetric,fgr,hard,1,70.88359772648738,0.0610201179978435,False,51.21758391827122,0.2080805663935984,False,50.75,itodd_thread.ply,0.080566,0.000806,14523,8714,0.009120243,0.051677726,-0.046824683,0.997523776,0.016804473,0.00380451,-0.006776788,-0.436260085,-0.041958597,0.324730426,0.838132904,0.016956137,0.002305468,-0.011456379,0.0926773169272969,True,0.42054851766746976,False
thread,axisymmetric,icp_pt2pt,hard,2,82.36891673859681,0.2534529908633503,False,51.28196760778612,0.2563761680808302,False,308.0,itodd_thread.ply,0.080566,0.000806,14523,8714,0.046931679,0.029414687,-0.013056747,0.998379545,0.002072683,-0.000214927,0.001983588,0.456633756,-0.076337784,-0.505662803,0.727985773,0.019375829,-0.007715114,0.009814029,0.11964131407916223,False,0.41010127909188476,False
thread,axisymmetric,icp_pt2pl,hard,2,76.48212372983312,0.2194298764918575,False,45.03832106022085,0.2251549745968705,False,314.25,itodd_thread.ply,0.080566,0.000806,14523,8714,0.098483041,0.112529668,-0.060476143,0.986904656,0.004242835,-0.000516494,0.004183088,0.456633756,-0.076337784,-0.505662803,0.727985773,0.019375829,-0.007715114,0.009814029,0.10847374758551202,False,0.36435821169250077,False
thread,axisymmetric,fpfh_ransac,hard,2,0.1222708761196753,0.0008092626181444,True,0.1303470586658726,0.0004572343334173,True,0.25,itodd_thread.ply,0.080566,0.000806,14523,8714,0.456688165,-0.076861632,-0.506380451,0.727397449,0.019335269,-0.00776518,0.009804061,0.456633756,-0.076337784,-0.505662803,0.727985773,0.019375829,-0.007715114,0.009814029,0.0008816403570910766,True,0.0015356304158954967,True
thread,axisymmetric,fgr,hard,2,89.08850307646773,0.314312181347341,False,51.360877439110034,0.0397580302846346,False,284.5,itodd_thread.ply,0.080566,0.000806,14523,8714,0.046189323,-0.016157289,0.06918327,0.996403113,0.012565594,0.016468057,0.006644107,0.456633756,-0.076337784,-0.505662803,0.727985773,0.019375829,-0.007715114,0.009814029,0.17030120522227726,False,0.31276405702850824,False
thread,axisymmetric,icp_pt2pt,hard,3,29.88637169768493,0.4209163321882938,False,47.62182930940603,0.4207242706501773,False,28.0,itodd_thread.ply,0.080566,0.000806,14523,8714,0.0,0.0,0.0,1.0,0.0,0.0,0.0,0.233642577,-0.057425309,-0.09276763,0.966181995,-0.003534851,0.033068024,-0.006634257,0.22333244895048987,False,0.5307807001693005,False
thread,axisymmetric,icp_pt2pl,hard,3,29.88637169768493,0.4209163321882938,False,47.62182930940603,0.4207242706501773,False,28.0,itodd_thread.ply,0.080566,0.000806,14523,8714,0.0,0.0,0.0,1.0,0.0,0.0,0.0,0.233642577,-0.057425309,-0.09276763,0.966181995,-0.003534851,0.033068024,-0.006634257,0.22333244895048987,False,0.5307807001693005,False
thread,axisymmetric,fpfh_ransac,hard,3,9.696816944199464,0.1492550205054748,False,7.813614944845186,0.0401836427483785,False,343.75,itodd_thread.ply,0.080566,0.000806,14523,8714,0.219948634,-0.017268172,-0.020132718,0.9751508,-0.014483307,0.028129171,-0.007215646,0.233642577,-0.057425309,-0.09276763,0.966181995,-0.003534851,0.033068024,-0.006634257,0.07300235587823176,True,0.08457630525843074,True
thread,axisymmetric,fgr,hard,3,22.061306048706875,0.2382559452098675,False,15.829643957503352,0.1531468463752388,False,335.75,itodd_thread.ply,0.080566,0.000806,14523,8714,0.118941466,-0.009765442,0.05173512,0.991504433,-0.018567479,0.031772586,-0.018500416,0.233642577,-0.057425309,-0.09276763,0.966181995,-0.003534851,0.033068024,-0.006634257,0.11681229450471461,False,0.23054757690408403,False
thread,axisymmetric,icp_pt2pt,hard,4,70.44484285182665,0.370169648757555,False,73.65923639016519,0.3684955798390259,False,354.5,itodd_thread.ply,0.080566,0.000806,14523,8714,-0.141519504,-0.109187334,0.035240999,0.98326417,-0.000351861,-0.001723956,-0.009041929,0.387739135,-0.111946407,0.302930776,0.863341943,-0.022130117,0.016763356,-0.000477407,0.1795065540755602,False,0.5629459406463705,False
thread,axisymmetric,icp_pt2pl,hard,4,88.69407107722692,0.3922196540381359,False,39.629388220908425,0.2053628399874674,False,98.25,itodd_thread.ply,0.080566,0.000806,14523,8714,0.031103456,-0.099253424,-0.35910981,0.927481254,0.008110645,0.007847974,-0.002611313,0.387739135,-0.111946407,0.302930776,0.863341943,-0.022130117,0.016763356,-0.000477407,0.19825328664613864,False,0.32839730562948566,False
thread,axisymmetric,fpfh_ransac,hard,4,0.0628552497012799,0.0002296188900108,True,0.0628552497012799,0.0002296188900108,True,0.0,itodd_thread.ply,0.080566,0.000806,14523,8714,0.387752639,-0.112413172,0.303174881,0.863189528,-0.022136342,0.016762775,-0.000494818,0.387739135,-0.111946407,0.302930776,0.863341943,-0.022130117,0.016763356,-0.000477407,0.0003153336725105229,True,0.0006045269769395028,True
thread,axisymmetric,fgr,hard,4,59.51193670712456,0.3168716202444377,False,44.62605946511957,0.2456128536764698,False,30.75,itodd_thread.ply,0.080566,0.000806,14523,8714,0.024048016,-0.032525098,-0.023797403,0.99889814,-0.012509372,0.03094912,-0.019396836,0.387739135,-0.111946407,0.302930776,0.863341943,-0.022130117,0.016763356,-0.000477407,0.196456921546546,False,0.4738155828904997,False
thread,axisymmetric,icp_pt2pt,hard,5,140.48522156103633,0.1856653320802276,False,112.13229129536604,0.1800317336550274,False,254.5,itodd_thread.ply,0.080566,0.000806,14523,8714,0.007863335,0.004152316,-0.017520935,0.999806953,0.000359212,-0.00072893,-7.8911e-05,0.59835594,0.570583324,0.450155574,-0.337290377,-0.006893846,-0.002306812,0.01290787,0.11942467693734703,False,0.6424315294189674,False
thread,axisymmetric,icp_pt2pl,hard,5,137.66831619438383,0.2569163686209673,False,128.7208681878386,0.2495088887694301,False,293.0,itodd_thread.ply,0.080566,0.000806,14523,8714,0.027759451,0.145291132,-0.322673231,0.93488068,-0.000866784,-0.003629277,-0.006849824,0.59835594,0.570583324,0.450155574,-0.337290377,-0.006893846,-0.002306812,0.01290787,0.13593717712287276,False,0.7839712207979987,False
thread,axisymmetric,fpfh_ransac,hard,5,178.125224847378,0.4112719929492619,False,170.53810311870046,0.4276952167320385,False,157.0,itodd_thread.ply,0.080566,0.000806,14523,8714,-0.398450619,-0.368066288,0.752216258,-0.374078887,-0.007046852,0.00593869,-0.019184113,0.59835594,0.570583324,0.450155574,-0.337290377,-0.006893846,-0.002306812,0.01290787,0.22927925497522514,False,1.0265238156904508,False
thread,axisymmetric,fgr,hard,5,152.5044198914751,0.4196444994940533,False,132.54097271478523,0.3680188811963067,False,252.5,itodd_thread.ply,0.080566,0.000806,14523,8714,-0.04179393,0.176192328,0.040561319,0.98263132,0.010565962,-0.004607304,-0.015952594,0.59835594,0.570583324,0.450155574,-0.337290377,-0.006893846,-0.002306812,0.01290787,0.21651146176341396,False,0.9290716312019558,False
thread,axisymmetric,icp_pt2pt,hard,6,125.9290367246943,0.0556107282335977,False,124.87693684820788,0.0591304138054331,False,21.5,itodd_thread.ply,0.080566,0.000806,14523,8714,-0.042377586,0.067834075,0.004109215,0.996787737,-0.001025437,0.000609925,-0.001761551,-0.310429927,0.790249582,-0.077202014,-0.522665006,0.001831867,0.002148365,0.001327555,0.10318899927213056,False,0.6182194342664913,False
thread,axisymmetric,icp_pt2pl,hard,6,139.2400531047762,0.0767360951377228,False,136.0609492076753,0.0783030866457674,False,42.75,itodd_thread.ply,0.080566,0.000806,14523,8714,-0.132897312,0.153803741,-0.008927519,0.979082741,-0.000107239,0.000257633,-0.004229999,-0.310429927,0.790249582,-0.077202014,-0.522665006,0.001831867,0.002148365,0.001327555,0.08871855139374067,True,0.6467122403375964,False
thread,axisymmetric,fpfh_ransac,hard,6,0.1200133194129884,0.0002072927943541,True,0.1200133194129884,0.0002072927943541,True,0.0,itodd_thread.ply,0.080566,0.000806,14523,8714,-0.311323441,0.79015589,-0.076774412,-0.522338084,0.001827269,0.002155327,0.001342022,-0.310429927,0.790249582,-0.077202014,-0.522665006,0.001831867,0.002148365,0.001327555,0.0005386435179172648,True,0.0008466256466204432,True
thread,axisymmetric,fgr,hard,6,133.385511523386,0.1431538786236603,False,128.43216807280567,0.1591575280497157,False,49.0,itodd_thread.ply,0.080566,0.000806,14523,8714,-0.128330604,0.094298949,-0.063544878,0.985190851,0.002450094,0.008197699,-0.008472562,-0.310429927,0.790249582,-0.077202014,-0.522665006,0.001831867,0.002148365,0.001327555,0.09682107198238443,True,0.6764410842400351,False
thread,axisymmetric,icp_pt2pt,hard,7,3.91372992048124,0.3355828997993685,False,26.63087131365925,0.3340994530616881,False,22.75,itodd_thread.ply,0.080566,0.000806,14523,8714,0.002368052,-0.015045027,-0.01380401,0.999788722,-9.3695e-05,-0.001580123,-0.002864863,0.00545397,-0.01186209,-0.047652055,0.998778668,0.010005909,-0.026659194,-0.003008684,0.14551983439816718,False,0.33775768242821397,False
thread,axisymmetric,icp_pt2pl,hard,7,11.049420416129497,0.342228597585543,False,48.20523082198212,0.3337553367981142,False,53.5,itodd_thread.ply,0.080566,0.000806,14523,8714,0.080453308,0.014897569,-0.101466936,0.991468501,-0.000908405,-0.001475285,-0.00562967,0.00545397,-0.01186209,-0.047652055,0.998778668,0.010005909,-0.026659194,-0.003008684,0.1517733056170384,False,0.37329980760073267,False
thread,axisymmetric,fpfh_ransac,hard,7,33.45536682004531,0.1206317845810336,False,32.42524332441904,0.0899884317488763,False,351.75,itodd_thread.ply,0.080566,0.000806,14523,8714,-0.055891923,-0.283274625,0.026262967,0.957048503,0.018558982,-0.028085784,0.001380628,0.00545397,-0.01186209,-0.047652055,0.998778668,0.010005909,-0.026659194,-0.003008684,0.08361907680086583,True,0.24376658008049096,False
thread,axisymmetric,fgr,hard,7,0.0423766297998594,0.0003106403496618,True,0.0423766297998594,0.0003106403496618,True,0.0,itodd_thread.ply,0.080566,0.000806,14523,8714,0.005797069,-0.011792657,-0.047532903,0.998783235,0.010008374,-0.026665845,-0.003032685,0.00545397,-0.01186209,-0.047652055,0.998778668,0.010005909,-0.026659194,-0.003008684,0.0003266567373885538,True,0.000563246964724831,True
thread,axisymmetric,icp_pt2pt,hard,8,79.70313664489065,0.333396587650094,False,66.63625553903341,0.333425237335737,False,22.5,itodd_thread.ply,0.080566,0.000806,14523,8714,-0.007005336,0.00942645,0.006078153,0.999912558,-0.000945976,0.000119338,-0.000367888,-0.487910413,0.060171564,0.422930513,0.761217836,-0.027040984,0.001899575,-0.006481003,0.1742410266077046,False,0.5005324387677645,False
thread,axisymmetric,icp_pt2pl,hard,8,80.67124963387754,0.331523381450693,False,66.48810979112531,0.3325051288842688,False,24.75,itodd_thread.ply,0.080566,0.000806,14523,8714,-0.000203731,0.009743155,0.000943452,0.999952069,-0.001093572,-1.493e-06,-0.000437665,-0.487910413,0.060171564,0.422930513,0.761217836,-0.027040984,0.001899575,-0.006481003,0.1737275574780809,False,0.502266186166644,False
thread,axisymmetric,fpfh_ransac,hard,8,109.57808471718089,0.5511651950872535,False,0.2801344591977664,0.0019969172131842,True,250.25,itodd_thread.ply,0.080566,0.000806,14523,8714,-0.331018966,-0.364154378,0.865525397,0.093187018,0.007325418,-0.026221357,-0.006481841,-0.487910413,0.060171564,0.422930513,0.761217836,-0.027040984,0.001899575,-0.006481003,0.34785640019348457,False,0.0035243154696746833,True
thread,axisymmetric,fgr,hard,8,67.83174355661373,0.2960787094718342,False,45.54538716795896,0.0920319092661162,False,51.75,itodd_thread.ply,0.080566,0.000806,14523,8714,-0.103420691,0.052219146,0.049937284,0.992009873,-0.010283029,0.018399747,-0.002490064,-0.487910413,0.060171564,0.422930513,0.761217836,-0.027040984,0.001899575,-0.006481003,0.16478722629263576,False,0.30364000728323487,False
thread,axisymmetric,icp_pt2pt,hard,9,83.40856839447929,0.1359220498665486,False,46.45046942595962,0.1284591496252724,False,71.25,itodd_thread.ply,0.080566,0.000806,14523,8714,-0.017066551,0.001875936,-0.010601838,0.999796387,0.000351789,-0.000531455,-0.000753678,-0.253021044,-0.322446893,0.521225496,0.748553495,0.004293606,0.008884528,0.003211181,0.09046198850107985,True,0.30371182283706694,False
thread,axisymmetric,icp_pt2pl,hard,9,100.0308638504732,0.1550588345225652,False,42.34651706719349,0.1132929141505262,False,93.0,itodd_thread.ply,0.080566,0.000806,14523,8714,-0.074592603,0.089426301,-0.156590654,0.98077431,0.004667328,-0.00125034,-0.004083196,-0.253021044,-0.322446893,0.521225496,0.748553495,0.004293606,0.008884528,0.003211181,0.10889025543540741,False,0.3175296604251304,False
thread,axisymmetric,fpfh_ransac,hard,9,39.37075844021206,0.1238812878770442,False,38.92834564152336,0.1210328393456138,False,354.0,itodd_thread.ply,0.080566,0.000806,14523,8714,-0.225599375,-0.011984942,0.658387081,0.717974745,0.000907172,0.007696737,-0.006101973,-0.253021044,-0.322446893,0.521225496,0.748553495,0.004293606,0.008884528,0.003211181,0.07608192361891042,True,0.32047609916749525,False
thread,axisymmetric,fgr,hard,9,88.07800801615892,0.2450388574399672,False,40.837911021874,0.1440064636258774,False,79.75,itodd_thread.ply,0.080566,0.000806,14523,8714,-0.068130996,0.00667246,-0.078131412,0.99458993,0.015689509,-0.003924191,-0.006577187,-0.253021044,-0.322446893,0.521225496,0.748553495,0.004293606,0.008884528,0.003211181,0.15830072829862604,False,0.3662273213765501,False
thread,axisymmetric,icp_pt2pt,hard,10,115.57994448753152,0.1952952152921177,False,53.84943508411455,0.1959985408184578,False,106.5,itodd_thread.ply,0.080566,0.000806,14523,8714,-0.054886386,-0.005903004,0.02488766,0.998164938,0.000557532,-0.000639829,0.001483169,0.402453157,-0.183772737,0.718149124,0.537141391,0.001310028,-0.000527037,-0.014232643,0.13184006746040866,False,0.5110044325214256,False
thread,axisymmetric,icp_pt2pl,hard,10,115.72230189617945,0.2059138465956666,False,55.03904195446604,0.2069278752849108,False,106.25,itodd_thread.ply,0.080566,0.000806,14523,8714,-0.11984067,-0.024825178,0.060617826,0.990629802,0.000921054,-0.001030254,0.002344886,0.402453157,-0.183772737,0.718149124,0.537141391,0.001310028,-0.000527037,-0.014232643,0.1386773373651078,False,0.5250966296265878,False
thread,axisymmetric,fpfh_ransac,hard,10,0.0653657709261681,0.0004239289601565,True,0.0653657709150166,0.0004239289601565,True,0.0,itodd_thread.ply,0.080566,0.000806,14523,8714,0.402095709,-0.183856335,0.718510776,0.536896781,0.001336041,-0.000526024,-0.014210534,0.402453157,-0.183772737,0.718149124,0.537141391,0.001310028,-0.000527037,-0.014232643,0.00045680045656480256,True,0.0008202206068101739,True
thread,axisymmetric,fgr,hard,10,103.642424391618,0.2281525919013828,False,51.47597786803031,0.2103040604626355,False,93.25,itodd_thread.ply,0.080566,0.000806,14523,8714,-0.022258968,-0.020257471,0.126386015,0.991524457,-0.006840078,-0.014931367,-0.006234664,0.402453157,-0.183772737,0.718149124,0.537141391,0.001310028,-0.000527037,-0.014232643,0.14976041596978318,False,0.46364582486056166,False
thread,axisymmetric,icp_pt2pt,hard,11,15.701860695121574,0.0851046401073646,False,12.232097545273366,0.0849239827260826,False,8.5,itodd_thread.ply,0.080566,0.000806,14523,8714,-0.051016866,-0.026556772,-0.020217732,0.9981399,-0.0009873,0.0006644,-0.000967743,-0.063515141,0.073776249,0.07194126,0.992646638,-0.006193278,0.003629385,-0.00430229,0.06108891599557091,True,0.1345325489153627,False
thread,axisymmetric,icp_pt2pl,hard,11,18.95374495060038,0.0840768602258423,False,17.988271379834618,0.0847262574069062,False,6.0,itodd_thread.ply,0.080566,0.000806,14523,8714,-0.101102442,-0.073631654,0.007493289,0.99211921,-0.000864664,-0.000132594,-0.002475468,-0.063515141,0.073776249,0.07194126,0.992646638,-0.006193278,0.003629385,-0.00430229,0.06427538688060774,True,0.1579378790062774,False
thread,axisymmetric,fpfh_ransac,hard,11,170.17899681318875,0.2941626356628336,False,23.872255826360345,0.1202826306040151,False,166.25,itodd_thread.ply,0.080566,0.000806,14523,8714,-0.114216637,-0.061345981,0.991491824,0.011627259,0.016442303,-0.003355645,-0.00358729,-0.063515141,0.073776249,0.07194126,0.992646638,-0.006193278,0.003629385,-0.00430229,0.12084987127484743,False,0.15249650769310957,False
thread,axisymmetric,fgr,hard,11,3.5120491067868445,0.1012064850471627,False,16.463429868313764,0.082384943815041,False,345.0,itodd_thread.ply,0.080566,0.000806,14523,8714,-0.078127621,0.098811944,0.06233275,0.990074191,-0.012934896,-0.000934191,-0.003844673,-0.063515141,0.073776249,0.07194126,0.992646638,-0.006193278,0.003629385,-0.00430229,0.06070313321256202,True,0.11521921547856974,False
thread,axisymmetric,icp_pt2pt,hard,12,16.713898486027624,0.1891304769048279,False,37.13386427145785,0.1867936530833892,False,315.25,itodd_thread.ply,0.080566,0.000806,14523,8714,-0.017017934,0.047288223,0.001061644,0.998735744,0.000749205,0.000303843,-0.001154917,-0.090867368,-0.037737649,-0.091095363,0.990969538,-0.002507365,-0.0045422,-0.01522949,0.11889577867022112,False,0.2542225600582019,False
thread,axisymmetric,icp_pt2pl,hard,12,17.89731374119731,0.1884305166131011,False,37.13453468452912,0.1865098818429336,False,315.25,itodd_thread.ply,0.080566,0.000806,14523,8714,-0.041485816,0.071875608,0.008199012,0.996516734,0.000568279,-7.1019e-05,-0.00105146,-0.090867368,-0.037737649,-0.091095363,0.990969538,-0.002507365,-0.0045422,-0.01522949,0.11899632067554843,False,0.2628455518849278,False
thread,axisymmetric,fpfh_ransac,hard,12,171.3837263866743,0.4154971315140123,False,166.27304384093512,0.4355484709629842,False,102.0,itodd_thread.ply,0.080566,0.000806,14523,8714,-0.233284171,0.9519307,0.193767905,-0.043132784,0.006873369,-0.006071217,0.016867944,-0.090867368,-0.037737649,-0.091095363,0.990969538,-0.002507365,-0.0045422,-0.01522949,0.30584805375533025,False,0.8787361390665076,False
thread,axisymmetric,fgr,hard,12,3.895279465057848,0.1110533525060255,False,18.43632240745678,0.1071215804599742,False,16.25,itodd_thread.ply,0.080566,0.000806,14523,8714,-0.10806259,-0.015472641,-0.072022005,0.991411068,-0.009813301,-0.009670892,-0.014619952,-0.090867368,-0.037737649,-0.091095363,0.990969538,-0.002507365,-0.0045422,-0.01522949,0.06090783175598336,True,0.12286851944296524,False
thread,axisymmetric,icp_pt2pt,hard,13,108.76972574148516,0.0550483998814971,False,106.50410445602924,0.0489125486092768,False,26.5,itodd_thread.ply,0.080566,0.000806,14523,8714,0.04046937,0.014686353,0.036801872,0.998394793,-0.002466376,-0.000559642,0.000540645,0.15450732,0.766963143,-0.187538337,-0.593906051,0.001454253,-0.001478523,-0.001317844,0.11526222954441113,False,0.5911424482213701,False
thread,axisymmetric,icp_pt2pl,hard,13,122.70756845258016,0.0321121844959316,False,117.61237712965274,0.0187890578716521,False,44.5,itodd_thread.ply,0.080566,0.000806,14523,8714,0.014203007,0.13918779,0.001506227,0.990162999,-0.001002763,-0.001446975,-0.002127463,0.15450732,0.766963143,-0.187538337,-0.593906051,0.001454253,-0.001478523,-0.001317844,0.10457820905372452,False,0.5855888207890824,False
thread,axisymmetric,fpfh_ransac,hard,13,150.56413363604202,0.054432469082571,False,140.2801711703403,0.0742751572975922,False,83.25,itodd_thread.ply,0.080566,0.000806,14523,8714,-0.476964018,0.363151695,0.519997083,0.60846463,0.003213147,-0.001424032,-0.005334718,0.15450732,0.766963143,-0.187538337,-0.593906051,0.001454253,-0.001478523,-0.001317844,0.1018893681651898,False,0.6665821041360763,False
thread,axisymmetric,fgr,hard,13,105.82722006761529,0.1268827954581352,False,104.90495545988318,0.129699926527077,False,16.5,itodd_thread.ply,0.080566,0.000806,14523,8714,0.058785771,-0.006391212,0.089020735,0.994272948,-0.001725983,0.00823553,-0.001467589,0.15450732,0.766963143,-0.187538337,-0.593906051,0.001454253,-0.001478523,-0.001317844,0.12584460232606726,False,0.5948454644282442,False
thread,axisymmetric,icp_pt2pt,hard,14,94.62525024410948,0.0902934021980834,False,71.11212066839364,0.0712502444334129,False,67.0,itodd_thread.ply,0.080566,0.000806,14523,8714,-0.064562299,-0.117557404,0.006721316,0.990942375,0.000484836,0.001996593,0.003484206,-0.094994949,0.678475324,-0.402489233,-0.607165227,-0.003921016,-0.001632863,0.007993692,0.11514759988302864,False,0.45658736790572646,False
thread,axisymmetric,icp_pt2pl,hard,14,93.11223701986016,0.0777763431824189,False,53.08086940831366,0.0466594067761904,False,79.5,itodd_thread.ply,0.080566,0.000806,14523,8714,-0.197845444,-0.220576961,-0.055041317,0.953505867,0.000920169,0.002047591,0.009504288,-0.094994949,0.678475324,-0.402489233,-0.607165227,-0.003921016,-0.001632863,0.007993692,0.11604608138561723,False,0.3313008273155621,False
thread,axisymmetric,fpfh_ransac,hard,14,165.32997577885072,0.1368983325897936,False,28.588850204551708,0.1199265919586615,False,164.75,itodd_thread.ply,0.080566,0.000806,14523,8714,0.477009,0.097681801,0.636771304,-0.597865358,0.002522779,-0.001295209,0.016938586,-0.094994949,0.678475324,-0.402489233,-0.607165227,-0.003921016,-0.001632863,0.007993692,0.09114495327071541,True,0.23546154233740976,False
thread,axisymmetric,fgr,hard,14,91.41409787030832,0.1410645832441185,False,66.39237455207436,0.1487317152507249,False,66.75,itodd_thread.ply,0.080566,0.000806,14523,8714,-0.162062512,-0.128161949,0.087115444,0.97453638,0.005884725,-0.003018317,0.013569758,-0.094994949,0.678475324,-0.402489233,-0.607165227,-0.003921016,-0.001632863,0.007993692,0.13064407129156472,False,0.45615938004659895,False
thread,axisymmetric,icp_pt2pt,hard,15,48.49203900783933,0.189125102357756,False,31.2108529722262,0.156102156508571,False,314.0,itodd_thread.ply,0.080566,0.000806,14523,8714,-0.025217639,0.043465254,0.067365959,0.996462077,0.003513685,-0.000262212,0.000550353,-0.055287659,0.304215571,-0.2508479,0.917317553,0.000408689,-0.01500473,-0.001727134,0.10671439384780498,False,0.24310755168776293,False
thread,axisymmetric,icp_pt2pl,hard,15,46.55320546461274,0.1926773752369942,False,30.922247746541107,0.1545035665178049,False,303.5,itodd_thread.ply,0.080566,0.000806,14523,8714,-0.06863897,0.066298006,0.065749141,0.993262461,0.003556742,-0.000278291,0.002040487,-0.055287659,0.304215571,-0.2508479,0.917317553,0.000408689,-0.01500473,-0.001727134,0.10825826858710584,False,0.23169695794822115,False
thread,axisymmetric,fpfh_ransac,hard,15,41.46802260820677,0.1261689530533427,False,41.46802260820677,0.1261689530533427,False,0.0,itodd_thread.ply,0.080566,0.000806,14523,8714,-0.299390736,0.512287322,-0.276247177,0.756051839,-0.001625786,-0.016324747,0.008144295,-0.055287659,0.304215571,-0.2508479,0.917317553,0.000408689,-0.01500473,-0.001727134,0.0854031315094284,True,0.32699249173039696,False
thread,axisymmetric,fgr,hard,15,68.32542203783036,0.1194128894747477,False,52.30639486763641,0.0878285343425958,False,45.5,itodd_thread.ply,0.080566,0.000806,14523,8714,0.286846553,-0.081780245,-0.509521813,0.807105054,-0.006238167,-0.01114805,-0.007515262,-0.055287659,0.304215571,-0.2508479,0.917317553,0.000408689,-0.01500473,-0.001727134,0.10769404502075812,False,0.36950589180375526,False
thread,axisymmetric,icp_pt2pt,hard,16,73.17963994871232,0.0181111242120196,False,68.33060367404642,0.0185906505240234,False,28.0,itodd_thread.ply,0.080566,0.000806,14523,8714,0.009837509,0.061420386,-0.007265291,0.998037061,-0.000368319,0.000654776,-0.000866877,-0.117758525,0.60023982,0.181321944,0.770043792,-0.00025319,0.000385637,0.000562605,0.10685472747359845,False,0.40050443347706016,False
thread,axisymmetric,icp_pt2pl,hard,16,72.14870025099717,0.0261006835946487,False,62.57289204262699,0.029715571661966,False,38.0,itodd_thread.ply,0.080566,0.000806,14523,8714,0.014737039,0.110936172,-0.099186104,0.988755835,-0.001935585,0.000997485,-0.000540623,-0.117758525,0.60023982,0.181321944,0.770043792,-0.00025319,0.000385637,0.000562605,0.1002153100690129,False,0.38809366894980785,False
thread,axisymmetric,fpfh_ransac,hard,16,63.4042524632116,0.0737486345065541,False,23.68534761484805,0.0785350062648627,False,59.25,itodd_thread.ply,0.080566,0.000806,14523,8714,0.261349176,0.713886494,-0.167292935,0.627754534,-0.004110072,0.002434008,0.004591492,-0.117758525,0.60023982,0.181321944,0.770043792,-0.00025319,0.000385637,0.000562605,0.09075916032954488,True,0.19978842144894424,False
thread,axisymmetric,fgr,hard,16,74.72627155645694,0.1283826989318821,False,71.31099230186585,0.1295033282162165,False,24.0,itodd_thread.ply,0.080566,0.000806,14523,8714,-0.016340676,0.036392212,0.009031135,0.999163164,-0.00301857,-0.007175431,-0.005931031,-0.117758525,0.60023982,0.181321944,0.770043792,-0.00025319,0.000385637,0.000562605,0.11436702600893844,False,0.4849187000677436,False
thread,axisymmetric,icp_pt2pt,hard,17,60.10182200072952,0.4963611044515778,False,93.36386572875789,0.4958532466220246,False,52.25,itodd_thread.ply,0.080566,0.000806,14523,8714,0.0,0.0,0.0,1.0,0.0,0.0,0.0,0.262649742,-0.373154255,-0.206254524,0.86558078,-0.015864049,0.027284316,-0.024558056,0.25652873471885546,False,0.6589449282049805,False
thread,axisymmetric,icp_pt2pl,hard,17,60.10182200072952,0.4963611044515778,False,93.36386572875789,0.4958532466220246,False,52.25,itodd_thread.ply,0.080566,0.000806,14523,8714,0.0,0.0,0.0,1.0,0.0,0.0,0.0,0.262649742,-0.373154255,-0.206254524,0.86558078,-0.015864049,0.027284316,-0.024558056,0.25652873471885546,False,0.6589449282049805,False
thread,axisymmetric,fpfh_ransac,hard,17,64.56775093694908,0.4196427094246852,False,0.2638162103539009,0.0019330880057755,True,295.25,itodd_thread.ply,0.080566,0.000806,14523,8714,0.421445215,-0.175091855,0.287882784,0.841932465,-0.031405939,-0.00274073,-0.024550396,0.262649742,-0.373154255,-0.206254524,0.86558078,-0.015864049,0.027284316,-0.024558056,0.2296947375114265,False,0.008507792059781269,True
thread,axisymmetric,fgr,hard,17,55.1060776674374,0.4475336860678589,False,50.501291824965165,0.252636566245443,False,314.75,itodd_thread.ply,0.080566,0.000806,14523,8714,0.086872822,0.00586846,-0.018475326,0.996030791,-0.043039999,0.009777161,-0.008588918,0.262649742,-0.373154255,-0.206254524,0.86558078,-0.015864049,0.027284316,-0.024558056,0.34591587338634777,False,0.5406063318088765,False
thread,axisymmetric,icp_pt2pt,hard,18,143.48094090172088,0.1111432374644171,False,129.99997716737028,0.2042543127365174,False,275.75,itodd_thread.ply,0.080566,0.000806,14523,8714,0.035358227,0.077727004,-0.115190925,0.989666287,0.000461912,-0.005824303,-0.000629335,-0.476669163,0.7592029,-0.378872245,0.229898428,0.006316988,-0.012308594,-0.002592345,0.10214212176739872,False,0.6954440834052438,False
thread,axisymmetric,icp_pt2pl,hard,18,154.29348903549328,0.1693427661026771,False,134.7185784609726,0.2398552172986551,False,250.5,itodd_thread.ply,0.080566,0.000806,14523,8714,0.061614319,-0.022045547,-0.106828269,0.992121661,-0.000285794,-0.004305422,0.006267277,-0.476669163,0.7592029,-0.378872245,0.229898428,0.006316988,-0.012308594,-0.002592345,0.11518554400653051,False,0.7357968906192457,False
thread,axisymmetric,fpfh_ransac,hard,18,92.7444861246859,0.3395507859812656,False,13.076601953045785,0.1036705100557913,False,259.0,itodd_thread.ply,0.080566,0.000806,14523,8714,0.862628502,-0.216032524,0.025826076,-0.456656358,0.016219649,0.012791528,-0.007097001,-0.476669163,0.7592029,-0.378872245,0.229898428,0.006316988,-0.012308594,-0.002592345,0.15419013075678478,False,0.1337354603530197,False
thread,axisymmetric,fgr,hard,18,162.0497687762694,0.2488364333639308,False,135.4568456768939,0.3774831656380584,False,228.5,itodd_thread.ply,0.080566,0.000806,14523,8714,0.071586342,-0.075790597,-0.05100438,0.993242032,0.00891977,-0.01005767,0.017157967,-0.476669163,0.7592029,-0.378872245,0.229898428,0.006316988,-0.012308594,-0.002592345,0.12767517752341043,False,0.7567866439865356,False
thread,axisymmetric,icp_pt2pt,hard,19,144.6820685581074,0.4827450276414594,False,125.28974986381267,0.5557381289750195,False,97.25,itodd_thread.ply,0.080566,0.000806,14523,8714,-0.221576927,-0.154176339,-0.014256112,0.962772084,0.003830719,-0.006066247,-0.007369454,0.079108951,0.726542423,0.506854659,0.457139188,-0.02586994,-0.019707931,0.013712313,0.3372447353665694,False,0.9438327378106603,False
thread,axisymmetric,icp_pt2pl,hard,19,164.61344303191527,0.4481707660940206,False,139.4199904461636,0.5968845417252192,False,134.5,itodd_thread.ply,0.080566,0.000806,14523,8714,-0.355717328,-0.151607918,-0.260837167,0.884558757,0.002344401,-0.01125205,-0.007173069,0.079108951,0.726542423,0.506854659,0.457139188,-0.02586994,-0.019707931,0.013712313,0.28484236296833554,False,0.9508594156109146,False
thread,axisymmetric,fpfh_ransac,hard,19,35.83484848219787,0.2513055271113071,False,19.24155187033649,0.0733927685127276,False,329.5,itodd_thread.ply,0.080566,0.000806,14523,8714,-0.012704466,0.657964269,0.709972461,0.250720408,-0.010745736,-0.03208694,0.00842552,0.079108951,0.726542423,0.506854659,0.457139188,-0.02586994,-0.019707931,0.013712313,0.10567945366886809,False,0.16928514924912447,False
thread,axisymmetric,fgr,hard,19,131.96883142225388,0.7667012531584804,False,103.07276688271696,0.5153549586611036,False,148.0,itodd_thread.ply,0.080566,0.000806,14523,8714,0.018788814,-0.059762531,-0.014353855,0.997932556,0.006548808,0.015983583,-0.024897435,0.079108951,0.726542423,0.506854659,0.457139188,-0.02586994,-0.019707931,0.013712313,0.5857010499128527,False,0.9096833336117878,False
