part,scan,mode,magnitude,rot_deg_offset,trans_rel_offset,method,repeat,rre_deg,rte,tau,fpr,tpr,n_points,n_defect_points,d,voxel,tau_quantile,exclusion_radius_mult
synth_cable_gland,000,rot,0.0,0.0,0.0,,0,0.0,0.0,0.001358,0.001317,0.294479,4256,326,0.066121,0.000661,0.999,1.5
synth_cable_gland,000,rot,0.0,0.0,0.0,,1,0.0,0.0,0.001358,0.001317,0.294479,4256,326,0.066121,0.000661,0.999,1.5
synth_cable_gland,000,rot,0.0,0.0,0.0,,2,0.0,0.0,0.001358,0.001317,0.294479,4256,326,0.066121,0.000661,0.999,1.5
synth_cable_gland,000,rot,0.25,0.25,0.0,,0,0.25,0.0,0.001358,0.001317,0.297546,4256,326,0.066121,0.000661,0.999,1.5
synth_cable_gland,000,rot,0.25,0.25,0.0,,1,0.25,0.0,0.001358,0.001317,0.309816,4256,326,0.066121,0.000661,0.999,1.5
synth_cable_gland,000,rot,0.25,0.25,0.0,,2,0.25,0.0,0.001358,0.000987,0.303681,4256,326,0.066121,0.000661,0.999,1.5
synth_cable_gland,000,rot,0.5,0.5,0.0,,0,0.5,0.0,0.001358,0.001646,0.291411,4256,326,0.066121,0.000661,0.999,1.5
synth_cable_gland,000,rot,0.5,0.5,0.0,,1,0.5,0.0,0.001358,0.001975,0.282209,4256,326,0.066121,0.000661,0.999,1.5
synth_cable_gland,000,rot,0.5,0.5,0.0,,2,0.5,0.0,0.001358,0.000987,0.315951,4256,326,0.066121,0.000661,0.999,1.5
synth_cable_gland,000,rot,1.0,1.0,0.0,,0,1.0,0.0,0.001358,0.001646,0.303681,4256,326,0.066121,0.000661,0.999,1.5
synth_cable_gland,000,rot,1.0,1.0,0.0,,1,1.0,0.0,0.001358,0.000658,0.319018,4256,326,0.066121,0.000661,0.999,1.5
synth_cable_gland,000,rot,1.0,1.0,0.0,,2,1.0,0.0,0.001358,0.002304,0.260736,4256,326,0.066121,0.000661,0.999,1.5
synth_cable_gland,000,rot,2.0,2.0,0.0,,0,2.0,0.0,0.001358,0.001317,0.319018,4256,326,0.066121,0.000661,0.999,1.5
synth_cable_gland,000,rot,2.0,2.0,0.0,,1,2.0,0.0,0.001358,0.002633,0.315951,4256,326,0.066121,0.000661,0.999,1.5
synth_cable_gland,000,rot,2.0,2.0,0.0,,2,2.0,0.0,0.001358,0.001317,0.303681,4256,326,0.066121,0.000661,0.999,1.5
synth_cable_gland,000,rot,4.0,4.0,0.0,,0,4.0,0.0,0.001358,0.002304,0.466258,4256,326,0.066121,0.000661,0.999,1.5
synth_cable_gland,000,rot,4.0,4.0,0.0,,1,4.0,0.0,0.001358,0.033575,0.411043,4256,326,0.066121,0.000661,0.999,1.5
synth_cable_gland,000,rot,4.0,4.0,0.0,,2,4.0,0.0,0.001358,0.044437,0.266871,4256,326,0.066121,0.000661,0.999,1.5
synth_cable_gland,000,rot,8.0,8.0,0.0,,0,8.0,0.0,0.001358,0.382488,0.223926,4256,326,0.066121,0.000661,0.999,1.5
synth_cable_gland,000,rot,8.0,8.0,0.0,,1,8.0,0.0,0.001358,0.371297,0.355828,4256,326,0.066121,0.000661,0.999,1.5
synth_cable_gland,000,rot,8.0,8.0,0.0,,2,8.0,0.0,0.001358,0.272877,0.668712,4256,326,0.066121,0.000661,0.999,1.5
synth_cable_gland,000,rot,16.0,16.0,0.0,,0,16.0,0.0,0.001358,0.583608,0.579755,4256,326,0.066121,0.000661,0.999,1.5
synth_cable_gland,000,rot,16.0,16.0,0.0,,1,16.0,0.0,0.001358,0.613562,0.806748,4256,326,0.066121,0.000661,0.999,1.5
synth_cable_gland,000,rot,16.0,16.0,0.0,,2,16.0,0.0,0.001358,0.51185,0.444785,4256,326,0.066121,0.000661,0.999,1.5
synth_cable_gland,000,trans,0.0,0.0,0.0,,0,0.0,0.0,0.001358,0.001317,0.294479,4256,326,0.066121,0.000661,0.999,1.5
synth_cable_gland,000,trans,0.0,0.0,0.0,,1,0.0,0.0,0.001358,0.001317,0.294479,4256,326,0.066121,0.000661,0.999,1.5
synth_cable_gland,000,trans,0.0,0.0,0.0,,2,0.0,0.0,0.001358,0.001317,0.294479,4256,326,0.066121,0.000661,0.999,1.5
synth_cable_gland,000,trans,0.0025,0.0,0.0025,,0,0.0,0.0025,0.001358,0.001317,0.303681,4256,326,0.066121,0.000661,0.999,1.5
synth_cable_gland,000,trans,0.0025,0.0,0.0025,,1,0.0,0.0025,0.001358,0.001646,0.303681,4256,326,0.066121,0.000661,0.999,1.5
synth_cable_gland,000,trans,0.0025,0.0,0.0025,,2,0.0,0.0025,0.001358,0.002304,0.319018,4256,326,0.066121,0.000661,0.999,1.5
synth_cable_gland,000,trans,0.005,0.0,0.005,,0,0.0,0.005,0.001358,0.002304,0.358896,4256,326,0.066121,0.000661,0.999,1.5
synth_cable_gland,000,trans,0.005,0.0,0.005,,1,0.0,0.005,0.001358,0.002304,0.319018,4256,326,0.066121,0.000661,0.999,1.5
synth_cable_gland,000,trans,0.005,0.0,0.005,,2,0.0,0.005,0.001358,0.002304,0.325153,4256,326,0.066121,0.000661,0.999,1.5
synth_cable_gland,000,trans,0.01,0.0,0.01,,0,0.0,0.01,0.001358,0.001646,0.263804,4256,326,0.066121,0.000661,0.999,1.5
synth_cable_gland,000,trans,0.01,0.0,0.01,,1,0.0,0.01,0.001358,0.004279,0.417178,4256,326,0.066121,0.000661,0.999,1.5
synth_cable_gland,000,trans,0.01,0.0,0.01,,2,0.0,0.01,0.001358,0.003621,0.380368,4256,326,0.066121,0.000661,0.999,1.5
synth_cable_gland,000,trans,0.02,0.0,0.02,,0,0.0,0.02,0.001358,0.15372,0.279141,4256,326,0.066121,0.000661,0.999,1.5
synth_cable_gland,000,trans,0.02,0.0,0.02,,1,0.0,0.02,0.001358,0.033246,0.429448,4256,326,0.066121,0.000661,0.999,1.5
synth_cable_gland,000,trans,0.02,0.0,0.02,,2,0.0,0.02,0.001358,0.035879,0.368098,4256,326,0.066121,0.000661,0.999,1.5
synth_cable_gland,000,trans,0.04,0.0,0.04,,0,0.0,0.04,0.001358,0.609282,0.552147,4256,326,0.066121,0.000661,0.999,1.5
synth_cable_gland,000,trans,0.04,0.0,0.04,,1,0.0,0.04,0.001358,0.410138,0.319018,4256,326,0.066121,0.000661,0.999,1.5
synth_cable_gland,000,trans,0.04,0.0,0.04,,2,0.0,0.04,0.001358,0.400922,0.57362,4256,326,0.066121,0.000661,0.999,1.5
synth_cable_gland,000,trans,0.08,0.0,0.08,,0,0.0,0.08,0.001358,0.667874,0.96319,4256,326,0.066121,0.000661,0.999,1.5
synth_cable_gland,000,trans,0.08,0.0,0.08,,1,0.0,0.08,0.001358,0.852535,0.865031,4256,326,0.066121,0.000661,0.999,1.5
synth_cable_gland,000,trans,0.08,0.0,0.08,,2,0.0,0.08,0.001358,0.84628,0.386503,4256,326,0.066121,0.000661,0.999,1.5
synth_cable_gland,001,rot,0.0,0.0,0.0,,0,0.0,0.0,0.001358,0.002467,0.232558,4256,473,0.066121,0.000661,0.999,1.5
synth_cable_gland,001,rot,0.0,0.0,0.0,,1,0.0,0.0,0.001358,0.002467,0.232558,4256,473,0.066121,0.000661,0.999,1.5
synth_cable_gland,001,rot,0.0,0.0,0.0,,2,0.0,0.0,0.001358,0.002467,0.232558,4256,473,0.066121,0.000661,0.999,1.5
synth_cable_gland,001,rot,0.25,0.25,0.0,,0,0.25,0.0,0.001358,0.002467,0.232558,4256,473,0.066121,0.000661,0.999,1.5
synth_cable_gland,001,rot,0.25,0.25,0.0,,1,0.25,0.0,0.001358,0.002467,0.22833,4256,473,0.066121,0.000661,0.999,1.5
synth_cable_gland,001,rot,0.25,0.25,0.0,,2,0.25,0.0,0.001358,0.00296,0.224101,4256,473,0.066121,0.000661,0.999,1.5
synth_cable_gland,001,rot,0.5,0.5,0.0,,0,0.5,0.0,0.001358,0.002467,0.230444,4256,473,0.066121,0.000661,0.999,1.5
synth_cable_gland,001,rot,0.5,0.5,0.0,,1,0.5,0.0,0.001358,0.001973,0.221987,4256,473,0.066121,0.000661,0.999,1.5
synth_cable_gland,001,rot,0.5,0.5,0.0,,2,0.5,0.0,0.001358,0.00296,0.219873,4256,473,0.066121,0.000661,0.999,1.5
synth_cable_gland,001,rot,1.0,1.0,0.0,,0,1.0,0.0,0.001358,0.00296,0.243129,4256,473,0.066121,0.000661,0.999,1.5
synth_cable_gland,001,rot,1.0,1.0,0.0,,1,1.0,0.0,0.001358,0.00148,0.257928,4256,473,0.066121,0.000661,0.999,1.5
synth_cable_gland,001,rot,1.0,1.0,0.0,,2,1.0,0.0,0.001358,0.002467,0.205074,4256,473,0.066121,0.000661,0.999,1.5
synth_cable_gland,001,rot,2.0,2.0,0.0,,0,2.0,0.0,0.001358,0.005427,0.179704,4256,473,0.066121,0.000661,0.999,1.5
synth_cable_gland,001,rot,2.0,2.0,0.0,,1,2.0,0.0,0.001358,0.005427,0.179704,4256,473,0.066121,0.000661,0.999,1.5
synth_cable_gland,001,rot,2.0,2.0,0.0,,2,2.0,0.0,0.001358,0.003453,0.264271,4256,473,0.066121,0.000661,0.999,1.5
synth_cable_gland,001,rot,4.0,4.0,0.0,,0,4.0,0.0,0.001358,0.042921,0.20296,4256,473,0.066121,0.000661,0.999,1.5
synth_cable_gland,001,rot,4.0,4.0,0.0,,1,4.0,0.0,0.001358,0.0296,0.281184,4256,473,0.066121,0.000661,0.999,1.5
synth_cable_gland,001,rot,4.0,4.0,0.0,,2,4.0,0.0,0.001358,0.024174,0.331924,4256,473,0.066121,0.000661,0.999,1.5
synth_cable_gland,001,rot,8.0,8.0,0.0,,0,8.0,0.0,0.001358,0.474593,0.365751,4256,473,0.066121,0.000661,0.999,1.5
synth_cable_gland,001,rot,8.0,8.0,0.0,,1,8.0,0.0,0.001358,0.410952,0.300211,4256,473,0.066121,0.000661,0.999,1.5
synth_cable_gland,001,rot,8.0,8.0,0.0,,2,8.0,0.0,0.001358,0.173162,0.276956,4256,473,0.066121,0.000661,0.999,1.5
synth_cable_gland,001,rot,16.0,16.0,0.0,,0,16.0,0.0,0.001358,0.494327,0.156448,4256,473,0.066121,0.000661,0.999,1.5
synth_cable_gland,001,rot,16.0,16.0,0.0,,1,16.0,0.0,0.001358,0.675382,0.236786,4256,473,0.066121,0.000661,0.999,1.5
synth_cable_gland,001,rot,16.0,16.0,0.0,,2,16.0,0.0,0.001358,0.654662,0.350951,4256,473,0.066121,0.000661,0.999,1.5
synth_cable_gland,001,trans,0.0,0.0,0.0,,0,0.0,0.0,0.001358,0.002467,0.232558,4256,473,0.066121,0.000661,0.999,1.5
synth_cable_gland,001,trans,0.0,0.0,0.0,,1,0.0,0.0,0.001358,0.002467,0.232558,4256,473,0.066121,0.000661,0.999,1.5
synth_cable_gland,001,trans,0.0,0.0,0.0,,2,0.0,0.0,0.001358,0.002467,0.232558,4256,473,0.066121,0.000661,0.999,1.5
synth_cable_gland,001,trans,0.0025,0.0,0.0025,,0,0.0,0.0025,0.001358,0.00148,0.205074,4256,473,0.066121,0.000661,0.999,1.5
synth_cable_gland,001,trans,0.0025,0.0,0.0025,,1,0.0,0.0025,0.001358,0.00148,0.194503,4256,473,0.066121,0.000661,0.999,1.5
synth_cable_gland,001,trans,0.0025,0.0,0.0025,,2,0.0,0.0025,0.001358,0.00296,0.238901,4256,473,0.066121,0.000661,0.999,1.5
synth_cable_gland,001,trans,0.005,0.0,0.005,,0,0.0,0.005,0.001358,0.003453,0.251586,4256,473,0.066121,0.000661,0.999,1.5
synth_cable_gland,001,trans,0.005,0.0,0.005,,1,0.0,0.005,0.001358,0.00296,0.241015,4256,473,0.066121,0.000661,0.999,1.5
synth_cable_gland,001,trans,0.005,0.0,0.005,,2,0.0,0.005,0.001358,0.001973,0.224101,4256,473,0.066121,0.000661,0.999,1.5
synth_cable_gland,001,trans,0.01,0.0,0.01,,0,0.0,0.01,0.001358,0.003947,0.221987,4256,473,0.066121,0.000661,0.999,1.5
synth_cable_gland,001,trans,0.01,0.0,0.01,,1,0.0,0.01,0.001358,0.00296,0.116279,4256,473,0.066121,0.000661,0.999,1.5
synth_cable_gland,001,trans,0.01,0.0,0.01,,2,0.0,0.01,0.001358,0.005427,0.270613,4256,473,0.066121,0.000661,0.999,1.5
synth_cable_gland,001,trans,0.02,0.0,0.02,,0,0.0,0.02,0.001358,0.086828,0.331924,4256,473,0.066121,0.000661,0.999,1.5
synth_cable_gland,001,trans,0.02,0.0,0.02,,1,0.0,0.02,0.001358,0.054267,0.427061,4256,473,0.066121,0.000661,0.999,1.5
synth_cable_gland,001,trans,0.02,0.0,0.02,,2,0.0,0.02,0.001358,0.070054,0.054968,4256,473,0.066121,0.000661,0.999,1.5
synth_cable_gland,001,trans,0.04,0.0,0.04,,0,0.0,0.04,0.001358,0.416379,0.778013,4256,473,0.066121,0.000661,0.999,1.5
synth_cable_gland,001,trans,0.04,0.0,0.04,,1,0.0,0.04,0.001358,0.937839,0.300211,4256,473,0.066121,0.000661,0.999,1.5
synth_cable_gland,001,trans,0.04,0.0,0.04,,2,0.0,0.04,0.001358,0.262457,0.627907,4256,473,0.066121,0.000661,0.999,1.5
synth_cable_gland,001,trans,0.08,0.0,0.08,,0,0.0,0.08,0.001358,0.826344,0.429175,4256,473,0.066121,0.000661,0.999,1.5
synth_cable_gland,001,trans,0.08,0.0,0.08,,1,0.0,0.08,0.001358,0.72669,0.894292,4256,473,0.066121,0.000661,0.999,1.5
synth_cable_gland,001,trans,0.08,0.0,0.08,,2,0.0,0.08,0.001358,0.880118,0.245243,4256,473,0.066121,0.000661,0.999,1.5
synth_cable_gland,002,rot,0.0,0.0,0.0,,0,0.0,0.0,0.001358,0.002548,0.221973,4256,446,0.066121,0.000661,0.999,1.5
synth_cable_gland,002,rot,0.0,0.0,0.0,,1,0.0,0.0,0.001358,0.002548,0.221973,4256,446,0.066121,0.000661,0.999,1.5
synth_cable_gland,002,rot,0.0,0.0,0.0,,2,0.0,0.0,0.001358,0.002548,0.221973,4256,446,0.066121,0.000661,0.999,1.5
synth_cable_gland,002,rot,0.25,0.25,0.0,,0,0.25,0.0,0.001358,0.002548,0.224215,4256,446,0.066121,0.000661,0.999,1.5
synth_cable_gland,002,rot,0.25,0.25,0.0,,1,0.25,0.0,0.001358,0.002039,0.213004,4256,446,0.066121,0.000661,0.999,1.5
synth_cable_gland,002,rot,0.25,0.25,0.0,,2,0.25,0.0,0.001358,0.002548,0.20852,4256,446,0.066121,0.000661,0.999,1.5
synth_cable_gland,002,rot,0.5,0.5,0.0,,0,0.5,0.0,0.001358,0.002548,0.199552,4256,446,0.066121,0.000661,0.999,1.5
synth_cable_gland,002,rot,0.5,0.5,0.0,,1,0.5,0.0,0.001358,0.004077,0.221973,4256,446,0.066121,0.000661,0.999,1.5
synth_cable_gland,002,rot,0.5,0.5,0.0,,2,0.5,0.0,0.001358,0.002548,0.210762,4256,446,0.066121,0.000661,0.999,1.5
synth_cable_gland,002,rot,1.0,1.0,0.0,,0,1.0,0.0,0.001358,0.002548,0.204036,4256,446,0.066121,0.000661,0.999,1.5
synth_cable_gland,002,rot,1.0,1.0,0.0,,1,1.0,0.0,0.001358,0.002548,0.188341,4256,446,0.066121,0.000661,0.999,1.5
synth_cable_gland,002,rot,1.0,1.0,0.0,,2,1.0,0.0,0.001358,0.004077,0.219731,4256,446,0.066121,0.000661,0.999,1.5
synth_cable_gland,002,rot,2.0,2.0,0.0,,0,2.0,0.0,0.001358,0.006116,0.298206,4256,446,0.066121,0.000661,0.999,1.5
synth_cable_gland,002,rot,2.0,2.0,0.0,,1,2.0,0.0,0.001358,0.005097,0.313901,4256,446,0.066121,0.000661,0.999,1.5
synth_cable_gland,002,rot,2.0,2.0,0.0,,2,2.0,0.0,0.001358,0.010194,0.181614,4256,446,0.066121,0.000661,0.999,1.5
synth_cable_gland,002,rot,4.0,4.0,0.0,,0,4.0,0.0,0.001358,0.026504,0.109865,4256,446,0.066121,0.000661,0.999,1.5
synth_cable_gland,002,rot,4.0,4.0,0.0,,1,4.0,0.0,0.001358,0.036188,0.242152,4256,446,0.066121,0.000661,0.999,1.5
synth_cable_gland,002,rot,4.0,4.0,0.0,,2,4.0,0.0,0.001358,0.045872,0.311659,4256,446,0.066121,0.000661,0.999,1.5
synth_cable_gland,002,rot,8.0,8.0,0.0,,0,8.0,0.0,0.001358,0.341998,0.23991,4256,446,0.066121,0.000661,0.999,1.5
synth_cable_gland,002,rot,8.0,8.0,0.0,,1,8.0,0.0,0.001358,0.29001,0.275785,4256,446,0.066121,0.000661,0.999,1.5
synth_cable_gland,002,rot,8.0,8.0,0.0,,2,8.0,0.0,0.001358,0.43527,0.141256,4256,446,0.066121,0.000661,0.999,1.5
synth_cable_gland,002,rot,16.0,16.0,0.0,,0,16.0,0.0,0.001358,0.752294,0.625561,4256,446,0.066121,0.000661,0.999,1.5
synth_cable_gland,002,rot,16.0,16.0,0.0,,1,16.0,0.0,0.001358,0.619776,0.452915,4256,446,0.066121,0.000661,0.999,1.5
synth_cable_gland,002,rot,16.0,16.0,0.0,,2,16.0,0.0,0.001358,0.540775,0.782511,4256,446,0.066121,0.000661,0.999,1.5
synth_cable_gland,002,trans,0.0,0.0,0.0,,0,0.0,0.0,0.001358,0.002548,0.221973,4256,446,0.066121,0.000661,0.999,1.5
synth_cable_gland,002,trans,0.0,0.0,0.0,,1,0.0,0.0,0.001358,0.002548,0.221973,4256,446,0.066121,0.000661,0.999,1.5
synth_cable_gland,002,trans,0.0,0.0,0.0,,2,0.0,0.0,0.001358,0.002548,0.221973,4256,446,0.066121,0.000661,0.999,1.5
synth_cable_gland,002,trans,0.0025,0.0,0.0025,,0,0.0,0.0025,0.001358,0.003058,0.233184,4256,446,0.066121,0.000661,0.999,1.5
synth_cable_gland,002,trans,0.0025,0.0,0.0025,,1,0.0,0.0025,0.001358,0.002548,0.192825,4256,446,0.066121,0.000661,0.999,1.5
synth_cable_gland,002,trans,0.0025,0.0,0.0025,,2,0.0,0.0025,0.001358,0.003058,0.230942,4256,446,0.066121,0.000661,0.999,1.5
synth_cable_gland,002,trans,0.005,0.0,0.005,,0,0.0,0.005,0.001358,0.002039,0.159193,4256,446,0.066121,0.000661,0.999,1.5
synth_cable_gland,002,trans,0.005,0.0,0.005,,1,0.0,0.005,0.001358,0.005607,0.269058,4256,446,0.066121,0.000661,0.999,1.5
synth_cable_gland,002,trans,0.005,0.0,0.005,,2,0.0,0.005,0.001358,0.003568,0.195067,4256,446,0.066121,0.000661,0.999,1.5
synth_cable_gland,002,trans,0.01,0.0,0.01,,0,0.0,0.01,0.001358,0.001529,0.112108,4256,446,0.066121,0.000661,0.999,1.5
synth_cable_gland,002,trans,0.01,0.0,0.01,,1,0.0,0.01,0.001358,0.009174,0.248879,4256,446,0.066121,0.000661,0.999,1.5
synth_cable_gland,002,trans,0.01,0.0,0.01,,2,0.0,0.01,0.001358,0.004587,0.159193,4256,446,0.066121,0.000661,0.999,1.5
synth_cable_gland,002,trans,0.02,0.0,0.02,,0,0.0,0.02,0.001358,0.054536,0.098655,4256,446,0.066121,0.000661,0.999,1.5
synth_cable_gland,002,trans,0.02,0.0,0.02,,1,0.0,0.02,0.001358,0.086137,0.23991,4256,446,0.066121,0.000661,0.999,1.5
synth_cable_gland,002,trans,0.02,0.0,0.02,,2,0.0,0.02,0.001358,0.055556,0.091928,4256,446,0.066121,0.000661,0.999,1.5
synth_cable_gland,002,trans,0.04,0.0,0.04,,0,0.0,0.04,0.001358,0.480122,0.100897,4256,446,0.066121,0.000661,0.999,1.5
synth_cable_gland,002,trans,0.04,0.0,0.04,,1,0.0,0.04,0.001358,0.680938,0.986547,4256,446,0.066121,0.000661,0.999,1.5
synth_cable_gland,002,trans,0.04,0.0,0.04,,2,0.0,0.04,0.001358,0.625382,0.686099,4256,446,0.066121,0.000661,0.999,1.5
synth_cable_gland,002,trans,0.08,0.0,0.08,,0,0.0,0.08,0.001358,0.778287,0.926009,4256,446,0.066121,0.000661,0.999,1.5
synth_cable_gland,002,trans,0.08,0.0,0.08,,1,0.0,0.08,0.001358,0.897554,1.0,4256,446,0.066121,0.000661,0.999,1.5
synth_cable_gland,002,trans,0.08,0.0,0.08,,2,0.0,0.08,0.001358,0.817533,0.286996,4256,446,0.066121,0.000661,0.999,1.5
synth_cable_gland,003,rot,0.0,0.0,0.0,,0,0.0,0.0,0.001358,0.00201,0.292135,4256,356,0.066121,0.000661,0.999,1.5
synth_cable_gland,003,rot,0.0,0.0,0.0,,1,0.0,0.0,0.001358,0.00201,0.292135,4256,356,0.066121,0.000661,0.999,1.5
synth_cable_gland,003,rot,0.0,0.0,0.0,,2,0.0,0.0,0.001358,0.00201,0.292135,4256,356,0.066121,0.000661,0.999,1.5
synth_cable_gland,003,rot,0.25,0.25,0.0,,0,0.25,0.0,0.001358,0.00201,0.292135,4256,356,0.066121,0.000661,0.999,1.5
synth_cable_gland,003,rot,0.25,0.25,0.0,,1,0.25,0.0,0.001358,0.00201,0.297753,4256,356,0.066121,0.000661,0.999,1.5
synth_cable_gland,003,rot,0.25,0.25,0.0,,2,0.25,0.0,0.001358,0.00201,0.283708,4256,356,0.066121,0.000661,0.999,1.5
synth_cable_gland,003,rot,0.5,0.5,0.0,,0,0.5,0.0,0.001358,0.00201,0.289326,4256,356,0.066121,0.000661,0.999,1.5
synth_cable_gland,003,rot,0.5,0.5,0.0,,1,0.5,0.0,0.001358,0.00201,0.300562,4256,356,0.066121,0.000661,0.999,1.5
synth_cable_gland,003,rot,0.5,0.5,0.0,,2,0.5,0.0,0.001358,0.001608,0.297753,4256,356,0.066121,0.000661,0.999,1.5
synth_cable_gland,003,rot,1.0,1.0,0.0,,0,1.0,0.0,0.001358,0.00201,0.27809,4256,356,0.066121,0.000661,0.999,1.5
synth_cable_gland,003,rot,1.0,1.0,0.0,,1,1.0,0.0,0.001358,0.003619,0.280899,4256,356,0.066121,0.000661,0.999,1.5
synth_cable_gland,003,rot,1.0,1.0,0.0,,2,1.0,0.0,0.001358,0.003217,0.275281,4256,356,0.066121,0.000661,0.999,1.5
synth_cable_gland,003,rot,2.0,2.0,0.0,,0,2.0,0.0,0.001358,0.004423,0.345506,4256,356,0.066121,0.000661,0.999,1.5
synth_cable_gland,003,rot,2.0,2.0,0.0,,1,2.0,0.0,0.001358,0.004825,0.294944,4256,356,0.066121,0.000661,0.999,1.5
synth_cable_gland,003,rot,2.0,2.0,0.0,,2,2.0,0.0,0.001358,0.006836,0.297753,4256,356,0.066121,0.000661,0.999,1.5
synth_cable_gland,003,rot,4.0,4.0,0.0,,0,4.0,0.0,0.001358,0.030559,0.292135,4256,356,0.066121,0.000661,0.999,1.5
synth_cable_gland,003,rot,4.0,4.0,0.0,,1,4.0,0.0,0.001358,0.048251,0.382022,4256,356,0.066121,0.000661,0.999,1.5
synth_cable_gland,003,rot,4.0,4.0,0.0,,2,4.0,0.0,0.001358,0.029353,0.429775,4256,356,0.066121,0.000661,0.999,1.5
synth_cable_gland,003,rot,8.0,8.0,0.0,,0,8.0,0.0,0.001358,0.222758,0.339888,4256,356,0.066121,0.000661,0.999,1.5
synth_cable_gland,003,rot,8.0,8.0,0.0,,1,8.0,0.0,0.001358,0.425814,0.191011,4256,356,0.066121,0.000661,0.999,1.5
synth_cable_gland,003,rot,8.0,8.0,0.0,,2,8.0,0.0,0.001358,0.468838,0.27809,4256,356,0.066121,0.000661,0.999,1.5
synth_cable_gland,003,rot,16.0,16.0,0.0,,0,16.0,0.0,0.001358,0.436671,0.410112,4256,356,0.066121,0.000661,0.999,1.5
synth_cable_gland,003,rot,16.0,16.0,0.0,,1,16.0,0.0,0.001358,0.484117,0.606742,4256,356,0.066121,0.000661,0.999,1.5
synth_cable_gland,003,rot,16.0,16.0,0.0,,2,16.0,0.0,0.001358,0.731805,0.323034,4256,356,0.066121,0.000661,0.999,1.5
synth_cable_gland,003,trans,0.0,0.0,0.0,,0,0.0,0.0,0.001358,0.00201,0.292135,4256,356,0.066121,0.000661,0.999,1.5
synth_cable_gland,003,trans,0.0,0.0,0.0,,1,0.0,0.0,0.001358,0.00201,0.292135,4256,356,0.066121,0.000661,0.999,1.5
synth_cable_gland,003,trans,0.0,0.0,0.0,,2,0.0,0.0,0.001358,0.00201,0.292135,4256,356,0.066121,0.000661,0.999,1.5
synth_cable_gland,003,trans,0.0025,0.0,0.0025,,0,0.0,0.0025,0.001358,0.00201,0.283708,4256,356,0.066121,0.000661,0.999,1.5
synth_cable_gland,003,trans,0.0025,0.0,0.0025,,1,0.0,0.0025,0.001358,0.00201,0.289326,4256,356,0.066121,0.000661,0.999,1.5
synth_cable_gland,003,trans,0.0025,0.0,0.0025,,2,0.0,0.0025,0.001358,0.002413,0.297753,4256,356,0.066121,0.000661,0.999,1.5
synth_cable_gland,003,trans,0.005,0.0,0.005,,0,0.0,0.005,0.001358,0.002413,0.283708,4256,356,0.066121,0.000661,0.999,1.5
synth_cable_gland,003,trans,0.005,0.0,0.005,,1,0.0,0.005,0.001358,0.00201,0.292135,4256,356,0.066121,0.000661,0.999,1.5
synth_cable_gland,003,trans,0.005,0.0,0.005,,2,0.0,0.005,0.001358,0.00201,0.275281,4256,356,0.066121,0.000661,0.999,1.5
synth_cable_gland,003,trans,0.01,0.0,0.01,,0,0.0,0.01,0.001358,0.008846,0.373596,4256,356,0.066121,0.000661,0.999,1.5
synth_cable_gland,003,trans,0.01,0.0,0.01,,1,0.0,0.01,0.001358,0.002413,0.216292,4256,356,0.066121,0.000661,0.999,1.5
synth_cable_gland,003,trans,0.01,0.0,0.01,,2,0.0,0.01,0.001358,0.004423,0.289326,4256,356,0.066121,0.000661,0.999,1.5
synth_cable_gland,003,trans,0.02,0.0,0.02,,0,0.0,0.02,0.001358,0.048251,0.323034,4256,356,0.066121,0.000661,0.999,1.5
synth_cable_gland,003,trans,0.02,0.0,0.02,,1,0.0,0.02,0.001358,0.117813,0.455056,4256,356,0.066121,0.000661,0.999,1.5
synth_cable_gland,003,trans,0.02,0.0,0.02,,2,0.0,0.02,0.001358,0.104142,0.160112,4256,356,0.066121,0.000661,0.999,1.5
synth_cable_gland,003,trans,0.04,0.0,0.04,,0,0.0,0.04,0.001358,0.348211,0.373596,4256,356,0.066121,0.000661,0.999,1.5
synth_cable_gland,003,trans,0.04,0.0,0.04,,1,0.0,0.04,0.001358,0.54805,0.598315,4256,356,0.066121,0.000661,0.999,1.5
synth_cable_gland,003,trans,0.04,0.0,0.04,,2,0.0,0.04,0.001358,0.571371,0.38764,4256,356,0.066121,0.000661,0.999,1.5
synth_cable_gland,003,trans,0.08,0.0,0.08,,0,0.0,0.08,0.001358,0.837555,0.331461,4256,356,0.066121,0.000661,0.999,1.5
synth_cable_gland,003,trans,0.08,0.0,0.08,,1,0.0,0.08,0.001358,0.702855,0.730337,4256,356,0.066121,0.000661,0.999,1.5
synth_cable_gland,003,trans,0.08,0.0,0.08,,2,0.0,0.08,0.001358,0.507841,0.382022,4256,356,0.066121,0.000661,0.999,1.5
synth_cable_gland,004,rot,0.0,0.0,0.0,,0,0.0,0.0,0.001358,0.000382,0.303448,4256,290,0.066121,0.000661,0.999,1.5
synth_cable_gland,004,rot,0.0,0.0,0.0,,1,0.0,0.0,0.001358,0.000382,0.303448,4256,290,0.066121,0.000661,0.999,1.5
synth_cable_gland,004,rot,0.0,0.0,0.0,,2,0.0,0.0,0.001358,0.000382,0.303448,4256,290,0.066121,0.000661,0.999,1.5
synth_cable_gland,004,rot,0.25,0.25,0.0,,0,0.25,0.0,0.001358,0.000765,0.32069,4256,290,0.066121,0.000661,0.999,1.5
synth_cable_gland,004,rot,0.25,0.25,0.0,,1,0.25,0.0,0.001358,0.000382,0.289655,4256,290,0.066121,0.000661,0.999,1.5
synth_cable_gland,004,rot,0.25,0.25,0.0,,2,0.25,0.0,0.001358,0.000382,0.32069,4256,290,0.066121,0.000661,0.999,1.5
synth_cable_gland,004,rot,0.5,0.5,0.0,,0,0.5,0.0,0.001358,0.000765,0.282759,4256,290,0.066121,0.000661,0.999,1.5
synth_cable_gland,004,rot,0.5,0.5,0.0,,1,0.5,0.0,0.001358,0.000765,0.282759,4256,290,0.066121,0.000661,0.999,1.5
synth_cable_gland,004,rot,0.5,0.5,0.0,,2,0.5,0.0,0.001358,0.000765,0.296552,4256,290,0.066121,0.000661,0.999,1.5
synth_cable_gland,004,rot,1.0,1.0,0.0,,0,1.0,0.0,0.001358,0.000765,0.275862,4256,290,0.066121,0.000661,0.999,1.5
synth_cable_gland,004,rot,1.0,1.0,0.0,,1,1.0,0.0,0.001358,0.000765,0.327586,4256,290,0.066121,0.000661,0.999,1.5
synth_cable_gland,004,rot,1.0,1.0,0.0,,2,1.0,0.0,0.001358,0.000382,0.258621,4256,290,0.066121,0.000661,0.999,1.5
synth_cable_gland,004,rot,2.0,2.0,0.0,,0,2.0,0.0,0.001358,0.003058,0.327586,4256,290,0.066121,0.000661,0.999,1.5
synth_cable_gland,004,rot,2.0,2.0,0.0,,1,2.0,0.0,0.001358,0.000765,0.241379,4256,290,0.066121,0.000661,0.999,1.5
synth_cable_gland,004,rot,2.0,2.0,0.0,,2,2.0,0.0,0.001358,0.000765,0.317241,4256,290,0.066121,0.000661,0.999,1.5
synth_cable_gland,004,rot,4.0,4.0,0.0,,0,4.0,0.0,0.001358,0.006116,0.362069,4256,290,0.066121,0.000661,0.999,1.5
synth_cable_gland,004,rot,4.0,4.0,0.0,,1,4.0,0.0,0.001358,0.024083,0.272414,4256,290,0.066121,0.000661,0.999,1.5
synth_cable_gland,004,rot,4.0,4.0,0.0,,2,4.0,0.0,0.001358,0.022936,0.172414,4256,290,0.066121,0.000661,0.999,1.5
synth_cable_gland,004,rot,8.0,8.0,0.0,,0,8.0,0.0,0.001358,0.175459,0.562069,4256,290,0.066121,0.000661,0.999,1.5
synth_cable_gland,004,rot,8.0,8.0,0.0,,1,8.0,0.0,0.001358,0.282875,0.227586,4256,290,0.066121,0.000661,0.999,1.5
synth_cable_gland,004,rot,8.0,8.0,0.0,,2,8.0,0.0,0.001358,0.134939,0.5,4256,290,0.066121,0.000661,0.999,1.5
synth_cable_gland,004,rot,16.0,16.0,0.0,,0,16.0,0.0,0.001358,0.642966,0.341379,4256,290,0.066121,0.000661,0.999,1.5
synth_cable_gland,004,rot,16.0,16.0,0.0,,1,16.0,0.0,0.001358,0.360474,0.72069,4256,290,0.066121,0.000661,0.999,1.5
synth_cable_gland,004,rot,16.0,16.0,0.0,,2,16.0,0.0,0.001358,0.339067,0.293103,4256,290,0.066121,0.000661,0.999,1.5
synth_cable_gland,004,trans,0.0,0.0,0.0,,0,0.0,0.0,0.001358,0.000382,0.303448,4256,290,0.066121,0.000661,0.999,1.5
synth_cable_gland,004,trans,0.0,0.0,0.0,,1,0.0,0.0,0.001358,0.000382,0.303448,4256,290,0.066121,0.000661,0.999,1.5
synth_cable_gland,004,trans,0.0,0.0,0.0,,2,0.0,0.0,0.001358,0.000382,0.303448,4256,290,0.066121,0.000661,0.999,1.5
synth_cable_gland,004,trans,0.0025,0.0,0.0025,,0,0.0,0.0025,0.001358,0.0,0.272414,4256,290,0.066121,0.000661,0.999,1.5
synth_cable_gland,004,trans,0.0025,0.0,0.0025,,1,0.0,0.0025,0.001358,0.000765,0.348276,4256,290,0.066121,0.000661,0.999,1.5
synth_cable_gland,004,trans,0.0025,0.0,0.0025,,2,0.0,0.0025,0.001358,0.000765,0.334483,4256,290,0.066121,0.000661,0.999,1.5
synth_cable_gland,004,trans,0.005,0.0,0.005,,0,0.0,0.005,0.001358,0.001147,0.289655,4256,290,0.066121,0.000661,0.999,1.5
synth_cable_gland,004,trans,0.005,0.0,0.005,,1,0.0,0.005,0.001358,0.000765,0.331034,4256,290,0.066121,0.000661,0.999,1.5
synth_cable_gland,004,trans,0.005,0.0,0.005,,2,0.0,0.005,0.001358,0.001147,0.358621,4256,290,0.066121,0.000661,0.999,1.5
synth_cable_gland,004,trans,0.01,0.0,0.01,,0,0.0,0.01,0.001358,0.002676,0.313793,4256,290,0.066121,0.000661,0.999,1.5
synth_cable_gland,004,trans,0.01,0.0,0.01,,1,0.0,0.01,0.001358,0.000382,0.193103,4256,290,0.066121,0.000661,0.999,1.5
synth_cable_gland,004,trans,0.01,0.0,0.01,,2,0.0,0.01,0.001358,0.000382,0.206897,4256,290,0.066121,0.000661,0.999,1.5
synth_cable_gland,004,trans,0.02,0.0,0.02,,0,0.0,0.02,0.001358,0.083716,0.2,4256,290,0.066121,0.000661,0.999,1.5
synth_cable_gland,004,trans,0.02,0.0,0.02,,1,0.0,0.02,0.001358,0.038226,0.351724,4256,290,0.066121,0.000661,0.999,1.5
synth_cable_gland,004,trans,0.02,0.0,0.02,,2,0.0,0.02,0.001358,0.049312,0.382759,4256,290,0.066121,0.000661,0.999,1.5
synth_cable_gland,004,trans,0.04,0.0,0.04,,0,0.0,0.04,0.001358,0.485856,0.641379,4256,290,0.066121,0.000661,0.999,1.5
synth_cable_gland,004,trans,0.04,0.0,0.04,,1,0.0,0.04,0.001358,0.303517,0.851724,4256,290,0.066121,0.000661,0.999,1.5
synth_cable_gland,004,trans,0.04,0.0,0.04,,2,0.0,0.04,0.001358,0.406346,0.9,4256,290,0.066121,0.000661,0.999,1.5
synth_cable_gland,004,trans,0.08,0.0,0.08,,0,0.0,0.08,0.001358,0.725153,0.996552,4256,290,0.066121,0.000661,0.999,1.5
synth_cable_gland,004,trans,0.08,0.0,0.08,,1,0.0,0.08,0.001358,0.65711,0.534483,4256,290,0.066121,0.000661,0.999,1.5
synth_cable_gland,004,trans,0.08,0.0,0.08,,2,0.0,0.08,0.001358,0.586774,0.7,4256,290,0.066121,0.000661,0.999,1.5
synth_cable_gland,005,rot,0.0,0.0,0.0,,0,0.0,0.0,0.001358,0.000643,0.277056,4256,231,0.066121,0.000661,0.999,1.5
synth_cable_gland,005,rot,0.0,0.0,0.0,,1,0.0,0.0,0.001358,0.000643,0.277056,4256,231,0.066121,0.000661,0.999,1.5
synth_cable_gland,005,rot,0.0,0.0,0.0,,2,0.0,0.0,0.001358,0.000643,0.277056,4256,231,0.066121,0.000661,0.999,1.5
synth_cable_gland,005,rot,0.25,0.25,0.0,,0,0.25,0.0,0.001358,0.000643,0.277056,4256,231,0.066121,0.000661,0.999,1.5
synth_cable_gland,005,rot,0.25,0.25,0.0,,1,0.25,0.0,0.001358,0.000643,0.264069,4256,231,0.066121,0.000661,0.999,1.5
synth_cable_gland,005,rot,0.25,0.25,0.0,,2,0.25,0.0,0.001358,0.000643,0.268398,4256,231,0.066121,0.000661,0.999,1.5
synth_cable_gland,005,rot,0.5,0.5,0.0,,0,0.5,0.0,0.001358,0.000643,0.268398,4256,231,0.066121,0.000661,0.999,1.5
synth_cable_gland,005,rot,0.5,0.5,0.0,,1,0.5,0.0,0.001358,0.000965,0.268398,4256,231,0.066121,0.000661,0.999,1.5
synth_cable_gland,005,rot,0.5,0.5,0.0,,2,0.5,0.0,0.001358,0.000643,0.251082,4256,231,0.066121,0.000661,0.999,1.5
synth_cable_gland,005,rot,1.0,1.0,0.0,,0,1.0,0.0,0.001358,0.000322,0.311688,4256,231,0.066121,0.000661,0.999,1.5
synth_cable_gland,005,rot,1.0,1.0,0.0,,1,1.0,0.0,0.001358,0.000643,0.225108,4256,231,0.066121,0.000661,0.999,1.5
synth_cable_gland,005,rot,1.0,1.0,0.0,,2,1.0,0.0,0.001358,0.001287,0.225108,4256,231,0.066121,0.000661,0.999,1.5
synth_cable_gland,005,rot,2.0,2.0,0.0,,0,2.0,0.0,0.001358,0.001608,0.285714,4256,231,0.066121,0.000661,0.999,1.5
synth_cable_gland,005,rot,2.0,2.0,0.0,,1,2.0,0.0,0.001358,0.000643,0.212121,4256,231,0.066121,0.000661,0.999,1.5
synth_cable_gland,005,rot,2.0,2.0,0.0,,2,2.0,0.0,0.001358,0.002573,0.225108,4256,231,0.066121,0.000661,0.999,1.5
synth_cable_gland,005,rot,4.0,4.0,0.0,,0,4.0,0.0,0.001358,0.010614,0.233766,4256,231,0.066121,0.000661,0.999,1.5
synth_cable_gland,005,rot,4.0,4.0,0.0,,1,4.0,0.0,0.001358,0.004181,0.264069,4256,231,0.066121,0.000661,0.999,1.5
synth_cable_gland,005,rot,4.0,4.0,0.0,,2,4.0,0.0,0.001358,0.014796,0.4329,4256,231,0.066121,0.000661,0.999,1.5
synth_cable_gland,005,rot,8.0,8.0,0.0,,0,8.0,0.0,0.001358,0.197813,0.380952,4256,231,0.066121,0.000661,0.999,1.5
synth_cable_gland,005,rot,8.0,8.0,0.0,,1,8.0,0.0,0.001358,0.177549,0.30303,4256,231,0.066121,0.000661,0.999,1.5
synth_cable_gland,005,rot,8.0,8.0,0.0,,2,8.0,0.0,0.001358,0.19717,0.632035,4256,231,0.066121,0.000661,0.999,1.5
synth_cable_gland,005,rot,16.0,16.0,0.0,,0,16.0,0.0,0.001358,0.405275,0.809524,4256,231,0.066121,0.000661,0.999,1.5
synth_cable_gland,005,rot,16.0,16.0,0.0,,1,16.0,0.0,0.001358,0.460598,1.0,4256,231,0.066121,0.000661,0.999,1.5
synth_cable_gland,005,rot,16.0,16.0,0.0,,2,16.0,0.0,0.001358,0.459633,0.242424,4256,231,0.066121,0.000661,0.999,1.5
synth_cable_gland,005,trans,0.0,0.0,0.0,,0,0.0,0.0,0.001358,0.000643,0.277056,4256,231,0.066121,0.000661,0.999,1.5
synth_cable_gland,005,trans,0.0,0.0,0.0,,1,0.0,0.0,0.001358,0.000643,0.277056,4256,231,0.066121,0.000661,0.999,1.5
synth_cable_gland,005,trans,0.0,0.0,0.0,,2,0.0,0.0,0.001358,0.000643,0.277056,4256,231,0.066121,0.000661,0.999,1.5
synth_cable_gland,005,trans,0.0025,0.0,0.0025,,0,0.0,0.0025,0.001358,0.000322,0.268398,4256,231,0.066121,0.000661,0.999,1.5
synth_cable_gland,005,trans,0.0025,0.0,0.0025,,1,0.0,0.0025,0.001358,0.000643,0.294372,4256,231,0.066121,0.000661,0.999,1.5
synth_cable_gland,005,trans,0.0025,0.0,0.0025,,2,0.0,0.0025,0.001358,0.000643,0.294372,4256,231,0.066121,0.000661,0.999,1.5
synth_cable_gland,005,trans,0.005,0.0,0.005,,0,0.0,0.005,0.001358,0.000643,0.229437,4256,231,0.066121,0.000661,0.999,1.5
synth_cable_gland,005,trans,0.005,0.0,0.005,,1,0.0,0.005,0.001358,0.000965,0.229437,4256,231,0.066121,0.000661,0.999,1.5
synth_cable_gland,005,trans,0.005,0.0,0.005,,2,0.0,0.005,0.001358,0.000322,0.233766,4256,231,0.066121,0.000661,0.999,1.5
synth_cable_gland,005,trans,0.01,0.0,0.01,,0,0.0,0.01,0.001358,0.003216,0.372294,4256,231,0.066121,0.000661,0.999,1.5
synth_cable_gland,005,trans,0.01,0.0,0.01,,1,0.0,0.01,0.001358,0.002252,0.376623,4256,231,0.066121,0.000661,0.999,1.5
synth_cable_gland,005,trans,0.01,0.0,0.01,,2,0.0,0.01,0.001358,0.00193,0.311688,4256,231,0.066121,0.000661,0.999,1.5
synth_cable_gland,005,trans,0.02,0.0,0.02,,0,0.0,0.02,0.001358,0.10936,0.329004,4256,231,0.066121,0.000661,0.999,1.5
synth_cable_gland,005,trans,0.02,0.0,0.02,,1,0.0,0.02,0.001358,0.058218,0.402597,4256,231,0.066121,0.000661,0.999,1.5
synth_cable_gland,005,trans,0.02,0.0,0.02,,2,0.0,0.02,0.001358,0.088453,0.181818,4256,231,0.066121,0.000661,0.999,1.5
synth_cable_gland,005,trans,0.04,0.0,0.04,,0,0.0,0.04,0.001358,0.376648,0.593074,4256,231,0.066121,0.000661,0.999,1.5
synth_cable_gland,005,trans,0.04,0.0,0.04,,1,0.0,0.04,0.001358,0.512705,0.896104,4256,231,0.066121,0.000661,0.999,1.5
synth_cable_gland,005,trans,0.04,0.0,0.04,,2,0.0,0.04,0.001358,0.377613,0.212121,4256,231,0.066121,0.000661,0.999,1.5
synth_cable_gland,005,trans,0.08,0.0,0.08,,0,0.0,0.08,0.001358,0.76166,0.91342,4256,231,0.066121,0.000661,0.999,1.5
synth_cable_gland,005,trans,0.08,0.0,0.08,,1,0.0,0.08,0.001358,0.683178,0.904762,4256,231,0.066121,0.000661,0.999,1.5
synth_cable_gland,005,trans,0.08,0.0,0.08,,2,0.0,0.08,0.001358,0.695722,0.47619,4256,231,0.066121,0.000661,0.999,1.5
synth_cable_gland,006,rot,0.0,0.0,0.0,,0,0.0,0.0,0.001358,0.0,0.290801,4256,337,0.066121,0.000661,0.999,1.5
synth_cable_gland,006,rot,0.0,0.0,0.0,,1,0.0,0.0,0.001358,0.0,0.290801,4256,337,0.066121,0.000661,0.999,1.5
synth_cable_gland,006,rot,0.0,0.0,0.0,,2,0.0,0.0,0.001358,0.0,0.290801,4256,337,0.066121,0.000661,0.999,1.5
synth_cable_gland,006,rot,0.25,0.25,0.0,,0,0.25,0.0,0.001358,0.0,0.278932,4256,337,0.066121,0.000661,0.999,1.5
synth_cable_gland,006,rot,0.25,0.25,0.0,,1,0.25,0.0,0.001358,0.0,0.296736,4256,337,0.066121,0.000661,0.999,1.5
synth_cable_gland,006,rot,0.25,0.25,0.0,,2,0.25,0.0,0.001358,0.000342,0.275964,4256,337,0.066121,0.000661,0.999,1.5
synth_cable_gland,006,rot,0.5,0.5,0.0,,0,0.5,0.0,0.001358,0.000342,0.278932,4256,337,0.066121,0.000661,0.999,1.5
synth_cable_gland,006,rot,0.5,0.5,0.0,,1,0.5,0.0,0.001358,0.0,0.317507,4256,337,0.066121,0.000661,0.999,1.5
synth_cable_gland,006,rot,0.5,0.5,0.0,,2,0.5,0.0,0.001358,0.001026,0.261128,4256,337,0.066121,0.000661,0.999,1.5
synth_cable_gland,006,rot,1.0,1.0,0.0,,0,1.0,0.0,0.001358,0.0,0.302671,4256,337,0.066121,0.000661,0.999,1.5
synth_cable_gland,006,rot,1.0,1.0,0.0,,1,1.0,0.0,0.001358,0.0,0.350148,4256,337,0.066121,0.000661,0.999,1.5
synth_cable_gland,006,rot,1.0,1.0,0.0,,2,1.0,0.0,0.001358,0.000684,0.264095,4256,337,0.066121,0.000661,0.999,1.5
synth_cable_gland,006,rot,2.0,2.0,0.0,,0,2.0,0.0,0.001358,0.002395,0.186944,4256,337,0.066121,0.000661,0.999,1.5
synth_cable_gland,006,rot,2.0,2.0,0.0,,1,2.0,0.0,0.001358,0.000342,0.385757,4256,337,0.066121,0.000661,0.999,1.5
synth_cable_gland,006,rot,2.0,2.0,0.0,,2,2.0,0.0,0.001358,0.000342,0.433234,4256,337,0.066121,0.000661,0.999,1.5
synth_cable_gland,006,rot,4.0,4.0,0.0,,0,4.0,0.0,0.001358,0.013,0.35905,4256,337,0.066121,0.000661,0.999,1.5
synth_cable_gland,006,rot,4.0,4.0,0.0,,1,4.0,0.0,0.001358,0.017106,0.121662,4256,337,0.066121,0.000661,0.999,1.5
synth_cable_gland,006,rot,4.0,4.0,0.0,,2,4.0,0.0,0.001358,0.018816,0.127596,4256,337,0.066121,0.000661,0.999,1.5
synth_cable_gland,006,rot,8.0,8.0,0.0,,0,8.0,0.0,0.001358,0.158399,0.768546,4256,337,0.066121,0.000661,0.999,1.5
synth_cable_gland,006,rot,8.0,8.0,0.0,,1,8.0,0.0,0.001358,0.324324,0.192878,4256,337,0.066121,0.000661,0.999,1.5
synth_cable_gland,006,rot,8.0,8.0,0.0,,2,8.0,0.0,0.001358,0.290113,0.25816,4256,337,0.066121,0.000661,0.999,1.5
synth_cable_gland,006,rot,16.0,16.0,0.0,,0,16.0,0.0,0.001358,0.405405,0.406528,4256,337,0.066121,0.000661,0.999,1.5
synth_cable_gland,006,rot,16.0,16.0,0.0,,1,16.0,0.0,0.001358,0.484092,0.991098,4256,337,0.066121,0.000661,0.999,1.5
synth_cable_gland,006,rot,16.0,16.0,0.0,,2,16.0,0.0,0.001358,0.451591,0.931751,4256,337,0.066121,0.000661,0.999,1.5
synth_cable_gland,006,trans,0.0,0.0,0.0,,0,0.0,0.0,0.001358,0.0,0.290801,4256,337,0.066121,0.000661,0.999,1.5
synth_cable_gland,006,trans,0.0,0.0,0.0,,1,0.0,0.0,0.001358,0.0,0.290801,4256,337,0.066121,0.000661,0.999,1.5
synth_cable_gland,006,trans,0.0,0.0,0.0,,2,0.0,0.0,0.001358,0.0,0.290801,4256,337,0.066121,0.000661,0.999,1.5
synth_cable_gland,006,trans,0.0025,0.0,0.0025,,0,0.0,0.0025,0.001358,0.000684,0.284866,4256,337,0.066121,0.000661,0.999,1.5
synth_cable_gland,006,trans,0.0025,0.0,0.0025,,1,0.0,0.0025,0.001358,0.0,0.267062,4256,337,0.066121,0.000661,0.999,1.5
synth_cable_gland,006,trans,0.0025,0.0,0.0025,,2,0.0,0.0025,0.001358,0.0,0.278932,4256,337,0.066121,0.000661,0.999,1.5
synth_cable_gland,006,trans,0.005,0.0,0.005,,0,0.0,0.005,0.001358,0.001368,0.326409,4256,337,0.066121,0.000661,0.999,1.5
synth_cable_gland,006,trans,0.005,0.0,0.005,,1,0.0,0.005,0.001358,0.0,0.204748,4256,337,0.066121,0.000661,0.999,1.5
synth_cable_gland,006,trans,0.005,0.0,0.005,,2,0.0,0.005,0.001358,0.001368,0.338279,4256,337,0.066121,0.000661,0.999,1.5
synth_cable_gland,006,trans,0.01,0.0,0.01,,0,0.0,0.01,0.001358,0.001711,0.272997,4256,337,0.066121,0.000661,0.999,1.5
synth_cable_gland,006,trans,0.01,0.0,0.01,,1,0.0,0.01,0.001358,0.000342,0.160237,4256,337,0.066121,0.000661,0.999,1.5
synth_cable_gland,006,trans,0.01,0.0,0.01,,2,0.0,0.01,0.001358,0.003079,0.335312,4256,337,0.066121,0.000661,0.999,1.5
synth_cable_gland,006,trans,0.02,0.0,0.02,,0,0.0,0.02,0.001358,0.136161,0.272997,4256,337,0.066121,0.000661,0.999,1.5
synth_cable_gland,006,trans,0.02,0.0,0.02,,1,0.0,0.02,0.001358,0.05987,0.510386,4256,337,0.066121,0.000661,0.999,1.5
synth_cable_gland,006,trans,0.02,0.0,0.02,,2,0.0,0.02,0.001358,0.120082,0.151335,4256,337,0.066121,0.000661,0.999,1.5
synth_cable_gland,006,trans,0.04,0.0,0.04,,0,0.0,0.04,0.001358,0.48375,0.261128,4256,337,0.066121,0.000661,0.999,1.5
synth_cable_gland,006,trans,0.04,0.0,0.04,,1,0.0,0.04,0.001358,0.912761,0.231454,4256,337,0.066121,0.000661,0.999,1.5
synth_cable_gland,006,trans,0.04,0.0,0.04,,2,0.0,0.04,0.001358,0.799179,0.537092,4256,337,0.066121,0.000661,0.999,1.5
synth_cable_gland,006,trans,0.08,0.0,0.08,,0,0.0,0.08,0.001358,0.722887,1.0,4256,337,0.066121,0.000661,0.999,1.5
synth_cable_gland,006,trans,0.08,0.0,0.08,,1,0.0,0.08,0.001358,0.89805,0.462908,4256,337,0.066121,0.000661,0.999,1.5
synth_cable_gland,006,trans,0.08,0.0,0.08,,2,0.0,0.08,0.001358,0.94492,0.997033,4256,337,0.066121,0.000661,0.999,1.5
synth_cable_gland,007,rot,0.0,0.0,0.0,,0,0.0,0.0,0.001358,0.000992,0.23676,4256,321,0.066121,0.000661,0.999,1.5
synth_cable_gland,007,rot,0.0,0.0,0.0,,1,0.0,0.0,0.001358,0.000992,0.23676,4256,321,0.066121,0.000661,0.999,1.5
synth_cable_gland,007,rot,0.0,0.0,0.0,,2,0.0,0.0,0.001358,0.000992,0.23676,4256,321,0.066121,0.000661,0.999,1.5
synth_cable_gland,007,rot,0.25,0.25,0.0,,0,0.25,0.0,0.001358,0.000992,0.233645,4256,321,0.066121,0.000661,0.999,1.5
synth_cable_gland,007,rot,0.25,0.25,0.0,,1,0.25,0.0,0.001358,0.000992,0.227414,4256,321,0.066121,0.000661,0.999,1.5
synth_cable_gland,007,rot,0.25,0.25,0.0,,2,0.25,0.0,0.001358,0.000992,0.233645,4256,321,0.066121,0.000661,0.999,1.5
synth_cable_gland,007,rot,0.5,0.5,0.0,,0,0.5,0.0,0.001358,0.001323,0.227414,4256,321,0.066121,0.000661,0.999,1.5
synth_cable_gland,007,rot,0.5,0.5,0.0,,1,0.5,0.0,0.001358,0.000661,0.227414,4256,321,0.066121,0.000661,0.999,1.5
synth_cable_gland,007,rot,0.5,0.5,0.0,,2,0.5,0.0,0.001358,0.000661,0.227414,4256,321,0.066121,0.000661,0.999,1.5
synth_cable_gland,007,rot,1.0,1.0,0.0,,0,1.0,0.0,0.001358,0.000992,0.242991,4256,321,0.066121,0.000661,0.999,1.5
synth_cable_gland,007,rot,1.0,1.0,0.0,,1,1.0,0.0,0.001358,0.001323,0.23676,4256,321,0.066121,0.000661,0.999,1.5
synth_cable_gland,007,rot,1.0,1.0,0.0,,2,1.0,0.0,0.001358,0.000992,0.221184,4256,321,0.066121,0.000661,0.999,1.5
synth_cable_gland,007,rot,2.0,2.0,0.0,,0,2.0,0.0,0.001358,0.002976,0.264798,4256,321,0.066121,0.000661,0.999,1.5
synth_cable_gland,007,rot,2.0,2.0,0.0,,1,2.0,0.0,0.001358,0.002976,0.23676,4256,321,0.066121,0.000661,0.999,1.5
synth_cable_gland,007,rot,2.0,2.0,0.0,,2,2.0,0.0,0.001358,0.000992,0.227414,4256,321,0.066121,0.000661,0.999,1.5
synth_cable_gland,007,rot,4.0,4.0,0.0,,0,4.0,0.0,0.001358,0.01422,0.242991,4256,321,0.066121,0.000661,0.999,1.5
synth_cable_gland,007,rot,4.0,4.0,0.0,,1,4.0,0.0,0.001358,0.022156,0.224299,4256,321,0.066121,0.000661,0.999,1.5
synth_cable_gland,007,rot,4.0,4.0,0.0,,2,4.0,0.0,0.001358,0.02877,0.239875,4256,321,0.066121,0.000661,0.999,1.5
synth_cable_gland,007,rot,8.0,8.0,0.0,,0,8.0,0.0,0.001358,0.382275,0.283489,4256,321,0.066121,0.000661,0.999,1.5
synth_cable_gland,007,rot,8.0,8.0,0.0,,1,8.0,0.0,0.001358,0.219577,0.29595,4256,321,0.066121,0.000661,0.999,1.5
synth_cable_gland,007,rot,8.0,8.0,0.0,,2,8.0,0.0,0.001358,0.179233,0.367601,4256,321,0.066121,0.000661,0.999,1.5
synth_cable_gland,007,rot,16.0,16.0,0.0,,0,16.0,0.0,0.001358,0.514881,0.819315,4256,321,0.066121,0.000661,0.999,1.5
synth_cable_gland,007,rot,16.0,16.0,0.0,,1,16.0,0.0,0.001358,0.438161,0.775701,4256,321,0.066121,0.000661,0.999,1.5
synth_cable_gland,007,rot,16.0,16.0,0.0,,2,16.0,0.0,0.001358,0.630952,0.601246,4256,321,0.066121,0.000661,0.999,1.5
synth_cable_gland,007,trans,0.0,0.0,0.0,,0,0.0,0.0,0.001358,0.000992,0.23676,4256,321,0.066121,0.000661,0.999,1.5
synth_cable_gland,007,trans,0.0,0.0,0.0,,1,0.0,0.0,0.001358,0.000992,0.23676,4256,321,0.066121,0.000661,0.999,1.5
synth_cable_gland,007,trans,0.0,0.0,0.0,,2,0.0,0.0,0.001358,0.000992,0.23676,4256,321,0.066121,0.000661,0.999,1.5
synth_cable_gland,007,trans,0.0025,0.0,0.0025,,0,0.0,0.0025,0.001358,0.001323,0.23053,4256,321,0.066121,0.000661,0.999,1.5
synth_cable_gland,007,trans,0.0025,0.0,0.0025,,1,0.0,0.0025,0.001358,0.000331,0.227414,4256,321,0.066121,0.000661,0.999,1.5
synth_cable_gland,007,trans,0.0025,0.0,0.0025,,2,0.0,0.0025,0.001358,0.001323,0.224299,4256,321,0.066121,0.000661,0.999,1.5
synth_cable_gland,007,trans,0.005,0.0,0.005,,0,0.0,0.005,0.001358,0.002646,0.233645,4256,321,0.066121,0.000661,0.999,1.5
synth_cable_gland,007,trans,0.005,0.0,0.005,,1,0.0,0.005,0.001358,0.0,0.23053,4256,321,0.066121,0.000661,0.999,1.5
synth_cable_gland,007,trans,0.005,0.0,0.005,,2,0.0,0.005,0.001358,0.000331,0.23053,4256,321,0.066121,0.000661,0.999,1.5
synth_cable_gland,007,trans,0.01,0.0,0.01,,0,0.0,0.01,0.001358,0.003638,0.23053,4256,321,0.066121,0.000661,0.999,1.5
synth_cable_gland,007,trans,0.01,0.0,0.01,,1,0.0,0.01,0.001358,0.00463,0.330218,4256,321,0.066121,0.000661,0.999,1.5
synth_cable_gland,007,trans,0.01,0.0,0.01,,2,0.0,0.01,0.001358,0.000661,0.208723,4256,321,0.066121,0.000661,0.999,1.5
synth_cable_gland,007,trans,0.02,0.0,0.02,,0,0.0,0.02,0.001358,0.027778,0.264798,4256,321,0.066121,0.000661,0.999,1.5
synth_cable_gland,007,trans,0.02,0.0,0.02,,1,0.0,0.02,0.001358,0.032738,0.311526,4256,321,0.066121,0.000661,0.999,1.5
synth_cable_gland,007,trans,0.02,0.0,0.02,,2,0.0,0.02,0.001358,0.140542,0.205607,4256,321,0.066121,0.000661,0.999,1.5
synth_cable_gland,007,trans,0.04,0.0,0.04,,0,0.0,0.04,0.001358,0.557209,0.819315,4256,321,0.066121,0.000661,0.999,1.5
synth_cable_gland,007,trans,0.04,0.0,0.04,,1,0.0,0.04,0.001358,0.459656,0.64486,4256,321,0.066121,0.000661,0.999,1.5
synth_cable_gland,007,trans,0.04,0.0,0.04,,2,0.0,0.04,0.001358,0.697751,0.672897,4256,321,0.066121,0.000661,0.999,1.5
synth_cable_gland,007,trans,0.08,0.0,0.08,,0,0.0,0.08,0.001358,0.712632,0.993769,4256,321,0.066121,0.000661,0.999,1.5
synth_cable_gland,007,trans,0.08,0.0,0.08,,1,0.0,0.08,0.001358,0.71131,0.834891,4256,321,0.066121,0.000661,0.999,1.5
synth_cable_gland,007,trans,0.08,0.0,0.08,,2,0.0,0.08,0.001358,0.715939,0.691589,4256,321,0.066121,0.000661,0.999,1.5
synth_cable_gland,008,rot,0.0,0.0,0.0,,0,0.0,0.0,0.001358,0.000865,0.224138,4256,348,0.066121,0.000661,0.999,1.5
synth_cable_gland,008,rot,0.0,0.0,0.0,,1,0.0,0.0,0.001358,0.000865,0.224138,4256,348,0.066121,0.000661,0.999,1.5
synth_cable_gland,008,rot,0.0,0.0,0.0,,2,0.0,0.0,0.001358,0.000865,0.224138,4256,348,0.066121,0.000661,0.999,1.5
synth_cable_gland,008,rot,0.25,0.25,0.0,,0,0.25,0.0,0.001358,0.000865,0.224138,4256,348,0.066121,0.000661,0.999,1.5
synth_cable_gland,008,rot,0.25,0.25,0.0,,1,0.25,0.0,0.001358,0.000865,0.235632,4256,348,0.066121,0.000661,0.999,1.5
synth_cable_gland,008,rot,0.25,0.25,0.0,,2,0.25,0.0,0.001358,0.000865,0.224138,4256,348,0.066121,0.000661,0.999,1.5
synth_cable_gland,008,rot,0.5,0.5,0.0,,0,0.5,0.0,0.001358,0.000865,0.218391,4256,348,0.066121,0.000661,0.999,1.5
synth_cable_gland,008,rot,0.5,0.5,0.0,,1,0.5,0.0,0.001358,0.000865,0.221264,4256,348,0.066121,0.000661,0.999,1.5
synth_cable_gland,008,rot,0.5,0.5,0.0,,2,0.5,0.0,0.001358,0.001298,0.215517,4256,348,0.066121,0.000661,0.999,1.5
synth_cable_gland,008,rot,1.0,1.0,0.0,,0,1.0,0.0,0.001358,0.000433,0.232759,4256,348,0.066121,0.000661,0.999,1.5
synth_cable_gland,008,rot,1.0,1.0,0.0,,1,1.0,0.0,0.001358,0.000865,0.238506,4256,348,0.066121,0.000661,0.999,1.5
synth_cable_gland,008,rot,1.0,1.0,0.0,,2,1.0,0.0,0.001358,0.001298,0.212644,4256,348,0.066121,0.000661,0.999,1.5
synth_cable_gland,008,rot,2.0,2.0,0.0,,0,2.0,0.0,0.001358,0.001298,0.218391,4256,348,0.066121,0.000661,0.999,1.5
synth_cable_gland,008,rot,2.0,2.0,0.0,,1,2.0,0.0,0.001358,0.00173,0.181034,4256,348,0.066121,0.000661,0.999,1.5
synth_cable_gland,008,rot,2.0,2.0,0.0,,2,2.0,0.0,0.001358,0.001298,0.221264,4256,348,0.066121,0.000661,0.999,1.5
synth_cable_gland,008,rot,4.0,4.0,0.0,,0,4.0,0.0,0.001358,0.073097,0.178161,4256,348,0.066121,0.000661,0.999,1.5
synth_cable_gland,008,rot,4.0,4.0,0.0,,1,4.0,0.0,0.001358,0.03936,0.16092,4256,348,0.066121,0.000661,0.999,1.5
synth_cable_gland,008,rot,4.0,4.0,0.0,,2,4.0,0.0,0.001358,0.050173,0.304598,4256,348,0.066121,0.000661,0.999,1.5
synth_cable_gland,008,rot,8.0,8.0,0.0,,0,8.0,0.0,0.001358,0.248702,0.270115,4256,348,0.066121,0.000661,0.999,1.5
synth_cable_gland,008,rot,8.0,8.0,0.0,,1,8.0,0.0,0.001358,0.262543,0.252874,4256,348,0.066121,0.000661,0.999,1.5
synth_cable_gland,008,rot,8.0,8.0,0.0,,2,8.0,0.0,0.001358,0.370675,0.238506,4256,348,0.066121,0.000661,0.999,1.5
synth_cable_gland,008,rot,16.0,16.0,0.0,,0,16.0,0.0,0.001358,0.702855,0.324713,4256,348,0.066121,0.000661,0.999,1.5
synth_cable_gland,008,rot,16.0,16.0,0.0,,1,16.0,0.0,0.001358,0.692042,0.522989,4256,348,0.066121,0.000661,0.999,1.5
synth_cable_gland,008,rot,16.0,16.0,0.0,,2,16.0,0.0,0.001358,0.746972,0.548851,4256,348,0.066121,0.000661,0.999,1.5
synth_cable_gland,008,trans,0.0,0.0,0.0,,0,0.0,0.0,0.001358,0.000865,0.224138,4256,348,0.066121,0.000661,0.999,1.5
synth_cable_gland,008,trans,0.0,0.0,0.0,,1,0.0,0.0,0.001358,0.000865,0.224138,4256,348,0.066121,0.000661,0.999,1.5
synth_cable_gland,008,trans,0.0,0.0,0.0,,2,0.0,0.0,0.001358,0.000865,0.224138,4256,348,0.066121,0.000661,0.999,1.5
synth_cable_gland,008,trans,0.0025,0.0,0.0025,,0,0.0,0.0025,0.001358,0.000865,0.204023,4256,348,0.066121,0.000661,0.999,1.5
synth_cable_gland,008,trans,0.0025,0.0,0.0025,,1,0.0,0.0025,0.001358,0.000865,0.238506,4256,348,0.066121,0.000661,0.999,1.5
synth_cable_gland,008,trans,0.0025,0.0,0.0025,,2,0.0,0.0025,0.001358,0.000865,0.221264,4256,348,0.066121,0.000661,0.999,1.5
synth_cable_gland,008,trans,0.005,0.0,0.005,,0,0.0,0.005,0.001358,0.000433,0.241379,4256,348,0.066121,0.000661,0.999,1.5
synth_cable_gland,008,trans,0.005,0.0,0.005,,1,0.0,0.005,0.001358,0.001298,0.235632,4256,348,0.066121,0.000661,0.999,1.5
synth_cable_gland,008,trans,0.005,0.0,0.005,,2,0.0,0.005,0.001358,0.001298,0.261494,4256,348,0.066121,0.000661,0.999,1.5
synth_cable_gland,008,trans,0.01,0.0,0.01,,0,0.0,0.01,0.001358,0.003028,0.310345,4256,348,0.066121,0.000661,0.999,1.5
synth_cable_gland,008,trans,0.01,0.0,0.01,,1,0.0,0.01,0.001358,0.002595,0.307471,4256,348,0.066121,0.000661,0.999,1.5
synth_cable_gland,008,trans,0.01,0.0,0.01,,2,0.0,0.01,0.001358,0.002163,0.155172,4256,348,0.066121,0.000661,0.999,1.5
synth_cable_gland,008,trans,0.02,0.0,0.02,,0,0.0,0.02,0.001358,0.109862,0.597701,4256,348,0.066121,0.000661,0.999,1.5
synth_cable_gland,008,trans,0.02,0.0,0.02,,1,0.0,0.02,0.001358,0.077422,0.488506,4256,348,0.066121,0.000661,0.999,1.5
synth_cable_gland,008,trans,0.02,0.0,0.02,,2,0.0,0.02,0.001358,0.04282,0.258621,4256,348,0.066121,0.000661,0.999,1.5
synth_cable_gland,008,trans,0.04,0.0,0.04,,0,0.0,0.04,0.001358,0.524654,0.683908,4256,348,0.066121,0.000661,0.999,1.5
synth_cable_gland,008,trans,0.04,0.0,0.04,,1,0.0,0.04,0.001358,0.522491,0.867816,4256,348,0.066121,0.000661,0.999,1.5
synth_cable_gland,008,trans,0.04,0.0,0.04,,2,0.0,0.04,0.001358,0.504758,0.568966,4256,348,0.066121,0.000661,0.999,1.5
synth_cable_gland,008,trans,0.08,0.0,0.08,,0,0.0,0.08,0.001358,0.732699,0.586207,4256,348,0.066121,0.000661,0.999,1.5
synth_cable_gland,008,trans,0.08,0.0,0.08,,1,0.0,0.08,0.001358,0.947664,1.0,4256,348,0.066121,0.000661,0.999,1.5
synth_cable_gland,008,trans,0.08,0.0,0.08,,2,0.0,0.08,0.001358,0.956315,1.0,4256,348,0.066121,0.000661,0.999,1.5
synth_cable_gland,009,rot,0.0,0.0,0.0,,0,0.0,0.0,0.001358,0.002764,0.243836,4256,365,0.066121,0.000661,0.999,1.5
synth_cable_gland,009,rot,0.0,0.0,0.0,,1,0.0,0.0,0.001358,0.002764,0.243836,4256,365,0.066121,0.000661,0.999,1.5
synth_cable_gland,009,rot,0.0,0.0,0.0,,2,0.0,0.0,0.001358,0.002764,0.243836,4256,365,0.066121,0.000661,0.999,1.5
synth_cable_gland,009,rot,0.25,0.25,0.0,,0,0.25,0.0,0.001358,0.002419,0.243836,4256,365,0.066121,0.000661,0.999,1.5
synth_cable_gland,009,rot,0.25,0.25,0.0,,1,0.25,0.0,0.001358,0.002419,0.238356,4256,365,0.066121,0.000661,0.999,1.5
synth_cable_gland,009,rot,0.25,0.25,0.0,,2,0.25,0.0,0.001358,0.002419,0.252055,4256,365,0.066121,0.000661,0.999,1.5
synth_cable_gland,009,rot,0.5,0.5,0.0,,0,0.5,0.0,0.001358,0.002419,0.249315,4256,365,0.066121,0.000661,0.999,1.5
synth_cable_gland,009,rot,0.5,0.5,0.0,,1,0.5,0.0,0.001358,0.002419,0.243836,4256,365,0.066121,0.000661,0.999,1.5
synth_cable_gland,009,rot,0.5,0.5,0.0,,2,0.5,0.0,0.001358,0.002073,0.260274,4256,365,0.066121,0.000661,0.999,1.5
synth_cable_gland,009,rot,1.0,1.0,0.0,,0,1.0,0.0,0.001358,0.002073,0.252055,4256,365,0.066121,0.000661,0.999,1.5
synth_cable_gland,009,rot,1.0,1.0,0.0,,1,1.0,0.0,0.001358,0.002073,0.254795,4256,365,0.066121,0.000661,0.999,1.5
synth_cable_gland,009,rot,1.0,1.0,0.0,,2,1.0,0.0,0.001358,0.002764,0.243836,4256,365,0.066121,0.000661,0.999,1.5
synth_cable_gland,009,rot,2.0,2.0,0.0,,0,2.0,0.0,0.001358,0.00311,0.29589,4256,365,0.066121,0.000661,0.999,1.5
synth_cable_gland,009,rot,2.0,2.0,0.0,,1,2.0,0.0,0.001358,0.003801,0.238356,4256,365,0.066121,0.000661,0.999,1.5
synth_cable_gland,009,rot,2.0,2.0,0.0,,2,2.0,0.0,0.001358,0.004147,0.284932,4256,365,0.066121,0.000661,0.999,1.5
synth_cable_gland,009,rot,4.0,4.0,0.0,,0,4.0,0.0,0.001358,0.051486,0.372603,4256,365,0.066121,0.000661,0.999,1.5
synth_cable_gland,009,rot,4.0,4.0,0.0,,1,4.0,0.0,0.001358,0.035936,0.243836,4256,365,0.066121,0.000661,0.999,1.5
synth_cable_gland,009,rot,4.0,4.0,0.0,,2,4.0,0.0,0.001358,0.020387,0.161644,4256,365,0.066121,0.000661,0.999,1.5
synth_cable_gland,009,rot,8.0,8.0,0.0,,0,8.0,0.0,0.001358,0.082239,0.646575,4256,365,0.066121,0.000661,0.999,1.5
synth_cable_gland,009,rot,8.0,8.0,0.0,,1,8.0,0.0,0.001358,0.138563,0.306849,4256,365,0.066121,0.000661,0.999,1.5
synth_cable_gland,009,rot,8.0,8.0,0.0,,2,8.0,0.0,0.001358,0.345197,0.282192,4256,365,0.066121,0.000661,0.999,1.5
synth_cable_gland,009,rot,16.0,16.0,0.0,,0,16.0,0.0,0.001358,0.609537,0.920548,4256,365,0.066121,0.000661,0.999,1.5
synth_cable_gland,009,rot,16.0,16.0,0.0,,1,16.0,0.0,0.001358,0.532481,0.515068,4256,365,0.066121,0.000661,0.999,1.5
synth_cable_gland,009,rot,16.0,16.0,0.0,,2,16.0,0.0,0.001358,0.618521,0.536986,4256,365,0.066121,0.000661,0.999,1.5
synth_cable_gland,009,trans,0.0,0.0,0.0,,0,0.0,0.0,0.001358,0.002764,0.243836,4256,365,0.066121,0.000661,0.999,1.5
synth_cable_gland,009,trans,0.0,0.0,0.0,,1,0.0,0.0,0.001358,0.002764,0.243836,4256,365,0.066121,0.000661,0.999,1.5
synth_cable_gland,009,trans,0.0,0.0,0.0,,2,0.0,0.0,0.001358,0.002764,0.243836,4256,365,0.066121,0.000661,0.999,1.5
synth_cable_gland,009,trans,0.0025,0.0,0.0025,,0,0.0,0.0025,0.001358,0.002419,0.238356,4256,365,0.066121,0.000661,0.999,1.5
synth_cable_gland,009,trans,0.0025,0.0,0.0025,,1,0.0,0.0025,0.001358,0.002419,0.238356,4256,365,0.066121,0.000661,0.999,1.5
synth_cable_gland,009,trans,0.0025,0.0,0.0025,,2,0.0,0.0025,0.001358,0.002764,0.268493,4256,365,0.066121,0.000661,0.999,1.5
synth_cable_gland,009,trans,0.005,0.0,0.005,,0,0.0,0.005,0.001358,0.004147,0.273973,4256,365,0.066121,0.000661,0.999,1.5
synth_cable_gland,009,trans,0.005,0.0,0.005,,1,0.0,0.005,0.001358,0.001728,0.219178,4256,365,0.066121,0.000661,0.999,1.5
synth_cable_gland,009,trans,0.005,0.0,0.005,,2,0.0,0.005,0.001358,0.003455,0.254795,4256,365,0.066121,0.000661,0.999,1.5
synth_cable_gland,009,trans,0.01,0.0,0.01,,0,0.0,0.01,0.001358,0.001382,0.186301,4256,365,0.066121,0.000661,0.999,1.5
synth_cable_gland,009,trans,0.01,0.0,0.01,,1,0.0,0.01,0.001358,0.002419,0.191781,4256,365,0.066121,0.000661,0.999,1.5
synth_cable_gland,009,trans,0.01,0.0,0.01,,2,0.0,0.01,0.001358,0.004147,0.268493,4256,365,0.066121,0.000661,0.999,1.5
synth_cable_gland,009,trans,0.02,0.0,0.02,,0,0.0,0.02,0.001358,0.018659,0.276712,4256,365,0.066121,0.000661,0.999,1.5
synth_cable_gland,009,trans,0.02,0.0,0.02,,1,0.0,0.02,0.001358,0.042502,0.364384,4256,365,0.066121,0.000661,0.999,1.5
synth_cable_gland,009,trans,0.02,0.0,0.02,,2,0.0,0.02,0.001358,0.090532,0.180822,4256,365,0.066121,0.000661,0.999,1.5
synth_cable_gland,009,trans,0.04,0.0,0.04,,0,0.0,0.04,0.001358,0.573255,0.29863,4256,365,0.066121,0.000661,0.999,1.5
synth_cable_gland,009,trans,0.04,0.0,0.04,,1,0.0,0.04,0.001358,0.477194,0.80274,4256,365,0.066121,0.000661,0.999,1.5
synth_cable_gland,009,trans,0.04,0.0,0.04,,2,0.0,0.04,0.001358,0.506911,0.356164,4256,365,0.066121,0.000661,0.999,1.5
synth_cable_gland,009,trans,0.08,0.0,0.08,,0,0.0,0.08,0.001358,0.994126,0.865753,4256,365,0.066121,0.000661,0.999,1.5
synth_cable_gland,009,trans,0.08,0.0,0.08,,1,0.0,0.08,0.001358,0.757084,0.909589,4256,365,0.066121,0.000661,0.999,1.5
synth_cable_gland,009,trans,0.08,0.0,0.08,,2,0.0,0.08,0.001358,0.826538,0.531507,4256,365,0.066121,0.000661,0.999,1.5
synth_cable_gland,010,rot,0.0,0.0,0.0,,0,0.0,0.0,0.001358,0.001653,0.262009,4256,229,0.066121,0.000661,0.999,1.5
synth_cable_gland,010,rot,0.0,0.0,0.0,,1,0.0,0.0,0.001358,0.001653,0.262009,4256,229,0.066121,0.000661,0.999,1.5
synth_cable_gland,010,rot,0.0,0.0,0.0,,2,0.0,0.0,0.001358,0.001653,0.262009,4256,229,0.066121,0.000661,0.999,1.5
synth_cable_gland,010,rot,0.25,0.25,0.0,,0,0.25,0.0,0.001358,0.001322,0.257642,4256,229,0.066121,0.000661,0.999,1.5
synth_cable_gland,010,rot,0.25,0.25,0.0,,1,0.25,0.0,0.001358,0.001653,0.275109,4256,229,0.066121,0.000661,0.999,1.5
synth_cable_gland,010,rot,0.25,0.25,0.0,,2,0.25,0.0,0.001358,0.001983,0.262009,4256,229,0.066121,0.000661,0.999,1.5
synth_cable_gland,010,rot,0.5,0.5,0.0,,0,0.5,0.0,0.001358,0.001653,0.270742,4256,229,0.066121,0.000661,0.999,1.5
synth_cable_gland,010,rot,0.5,0.5,0.0,,1,0.5,0.0,0.001358,0.001653,0.240175,4256,229,0.066121,0.000661,0.999,1.5
synth_cable_gland,010,rot,0.5,0.5,0.0,,2,0.5,0.0,0.001358,0.001653,0.279476,4256,229,0.066121,0.000661,0.999,1.5
synth_cable_gland,010,rot,1.0,1.0,0.0,,0,1.0,0.0,0.001358,0.001983,0.292576,4256,229,0.066121,0.000661,0.999,1.5
synth_cable_gland,010,rot,1.0,1.0,0.0,,1,1.0,0.0,0.001358,0.001653,0.279476,4256,229,0.066121,0.000661,0.999,1.5
synth_cable_gland,010,rot,1.0,1.0,0.0,,2,1.0,0.0,0.001358,0.000992,0.275109,4256,229,0.066121,0.000661,0.999,1.5
synth_cable_gland,010,rot,2.0,2.0,0.0,,0,2.0,0.0,0.001358,0.000992,0.196507,4256,229,0.066121,0.000661,0.999,1.5
synth_cable_gland,010,rot,2.0,2.0,0.0,,1,2.0,0.0,0.001358,0.000992,0.323144,4256,229,0.066121,0.000661,0.999,1.5
synth_cable_gland,010,rot,2.0,2.0,0.0,,2,2.0,0.0,0.001358,0.000331,0.270742,4256,229,0.066121,0.000661,0.999,1.5
synth_cable_gland,010,rot,4.0,4.0,0.0,,0,4.0,0.0,0.001358,0.003967,0.122271,4256,229,0.066121,0.000661,0.999,1.5
synth_cable_gland,010,rot,4.0,4.0,0.0,,1,4.0,0.0,0.001358,0.002645,0.126638,4256,229,0.066121,0.000661,0.999,1.5
synth_cable_gland,010,rot,4.0,4.0,0.0,,2,4.0,0.0,0.001358,0.01686,0.174672,4256,229,0.066121,0.000661,0.999,1.5
synth_cable_gland,010,rot,8.0,8.0,0.0,,0,8.0,0.0,0.001358,0.069421,0.812227,4256,229,0.066121,0.000661,0.999,1.5
synth_cable_gland,010,rot,8.0,8.0,0.0,,1,8.0,0.0,0.001358,0.24595,0.213974,4256,229,0.066121,0.000661,0.999,1.5
synth_cable_gland,010,rot,8.0,8.0,0.0,,2,8.0,0.0,0.001358,0.256529,0.222707,4256,229,0.066121,0.000661,0.999,1.5
synth_cable_gland,010,rot,16.0,16.0,0.0,,0,16.0,0.0,0.001358,0.500826,0.729258,4256,229,0.066121,0.000661,0.999,1.5
synth_cable_gland,010,rot,16.0,16.0,0.0,,1,16.0,0.0,0.001358,0.695207,0.30131,4256,229,0.066121,0.000661,0.999,1.5
synth_cable_gland,010,rot,16.0,16.0,0.0,,2,16.0,0.0,0.001358,0.374545,0.310044,4256,229,0.066121,0.000661,0.999,1.5
synth_cable_gland,010,trans,0.0,0.0,0.0,,0,0.0,0.0,0.001358,0.001653,0.262009,4256,229,0.066121,0.000661,0.999,1.5
synth_cable_gland,010,trans,0.0,0.0,0.0,,1,0.0,0.0,0.001358,0.001653,0.262009,4256,229,0.066121,0.000661,0.999,1.5
synth_cable_gland,010,trans,0.0,0.0,0.0,,2,0.0,0.0,0.001358,0.001653,0.262009,4256,229,0.066121,0.000661,0.999,1.5
synth_cable_gland,010,trans,0.0025,0.0,0.0025,,0,0.0,0.0025,0.001358,0.001322,0.279476,4256,229,0.066121,0.000661,0.999,1.5
synth_cable_gland,010,trans,0.0025,0.0,0.0025,,1,0.0,0.0025,0.001358,0.000992,0.275109,4256,229,0.066121,0.000661,0.999,1.5
synth_cable_gland,010,trans,0.0025,0.0,0.0025,,2,0.0,0.0025,0.001358,0.001653,0.275109,4256,229,0.066121,0.000661,0.999,1.5
synth_cable_gland,010,trans,0.005,0.0,0.005,,0,0.0,0.005,0.001358,0.001653,0.253275,4256,229,0.066121,0.000661,0.999,1.5
synth_cable_gland,010,trans,0.005,0.0,0.005,,1,0.0,0.005,0.001358,0.001983,0.227074,4256,229,0.066121,0.000661,0.999,1.5
synth_cable_gland,010,trans,0.005,0.0,0.005,,2,0.0,0.005,0.001358,0.000661,0.292576,4256,229,0.066121,0.000661,0.999,1.5
synth_cable_gland,010,trans,0.01,0.0,0.01,,0,0.0,0.01,0.001358,0.003636,0.227074,4256,229,0.066121,0.000661,0.999,1.5
synth_cable_gland,010,trans,0.01,0.0,0.01,,1,0.0,0.01,0.001358,0.000992,0.331878,4256,229,0.066121,0.000661,0.999,1.5
synth_cable_gland,010,trans,0.01,0.0,0.01,,2,0.0,0.01,0.001358,0.004959,0.179039,4256,229,0.066121,0.000661,0.999,1.5
synth_cable_gland,010,trans,0.02,0.0,0.02,,0,0.0,0.02,0.001358,0.118017,0.572052,4256,229,0.066121,0.000661,0.999,1.5
synth_cable_gland,010,trans,0.02,0.0,0.02,,1,0.0,0.02,0.001358,0.031405,0.572052,4256,229,0.066121,0.000661,0.999,1.5
synth_cable_gland,010,trans,0.02,0.0,0.02,,2,0.0,0.02,0.001358,0.03405,0.467249,4256,229,0.066121,0.000661,0.999,1.5
synth_cable_gland,010,trans,0.04,0.0,0.04,,0,0.0,0.04,0.001358,0.29686,0.947598,4256,229,0.066121,0.000661,0.999,1.5
synth_cable_gland,010,trans,0.04,0.0,0.04,,1,0.0,0.04,0.001358,0.613223,0.912664,4256,229,0.066121,0.000661,0.999,1.5
synth_cable_gland,010,trans,0.04,0.0,0.04,,2,0.0,0.04,0.001358,0.809256,0.563319,4256,229,0.066121,0.000661,0.999,1.5
synth_cable_gland,010,trans,0.08,0.0,0.08,,0,0.0,0.08,0.001358,0.748099,0.689956,4256,229,0.066121,0.000661,0.999,1.5
synth_cable_gland,010,trans,0.08,0.0,0.08,,1,0.0,0.08,0.001358,0.578843,0.441048,4256,229,0.066121,0.000661,0.999,1.5
synth_cable_gland,010,trans,0.08,0.0,0.08,,2,0.0,0.08,0.001358,0.635702,1.0,4256,229,0.066121,0.000661,0.999,1.5
synth_cable_gland,011,rot,0.0,0.0,0.0,,0,0.0,0.0,0.001358,0.000354,0.167139,4256,353,0.066121,0.000661,0.999,1.5
synth_cable_gland,011,rot,0.0,0.0,0.0,,1,0.0,0.0,0.001358,0.000354,0.167139,4256,353,0.066121,0.000661,0.999,1.5
synth_cable_gland,011,rot,0.0,0.0,0.0,,2,0.0,0.0,0.001358,0.000354,0.167139,4256,353,0.066121,0.000661,0.999,1.5
synth_cable_gland,011,rot,0.25,0.25,0.0,,0,0.25,0.0,0.001358,0.000354,0.169972,4256,353,0.066121,0.000661,0.999,1.5
synth_cable_gland,011,rot,0.25,0.25,0.0,,1,0.25,0.0,0.001358,0.000354,0.169972,4256,353,0.066121,0.000661,0.999,1.5
synth_cable_gland,011,rot,0.25,0.25,0.0,,2,0.25,0.0,0.001358,0.000354,0.169972,4256,353,0.066121,0.000661,0.999,1.5
synth_cable_gland,011,rot,0.5,0.5,0.0,,0,0.5,0.0,0.001358,0.000354,0.175637,4256,353,0.066121,0.000661,0.999,1.5
synth_cable_gland,011,rot,0.5,0.5,0.0,,1,0.5,0.0,0.001358,0.000707,0.17847,4256,353,0.066121,0.000661,0.999,1.5
synth_cable_gland,011,rot,0.5,0.5,0.0,,2,0.5,0.0,0.001358,0.0,0.164306,4256,353,0.066121,0.000661,0.999,1.5
synth_cable_gland,011,rot,1.0,1.0,0.0,,0,1.0,0.0,0.001358,0.0,0.161473,4256,353,0.066121,0.000661,0.999,1.5
synth_cable_gland,011,rot,1.0,1.0,0.0,,1,1.0,0.0,0.001358,0.0,0.164306,4256,353,0.066121,0.000661,0.999,1.5
synth_cable_gland,011,rot,1.0,1.0,0.0,,2,1.0,0.0,0.001358,0.000354,0.15864,4256,353,0.066121,0.000661,0.999,1.5
synth_cable_gland,011,rot,2.0,2.0,0.0,,0,2.0,0.0,0.001358,0.000354,0.13881,4256,353,0.066121,0.000661,0.999,1.5
synth_cable_gland,011,rot,2.0,2.0,0.0,,1,2.0,0.0,0.001358,0.002122,0.184136,4256,353,0.066121,0.000661,0.999,1.5
synth_cable_gland,011,rot,2.0,2.0,0.0,,2,2.0,0.0,0.001358,0.000354,0.147309,4256,353,0.066121,0.000661,0.999,1.5
synth_cable_gland,011,rot,4.0,4.0,0.0,,0,4.0,0.0,0.001358,0.006721,0.286119,4256,353,0.066121,0.000661,0.999,1.5
synth_cable_gland,011,rot,4.0,4.0,0.0,,1,4.0,0.0,0.001358,0.048815,0.206799,4256,353,0.066121,0.000661,0.999,1.5
synth_cable_gland,011,rot,4.0,4.0,0.0,,2,4.0,0.0,0.001358,0.043155,0.13881,4256,353,0.066121,0.000661,0.999,1.5
synth_cable_gland,011,rot,8.0,8.0,0.0,,0,8.0,0.0,0.001358,0.290768,0.345609,4256,353,0.066121,0.000661,0.999,1.5
synth_cable_gland,011,rot,8.0,8.0,0.0,,1,8.0,0.0,0.001358,0.287584,0.521246,4256,353,0.066121,0.000661,0.999,1.5
synth_cable_gland,011,rot,8.0,8.0,0.0,,2,8.0,0.0,0.001358,0.331093,0.730878,4256,353,0.066121,0.000661,0.999,1.5
synth_cable_gland,011,rot,16.0,16.0,0.0,,0,16.0,0.0,0.001358,0.538734,0.827195,4256,353,0.066121,0.000661,0.999,1.5
synth_cable_gland,011,rot,16.0,16.0,0.0,,1,16.0,0.0,0.001358,0.568093,0.759207,4256,353,0.066121,0.000661,0.999,1.5
synth_cable_gland,011,rot,16.0,16.0,0.0,,2,16.0,0.0,0.001358,0.400424,0.651558,4256,353,0.066121,0.000661,0.999,1.5
synth_cable_gland,011,trans,0.0,0.0,0.0,,0,0.0,0.0,0.001358,0.000354,0.167139,4256,353,0.066121,0.000661,0.999,1.5
synth_cable_gland,011,trans,0.0,0.0,0.0,,1,0.0,0.0,0.001358,0.000354,0.167139,4256,353,0.066121,0.000661,0.999,1.5
synth_cable_gland,011,trans,0.0,0.0,0.0,,2,0.0,0.0,0.001358,0.000354,0.167139,4256,353,0.066121,0.000661,0.999,1.5
synth_cable_gland,011,trans,0.0025,0.0,0.0025,,0,0.0,0.0025,0.001358,0.000354,0.17847,4256,353,0.066121,0.000661,0.999,1.5
synth_cable_gland,011,trans,0.0025,0.0,0.0025,,1,0.0,0.0025,0.001358,0.000354,0.15864,4256,353,0.066121,0.000661,0.999,1.5
synth_cable_gland,011,trans,0.0025,0.0,0.0025,,2,0.0,0.0025,0.001358,0.000354,0.155807,4256,353,0.066121,0.000661,0.999,1.5
synth_cable_gland,011,trans,0.005,0.0,0.005,,0,0.0,0.005,0.001358,0.001415,0.1983,4256,353,0.066121,0.000661,0.999,1.5
synth_cable_gland,011,trans,0.005,0.0,0.005,,1,0.0,0.005,0.001358,0.000354,0.172805,4256,353,0.066121,0.000661,0.999,1.5
synth_cable_gland,011,trans,0.005,0.0,0.005,,2,0.0,0.005,0.001358,0.0,0.169972,4256,353,0.066121,0.000661,0.999,1.5
synth_cable_gland,011,trans,0.01,0.0,0.01,,0,0.0,0.01,0.001358,0.002476,0.269122,4256,353,0.066121,0.000661,0.999,1.5
synth_cable_gland,011,trans,0.01,0.0,0.01,,1,0.0,0.01,0.001358,0.003184,0.254958,4256,353,0.066121,0.000661,0.999,1.5
synth_cable_gland,011,trans,0.01,0.0,0.01,,2,0.0,0.01,0.001358,0.0,0.195467,4256,353,0.066121,0.000661,0.999,1.5
synth_cable_gland,011,trans,0.02,0.0,0.02,,0,0.0,0.02,0.001358,0.028299,0.342776,4256,353,0.066121,0.000661,0.999,1.5
synth_cable_gland,011,trans,0.02,0.0,0.02,,1,0.0,0.02,0.001358,0.08242,0.172805,4256,353,0.066121,0.000661,0.999,1.5
synth_cable_gland,011,trans,0.02,0.0,0.02,,2,0.0,0.02,0.001358,0.030067,0.209632,4256,353,0.066121,0.000661,0.999,1.5
synth_cable_gland,011,trans,0.04,0.0,0.04,,0,0.0,0.04,0.001358,0.524584,0.906516,4256,353,0.066121,0.000661,0.999,1.5
synth_cable_gland,011,trans,0.04,0.0,0.04,,1,0.0,0.04,0.001358,0.563495,0.206799,4256,353,0.066121,0.000661,0.999,1.5
synth_cable_gland,011,trans,0.04,0.0,0.04,,2,0.0,0.04,0.001358,0.170145,0.484419,4256,353,0.066121,0.000661,0.999,1.5
synth_cable_gland,011,trans,0.08,0.0,0.08,,0,0.0,0.08,0.001358,0.783162,0.654391,4256,353,0.066121,0.000661,0.999,1.5
synth_cable_gland,011,trans,0.08,0.0,0.08,,1,0.0,0.08,0.001358,0.917227,1.0,4256,353,0.066121,0.000661,0.999,1.5
synth_cable_gland,011,trans,0.08,0.0,0.08,,2,0.0,0.08,0.001358,0.837283,0.413598,4256,353,0.066121,0.000661,0.999,1.5
synth_cable_gland,012,rot,0.0,0.0,0.0,,0,0.0,0.0,0.001358,0.00207,0.219207,4256,479,0.066121,0.000661,0.999,1.5
synth_cable_gland,012,rot,0.0,0.0,0.0,,1,0.0,0.0,0.001358,0.00207,0.219207,4256,479,0.066121,0.000661,0.999,1.5
synth_cable_gland,012,rot,0.0,0.0,0.0,,2,0.0,0.0,0.001358,0.00207,0.219207,4256,479,0.066121,0.000661,0.999,1.5
synth_cable_gland,012,rot,0.25,0.25,0.0,,0,0.25,0.0,0.001358,0.00207,0.219207,4256,479,0.066121,0.000661,0.999,1.5
synth_cable_gland,012,rot,0.25,0.25,0.0,,1,0.25,0.0,0.001358,0.00207,0.219207,4256,479,0.066121,0.000661,0.999,1.5
synth_cable_gland,012,rot,0.25,0.25,0.0,,2,0.25,0.0,0.001358,0.00207,0.219207,4256,479,0.066121,0.000661,0.999,1.5
synth_cable_gland,012,rot,0.5,0.5,0.0,,0,0.5,0.0,0.001358,0.00207,0.221294,4256,479,0.066121,0.000661,0.999,1.5
synth_cable_gland,012,rot,0.5,0.5,0.0,,1,0.5,0.0,0.001358,0.00207,0.219207,4256,479,0.066121,0.000661,0.999,1.5
synth_cable_gland,012,rot,0.5,0.5,0.0,,2,0.5,0.0,0.001358,0.001553,0.223382,4256,479,0.066121,0.000661,0.999,1.5
synth_cable_gland,012,rot,1.0,1.0,0.0,,0,1.0,0.0,0.001358,0.002588,0.217119,4256,479,0.066121,0.000661,0.999,1.5
synth_cable_gland,012,rot,1.0,1.0,0.0,,1,1.0,0.0,0.001358,0.001553,0.22547,4256,479,0.066121,0.000661,0.999,1.5
synth_cable_gland,012,rot,1.0,1.0,0.0,,2,1.0,0.0,0.001358,0.00207,0.208768,4256,479,0.066121,0.000661,0.999,1.5
synth_cable_gland,012,rot,2.0,2.0,0.0,,0,2.0,0.0,0.001358,0.005176,0.202505,4256,479,0.066121,0.000661,0.999,1.5
synth_cable_gland,012,rot,2.0,2.0,0.0,,1,2.0,0.0,0.001358,0.005176,0.202505,4256,479,0.066121,0.000661,0.999,1.5
synth_cable_gland,012,rot,2.0,2.0,0.0,,2,2.0,0.0,0.001358,0.00207,0.242171,4256,479,0.066121,0.000661,0.999,1.5
synth_cable_gland,012,rot,4.0,4.0,0.0,,0,4.0,0.0,0.001358,0.032609,0.194154,4256,479,0.066121,0.000661,0.999,1.5
synth_cable_gland,012,rot,4.0,4.0,0.0,,1,4.0,0.0,0.001358,0.069876,0.187891,4256,479,0.066121,0.000661,0.999,1.5
synth_cable_gland,012,rot,4.0,4.0,0.0,,2,4.0,0.0,0.001358,0.061077,0.179541,4256,479,0.066121,0.000661,0.999,1.5
synth_cable_gland,012,rot,8.0,8.0,0.0,,0,8.0,0.0,0.001358,0.388716,0.217119,4256,479,0.066121,0.000661,0.999,1.5
synth_cable_gland,012,rot,8.0,8.0,0.0,,1,8.0,0.0,0.001358,0.436853,0.187891,4256,479,0.066121,0.000661,0.999,1.5
synth_cable_gland,012,rot,8.0,8.0,0.0,,2,8.0,0.0,0.001358,0.371636,0.263048,4256,479,0.066121,0.000661,0.999,1.5
synth_cable_gland,012,rot,16.0,16.0,0.0,,0,16.0,0.0,0.001358,0.608696,0.164927,4256,479,0.066121,0.000661,0.999,1.5
synth_cable_gland,012,rot,16.0,16.0,0.0,,1,16.0,0.0,0.001358,0.69824,0.60334,4256,479,0.066121,0.000661,0.999,1.5
synth_cable_gland,012,rot,16.0,16.0,0.0,,2,16.0,0.0,0.001358,0.633023,0.265136,4256,479,0.066121,0.000661,0.999,1.5
synth_cable_gland,012,trans,0.0,0.0,0.0,,0,0.0,0.0,0.001358,0.00207,0.219207,4256,479,0.066121,0.000661,0.999,1.5
synth_cable_gland,012,trans,0.0,0.0,0.0,,1,0.0,0.0,0.001358,0.00207,0.219207,4256,479,0.066121,0.000661,0.999,1.5
synth_cable_gland,012,trans,0.0,0.0,0.0,,2,0.0,0.0,0.001358,0.00207,0.219207,4256,479,0.066121,0.000661,0.999,1.5
synth_cable_gland,012,trans,0.0025,0.0,0.0025,,0,0.0,0.0025,0.001358,0.00207,0.229645,4256,479,0.066121,0.000661,0.999,1.5
synth_cable_gland,012,trans,0.0025,0.0,0.0025,,1,0.0,0.0025,0.001358,0.00207,0.246347,4256,479,0.066121,0.000661,0.999,1.5
synth_cable_gland,012,trans,0.0025,0.0,0.0025,,2,0.0,0.0025,0.001358,0.00207,0.240084,4256,479,0.066121,0.000661,0.999,1.5
synth_cable_gland,012,trans,0.005,0.0,0.005,,0,0.0,0.005,0.001358,0.001553,0.229645,4256,479,0.066121,0.000661,0.999,1.5
synth_cable_gland,012,trans,0.005,0.0,0.005,,1,0.0,0.005,0.001358,0.003106,0.279749,4256,479,0.066121,0.000661,0.999,1.5
synth_cable_gland,012,trans,0.005,0.0,0.005,,2,0.0,0.005,0.001358,0.001035,0.192067,4256,479,0.066121,0.000661,0.999,1.5
synth_cable_gland,012,trans,0.01,0.0,0.01,,0,0.0,0.01,0.001358,0.006211,0.308977,4256,479,0.066121,0.000661,0.999,1.5
synth_cable_gland,012,trans,0.01,0.0,0.01,,1,0.0,0.01,0.001358,0.00207,0.137787,4256,479,0.066121,0.000661,0.999,1.5
synth_cable_gland,012,trans,0.01,0.0,0.01,,2,0.0,0.01,0.001358,0.008799,0.354906,4256,479,0.066121,0.000661,0.999,1.5
synth_cable_gland,012,trans,0.02,0.0,0.02,,0,0.0,0.02,0.001358,0.115424,0.505219,4256,479,0.066121,0.000661,0.999,1.5
synth_cable_gland,012,trans,0.02,0.0,0.02,,1,0.0,0.02,0.001358,0.069358,0.194154,4256,479,0.066121,0.000661,0.999,1.5
synth_cable_gland,012,trans,0.02,0.0,0.02,,2,0.0,0.02,0.001358,0.150104,0.425887,4256,479,0.066121,0.000661,0.999,1.5
synth_cable_gland,012,trans,0.04,0.0,0.04,,0,0.0,0.04,0.001358,0.476708,0.425887,4256,479,0.066121,0.000661,0.999,1.5
synth_cable_gland,012,trans,0.04,0.0,0.04,,1,0.0,0.04,0.001358,0.504141,0.223382,4256,479,0.066121,0.000661,0.999,1.5
synth_cable_gland,012,trans,0.04,0.0,0.04,,2,0.0,0.04,0.001358,0.504658,0.250522,4256,479,0.066121,0.000661,0.999,1.5
synth_cable_gland,012,trans,0.08,0.0,0.08,,0,0.0,0.08,0.001358,0.828157,0.444676,4256,479,0.066121,0.000661,0.999,1.5
synth_cable_gland,012,trans,0.08,0.0,0.08,,1,0.0,0.08,0.001358,0.949793,1.0,4256,479,0.066121,0.000661,0.999,1.5
synth_cable_gland,012,trans,0.08,0.0,0.08,,2,0.0,0.08,0.001358,0.85766,1.0,4256,479,0.066121,0.000661,0.999,1.5
synth_cable_gland,013,rot,0.0,0.0,0.0,,0,0.0,0.0,0.001358,0.00287,0.228571,4256,315,0.066121,0.000661,0.999,1.5
synth_cable_gland,013,rot,0.0,0.0,0.0,,1,0.0,0.0,0.001358,0.00287,0.228571,4256,315,0.066121,0.000661,0.999,1.5
synth_cable_gland,013,rot,0.0,0.0,0.0,,2,0.0,0.0,0.001358,0.00287,0.228571,4256,315,0.066121,0.000661,0.999,1.5
synth_cable_gland,013,rot,0.25,0.25,0.0,,0,0.25,0.0,0.001358,0.002512,0.228571,4256,315,0.066121,0.000661,0.999,1.5
synth_cable_gland,013,rot,0.25,0.25,0.0,,1,0.25,0.0,0.001358,0.00287,0.222222,4256,315,0.066121,0.000661,0.999,1.5
synth_cable_gland,013,rot,0.25,0.25,0.0,,2,0.25,0.0,0.001358,0.00287,0.228571,4256,315,0.066121,0.000661,0.999,1.5
synth_cable_gland,013,rot,0.5,0.5,0.0,,0,0.5,0.0,0.001358,0.00287,0.222222,4256,315,0.066121,0.000661,0.999,1.5
synth_cable_gland,013,rot,0.5,0.5,0.0,,1,0.5,0.0,0.001358,0.002512,0.228571,4256,315,0.066121,0.000661,0.999,1.5
synth_cable_gland,013,rot,0.5,0.5,0.0,,2,0.5,0.0,0.001358,0.00287,0.222222,4256,315,0.066121,0.000661,0.999,1.5
synth_cable_gland,013,rot,1.0,1.0,0.0,,0,1.0,0.0,0.001358,0.002512,0.209524,4256,315,0.066121,0.000661,0.999,1.5
synth_cable_gland,013,rot,1.0,1.0,0.0,,1,1.0,0.0,0.001358,0.001076,0.238095,4256,315,0.066121,0.000661,0.999,1.5
synth_cable_gland,013,rot,1.0,1.0,0.0,,2,1.0,0.0,0.001358,0.002512,0.222222,4256,315,0.066121,0.000661,0.999,1.5
synth_cable_gland,013,rot,2.0,2.0,0.0,,0,2.0,0.0,0.001358,0.00287,0.238095,4256,315,0.066121,0.000661,0.999,1.5
synth_cable_gland,013,rot,2.0,2.0,0.0,,1,2.0,0.0,0.001358,0.005741,0.27619,4256,315,0.066121,0.000661,0.999,1.5
synth_cable_gland,013,rot,2.0,2.0,0.0,,2,2.0,0.0,0.001358,0.00287,0.295238,4256,315,0.066121,0.000661,0.999,1.5
synth_cable_gland,013,rot,4.0,4.0,0.0,,0,4.0,0.0,0.001358,0.027269,0.279365,4256,315,0.066121,0.000661,0.999,1.5
synth_cable_gland,013,rot,4.0,4.0,0.0,,1,4.0,0.0,0.001358,0.025475,0.203175,4256,315,0.066121,0.000661,0.999,1.5
synth_cable_gland,013,rot,4.0,4.0,0.0,,2,4.0,0.0,0.001358,0.024399,0.203175,4256,315,0.066121,0.000661,0.999,1.5
synth_cable_gland,013,rot,8.0,8.0,0.0,,0,8.0,0.0,0.001358,0.318622,0.228571,4256,315,0.066121,0.000661,0.999,1.5
synth_cable_gland,013,rot,8.0,8.0,0.0,,1,8.0,0.0,0.001358,0.249731,0.790476,4256,315,0.066121,0.000661,0.999,1.5
synth_cable_gland,013,rot,8.0,8.0,0.0,,2,8.0,0.0,0.001358,0.351991,0.273016,4256,315,0.066121,0.000661,0.999,1.5
synth_cable_gland,013,rot,16.0,16.0,0.0,,0,16.0,0.0,0.001358,0.691066,0.247619,4256,315,0.066121,0.000661,0.999,1.5
synth_cable_gland,013,rot,16.0,16.0,0.0,,1,16.0,0.0,0.001358,0.313958,0.428571,4256,315,0.066121,0.000661,0.999,1.5
synth_cable_gland,013,rot,16.0,16.0,0.0,,2,16.0,0.0,0.001358,0.576964,0.720635,4256,315,0.066121,0.000661,0.999,1.5
synth_cable_gland,013,trans,0.0,0.0,0.0,,0,0.0,0.0,0.001358,0.00287,0.228571,4256,315,0.066121,0.000661,0.999,1.5
synth_cable_gland,013,trans,0.0,0.0,0.0,,1,0.0,0.0,0.001358,0.00287,0.228571,4256,315,0.066121,0.000661,0.999,1.5
synth_cable_gland,013,trans,0.0,0.0,0.0,,2,0.0,0.0,0.001358,0.00287,0.228571,4256,315,0.066121,0.000661,0.999,1.5
synth_cable_gland,013,trans,0.0025,0.0,0.0025,,0,0.0,0.0025,0.001358,0.00287,0.244444,4256,315,0.066121,0.000661,0.999,1.5
synth_cable_gland,013,trans,0.0025,0.0,0.0025,,1,0.0,0.0025,0.001358,0.002153,0.209524,4256,315,0.066121,0.000661,0.999,1.5
synth_cable_gland,013,trans,0.0025,0.0,0.0025,,2,0.0,0.0025,0.001358,0.00287,0.238095,4256,315,0.066121,0.000661,0.999,1.5
synth_cable_gland,013,trans,0.005,0.0,0.005,,0,0.0,0.005,0.001358,0.002512,0.196825,4256,315,0.066121,0.000661,0.999,1.5
synth_cable_gland,013,trans,0.005,0.0,0.005,,1,0.0,0.005,0.001358,0.001435,0.193651,4256,315,0.066121,0.000661,0.999,1.5
synth_cable_gland,013,trans,0.005,0.0,0.005,,2,0.0,0.005,0.001358,0.003588,0.273016,4256,315,0.066121,0.000661,0.999,1.5
synth_cable_gland,013,trans,0.01,0.0,0.01,,0,0.0,0.01,0.001358,0.006459,0.295238,4256,315,0.066121,0.000661,0.999,1.5
synth_cable_gland,013,trans,0.01,0.0,0.01,,1,0.0,0.01,0.001358,0.003588,0.279365,4256,315,0.066121,0.000661,0.999,1.5
synth_cable_gland,013,trans,0.01,0.0,0.01,,2,0.0,0.01,0.001358,0.007535,0.326984,4256,315,0.066121,0.000661,0.999,1.5
synth_cable_gland,013,trans,0.02,0.0,0.02,,0,0.0,0.02,0.001358,0.067456,0.225397,4256,315,0.066121,0.000661,0.999,1.5
synth_cable_gland,013,trans,0.02,0.0,0.02,,1,0.0,0.02,0.001358,0.032652,0.457143,4256,315,0.066121,0.000661,0.999,1.5
synth_cable_gland,013,trans,0.02,0.0,0.02,,2,0.0,0.02,0.001358,0.085396,0.234921,4256,315,0.066121,0.000661,0.999,1.5
synth_cable_gland,013,trans,0.04,0.0,0.04,,0,0.0,0.04,0.001358,0.390025,0.444444,4256,315,0.066121,0.000661,0.999,1.5
synth_cable_gland,013,trans,0.04,0.0,0.04,,1,0.0,0.04,0.001358,0.548619,0.6,4256,315,0.066121,0.000661,0.999,1.5
synth_cable_gland,013,trans,0.04,0.0,0.04,,2,0.0,0.04,0.001358,0.578041,0.311111,4256,315,0.066121,0.000661,0.999,1.5
synth_cable_gland,013,trans,0.08,0.0,0.08,,0,0.0,0.08,0.001358,0.767133,0.847619,4256,315,0.066121,0.000661,0.999,1.5
synth_cable_gland,013,trans,0.08,0.0,0.08,,1,0.0,0.08,0.001358,0.771439,0.955556,4256,315,0.066121,0.000661,0.999,1.5
synth_cable_gland,013,trans,0.08,0.0,0.08,,2,0.0,0.08,0.001358,0.876211,0.746032,4256,315,0.066121,0.000661,0.999,1.5
synth_cable_gland,014,rot,0.0,0.0,0.0,,0,0.0,0.0,0.001358,0.002182,0.306962,4256,316,0.066121,0.000661,0.999,1.5
synth_cable_gland,014,rot,0.0,0.0,0.0,,1,0.0,0.0,0.001358,0.002182,0.306962,4256,316,0.066121,0.000661,0.999,1.5
synth_cable_gland,014,rot,0.0,0.0,0.0,,2,0.0,0.0,0.001358,0.002182,0.306962,4256,316,0.066121,0.000661,0.999,1.5
synth_cable_gland,014,rot,0.25,0.25,0.0,,0,0.25,0.0,0.001358,0.002182,0.306962,4256,316,0.066121,0.000661,0.999,1.5
synth_cable_gland,014,rot,0.25,0.25,0.0,,1,0.25,0.0,0.001358,0.002182,0.313291,4256,316,0.066121,0.000661,0.999,1.5
synth_cable_gland,014,rot,0.25,0.25,0.0,,2,0.25,0.0,0.001358,0.001091,0.300633,4256,316,0.066121,0.000661,0.999,1.5
synth_cable_gland,014,rot,0.5,0.5,0.0,,0,0.5,0.0,0.001358,0.002545,0.316456,4256,316,0.066121,0.000661,0.999,1.5
synth_cable_gland,014,rot,0.5,0.5,0.0,,1,0.5,0.0,0.001358,0.001455,0.300633,4256,316,0.066121,0.000661,0.999,1.5
synth_cable_gland,014,rot,0.5,0.5,0.0,,2,0.5,0.0,0.001358,0.001091,0.294304,4256,316,0.066121,0.000661,0.999,1.5
synth_cable_gland,014,rot,1.0,1.0,0.0,,0,1.0,0.0,0.001358,0.001818,0.338608,4256,316,0.066121,0.000661,0.999,1.5
synth_cable_gland,014,rot,1.0,1.0,0.0,,1,1.0,0.0,0.001358,0.002545,0.300633,4256,316,0.066121,0.000661,0.999,1.5
synth_cable_gland,014,rot,1.0,1.0,0.0,,2,1.0,0.0,0.001358,0.001455,0.329114,4256,316,0.066121,0.000661,0.999,1.5
synth_cable_gland,014,rot,2.0,2.0,0.0,,0,2.0,0.0,0.001358,0.002545,0.221519,4256,316,0.066121,0.000661,0.999,1.5
synth_cable_gland,014,rot,2.0,2.0,0.0,,1,2.0,0.0,0.001358,0.003636,0.351266,4256,316,0.066121,0.000661,0.999,1.5
synth_cable_gland,014,rot,2.0,2.0,0.0,,2,2.0,0.0,0.001358,0.001818,0.243671,4256,316,0.066121,0.000661,0.999,1.5
synth_cable_gland,014,rot,4.0,4.0,0.0,,0,4.0,0.0,0.001358,0.025455,0.392405,4256,316,0.066121,0.000661,0.999,1.5
synth_cable_gland,014,rot,4.0,4.0,0.0,,1,4.0,0.0,0.001358,0.049818,0.297468,4256,316,0.066121,0.000661,0.999,1.5
synth_cable_gland,014,rot,4.0,4.0,0.0,,2,4.0,0.0,0.001358,0.042545,0.25,4256,316,0.066121,0.000661,0.999,1.5
synth_cable_gland,014,rot,8.0,8.0,0.0,,0,8.0,0.0,0.001358,0.298545,0.110759,4256,316,0.066121,0.000661,0.999,1.5
synth_cable_gland,014,rot,8.0,8.0,0.0,,1,8.0,0.0,0.001358,0.178909,0.528481,4256,316,0.066121,0.000661,0.999,1.5
synth_cable_gland,014,rot,8.0,8.0,0.0,,2,8.0,0.0,0.001358,0.374182,0.14557,4256,316,0.066121,0.000661,0.999,1.5
synth_cable_gland,014,rot,16.0,16.0,0.0,,0,16.0,0.0,0.001358,0.510545,0.091772,4256,316,0.066121,0.000661,0.999,1.5
synth_cable_gland,014,rot,16.0,16.0,0.0,,1,16.0,0.0,0.001358,0.624,0.177215,4256,316,0.066121,0.000661,0.999,1.5
synth_cable_gland,014,rot,16.0,16.0,0.0,,2,16.0,0.0,0.001358,0.626182,0.825949,4256,316,0.066121,0.000661,0.999,1.5
synth_cable_gland,014,trans,0.0,0.0,0.0,,0,0.0,0.0,0.001358,0.002182,0.306962,4256,316,0.066121,0.000661,0.999,1.5
synth_cable_gland,014,trans,0.0,0.0,0.0,,1,0.0,0.0,0.001358,0.002182,0.306962,4256,316,0.066121,0.000661,0.999,1.5
synth_cable_gland,014,trans,0.0,0.0,0.0,,2,0.0,0.0,0.001358,0.002182,0.306962,4256,316,0.066121,0.000661,0.999,1.5
synth_cable_gland,014,trans,0.0025,0.0,0.0025,,0,0.0,0.0025,0.001358,0.002182,0.297468,4256,316,0.066121,0.000661,0.999,1.5
synth_cable_gland,014,trans,0.0025,0.0,0.0025,,1,0.0,0.0025,0.001358,0.001455,0.310127,4256,316,0.066121,0.000661,0.999,1.5
synth_cable_gland,014,trans,0.0025,0.0,0.0025,,2,0.0,0.0025,0.001358,0.002182,0.310127,4256,316,0.066121,0.000661,0.999,1.5
synth_cable_gland,014,trans,0.005,0.0,0.005,,0,0.0,0.005,0.001358,0.001818,0.246835,4256,316,0.066121,0.000661,0.999,1.5
synth_cable_gland,014,trans,0.005,0.0,0.005,,1,0.0,0.005,0.001358,0.002545,0.335443,4256,316,0.066121,0.000661,0.999,1.5
synth_cable_gland,014,trans,0.005,0.0,0.005,,2,0.0,0.005,0.001358,0.002545,0.28481,4256,316,0.066121,0.000661,0.999,1.5
synth_cable_gland,014,trans,0.01,0.0,0.01,,0,0.0,0.01,0.001358,0.001091,0.177215,4256,316,0.066121,0.000661,0.999,1.5
synth_cable_gland,014,trans,0.01,0.0,0.01,,1,0.0,0.01,0.001358,0.005818,0.351266,4256,316,0.066121,0.000661,0.999,1.5
synth_cable_gland,014,trans,0.01,0.0,0.01,,2,0.0,0.01,0.001358,0.004364,0.357595,4256,316,0.066121,0.000661,0.999,1.5
synth_cable_gland,014,trans,0.02,0.0,0.02,,0,0.0,0.02,0.001358,0.045818,0.212025,4256,316,0.066121,0.000661,0.999,1.5
synth_cable_gland,014,trans,0.02,0.0,0.02,,1,0.0,0.02,0.001358,0.091636,0.610759,4256,316,0.066121,0.000661,0.999,1.5
synth_cable_gland,014,trans,0.02,0.0,0.02,,2,0.0,0.02,0.001358,0.050182,0.360759,4256,316,0.066121,0.000661,0.999,1.5
synth_cable_gland,014,trans,0.04,0.0,0.04,,0,0.0,0.04,0.001358,0.606182,0.167722,4256,316,0.066121,0.000661,0.999,1.5
synth_cable_gland,014,trans,0.04,0.0,0.04,,1,0.0,0.04,0.001358,0.663273,0.322785,4256,316,0.066121,0.000661,0.999,1.5
synth_cable_gland,014,trans,0.04,0.0,0.04,,2,0.0,0.04,0.001358,0.374545,0.303797,4256,316,0.066121,0.000661,0.999,1.5
synth_cable_gland,014,trans,0.08,0.0,0.08,,0,0.0,0.08,0.001358,0.740727,0.471519,4256,316,0.066121,0.000661,0.999,1.5
synth_cable_gland,014,trans,0.08,0.0,0.08,,1,0.0,0.08,0.001358,0.84,0.655063,4256,316,0.066121,0.000661,0.999,1.5
synth_cable_gland,014,trans,0.08,0.0,0.08,,2,0.0,0.08,0.001358,0.775273,0.829114,4256,316,0.066121,0.000661,0.999,1.5
synth_cable_gland,015,rot,0.0,0.0,0.0,,0,0.0,0.0,0.001358,0.002663,0.273273,4256,333,0.066121,0.000661,0.999,1.5
synth_cable_gland,015,rot,0.0,0.0,0.0,,1,0.0,0.0,0.001358,0.002663,0.273273,4256,333,0.066121,0.000661,0.999,1.5
synth_cable_gland,015,rot,0.0,0.0,0.0,,2,0.0,0.0,0.001358,0.002663,0.273273,4256,333,0.066121,0.000661,0.999,1.5
synth_cable_gland,015,rot,0.25,0.25,0.0,,0,0.25,0.0,0.001358,0.001775,0.27027,4256,333,0.066121,0.000661,0.999,1.5
synth_cable_gland,015,rot,0.25,0.25,0.0,,1,0.25,0.0,0.001358,0.002663,0.276276,4256,333,0.066121,0.000661,0.999,1.5
synth_cable_gland,015,rot,0.25,0.25,0.0,,2,0.25,0.0,0.001358,0.002219,0.276276,4256,333,0.066121,0.000661,0.999,1.5
synth_cable_gland,015,rot,0.5,0.5,0.0,,0,0.5,0.0,0.001358,0.002663,0.279279,4256,333,0.066121,0.000661,0.999,1.5
synth_cable_gland,015,rot,0.5,0.5,0.0,,1,0.5,0.0,0.001358,0.002663,0.273273,4256,333,0.066121,0.000661,0.999,1.5
synth_cable_gland,015,rot,0.5,0.5,0.0,,2,0.5,0.0,0.001358,0.001775,0.252252,4256,333,0.066121,0.000661,0.999,1.5
synth_cable_gland,015,rot,1.0,1.0,0.0,,0,1.0,0.0,0.001358,0.002663,0.267267,4256,333,0.066121,0.000661,0.999,1.5
synth_cable_gland,015,rot,1.0,1.0,0.0,,1,1.0,0.0,0.001358,0.003995,0.27027,4256,333,0.066121,0.000661,0.999,1.5
synth_cable_gland,015,rot,1.0,1.0,0.0,,2,1.0,0.0,0.001358,0.002663,0.243243,4256,333,0.066121,0.000661,0.999,1.5
synth_cable_gland,015,rot,2.0,2.0,0.0,,0,2.0,0.0,0.001358,0.006214,0.333333,4256,333,0.066121,0.000661,0.999,1.5
synth_cable_gland,015,rot,2.0,2.0,0.0,,1,2.0,0.0,0.001358,0.005326,0.261261,4256,333,0.066121,0.000661,0.999,1.5
synth_cable_gland,015,rot,2.0,2.0,0.0,,2,2.0,0.0,0.001358,0.004882,0.255255,4256,333,0.066121,0.000661,0.999,1.5
synth_cable_gland,015,rot,4.0,4.0,0.0,,0,4.0,0.0,0.001358,0.044829,0.24024,4256,333,0.066121,0.000661,0.999,1.5
synth_cable_gland,015,rot,4.0,4.0,0.0,,1,4.0,0.0,0.001358,0.010652,0.189189,4256,333,0.066121,0.000661,0.999,1.5
synth_cable_gland,015,rot,4.0,4.0,0.0,,2,4.0,0.0,0.001358,0.013759,0.177177,4256,333,0.066121,0.000661,0.999,1.5
synth_cable_gland,015,rot,8.0,8.0,0.0,,0,8.0,0.0,0.001358,0.328895,0.399399,4256,333,0.066121,0.000661,0.999,1.5
synth_cable_gland,015,rot,8.0,8.0,0.0,,1,8.0,0.0,0.001358,0.099867,0.681682,4256,333,0.066121,0.000661,0.999,1.5
synth_cable_gland,015,rot,8.0,8.0,0.0,,2,8.0,0.0,0.001358,0.358189,0.336336,4256,333,0.066121,0.000661,0.999,1.5
synth_cable_gland,015,rot,16.0,16.0,0.0,,0,16.0,0.0,0.001358,0.656014,0.381381,4256,333,0.066121,0.000661,0.999,1.5
synth_cable_gland,015,rot,16.0,16.0,0.0,,1,16.0,0.0,0.001358,0.636929,0.93994,4256,333,0.066121,0.000661,0.999,1.5
synth_cable_gland,015,rot,16.0,16.0,0.0,,2,16.0,0.0,0.001358,0.488238,0.231231,4256,333,0.066121,0.000661,0.999,1.5
synth_cable_gland,015,trans,0.0,0.0,0.0,,0,0.0,0.0,0.001358,0.002663,0.273273,4256,333,0.066121,0.000661,0.999,1.5
synth_cable_gland,015,trans,0.0,0.0,0.0,,1,0.0,0.0,0.001358,0.002663,0.273273,4256,333,0.066121,0.000661,0.999,1.5
synth_cable_gland,015,trans,0.0,0.0,0.0,,2,0.0,0.0,0.001358,0.002663,0.273273,4256,333,0.066121,0.000661,0.999,1.5
synth_cable_gland,015,trans,0.0025,0.0,0.0025,,0,0.0,0.0025,0.001358,0.002219,0.273273,4256,333,0.066121,0.000661,0.999,1.5
synth_cable_gland,015,trans,0.0025,0.0,0.0025,,1,0.0,0.0025,0.001358,0.002219,0.252252,4256,333,0.066121,0.000661,0.999,1.5
synth_cable_gland,015,trans,0.0025,0.0,0.0025,,2,0.0,0.0025,0.001358,0.004439,0.285285,4256,333,0.066121,0.000661,0.999,1.5
synth_cable_gland,015,trans,0.005,0.0,0.005,,0,0.0,0.005,0.001358,0.004882,0.288288,4256,333,0.066121,0.000661,0.999,1.5
synth_cable_gland,015,trans,0.005,0.0,0.005,,1,0.0,0.005,0.001358,0.003107,0.306306,4256,333,0.066121,0.000661,0.999,1.5
synth_cable_gland,015,trans,0.005,0.0,0.005,,2,0.0,0.005,0.001358,0.003551,0.306306,4256,333,0.066121,0.000661,0.999,1.5
synth_cable_gland,015,trans,0.01,0.0,0.01,,0,0.0,0.01,0.001358,0.006214,0.273273,4256,333,0.066121,0.000661,0.999,1.5
synth_cable_gland,015,trans,0.01,0.0,0.01,,1,0.0,0.01,0.001358,0.008433,0.393393,4256,333,0.066121,0.000661,0.999,1.5
synth_cable_gland,015,trans,0.01,0.0,0.01,,2,0.0,0.01,0.001358,0.012428,0.378378,4256,333,0.066121,0.000661,0.999,1.5
synth_cable_gland,015,trans,0.02,0.0,0.02,,0,0.0,0.02,0.001358,0.049711,0.18018,4256,333,0.066121,0.000661,0.999,1.5
synth_cable_gland,015,trans,0.02,0.0,0.02,,1,0.0,0.02,0.001358,0.027519,0.177177,4256,333,0.066121,0.000661,0.999,1.5
synth_cable_gland,015,trans,0.02,0.0,0.02,,2,0.0,0.02,0.001358,0.041278,0.111111,4256,333,0.066121,0.000661,0.999,1.5
synth_cable_gland,015,trans,0.04,0.0,0.04,,0,0.0,0.04,0.001358,0.395473,0.567568,4256,333,0.066121,0.000661,0.999,1.5
synth_cable_gland,015,trans,0.04,0.0,0.04,,1,0.0,0.04,0.001358,0.186862,0.411411,4256,333,0.066121,0.000661,0.999,1.5
synth_cable_gland,015,trans,0.04,0.0,0.04,,2,0.0,0.04,0.001358,0.500666,0.417417,4256,333,0.066121,0.000661,0.999,1.5
synth_cable_gland,015,trans,0.08,0.0,0.08,,0,0.0,0.08,0.001358,0.393697,0.684685,4256,333,0.066121,0.000661,0.999,1.5
synth_cable_gland,015,trans,0.08,0.0,0.08,,1,0.0,0.08,0.001358,0.870839,0.588589,4256,333,0.066121,0.000661,0.999,1.5
synth_cable_gland,015,trans,0.08,0.0,0.08,,2,0.0,0.08,0.001358,0.727918,0.54955,4256,333,0.066121,0.000661,0.999,1.5
synth_cable_gland,016,rot,0.0,0.0,0.0,,0,0.0,0.0,0.001358,0.00247,0.284946,4256,372,0.066121,0.000661,0.999,1.5
synth_cable_gland,016,rot,0.0,0.0,0.0,,1,0.0,0.0,0.001358,0.00247,0.284946,4256,372,0.066121,0.000661,0.999,1.5
synth_cable_gland,016,rot,0.0,0.0,0.0,,2,0.0,0.0,0.001358,0.00247,0.284946,4256,372,0.066121,0.000661,0.999,1.5
synth_cable_gland,016,rot,0.25,0.25,0.0,,0,0.25,0.0,0.001358,0.00247,0.293011,4256,372,0.066121,0.000661,0.999,1.5
synth_cable_gland,016,rot,0.25,0.25,0.0,,1,0.25,0.0,0.001358,0.00247,0.284946,4256,372,0.066121,0.000661,0.999,1.5
synth_cable_gland,016,rot,0.25,0.25,0.0,,2,0.25,0.0,0.001358,0.00247,0.290323,4256,372,0.066121,0.000661,0.999,1.5
synth_cable_gland,016,rot,0.5,0.5,0.0,,0,0.5,0.0,0.001358,0.00247,0.274194,4256,372,0.066121,0.000661,0.999,1.5
synth_cable_gland,016,rot,0.5,0.5,0.0,,1,0.5,0.0,0.001358,0.00247,0.290323,4256,372,0.066121,0.000661,0.999,1.5
synth_cable_gland,016,rot,0.5,0.5,0.0,,2,0.5,0.0,0.001358,0.00247,0.290323,4256,372,0.066121,0.000661,0.999,1.5
synth_cable_gland,016,rot,1.0,1.0,0.0,,0,1.0,0.0,0.001358,0.001235,0.260753,4256,372,0.066121,0.000661,0.999,1.5
synth_cable_gland,016,rot,1.0,1.0,0.0,,1,1.0,0.0,0.001358,0.00247,0.303763,4256,372,0.066121,0.000661,0.999,1.5
synth_cable_gland,016,rot,1.0,1.0,0.0,,2,1.0,0.0,0.001358,0.002882,0.263441,4256,372,0.066121,0.000661,0.999,1.5
synth_cable_gland,016,rot,2.0,2.0,0.0,,0,2.0,0.0,0.001358,0.005352,0.268817,4256,372,0.066121,0.000661,0.999,1.5
synth_cable_gland,016,rot,2.0,2.0,0.0,,1,2.0,0.0,0.001358,0.001647,0.255376,4256,372,0.066121,0.000661,0.999,1.5
synth_cable_gland,016,rot,2.0,2.0,0.0,,2,2.0,0.0,0.001358,0.000823,0.266129,4256,372,0.066121,0.000661,0.999,1.5
synth_cable_gland,016,rot,4.0,4.0,0.0,,0,4.0,0.0,0.001358,0.047345,0.263441,4256,372,0.066121,0.000661,0.999,1.5
synth_cable_gland,016,rot,4.0,4.0,0.0,,1,4.0,0.0,0.001358,0.035406,0.30914,4256,372,0.066121,0.000661,0.999,1.5
synth_cable_gland,016,rot,4.0,4.0,0.0,,2,4.0,0.0,0.001358,0.051462,0.247312,4256,372,0.066121,0.000661,0.999,1.5
synth_cable_gland,016,rot,8.0,8.0,0.0,,0,8.0,0.0,0.001358,0.360231,0.319892,4256,372,0.066121,0.000661,0.999,1.5
synth_cable_gland,016,rot,8.0,8.0,0.0,,1,8.0,0.0,0.001358,0.381639,0.206989,4256,372,0.066121,0.000661,0.999,1.5
synth_cable_gland,016,rot,8.0,8.0,0.0,,2,8.0,0.0,0.001358,0.268012,0.33871,4256,372,0.066121,0.000661,0.999,1.5
synth_cable_gland,016,rot,16.0,16.0,0.0,,0,16.0,0.0,0.001358,0.61548,0.416667,4256,372,0.066121,0.000661,0.999,1.5
synth_cable_gland,016,rot,16.0,16.0,0.0,,1,16.0,0.0,0.001358,0.688349,0.400538,4256,372,0.066121,0.000661,0.999,1.5
synth_cable_gland,016,rot,16.0,16.0,0.0,,2,16.0,0.0,0.001358,0.647592,0.435484,4256,372,0.066121,0.000661,0.999,1.5
synth_cable_gland,016,trans,0.0,0.0,0.0,,0,0.0,0.0,0.001358,0.00247,0.284946,4256,372,0.066121,0.000661,0.999,1.5
synth_cable_gland,016,trans,0.0,0.0,0.0,,1,0.0,0.0,0.001358,0.00247,0.284946,4256,372,0.066121,0.000661,0.999,1.5
synth_cable_gland,016,trans,0.0,0.0,0.0,,2,0.0,0.0,0.001358,0.00247,0.284946,4256,372,0.066121,0.000661,0.999,1.5
synth_cable_gland,016,trans,0.0025,0.0,0.0025,,0,0.0,0.0025,0.001358,0.00247,0.298387,4256,372,0.066121,0.000661,0.999,1.5
synth_cable_gland,016,trans,0.0025,0.0,0.0025,,1,0.0,0.0025,0.001358,0.00247,0.27957,4256,372,0.066121,0.000661,0.999,1.5
synth_cable_gland,016,trans,0.0025,0.0,0.0025,,2,0.0,0.0025,0.001358,0.00247,0.295699,4256,372,0.066121,0.000661,0.999,1.5
synth_cable_gland,016,trans,0.005,0.0,0.005,,0,0.0,0.005,0.001358,0.002882,0.306452,4256,372,0.066121,0.000661,0.999,1.5
synth_cable_gland,016,trans,0.005,0.0,0.005,,1,0.0,0.005,0.001358,0.001235,0.258065,4256,372,0.066121,0.000661,0.999,1.5
synth_cable_gland,016,trans,0.005,0.0,0.005,,2,0.0,0.005,0.001358,0.001647,0.263441,4256,372,0.066121,0.000661,0.999,1.5
synth_cable_gland,016,trans,0.01,0.0,0.01,,0,0.0,0.01,0.001358,0.001647,0.231183,4256,372,0.066121,0.000661,0.999,1.5
synth_cable_gland,016,trans,0.01,0.0,0.01,,1,0.0,0.01,0.001358,0.00247,0.274194,4256,372,0.066121,0.000661,0.999,1.5
synth_cable_gland,016,trans,0.01,0.0,0.01,,2,0.0,0.01,0.001358,0.004117,0.314516,4256,372,0.066121,0.000661,0.999,1.5
synth_cable_gland,016,trans,0.02,0.0,0.02,,0,0.0,0.02,0.001358,0.032935,0.255376,4256,372,0.066121,0.000661,0.999,1.5
synth_cable_gland,016,trans,0.02,0.0,0.02,,1,0.0,0.02,0.001358,0.043228,0.303763,4256,372,0.066121,0.000661,0.999,1.5
synth_cable_gland,016,trans,0.02,0.0,0.02,,2,0.0,0.02,0.001358,0.060107,0.419355,4256,372,0.066121,0.000661,0.999,1.5
synth_cable_gland,016,trans,0.04,0.0,0.04,,0,0.0,0.04,0.001358,0.834911,0.287634,4256,372,0.066121,0.000661,0.999,1.5
synth_cable_gland,016,trans,0.04,0.0,0.04,,1,0.0,0.04,0.001358,0.608893,0.228495,4256,372,0.066121,0.000661,0.999,1.5
synth_cable_gland,016,trans,0.04,0.0,0.04,,2,0.0,0.04,0.001358,0.847674,0.306452,4256,372,0.066121,0.000661,0.999,1.5
synth_cable_gland,016,trans,0.08,0.0,0.08,,0,0.0,0.08,0.001358,0.677645,0.287634,4256,372,0.066121,0.000661,0.999,1.5
synth_cable_gland,016,trans,0.08,0.0,0.08,,1,0.0,0.08,0.001358,0.935364,0.518817,4256,372,0.066121,0.000661,0.999,1.5
synth_cable_gland,016,trans,0.08,0.0,0.08,,2,0.0,0.08,0.001358,0.984767,0.741935,4256,372,0.066121,0.000661,0.999,1.5
synth_cable_gland,017,rot,0.0,0.0,0.0,,0,0.0,0.0,0.001358,0.001271,0.290541,4256,148,0.066121,0.000661,0.999,1.5
synth_cable_gland,017,rot,0.0,0.0,0.0,,1,0.0,0.0,0.001358,0.001271,0.290541,4256,148,0.066121,0.000661,0.999,1.5
synth_cable_gland,017,rot,0.0,0.0,0.0,,2,0.0,0.0,0.001358,0.001271,0.290541,4256,148,0.066121,0.000661,0.999,1.5
synth_cable_gland,017,rot,0.25,0.25,0.0,,0,0.25,0.0,0.001358,0.001271,0.290541,4256,148,0.066121,0.000661,0.999,1.5
synth_cable_gland,017,rot,0.25,0.25,0.0,,1,0.25,0.0,0.001358,0.001271,0.27027,4256,148,0.066121,0.000661,0.999,1.5
synth_cable_gland,017,rot,0.25,0.25,0.0,,2,0.25,0.0,0.001358,0.001271,0.277027,4256,148,0.066121,0.000661,0.999,1.5
synth_cable_gland,017,rot,0.5,0.5,0.0,,0,0.5,0.0,0.001358,0.000636,0.277027,4256,148,0.066121,0.000661,0.999,1.5
synth_cable_gland,017,rot,0.5,0.5,0.0,,1,0.5,0.0,0.001358,0.001271,0.263514,4256,148,0.066121,0.000661,0.999,1.5
synth_cable_gland,017,rot,0.5,0.5,0.0,,2,0.5,0.0,0.001358,0.001271,0.283784,4256,148,0.066121,0.000661,0.999,1.5
synth_cable_gland,017,rot,1.0,1.0,0.0,,0,1.0,0.0,0.001358,0.001589,0.27027,4256,148,0.066121,0.000661,0.999,1.5
synth_cable_gland,017,rot,1.0,1.0,0.0,,1,1.0,0.0,0.001358,0.000953,0.297297,4256,148,0.066121,0.000661,0.999,1.5
synth_cable_gland,017,rot,1.0,1.0,0.0,,2,1.0,0.0,0.001358,0.002224,0.290541,4256,148,0.066121,0.000661,0.999,1.5
synth_cable_gland,017,rot,2.0,2.0,0.0,,0,2.0,0.0,0.001358,0.00286,0.310811,4256,148,0.066121,0.000661,0.999,1.5
synth_cable_gland,017,rot,2.0,2.0,0.0,,1,2.0,0.0,0.001358,0.000636,0.22973,4256,148,0.066121,0.000661,0.999,1.5
synth_cable_gland,017,rot,2.0,2.0,0.0,,2,2.0,0.0,0.001358,0.004131,0.324324,4256,148,0.066121,0.000661,0.999,1.5
synth_cable_gland,017,rot,4.0,4.0,0.0,,0,4.0,0.0,0.001358,0.018112,0.418919,4256,148,0.066121,0.000661,0.999,1.5
synth_cable_gland,017,rot,4.0,4.0,0.0,,1,4.0,0.0,0.001358,0.011122,0.371622,4256,148,0.066121,0.000661,0.999,1.5
synth_cable_gland,017,rot,4.0,4.0,0.0,,2,4.0,0.0,0.001358,0.005084,0.189189,4256,148,0.066121,0.000661,0.999,1.5
synth_cable_gland,017,rot,8.0,8.0,0.0,,0,8.0,0.0,0.001358,0.194153,0.831081,4256,148,0.066121,0.000661,0.999,1.5
synth_cable_gland,017,rot,8.0,8.0,0.0,,1,8.0,0.0,0.001358,0.295202,0.425676,4256,148,0.066121,0.000661,0.999,1.5
synth_cable_gland,017,rot,8.0,8.0,0.0,,2,8.0,0.0,0.001358,0.053066,0.554054,4256,148,0.066121,0.000661,0.999,1.5
synth_cable_gland,017,rot,16.0,16.0,0.0,,0,16.0,0.0,0.001358,0.529393,0.837838,4256,148,0.066121,0.000661,0.999,1.5
synth_cable_gland,017,rot,16.0,16.0,0.0,,1,16.0,0.0,0.001358,0.523673,0.858108,4256,148,0.066121,0.000661,0.999,1.5
synth_cable_gland,017,rot,16.0,16.0,0.0,,2,16.0,0.0,0.001358,0.576104,0.945946,4256,148,0.066121,0.000661,0.999,1.5
synth_cable_gland,017,trans,0.0,0.0,0.0,,0,0.0,0.0,0.001358,0.001271,0.290541,4256,148,0.066121,0.000661,0.999,1.5
synth_cable_gland,017,trans,0.0,0.0,0.0,,1,0.0,0.0,0.001358,0.001271,0.290541,4256,148,0.066121,0.000661,0.999,1.5
synth_cable_gland,017,trans,0.0,0.0,0.0,,2,0.0,0.0,0.001358,0.001271,0.290541,4256,148,0.066121,0.000661,0.999,1.5
synth_cable_gland,017,trans,0.0025,0.0,0.0025,,0,0.0,0.0025,0.001358,0.000636,0.290541,4256,148,0.066121,0.000661,0.999,1.5
synth_cable_gland,017,trans,0.0025,0.0,0.0025,,1,0.0,0.0025,0.001358,0.001271,0.290541,4256,148,0.066121,0.000661,0.999,1.5
synth_cable_gland,017,trans,0.0025,0.0,0.0025,,2,0.0,0.0025,0.001358,0.001907,0.263514,4256,148,0.066121,0.000661,0.999,1.5
synth_cable_gland,017,trans,0.005,0.0,0.005,,0,0.0,0.005,0.001358,0.001589,0.256757,4256,148,0.066121,0.000661,0.999,1.5
synth_cable_gland,017,trans,0.005,0.0,0.005,,1,0.0,0.005,0.001358,0.002224,0.283784,4256,148,0.066121,0.000661,0.999,1.5
synth_cable_gland,017,trans,0.005,0.0,0.005,,2,0.0,0.005,0.001358,0.000636,0.297297,4256,148,0.066121,0.000661,0.999,1.5
synth_cable_gland,017,trans,0.01,0.0,0.01,,0,0.0,0.01,0.001358,0.001271,0.304054,4256,148,0.066121,0.000661,0.999,1.5
synth_cable_gland,017,trans,0.01,0.0,0.01,,1,0.0,0.01,0.001358,0.002542,0.391892,4256,148,0.066121,0.000661,0.999,1.5
synth_cable_gland,017,trans,0.01,0.0,0.01,,2,0.0,0.01,0.001358,0.004449,0.277027,4256,148,0.066121,0.000661,0.999,1.5
synth_cable_gland,017,trans,0.02,0.0,0.02,,0,0.0,0.02,0.001358,0.044805,0.432432,4256,148,0.066121,0.000661,0.999,1.5
synth_cable_gland,017,trans,0.02,0.0,0.02,,1,0.0,0.02,0.001358,0.040038,0.324324,4256,148,0.066121,0.000661,0.999,1.5
synth_cable_gland,017,trans,0.02,0.0,0.02,,2,0.0,0.02,0.001358,0.01843,0.256757,4256,148,0.066121,0.000661,0.999,1.5
synth_cable_gland,017,trans,0.04,0.0,0.04,,0,0.0,0.04,0.001358,0.527486,0.513514,4256,148,0.066121,0.000661,0.999,1.5
synth_cable_gland,017,trans,0.04,0.0,0.04,,1,0.0,0.04,0.001358,0.243724,0.405405,4256,148,0.066121,0.000661,0.999,1.5
synth_cable_gland,017,trans,0.04,0.0,0.04,,2,0.0,0.04,0.001358,0.507467,0.5,4256,148,0.066121,0.000661,0.999,1.5
synth_cable_gland,017,trans,0.08,0.0,0.08,,0,0.0,0.08,0.001358,0.430569,0.932432,4256,148,0.066121,0.000661,0.999,1.5
synth_cable_gland,017,trans,0.08,0.0,0.08,,1,0.0,0.08,0.001358,0.866222,0.72973,4256,148,0.066121,0.000661,0.999,1.5
synth_cable_gland,017,trans,0.08,0.0,0.08,,2,0.0,0.08,0.001358,0.753098,0.756757,4256,148,0.066121,0.000661,0.999,1.5
synth_cable_gland,018,rot,0.0,0.0,0.0,,0,0.0,0.0,0.001358,0.002782,0.267296,4256,318,0.066121,0.000661,0.999,1.5
synth_cable_gland,018,rot,0.0,0.0,0.0,,1,0.0,0.0,0.001358,0.002782,0.267296,4256,318,0.066121,0.000661,0.999,1.5
synth_cable_gland,018,rot,0.0,0.0,0.0,,2,0.0,0.0,0.001358,0.002782,0.267296,4256,318,0.066121,0.000661,0.999,1.5
synth_cable_gland,018,rot,0.25,0.25,0.0,,0,0.25,0.0,0.001358,0.002782,0.261006,4256,318,0.066121,0.000661,0.999,1.5
synth_cable_gland,018,rot,0.25,0.25,0.0,,1,0.25,0.0,0.001358,0.002782,0.27044,4256,318,0.066121,0.000661,0.999,1.5
synth_cable_gland,018,rot,0.25,0.25,0.0,,2,0.25,0.0,0.001358,0.002782,0.267296,4256,318,0.066121,0.000661,0.999,1.5
synth_cable_gland,018,rot,0.5,0.5,0.0,,0,0.5,0.0,0.001358,0.002782,0.286164,4256,318,0.066121,0.000661,0.999,1.5
synth_cable_gland,018,rot,0.5,0.5,0.0,,1,0.5,0.0,0.001358,0.001739,0.264151,4256,318,0.066121,0.000661,0.999,1.5
synth_cable_gland,018,rot,0.5,0.5,0.0,,2,0.5,0.0,0.001358,0.002782,0.279874,4256,318,0.066121,0.000661,0.999,1.5
synth_cable_gland,018,rot,1.0,1.0,0.0,,0,1.0,0.0,0.001358,0.003129,0.251572,4256,318,0.066121,0.000661,0.999,1.5
synth_cable_gland,018,rot,1.0,1.0,0.0,,1,1.0,0.0,0.001358,0.003477,0.301887,4256,318,0.066121,0.000661,0.999,1.5
synth_cable_gland,018,rot,1.0,1.0,0.0,,2,1.0,0.0,0.001358,0.002434,0.248428,4256,318,0.066121,0.000661,0.999,1.5
synth_cable_gland,018,rot,2.0,2.0,0.0,,0,2.0,0.0,0.001358,0.004868,0.371069,4256,318,0.066121,0.000661,0.999,1.5
synth_cable_gland,018,rot,2.0,2.0,0.0,,1,2.0,0.0,0.001358,0.00452,0.371069,4256,318,0.066121,0.000661,0.999,1.5
synth_cable_gland,018,rot,2.0,2.0,0.0,,2,2.0,0.0,0.001358,0.003477,0.22327,4256,318,0.066121,0.000661,0.999,1.5
synth_cable_gland,018,rot,4.0,4.0,0.0,,0,4.0,0.0,0.001358,0.006606,0.238994,4256,318,0.066121,0.000661,0.999,1.5
synth_cable_gland,018,rot,4.0,4.0,0.0,,1,4.0,0.0,0.001358,0.052156,0.204403,4256,318,0.066121,0.000661,0.999,1.5
synth_cable_gland,018,rot,4.0,4.0,0.0,,2,4.0,0.0,0.001358,0.020862,0.421384,4256,318,0.066121,0.000661,0.999,1.5
synth_cable_gland,018,rot,8.0,8.0,0.0,,0,8.0,0.0,0.001358,0.300417,0.632075,4256,318,0.066121,0.000661,0.999,1.5
synth_cable_gland,018,rot,8.0,8.0,0.0,,1,8.0,0.0,0.001358,0.158206,0.518868,4256,318,0.066121,0.000661,0.999,1.5
synth_cable_gland,018,rot,8.0,8.0,0.0,,2,8.0,0.0,0.001358,0.36057,0.264151,4256,318,0.066121,0.000661,0.999,1.5
synth_cable_gland,018,rot,16.0,16.0,0.0,,0,16.0,0.0,0.001358,0.563282,0.867925,4256,318,0.066121,0.000661,0.999,1.5
synth_cable_gland,018,rot,16.0,16.0,0.0,,1,16.0,0.0,0.001358,0.63943,0.641509,4256,318,0.066121,0.000661,0.999,1.5
synth_cable_gland,018,rot,16.0,16.0,0.0,,2,16.0,0.0,0.001358,0.404033,0.389937,4256,318,0.066121,0.000661,0.999,1.5
synth_cable_gland,018,trans,0.0,0.0,0.0,,0,0.0,0.0,0.001358,0.002782,0.267296,4256,318,0.066121,0.000661,0.999,1.5
synth_cable_gland,018,trans,0.0,0.0,0.0,,1,0.0,0.0,0.001358,0.002782,0.267296,4256,318,0.066121,0.000661,0.999,1.5
synth_cable_gland,018,trans,0.0,0.0,0.0,,2,0.0,0.0,0.001358,0.002782,0.267296,4256,318,0.066121,0.000661,0.999,1.5
synth_cable_gland,018,trans,0.0025,0.0,0.0025,,0,0.0,0.0025,0.001358,0.003129,0.245283,4256,318,0.066121,0.000661,0.999,1.5
synth_cable_gland,018,trans,0.0025,0.0,0.0025,,1,0.0,0.0025,0.001358,0.002086,0.273585,4256,318,0.066121,0.000661,0.999,1.5
synth_cable_gland,018,trans,0.0025,0.0,0.0025,,2,0.0,0.0025,0.001358,0.002782,0.264151,4256,318,0.066121,0.000661,0.999,1.5
synth_cable_gland,018,trans,0.005,0.0,0.005,,0,0.0,0.005,0.001358,0.002434,0.267296,4256,318,0.066121,0.000661,0.999,1.5
synth_cable_gland,018,trans,0.005,0.0,0.005,,1,0.0,0.005,0.001358,0.003477,0.245283,4256,318,0.066121,0.000661,0.999,1.5
synth_cable_gland,018,trans,0.005,0.0,0.005,,2,0.0,0.005,0.001358,0.001739,0.320755,4256,318,0.066121,0.000661,0.999,1.5
synth_cable_gland,018,trans,0.01,0.0,0.01,,0,0.0,0.01,0.001358,0.006954,0.242138,4256,318,0.066121,0.000661,0.999,1.5
synth_cable_gland,018,trans,0.01,0.0,0.01,,1,0.0,0.01,0.001358,0.003129,0.399371,4256,318,0.066121,0.000661,0.999,1.5
synth_cable_gland,018,trans,0.01,0.0,0.01,,2,0.0,0.01,0.001358,0.007302,0.261006,4256,318,0.066121,0.000661,0.999,1.5
synth_cable_gland,018,trans,0.02,0.0,0.02,,0,0.0,0.02,0.001358,0.022253,0.468553,4256,318,0.066121,0.000661,0.999,1.5
synth_cable_gland,018,trans,0.02,0.0,0.02,,1,0.0,0.02,0.001358,0.025035,0.194969,4256,318,0.066121,0.000661,0.999,1.5
synth_cable_gland,018,trans,0.02,0.0,0.02,,2,0.0,0.02,0.001358,0.073366,0.402516,4256,318,0.066121,0.000661,0.999,1.5
synth_cable_gland,018,trans,0.04,0.0,0.04,,0,0.0,0.04,0.001358,0.378303,0.31761,4256,318,0.066121,0.000661,0.999,1.5
synth_cable_gland,018,trans,0.04,0.0,0.04,,1,0.0,0.04,0.001358,0.400209,0.644654,4256,318,0.066121,0.000661,0.999,1.5
synth_cable_gland,018,trans,0.04,0.0,0.04,,2,0.0,0.04,0.001358,0.406467,0.955975,4256,318,0.066121,0.000661,0.999,1.5
synth_cable_gland,018,trans,0.08,0.0,0.08,,0,0.0,0.08,0.001358,0.875522,0.606918,4256,318,0.066121,0.000661,0.999,1.5
synth_cable_gland,018,trans,0.08,0.0,0.08,,1,0.0,0.08,0.001358,0.937065,0.962264,4256,318,0.066121,0.000661,0.999,1.5
synth_cable_gland,018,trans,0.08,0.0,0.08,,2,0.0,0.08,0.001358,0.807371,0.814465,4256,318,0.066121,0.000661,0.999,1.5
synth_cable_gland,019,rot,0.0,0.0,0.0,,0,0.0,0.0,0.001358,0.002282,0.378238,4256,193,0.066121,0.000661,0.999,1.5
synth_cable_gland,019,rot,0.0,0.0,0.0,,1,0.0,0.0,0.001358,0.002282,0.378238,4256,193,0.066121,0.000661,0.999,1.5
synth_cable_gland,019,rot,0.0,0.0,0.0,,2,0.0,0.0,0.001358,0.002282,0.378238,4256,193,0.066121,0.000661,0.999,1.5
synth_cable_gland,019,rot,0.25,0.25,0.0,,0,0.25,0.0,0.001358,0.001956,0.378238,4256,193,0.066121,0.000661,0.999,1.5
synth_cable_gland,019,rot,0.25,0.25,0.0,,1,0.25,0.0,0.001358,0.001956,0.378238,4256,193,0.066121,0.000661,0.999,1.5
synth_cable_gland,019,rot,0.25,0.25,0.0,,2,0.25,0.0,0.001358,0.002282,0.378238,4256,193,0.066121,0.000661,0.999,1.5
synth_cable_gland,019,rot,0.5,0.5,0.0,,0,0.5,0.0,0.001358,0.002282,0.367876,4256,193,0.066121,0.000661,0.999,1.5
synth_cable_gland,019,rot,0.5,0.5,0.0,,1,0.5,0.0,0.001358,0.002282,0.34715,4256,193,0.066121,0.000661,0.999,1.5
synth_cable_gland,019,rot,0.5,0.5,0.0,,2,0.5,0.0,0.001358,0.001956,0.378238,4256,193,0.066121,0.000661,0.999,1.5
synth_cable_gland,019,rot,1.0,1.0,0.0,,0,1.0,0.0,0.001358,0.001956,0.367876,4256,193,0.066121,0.000661,0.999,1.5
synth_cable_gland,019,rot,1.0,1.0,0.0,,1,1.0,0.0,0.001358,0.002282,0.393782,4256,193,0.066121,0.000661,0.999,1.5
synth_cable_gland,019,rot,1.0,1.0,0.0,,2,1.0,0.0,0.001358,0.001304,0.378238,4256,193,0.066121,0.000661,0.999,1.5
synth_cable_gland,019,rot,2.0,2.0,0.0,,0,2.0,0.0,0.001358,0.001956,0.357513,4256,193,0.066121,0.000661,0.999,1.5
synth_cable_gland,019,rot,2.0,2.0,0.0,,1,2.0,0.0,0.001358,0.000652,0.367876,4256,193,0.066121,0.000661,0.999,1.5
synth_cable_gland,019,rot,2.0,2.0,0.0,,2,2.0,0.0,0.001358,0.000978,0.388601,4256,193,0.066121,0.000661,0.999,1.5
synth_cable_gland,019,rot,4.0,4.0,0.0,,0,4.0,0.0,0.001358,0.01239,0.305699,4256,193,0.066121,0.000661,0.999,1.5
synth_cable_gland,019,rot,4.0,4.0,0.0,,1,4.0,0.0,0.001358,0.029671,0.393782,4256,193,0.066121,0.000661,0.999,1.5
synth_cable_gland,019,rot,4.0,4.0,0.0,,2,4.0,0.0,0.001358,0.042061,0.450777,4256,193,0.066121,0.000661,0.999,1.5
synth_cable_gland,019,rot,8.0,8.0,0.0,,0,8.0,0.0,0.001358,0.220737,0.471503,4256,193,0.066121,0.000661,0.999,1.5
synth_cable_gland,019,rot,8.0,8.0,0.0,,1,8.0,0.0,0.001358,0.157157,0.222798,4256,193,0.066121,0.000661,0.999,1.5
synth_cable_gland,019,rot,8.0,8.0,0.0,,2,8.0,0.0,0.001358,0.257255,0.746114,4256,193,0.066121,0.000661,0.999,1.5
synth_cable_gland,019,rot,16.0,16.0,0.0,,0,16.0,0.0,0.001358,0.588197,0.891192,4256,193,0.066121,0.000661,0.999,1.5
synth_cable_gland,019,rot,16.0,16.0,0.0,,1,16.0,0.0,0.001358,0.317574,0.373057,4256,193,0.066121,0.000661,0.999,1.5
synth_cable_gland,019,rot,16.0,16.0,0.0,,2,16.0,0.0,0.001358,0.627649,0.492228,4256,193,0.066121,0.000661,0.999,1.5
synth_cable_gland,019,trans,0.0,0.0,0.0,,0,0.0,0.0,0.001358,0.002282,0.378238,4256,193,0.066121,0.000661,0.999,1.5
synth_cable_gland,019,trans,0.0,0.0,0.0,,1,0.0,0.0,0.001358,0.002282,0.378238,4256,193,0.066121,0.000661,0.999,1.5
synth_cable_gland,019,trans,0.0,0.0,0.0,,2,0.0,0.0,0.001358,0.002282,0.378238,4256,193,0.066121,0.000661,0.999,1.5
synth_cable_gland,019,trans,0.0025,0.0,0.0025,,0,0.0,0.0025,0.001358,0.002282,0.367876,4256,193,0.066121,0.000661,0.999,1.5
synth_cable_gland,019,trans,0.0025,0.0,0.0025,,1,0.0,0.0025,0.001358,0.001956,0.336788,4256,193,0.066121,0.000661,0.999,1.5
synth_cable_gland,019,trans,0.0025,0.0,0.0025,,2,0.0,0.0025,0.001358,0.002282,0.352332,4256,193,0.066121,0.000661,0.999,1.5
synth_cable_gland,019,trans,0.005,0.0,0.005,,0,0.0,0.005,0.001358,0.002282,0.34715,4256,193,0.066121,0.000661,0.999,1.5
synth_cable_gland,019,trans,0.005,0.0,0.005,,1,0.0,0.005,0.001358,0.002282,0.393782,4256,193,0.066121,0.000661,0.999,1.5
synth_cable_gland,019,trans,0.005,0.0,0.005,,2,0.0,0.005,0.001358,0.002934,0.42487,4256,193,0.066121,0.000661,0.999,1.5
synth_cable_gland,019,trans,0.01,0.0,0.01,,0,0.0,0.01,0.001358,0.000978,0.331606,4256,193,0.066121,0.000661,0.999,1.5
synth_cable_gland,019,trans,0.01,0.0,0.01,,1,0.0,0.01,0.001358,0.003587,0.243523,4256,193,0.066121,0.000661,0.999,1.5
synth_cable_gland,019,trans,0.01,0.0,0.01,,2,0.0,0.01,0.001358,0.002282,0.357513,4256,193,0.066121,0.000661,0.999,1.5
synth_cable_gland,019,trans,0.02,0.0,0.02,,0,0.0,0.02,0.001358,0.114444,0.569948,4256,193,0.066121,0.000661,0.999,1.5
synth_cable_gland,019,trans,0.02,0.0,0.02,,1,0.0,0.02,0.001358,0.028693,0.476684,4256,193,0.066121,0.000661,0.999,1.5
synth_cable_gland,019,trans,0.02,0.0,0.02,,2,0.0,0.02,0.001358,0.103358,0.11399,4256,193,0.066121,0.000661,0.999,1.5
synth_cable_gland,019,trans,0.04,0.0,0.04,,0,0.0,0.04,0.001358,0.487121,0.279793,4256,193,0.066121,0.000661,0.999,1.5
synth_cable_gland,019,trans,0.04,0.0,0.04,,1,0.0,0.04,0.001358,0.288556,0.331606,4256,193,0.066121,0.000661,0.999,1.5
synth_cable_gland,019,trans,0.04,0.0,0.04,,2,0.0,0.04,0.001358,0.115096,0.497409,4256,193,0.066121,0.000661,0.999,1.5
synth_cable_gland,019,trans,0.08,0.0,0.08,,0,0.0,0.08,0.001358,0.762634,0.80829,4256,193,0.066121,0.000661,0.999,1.5
synth_cable_gland,019,trans,0.08,0.0,0.08,,1,0.0,0.08,0.001358,0.775024,0.704663,4256,193,0.066121,0.000661,0.999,1.5
synth_cable_gland,019,trans,0.08,0.0,0.08,,2,0.0,0.08,0.001358,0.627323,0.953368,4256,193,0.066121,0.000661,0.999,1.5
synth_cable_gland,000,joint,,0.0,0.0,,0,0.0,0.0,0.001358,0.001317,0.294479,4256,326,0.066121,0.000661,0.999,1.5
synth_cable_gland,000,joint,,0.0,0.0,,1,0.0,0.0,0.001358,0.001317,0.294479,4256,326,0.066121,0.000661,0.999,1.5
synth_cable_gland,000,joint,,0.0,0.0,,2,0.0,0.0,0.001358,0.001317,0.294479,4256,326,0.066121,0.000661,0.999,1.5
synth_cable_gland,000,joint,,0.0,0.005,,0,0.0,0.005,0.001358,0.001317,0.294479,4256,326,0.066121,0.000661,0.999,1.5
synth_cable_gland,000,joint,,0.0,0.005,,1,0.0,0.005,0.001358,0.002304,0.331288,4256,326,0.066121,0.000661,0.999,1.5
synth_cable_gland,000,joint,,0.0,0.005,,2,0.0,0.005,0.001358,0.002633,0.343558,4256,326,0.066121,0.000661,0.999,1.5
synth_cable_gland,000,joint,,0.0,0.01,,0,0.0,0.01,0.001358,0.001646,0.236196,4256,326,0.066121,0.000661,0.999,1.5
synth_cable_gland,000,joint,,0.0,0.01,,1,0.0,0.01,0.001358,0.001646,0.291411,4256,326,0.066121,0.000661,0.999,1.5
synth_cable_gland,000,joint,,0.0,0.01,,2,0.0,0.01,0.001358,0.003621,0.309816,4256,326,0.066121,0.000661,0.999,1.5
synth_cable_gland,000,joint,,0.0,0.02,,0,0.0,0.02,0.001358,0.112245,0.380368,4256,326,0.066121,0.000661,0.999,1.5
synth_cable_gland,000,joint,,0.0,0.02,,1,0.0,0.02,0.001358,0.013167,0.248466,4256,326,0.066121,0.000661,0.999,1.5
synth_cable_gland,000,joint,,0.0,0.02,,2,0.0,0.02,0.001358,0.103687,0.631902,4256,326,0.066121,0.000661,0.999,1.5
synth_cable_gland,000,joint,,0.0,0.04,,0,0.0,0.04,0.001358,0.640882,0.346626,4256,326,0.066121,0.000661,0.999,1.5
synth_cable_gland,000,joint,,0.0,0.04,,1,0.0,0.04,0.001358,0.233377,0.570552,4256,326,0.066121,0.000661,0.999,1.5
synth_cable_gland,000,joint,,0.0,0.04,,2,0.0,0.04,0.001358,0.402567,0.47546,4256,326,0.066121,0.000661,0.999,1.5
synth_cable_gland,000,joint,,1.0,0.0,,0,1.0,0.0,0.001358,0.000658,0.319018,4256,326,0.066121,0.000661,0.999,1.5
synth_cable_gland,000,joint,,1.0,0.0,,1,1.0,0.0,0.001358,0.002304,0.294479,4256,326,0.066121,0.000661,0.999,1.5
synth_cable_gland,000,joint,,1.0,0.0,,2,1.0,0.0,0.001358,0.002304,0.263804,4256,326,0.066121,0.000661,0.999,1.5
synth_cable_gland,000,joint,,1.0,0.005,,0,1.0,0.005,0.001358,0.002304,0.300613,4256,326,0.066121,0.000661,0.999,1.5
synth_cable_gland,000,joint,,1.0,0.005,,1,1.0,0.005,0.001358,0.000329,0.245399,4256,326,0.066121,0.000661,0.999,1.5
synth_cable_gland,000,joint,,1.0,0.005,,2,1.0,0.005,0.001358,0.001646,0.368098,4256,326,0.066121,0.000661,0.999,1.5
synth_cable_gland,000,joint,,1.0,0.01,,0,1.0,0.01,0.001358,0.002304,0.226994,4256,326,0.066121,0.000661,0.999,1.5
synth_cable_gland,000,joint,,1.0,0.01,,1,1.0,0.01,0.001358,0.003621,0.319018,4256,326,0.066121,0.000661,0.999,1.5
synth_cable_gland,000,joint,,1.0,0.01,,2,1.0,0.01,0.001358,0.001975,0.306748,4256,326,0.066121,0.000661,0.999,1.5
synth_cable_gland,000,joint,,1.0,0.02,,0,1.0,0.02,0.001358,0.012508,0.196319,4256,326,0.066121,0.000661,0.999,1.5
synth_cable_gland,000,joint,,1.0,0.02,,1,1.0,0.02,0.001358,0.074062,0.214724,4256,326,0.066121,0.000661,0.999,1.5
synth_cable_gland,000,joint,,1.0,0.02,,2,1.0,0.02,0.001358,0.063858,0.478528,4256,326,0.066121,0.000661,0.999,1.5
synth_cable_gland,000,joint,,1.0,0.04,,0,1.0,0.04,0.001358,0.432851,0.530675,4256,326,0.066121,0.000661,0.999,1.5
synth_cable_gland,000,joint,,1.0,0.04,,1,1.0,0.04,0.001358,0.389072,0.671779,4256,326,0.066121,0.000661,0.999,1.5
synth_cable_gland,000,joint,,1.0,0.04,,2,1.0,0.04,0.001358,0.792627,0.662577,4256,326,0.066121,0.000661,0.999,1.5
synth_cable_gland,000,joint,,2.0,0.0,,0,2.0,0.0,0.001358,0.002962,0.260736,4256,326,0.066121,0.000661,0.999,1.5
synth_cable_gland,000,joint,,2.0,0.0,,1,2.0,0.0,0.001358,0.001646,0.312883,4256,326,0.066121,0.000661,0.999,1.5
synth_cable_gland,000,joint,,2.0,0.0,,2,2.0,0.0,0.001358,0.000658,0.325153,4256,326,0.066121,0.000661,0.999,1.5
synth_cable_gland,000,joint,,2.0,0.005,,0,2.0,0.005,0.001358,0.000987,0.285276,4256,326,0.066121,0.000661,0.999,1.5
synth_cable_gland,000,joint,,2.0,0.005,,1,2.0,0.005,0.001358,0.008229,0.269939,4256,326,0.066121,0.000661,0.999,1.5
synth_cable_gland,000,joint,,2.0,0.005,,2,2.0,0.005,0.001358,0.002962,0.211656,4256,326,0.066121,0.000661,0.999,1.5
synth_cable_gland,000,joint,,2.0,0.01,,0,2.0,0.01,0.001358,0.008558,0.46319,4256,326,0.066121,0.000661,0.999,1.5
synth_cable_gland,000,joint,,2.0,0.01,,1,2.0,0.01,0.001358,0.004608,0.331288,4256,326,0.066121,0.000661,0.999,1.5
synth_cable_gland,000,joint,,2.0,0.01,,2,2.0,0.01,0.001358,0.013825,0.395706,4256,326,0.066121,0.000661,0.999,1.5
synth_cable_gland,000,joint,,2.0,0.02,,0,2.0,0.02,0.001358,0.19684,0.460123,4256,326,0.066121,0.000661,0.999,1.5
synth_cable_gland,000,joint,,2.0,0.02,,1,2.0,0.02,0.001358,0.149111,0.171779,4256,326,0.066121,0.000661,0.999,1.5
synth_cable_gland,000,joint,,2.0,0.02,,2,2.0,0.02,0.001358,0.054312,0.294479,4256,326,0.066121,0.000661,0.999,1.5
synth_cable_gland,000,joint,,2.0,0.04,,0,2.0,0.04,0.001358,0.674786,0.343558,4256,326,0.066121,0.000661,0.999,1.5
synth_cable_gland,000,joint,,2.0,0.04,,1,2.0,0.04,0.001358,0.723831,0.493865,4256,326,0.066121,0.000661,0.999,1.5
synth_cable_gland,000,joint,,2.0,0.04,,2,2.0,0.04,0.001358,0.163924,0.579755,4256,326,0.066121,0.000661,0.999,1.5
synth_cable_gland,000,joint,,4.0,0.0,,0,4.0,0.0,0.001358,0.047729,0.325153,4256,326,0.066121,0.000661,0.999,1.5
synth_cable_gland,000,joint,,4.0,0.0,,1,4.0,0.0,0.001358,0.053983,0.294479,4256,326,0.066121,0.000661,0.999,1.5
synth_cable_gland,000,joint,,4.0,0.0,,2,4.0,0.0,0.001358,0.012508,0.220859,4256,326,0.066121,0.000661,0.999,1.5
synth_cable_gland,000,joint,,4.0,0.005,,0,4.0,0.005,0.001358,0.01975,0.429448,4256,326,0.066121,0.000661,0.999,1.5
synth_cable_gland,000,joint,,4.0,0.005,,1,4.0,0.005,0.001358,0.012179,0.389571,4256,326,0.066121,0.000661,0.999,1.5
synth_cable_gland,000,joint,,4.0,0.005,,2,4.0,0.005,0.001358,0.010862,0.542945,4256,326,0.066121,0.000661,0.999,1.5
synth_cable_gland,000,joint,,4.0,0.01,,0,4.0,0.01,0.001358,0.062212,0.254601,4256,326,0.066121,0.000661,0.999,1.5
synth_cable_gland,000,joint,,4.0,0.01,,1,4.0,0.01,0.001358,0.044108,0.242331,4256,326,0.066121,0.000661,0.999,1.5
synth_cable_gland,000,joint,,4.0,0.01,,2,4.0,0.01,0.001358,0.030612,0.57362,4256,326,0.066121,0.000661,0.999,1.5
synth_cable_gland,000,joint,,4.0,0.02,,0,4.0,0.02,0.001358,0.124753,0.389571,4256,326,0.066121,0.000661,0.999,1.5
synth_cable_gland,000,joint,,4.0,0.02,,1,4.0,0.02,0.001358,0.083937,0.180982,4256,326,0.066121,0.000661,0.999,1.5
synth_cable_gland,000,joint,,4.0,0.02,,2,4.0,0.02,0.001358,0.073733,0.453988,4256,326,0.066121,0.000661,0.999,1.5
synth_cable_gland,000,joint,,4.0,0.04,,0,4.0,0.04,0.001358,0.42923,0.352761,4256,326,0.066121,0.000661,0.999,1.5
synth_cable_gland,000,joint,,4.0,0.04,,1,4.0,0.04,0.001358,0.481567,0.40184,4256,326,0.066121,0.000661,0.999,1.5
synth_cable_gland,000,joint,,4.0,0.04,,2,4.0,0.04,0.001358,0.647136,0.481595,4256,326,0.066121,0.000661,0.999,1.5
synth_cable_gland,000,joint,,8.0,0.0,,0,8.0,0.0,0.001358,0.388084,0.328221,4256,326,0.066121,0.000661,0.999,1.5
synth_cable_gland,000,joint,,8.0,0.0,,1,8.0,0.0,0.001358,0.168203,0.493865,4256,326,0.066121,0.000661,0.999,1.5
synth_cable_gland,000,joint,,8.0,0.0,,2,8.0,0.0,0.001358,0.277485,0.282209,4256,326,0.066121,0.000661,0.999,1.5
synth_cable_gland,000,joint,,8.0,0.005,,0,8.0,0.005,0.001358,0.369651,0.273006,4256,326,0.066121,0.000661,0.999,1.5
synth_cable_gland,000,joint,,8.0,0.005,,1,8.0,0.005,0.001358,0.318631,0.174847,4256,326,0.066121,0.000661,0.999,1.5
synth_cable_gland,000,joint,,8.0,0.005,,2,8.0,0.005,0.001358,0.203094,0.417178,4256,326,0.066121,0.000661,0.999,1.5
synth_cable_gland,000,joint,,8.0,0.01,,0,8.0,0.01,0.001358,0.423963,0.41411,4256,326,0.066121,0.000661,0.999,1.5
synth_cable_gland,000,joint,,8.0,0.01,,1,8.0,0.01,0.001358,0.242594,0.331288,4256,326,0.066121,0.000661,0.999,1.5
synth_cable_gland,000,joint,,8.0,0.01,,2,8.0,0.01,0.001358,0.481896,0.441718,4256,326,0.066121,0.000661,0.999,1.5
synth_cable_gland,000,joint,,8.0,0.02,,0,8.0,0.02,0.001358,0.245227,0.43865,4256,326,0.066121,0.000661,0.999,1.5
synth_cable_gland,000,joint,,8.0,0.02,,1,8.0,0.02,0.001358,0.128703,0.490798,4256,326,0.066121,0.000661,0.999,1.5
synth_cable_gland,000,joint,,8.0,0.02,,2,8.0,0.02,0.001358,0.180711,0.260736,4256,326,0.066121,0.000661,0.999,1.5
synth_cable_gland,000,joint,,8.0,0.04,,0,8.0,0.04,0.001358,0.300527,0.48773,4256,326,0.066121,0.000661,0.999,1.5
synth_cable_gland,000,joint,,8.0,0.04,,1,8.0,0.04,0.001358,0.56287,0.705521,4256,326,0.066121,0.000661,0.999,1.5
synth_cable_gland,000,joint,,8.0,0.04,,2,8.0,0.04,0.001358,0.827518,0.52454,4256,326,0.066121,0.000661,0.999,1.5
synth_cable_gland,001,joint,,0.0,0.0,,0,0.0,0.0,0.001358,0.002467,0.232558,4256,473,0.066121,0.000661,0.999,1.5
synth_cable_gland,001,joint,,0.0,0.0,,1,0.0,0.0,0.001358,0.002467,0.232558,4256,473,0.066121,0.000661,0.999,1.5
synth_cable_gland,001,joint,,0.0,0.0,,2,0.0,0.0,0.001358,0.002467,0.232558,4256,473,0.066121,0.000661,0.999,1.5
synth_cable_gland,001,joint,,0.0,0.005,,0,0.0,0.005,0.001358,0.00148,0.171247,4256,473,0.066121,0.000661,0.999,1.5
synth_cable_gland,001,joint,,0.0,0.005,,1,0.0,0.005,0.001358,0.003453,0.268499,4256,473,0.066121,0.000661,0.999,1.5
synth_cable_gland,001,joint,,0.0,0.005,,2,0.0,0.005,0.001358,0.003453,0.255814,4256,473,0.066121,0.000661,0.999,1.5
synth_cable_gland,001,joint,,0.0,0.01,,0,0.0,0.01,0.001358,0.00296,0.173362,4256,473,0.066121,0.000661,0.999,1.5
synth_cable_gland,001,joint,,0.0,0.01,,1,0.0,0.01,0.001358,0.001973,0.162791,4256,473,0.066121,0.000661,0.999,1.5
synth_cable_gland,001,joint,,0.0,0.01,,2,0.0,0.01,0.001358,0.00148,0.15222,4256,473,0.066121,0.000661,0.999,1.5
synth_cable_gland,001,joint,,0.0,0.02,,0,0.0,0.02,0.001358,0.22891,0.171247,4256,473,0.066121,0.000661,0.999,1.5
synth_cable_gland,001,joint,,0.0,0.02,,1,0.0,0.02,0.001358,0.100641,0.298097,4256,473,0.066121,0.000661,0.999,1.5
synth_cable_gland,001,joint,,0.0,0.02,,2,0.0,0.02,0.001358,0.105081,0.137421,4256,473,0.066121,0.000661,0.999,1.5
synth_cable_gland,001,joint,,0.0,0.04,,0,0.0,0.04,0.001358,0.937346,0.775899,4256,473,0.066121,0.000661,0.999,1.5
synth_cable_gland,001,joint,,0.0,0.04,,1,0.0,0.04,0.001358,0.608288,0.454545,4256,473,0.066121,0.000661,0.999,1.5
synth_cable_gland,001,joint,,0.0,0.04,,2,0.0,0.04,0.001358,0.27183,0.92389,4256,473,0.066121,0.000661,0.999,1.5
synth_cable_gland,001,joint,,1.0,0.0,,0,1.0,0.0,0.001358,0.001973,0.260042,4256,473,0.066121,0.000661,0.999,1.5
synth_cable_gland,001,joint,,1.0,0.0,,1,1.0,0.0,0.001358,0.003453,0.198732,4256,473,0.066121,0.000661,0.999,1.5
synth_cable_gland,001,joint,,1.0,0.0,,2,1.0,0.0,0.001358,0.00296,0.230444,4256,473,0.066121,0.000661,0.999,1.5
synth_cable_gland,001,joint,,1.0,0.005,,0,1.0,0.005,0.001358,0.000987,0.167019,4256,473,0.066121,0.000661,0.999,1.5
synth_cable_gland,001,joint,,1.0,0.005,,1,1.0,0.005,0.001358,0.004933,0.317125,4256,473,0.066121,0.000661,0.999,1.5
synth_cable_gland,001,joint,,1.0,0.005,,2,1.0,0.005,0.001358,0.001973,0.2537,4256,473,0.066121,0.000661,0.999,1.5
synth_cable_gland,001,joint,,1.0,0.01,,0,1.0,0.01,0.001358,0.002467,0.183932,4256,473,0.066121,0.000661,0.999,1.5
synth_cable_gland,001,joint,,1.0,0.01,,1,1.0,0.01,0.001358,0.006907,0.319239,4256,473,0.066121,0.000661,0.999,1.5
synth_cable_gland,001,joint,,1.0,0.01,,2,1.0,0.01,0.001358,0.00148,0.181818,4256,473,0.066121,0.000661,0.999,1.5
synth_cable_gland,001,joint,,1.0,0.02,,0,1.0,0.02,0.001358,0.090775,0.22833,4256,473,0.066121,0.000661,0.999,1.5
synth_cable_gland,001,joint,,1.0,0.02,,1,1.0,0.02,0.001358,0.043907,0.109937,4256,473,0.066121,0.000661,0.999,1.5
synth_cable_gland,001,joint,,1.0,0.02,,2,1.0,0.02,0.001358,0.213616,0.063425,4256,473,0.066121,0.000661,0.999,1.5
synth_cable_gland,001,joint,,1.0,0.04,,0,1.0,0.04,0.001358,0.250123,0.367865,4256,473,0.066121,0.000661,0.999,1.5
synth_cable_gland,001,joint,,1.0,0.04,,1,1.0,0.04,0.001358,0.278244,0.255814,4256,473,0.066121,0.000661,0.999,1.5
synth_cable_gland,001,joint,,1.0,0.04,,2,1.0,0.04,0.001358,0.556487,0.881607,4256,473,0.066121,0.000661,0.999,1.5
synth_cable_gland,001,joint,,2.0,0.0,,0,2.0,0.0,0.001358,0.006907,0.190275,4256,473,0.066121,0.000661,0.999,1.5
synth_cable_gland,001,joint,,2.0,0.0,,1,2.0,0.0,0.001358,0.005427,0.224101,4256,473,0.066121,0.000661,0.999,1.5
synth_cable_gland,001,joint,,2.0,0.0,,2,2.0,0.0,0.001358,0.003453,0.270613,4256,473,0.066121,0.000661,0.999,1.5
synth_cable_gland,001,joint,,2.0,0.005,,0,2.0,0.005,0.001358,0.004933,0.188161,4256,473,0.066121,0.000661,0.999,1.5
synth_cable_gland,001,joint,,2.0,0.005,,1,2.0,0.005,0.001358,0.003947,0.342495,4256,473,0.066121,0.000661,0.999,1.5
synth_cable_gland,001,joint,,2.0,0.005,,2,2.0,0.005,0.001358,0.0074,0.257928,4256,473,0.066121,0.000661,0.999,1.5
synth_cable_gland,001,joint,,2.0,0.01,,0,2.0,0.01,0.001358,0.005427,0.160677,4256,473,0.066121,0.000661,0.999,1.5
synth_cable_gland,001,joint,,2.0,0.01,,1,2.0,0.01,0.001358,0.012333,0.268499,4256,473,0.066121,0.000661,0.999,1.5
synth_cable_gland,001,joint,,2.0,0.01,,2,2.0,0.01,0.001358,0.010853,0.141649,4256,473,0.066121,0.000661,0.999,1.5
synth_cable_gland,001,joint,,2.0,0.02,,0,2.0,0.02,0.001358,0.057721,0.107822,4256,473,0.066121,0.000661,0.999,1.5
synth_cable_gland,001,joint,,2.0,0.02,,1,2.0,0.02,0.001358,0.038481,0.067653,4256,473,0.066121,0.000661,0.999,1.5
synth_cable_gland,001,joint,,2.0,0.02,,2,2.0,0.02,0.001358,0.029107,0.114165,4256,473,0.066121,0.000661,0.999,1.5
synth_cable_gland,001,joint,,2.0,0.04,,0,2.0,0.04,0.001358,0.175629,0.545455,4256,473,0.066121,0.000661,0.999,1.5
synth_cable_gland,001,joint,,2.0,0.04,,1,2.0,0.04,0.001358,0.905772,0.860465,4256,473,0.066121,0.000661,0.999,1.5
synth_cable_gland,001,joint,,2.0,0.04,,2,2.0,0.04,0.001358,0.197336,0.58351,4256,473,0.066121,0.000661,0.999,1.5
synth_cable_gland,001,joint,,4.0,0.0,,0,4.0,0.0,0.001358,0.015294,0.27907,4256,473,0.066121,0.000661,0.999,1.5
synth_cable_gland,001,joint,,4.0,0.0,,1,4.0,0.0,0.001358,0.081401,0.226216,4256,473,0.066121,0.000661,0.999,1.5
synth_cable_gland,001,joint,,4.0,0.0,,2,4.0,0.0,0.001358,0.035027,0.15222,4256,473,0.066121,0.000661,0.999,1.5
synth_cable_gland,001,joint,,4.0,0.005,,0,4.0,0.005,0.001358,0.134682,0.321353,4256,473,0.066121,0.000661,0.999,1.5
synth_cable_gland,001,joint,,4.0,0.005,,1,4.0,0.005,0.001358,0.02812,0.342495,4256,473,0.066121,0.000661,0.999,1.5
synth_cable_gland,001,joint,,4.0,0.005,,2,4.0,0.005,0.001358,0.056734,0.283298,4256,473,0.066121,0.000661,0.999,1.5
synth_cable_gland,001,joint,,4.0,0.01,,0,4.0,0.01,0.001358,0.175136,0.22833,4256,473,0.066121,0.000661,0.999,1.5
synth_cable_gland,001,joint,,4.0,0.01,,1,4.0,0.01,0.001358,0.01924,0.196617,4256,473,0.066121,0.000661,0.999,1.5
synth_cable_gland,001,joint,,4.0,0.01,,2,4.0,0.01,0.001358,0.045881,0.357294,4256,473,0.066121,0.000661,0.999,1.5
synth_cable_gland,001,joint,,4.0,0.02,,0,4.0,0.02,0.001358,0.222496,0.122622,4256,473,0.066121,0.000661,0.999,1.5
synth_cable_gland,001,joint,,4.0,0.02,,1,4.0,0.02,0.001358,0.192403,0.099366,4256,473,0.066121,0.000661,0.999,1.5
synth_cable_gland,001,joint,,4.0,0.02,,2,4.0,0.02,0.001358,0.48002,0.22833,4256,473,0.066121,0.000661,0.999,1.5
synth_cable_gland,001,joint,,4.0,0.04,,0,4.0,0.04,0.001358,0.395659,0.89852,4256,473,0.066121,0.000661,0.999,1.5
synth_cable_gland,001,joint,,4.0,0.04,,1,4.0,0.04,0.001358,0.49926,0.980973,4256,473,0.066121,0.000661,0.999,1.5
synth_cable_gland,001,joint,,4.0,0.04,,2,4.0,0.04,0.001358,0.840158,0.365751,4256,473,0.066121,0.000661,0.999,1.5
synth_cable_gland,001,joint,,8.0,0.0,,0,8.0,0.0,0.001358,0.435126,0.135307,4256,473,0.066121,0.000661,0.999,1.5
synth_cable_gland,001,joint,,8.0,0.0,,1,8.0,0.0,0.001358,0.338431,0.469345,4256,473,0.066121,0.000661,0.999,1.5
synth_cable_gland,001,joint,,8.0,0.0,,2,8.0,0.0,0.001358,0.441046,0.122622,4256,473,0.066121,0.000661,0.999,1.5
synth_cable_gland,001,joint,,8.0,0.005,,0,8.0,0.005,0.001358,0.253083,0.118393,4256,473,0.066121,0.000661,0.999,1.5
synth_cable_gland,001,joint,,8.0,0.005,,1,8.0,0.005,0.001358,0.132215,0.103594,4256,473,0.066121,0.000661,0.999,1.5
synth_cable_gland,001,joint,,8.0,0.005,,2,8.0,0.005,0.001358,0.197336,0.116279,4256,473,0.066121,0.000661,0.999,1.5
synth_cable_gland,001,joint,,8.0,0.01,,0,8.0,0.01,0.001358,0.358165,0.30444,4256,473,0.066121,0.000661,0.999,1.5
synth_cable_gland,001,joint,,8.0,0.01,,1,8.0,0.01,0.001358,0.382832,0.638478,4256,473,0.066121,0.000661,0.999,1.5
synth_cable_gland,001,joint,,8.0,0.01,,2,8.0,0.01,0.001358,0.131722,0.45666,4256,473,0.066121,0.000661,0.999,1.5
synth_cable_gland,001,joint,,8.0,0.02,,0,8.0,0.02,0.001358,0.800691,0.272727,4256,473,0.066121,0.000661,0.999,1.5
synth_cable_gland,001,joint,,8.0,0.02,,1,8.0,0.02,0.001358,0.712383,0.435518,4256,473,0.066121,0.000661,0.999,1.5
synth_cable_gland,001,joint,,8.0,0.02,,2,8.0,0.02,0.001358,0.403059,0.118393,4256,473,0.066121,0.000661,0.999,1.5
synth_cable_gland,001,joint,,8.0,0.04,,0,8.0,0.04,0.001358,0.948199,0.22833,4256,473,0.066121,0.000661,0.999,1.5
synth_cable_gland,001,joint,,8.0,0.04,,1,8.0,0.04,0.001358,0.235816,0.181818,4256,473,0.066121,0.000661,0.999,1.5
synth_cable_gland,001,joint,,8.0,0.04,,2,8.0,0.04,0.001358,0.598421,0.725159,4256,473,0.066121,0.000661,0.999,1.5
synth_cable_gland,002,joint,,0.0,0.0,,0,0.0,0.0,0.001358,0.002548,0.221973,4256,446,0.066121,0.000661,0.999,1.5
synth_cable_gland,002,joint,,0.0,0.0,,1,0.0,0.0,0.001358,0.002548,0.221973,4256,446,0.066121,0.000661,0.999,1.5
synth_cable_gland,002,joint,,0.0,0.0,,2,0.0,0.0,0.001358,0.002548,0.221973,4256,446,0.066121,0.000661,0.999,1.5
synth_cable_gland,002,joint,,0.0,0.005,,0,0.0,0.005,0.001358,0.005097,0.253363,4256,446,0.066121,0.000661,0.999,1.5
synth_cable_gland,002,joint,,0.0,0.005,,1,0.0,0.005,0.001358,0.002548,0.195067,4256,446,0.066121,0.000661,0.999,1.5
synth_cable_gland,002,joint,,0.0,0.005,,2,0.0,0.005,0.001358,0.004077,0.257848,4256,446,0.066121,0.000661,0.999,1.5
synth_cable_gland,002,joint,,0.0,0.01,,0,0.0,0.01,0.001358,0.007645,0.204036,4256,446,0.066121,0.000661,0.999,1.5
synth_cable_gland,002,joint,,0.0,0.01,,1,0.0,0.01,0.001358,0.009174,0.343049,4256,446,0.066121,0.000661,0.999,1.5
synth_cable_gland,002,joint,,0.0,0.01,,2,0.0,0.01,0.001358,0.007645,0.251121,4256,446,0.066121,0.000661,0.999,1.5
synth_cable_gland,002,joint,,0.0,0.02,,0,0.0,0.02,0.001358,0.087156,0.632287,4256,446,0.066121,0.000661,0.999,1.5
synth_cable_gland,002,joint,,0.0,0.02,,1,0.0,0.02,0.001358,0.108563,0.14574,4256,446,0.066121,0.000661,0.999,1.5
synth_cable_gland,002,joint,,0.0,0.02,,2,0.0,0.02,0.001358,0.085627,0.403587,4256,446,0.066121,0.000661,0.999,1.5
synth_cable_gland,002,joint,,0.0,0.04,,0,0.0,0.04,0.001358,0.702854,0.85426,4256,446,0.066121,0.000661,0.999,1.5
synth_cable_gland,002,joint,,0.0,0.04,,1,0.0,0.04,0.001358,0.566769,0.365471,4256,446,0.066121,0.000661,0.999,1.5
synth_cable_gland,002,joint,,0.0,0.04,,2,0.0,0.04,0.001358,0.530071,0.118834,4256,446,0.066121,0.000661,0.999,1.5
synth_cable_gland,002,joint,,1.0,0.0,,0,1.0,0.0,0.001358,0.003568,0.2287,4256,446,0.066121,0.000661,0.999,1.5
synth_cable_gland,002,joint,,1.0,0.0,,1,1.0,0.0,0.001358,0.003568,0.217489,4256,446,0.066121,0.000661,0.999,1.5
synth_cable_gland,002,joint,,1.0,0.0,,2,1.0,0.0,0.001358,0.002548,0.192825,4256,446,0.066121,0.000661,0.999,1.5
synth_cable_gland,002,joint,,1.0,0.005,,0,1.0,0.005,0.001358,0.003058,0.195067,4256,446,0.066121,0.000661,0.999,1.5
synth_cable_gland,002,joint,,1.0,0.005,,1,1.0,0.005,0.001358,0.005097,0.2713,4256,446,0.066121,0.000661,0.999,1.5
synth_cable_gland,002,joint,,1.0,0.005,,2,1.0,0.005,0.001358,0.004587,0.219731,4256,446,0.066121,0.000661,0.999,1.5
synth_cable_gland,002,joint,,1.0,0.01,,0,1.0,0.01,0.001358,0.011213,0.32287,4256,446,0.066121,0.000661,0.999,1.5
synth_cable_gland,002,joint,,1.0,0.01,,1,1.0,0.01,0.001358,0.002039,0.112108,4256,446,0.066121,0.000661,0.999,1.5
synth_cable_gland,002,joint,,1.0,0.01,,2,1.0,0.01,0.001358,0.004077,0.179372,4256,446,0.066121,0.000661,0.999,1.5
synth_cable_gland,002,joint,,1.0,0.02,,0,1.0,0.02,0.001358,0.077472,0.284753,4256,446,0.066121,0.000661,0.999,1.5
synth_cable_gland,002,joint,,1.0,0.02,,1,1.0,0.02,0.001358,0.138634,0.396861,4256,446,0.066121,0.000661,0.999,1.5
synth_cable_gland,002,joint,,1.0,0.02,,2,1.0,0.02,0.001358,0.034659,0.06278,4256,446,0.066121,0.000661,0.999,1.5
synth_cable_gland,002,joint,,1.0,0.04,,0,1.0,0.04,0.001358,0.416412,0.352018,4256,446,0.066121,0.000661,0.999,1.5
synth_cable_gland,002,joint,,1.0,0.04,,1,1.0,0.04,0.001358,0.442915,0.683857,4256,446,0.066121,0.000661,0.999,1.5
synth_cable_gland,002,joint,,1.0,0.04,,2,1.0,0.04,0.001358,0.649847,0.419283,4256,446,0.066121,0.000661,0.999,1.5
synth_cable_gland,002,joint,,2.0,0.0,,0,2.0,0.0,0.001358,0.006116,0.248879,4256,446,0.066121,0.000661,0.999,1.5
synth_cable_gland,002,joint,,2.0,0.0,,1,2.0,0.0,0.001358,0.008665,0.20852,4256,446,0.066121,0.000661,0.999,1.5
synth_cable_gland,002,joint,,2.0,0.0,,2,2.0,0.0,0.001358,0.008155,0.221973,4256,446,0.066121,0.000661,0.999,1.5
synth_cable_gland,002,joint,,2.0,0.005,,0,2.0,0.005,0.001358,0.008665,0.331839,4256,446,0.066121,0.000661,0.999,1.5
synth_cable_gland,002,joint,,2.0,0.005,,1,2.0,0.005,0.001358,0.006116,0.190583,4256,446,0.066121,0.000661,0.999,1.5
synth_cable_gland,002,joint,,2.0,0.005,,2,2.0,0.005,0.001358,0.008155,0.251121,4256,446,0.066121,0.000661,0.999,1.5
synth_cable_gland,002,joint,,2.0,0.01,,0,2.0,0.01,0.001358,0.005097,0.098655,4256,446,0.066121,0.000661,0.999,1.5
synth_cable_gland,002,joint,,2.0,0.01,,1,2.0,0.01,0.001358,0.011213,0.118834,4256,446,0.066121,0.000661,0.999,1.5
synth_cable_gland,002,joint,,2.0,0.01,,2,2.0,0.01,0.001358,0.005607,0.161435,4256,446,0.066121,0.000661,0.999,1.5
synth_cable_gland,002,joint,,2.0,0.02,,0,2.0,0.02,0.001358,0.137105,0.309417,4256,446,0.066121,0.000661,0.999,1.5
synth_cable_gland,002,joint,,2.0,0.02,,1,2.0,0.02,0.001358,0.057085,0.244395,4256,446,0.066121,0.000661,0.999,1.5
synth_cable_gland,002,joint,,2.0,0.02,,2,2.0,0.02,0.001358,0.360347,0.334081,4256,446,0.066121,0.000661,0.999,1.5
synth_cable_gland,002,joint,,2.0,0.04,,0,2.0,0.04,0.001358,0.786952,0.964126,4256,446,0.066121,0.000661,0.999,1.5
synth_cable_gland,002,joint,,2.0,0.04,,1,2.0,0.04,0.001358,0.761468,0.293722,4256,446,0.066121,0.000661,0.999,1.5
synth_cable_gland,002,joint,,2.0,0.04,,2,2.0,0.04,0.001358,0.724771,0.993274,4256,446,0.066121,0.000661,0.999,1.5
synth_cable_gland,002,joint,,4.0,0.0,,0,4.0,0.0,0.001358,0.028033,0.414798,4256,446,0.066121,0.000661,0.999,1.5
synth_cable_gland,002,joint,,4.0,0.0,,1,4.0,0.0,0.001358,0.042813,0.286996,4256,446,0.066121,0.000661,0.999,1.5
synth_cable_gland,002,joint,,4.0,0.0,,2,4.0,0.0,0.001358,0.046891,0.253363,4256,446,0.066121,0.000661,0.999,1.5
synth_cable_gland,002,joint,,4.0,0.005,,0,4.0,0.005,0.001358,0.050459,0.432735,4256,446,0.066121,0.000661,0.999,1.5
synth_cable_gland,002,joint,,4.0,0.005,,1,4.0,0.005,0.001358,0.143221,0.219731,4256,446,0.066121,0.000661,0.999,1.5
synth_cable_gland,002,joint,,4.0,0.005,,2,4.0,0.005,0.001358,0.070846,0.170404,4256,446,0.066121,0.000661,0.999,1.5
synth_cable_gland,002,joint,,4.0,0.01,,0,4.0,0.01,0.001358,0.073904,0.434978,4256,446,0.066121,0.000661,0.999,1.5
synth_cable_gland,002,joint,,4.0,0.01,,1,4.0,0.01,0.001358,0.228338,0.183857,4256,446,0.066121,0.000661,0.999,1.5
synth_cable_gland,002,joint,,4.0,0.01,,2,4.0,0.01,0.001358,0.074924,0.201794,4256,446,0.066121,0.000661,0.999,1.5
synth_cable_gland,002,joint,,4.0,0.02,,0,4.0,0.02,0.001358,0.133028,0.556054,4256,446,0.066121,0.000661,0.999,1.5
synth_cable_gland,002,joint,,4.0,0.02,,1,4.0,0.02,0.001358,0.191131,0.116592,4256,446,0.066121,0.000661,0.999,1.5
synth_cable_gland,002,joint,,4.0,0.02,,2,4.0,0.02,0.001358,0.103466,0.867713,4256,446,0.066121,0.000661,0.999,1.5
synth_cable_gland,002,joint,,4.0,0.04,,0,4.0,0.04,0.001358,0.471458,0.724215,4256,446,0.066121,0.000661,0.999,1.5
synth_cable_gland,002,joint,,4.0,0.04,,1,4.0,0.04,0.001358,0.748726,0.484305,4256,446,0.066121,0.000661,0.999,1.5
synth_cable_gland,002,joint,,4.0,0.04,,2,4.0,0.04,0.001358,0.378186,0.450673,4256,446,0.066121,0.000661,0.999,1.5
synth_cable_gland,002,joint,,8.0,0.0,,0,8.0,0.0,0.001358,0.480122,0.192825,4256,446,0.066121,0.000661,0.999,1.5
synth_cable_gland,002,joint,,8.0,0.0,,1,8.0,0.0,0.001358,0.40316,0.721973,4256,446,0.066121,0.000661,0.999,1.5
synth_cable_gland,002,joint,,8.0,0.0,,2,8.0,0.0,0.001358,0.304281,0.170404,4256,446,0.066121,0.000661,0.999,1.5
synth_cable_gland,002,joint,,8.0,0.005,,0,8.0,0.005,0.001358,0.2737,0.618834,4256,446,0.066121,0.000661,0.999,1.5
synth_cable_gland,002,joint,,8.0,0.005,,1,8.0,0.005,0.001358,0.319062,0.112108,4256,446,0.066121,0.000661,0.999,1.5
synth_cable_gland,002,joint,,8.0,0.005,,2,8.0,0.005,0.001358,0.362385,0.616592,4256,446,0.066121,0.000661,0.999,1.5
synth_cable_gland,002,joint,,8.0,0.01,,0,8.0,0.01,0.001358,0.38685,0.125561,4256,446,0.066121,0.000661,0.999,1.5
synth_cable_gland,002,joint,,8.0,0.01,,1,8.0,0.01,0.001358,0.262997,0.130045,4256,446,0.066121,0.000661,0.999,1.5
synth_cable_gland,002,joint,,8.0,0.01,,2,8.0,0.01,0.001358,0.270642,0.795964,4256,446,0.066121,0.000661,0.999,1.5
synth_cable_gland,002,joint,,8.0,0.02,,0,8.0,0.02,0.001358,0.262487,0.38565,4256,446,0.066121,0.000661,0.999,1.5
synth_cable_gland,002,joint,,8.0,0.02,,1,8.0,0.02,0.001358,0.401121,0.632287,4256,446,0.066121,0.000661,0.999,1.5
synth_cable_gland,002,joint,,8.0,0.02,,2,8.0,0.02,0.001358,0.686035,0.331839,4256,446,0.066121,0.000661,0.999,1.5
synth_cable_gland,002,joint,,8.0,0.04,,0,8.0,0.04,0.001358,0.75739,0.230942,4256,446,0.066121,0.000661,0.999,1.5
synth_cable_gland,002,joint,,8.0,0.04,,1,8.0,0.04,0.001358,0.603976,0.316143,4256,446,0.066121,0.000661,0.999,1.5
synth_cable_gland,002,joint,,8.0,0.04,,2,8.0,0.04,0.001358,0.781855,0.183857,4256,446,0.066121,0.000661,0.999,1.5
synth_cable_gland,003,joint,,0.0,0.0,,0,0.0,0.0,0.001358,0.00201,0.292135,4256,356,0.066121,0.000661,0.999,1.5
synth_cable_gland,003,joint,,0.0,0.0,,1,0.0,0.0,0.001358,0.00201,0.292135,4256,356,0.066121,0.000661,0.999,1.5
synth_cable_gland,003,joint,,0.0,0.0,,2,0.0,0.0,0.001358,0.00201,0.292135,4256,356,0.066121,0.000661,0.999,1.5
synth_cable_gland,003,joint,,0.0,0.005,,0,0.0,0.005,0.001358,0.002413,0.294944,4256,356,0.066121,0.000661,0.999,1.5
synth_cable_gland,003,joint,,0.0,0.005,,1,0.0,0.005,0.001358,0.004021,0.325843,4256,356,0.066121,0.000661,0.999,1.5
synth_cable_gland,003,joint,,0.0,0.005,,2,0.0,0.005,0.001358,0.004423,0.337079,4256,356,0.066121,0.000661,0.999,1.5
synth_cable_gland,003,joint,,0.0,0.01,,0,0.0,0.01,0.001358,0.005629,0.323034,4256,356,0.066121,0.000661,0.999,1.5
synth_cable_gland,003,joint,,0.0,0.01,,1,0.0,0.01,0.001358,0.001608,0.191011,4256,356,0.066121,0.000661,0.999,1.5
synth_cable_gland,003,joint,,0.0,0.01,,2,0.0,0.01,0.001358,0.002815,0.219101,4256,356,0.066121,0.000661,0.999,1.5
synth_cable_gland,003,joint,,0.0,0.02,,0,0.0,0.02,0.001358,0.104142,0.382022,4256,356,0.066121,0.000661,0.999,1.5
synth_cable_gland,003,joint,,0.0,0.02,,1,0.0,0.02,0.001358,0.029755,0.280899,4256,356,0.066121,0.000661,0.999,1.5
synth_cable_gland,003,joint,,0.0,0.02,,2,0.0,0.02,0.001358,0.101327,0.491573,4256,356,0.066121,0.000661,0.999,1.5
synth_cable_gland,003,joint,,0.0,0.04,,0,0.0,0.04,0.001358,0.456775,0.33427,4256,356,0.066121,0.000661,0.999,1.5
synth_cable_gland,003,joint,,0.0,0.04,,1,0.0,0.04,0.001358,0.623241,0.244382,4256,356,0.066121,0.000661,0.999,1.5
synth_cable_gland,003,joint,,0.0,0.04,,2,0.0,0.04,0.001358,0.224367,0.550562,4256,356,0.066121,0.000661,0.999,1.5
synth_cable_gland,003,joint,,1.0,0.0,,0,1.0,0.0,0.001358,0.003217,0.264045,4256,356,0.066121,0.000661,0.999,1.5
synth_cable_gland,003,joint,,1.0,0.0,,1,1.0,0.0,0.001358,0.002815,0.286517,4256,356,0.066121,0.000661,0.999,1.5
synth_cable_gland,003,joint,,1.0,0.0,,2,1.0,0.0,0.001358,0.00201,0.27809,4256,356,0.066121,0.000661,0.999,1.5
synth_cable_gland,003,joint,,1.0,0.005,,0,1.0,0.005,0.001358,0.004423,0.314607,4256,356,0.066121,0.000661,0.999,1.5
synth_cable_gland,003,joint,,1.0,0.005,,1,1.0,0.005,0.001358,0.006031,0.339888,4256,356,0.066121,0.000661,0.999,1.5
synth_cable_gland,003,joint,,1.0,0.005,,2,1.0,0.005,0.001358,0.005227,0.345506,4256,356,0.066121,0.000661,0.999,1.5
synth_cable_gland,003,joint,,1.0,0.01,,0,1.0,0.01,0.001358,0.001608,0.241573,4256,356,0.066121,0.000661,0.999,1.5
synth_cable_gland,003,joint,,1.0,0.01,,1,1.0,0.01,0.001358,0.006433,0.356742,4256,356,0.066121,0.000661,0.999,1.5
synth_cable_gland,003,joint,,1.0,0.01,,2,1.0,0.01,0.001358,0.008444,0.353933,4256,356,0.066121,0.000661,0.999,1.5
synth_cable_gland,003,joint,,1.0,0.02,,0,1.0,0.02,0.001358,0.05388,0.176966,4256,356,0.066121,0.000661,0.999,1.5
synth_cable_gland,003,joint,,1.0,0.02,,1,1.0,0.02,0.001358,0.02694,0.266854,4256,356,0.066121,0.000661,0.999,1.5
synth_cable_gland,003,joint,,1.0,0.02,,2,1.0,0.02,0.001358,0.079212,0.337079,4256,356,0.066121,0.000661,0.999,1.5
synth_cable_gland,003,joint,,1.0,0.04,,0,1.0,0.04,0.001358,0.278649,0.435393,4256,356,0.066121,0.000661,0.999,1.5
synth_cable_gland,003,joint,,1.0,0.04,,1,1.0,0.04,0.001358,0.737033,0.865169,4256,356,0.066121,0.000661,0.999,1.5
synth_cable_gland,003,joint,,1.0,0.04,,2,1.0,0.04,0.001358,0.766385,0.654494,4256,356,0.066121,0.000661,0.999,1.5
synth_cable_gland,003,joint,,2.0,0.0,,0,2.0,0.0,0.001358,0.004423,0.342697,4256,356,0.066121,0.000661,0.999,1.5
synth_cable_gland,003,joint,,2.0,0.0,,1,2.0,0.0,0.001358,0.004423,0.258427,4256,356,0.066121,0.000661,0.999,1.5
synth_cable_gland,003,joint,,2.0,0.0,,2,2.0,0.0,0.001358,0.003619,0.351124,4256,356,0.066121,0.000661,0.999,1.5
synth_cable_gland,003,joint,,2.0,0.005,,0,2.0,0.005,0.001358,0.008042,0.328652,4256,356,0.066121,0.000661,0.999,1.5
synth_cable_gland,003,joint,,2.0,0.005,,1,2.0,0.005,0.001358,0.003619,0.230337,4256,356,0.066121,0.000661,0.999,1.5
synth_cable_gland,003,joint,,2.0,0.005,,2,2.0,0.005,0.001358,0.006836,0.297753,4256,356,0.066121,0.000661,0.999,1.5
synth_cable_gland,003,joint,,2.0,0.01,,0,2.0,0.01,0.001358,0.014475,0.320225,4256,356,0.066121,0.000661,0.999,1.5
synth_cable_gland,003,joint,,2.0,0.01,,1,2.0,0.01,0.001358,0.018496,0.317416,4256,356,0.066121,0.000661,0.999,1.5
synth_cable_gland,003,joint,,2.0,0.01,,2,2.0,0.01,0.001358,0.016486,0.30618,4256,356,0.066121,0.000661,0.999,1.5
synth_cable_gland,003,joint,,2.0,0.02,,0,2.0,0.02,0.001358,0.105348,0.66573,4256,356,0.066121,0.000661,0.999,1.5
synth_cable_gland,003,joint,,2.0,0.02,,1,2.0,0.02,0.001358,0.084439,0.199438,4256,356,0.066121,0.000661,0.999,1.5
synth_cable_gland,003,joint,,2.0,0.02,,2,2.0,0.02,0.001358,0.110575,0.424157,4256,356,0.066121,0.000661,0.999,1.5
synth_cable_gland,003,joint,,2.0,0.04,,0,2.0,0.04,0.001358,0.318054,0.466292,4256,356,0.066121,0.000661,0.999,1.5
synth_cable_gland,003,joint,,2.0,0.04,,1,2.0,0.04,0.001358,0.611982,0.424157,4256,356,0.066121,0.000661,0.999,1.5
synth_cable_gland,003,joint,,2.0,0.04,,2,2.0,0.04,0.001358,0.489747,0.519663,4256,356,0.066121,0.000661,0.999,1.5
synth_cable_gland,003,joint,,4.0,0.0,,0,4.0,0.0,0.001358,0.048653,0.280899,4256,356,0.066121,0.000661,0.999,1.5
synth_cable_gland,003,joint,,4.0,0.0,,1,4.0,0.0,0.001358,0.033374,0.426966,4256,356,0.066121,0.000661,0.999,1.5
synth_cable_gland,003,joint,,4.0,0.0,,2,4.0,0.0,0.001358,0.036188,0.283708,4256,356,0.066121,0.000661,0.999,1.5
synth_cable_gland,003,joint,,4.0,0.005,,0,4.0,0.005,0.001358,0.043426,0.160112,4256,356,0.066121,0.000661,0.999,1.5
synth_cable_gland,003,joint,,4.0,0.005,,1,4.0,0.005,0.001358,0.011259,0.294944,4256,356,0.066121,0.000661,0.999,1.5
synth_cable_gland,003,joint,,4.0,0.005,,2,4.0,0.005,0.001358,0.029353,0.367978,4256,356,0.066121,0.000661,0.999,1.5
synth_cable_gland,003,joint,,4.0,0.01,,0,4.0,0.01,0.001358,0.102533,0.480337,4256,356,0.066121,0.000661,0.999,1.5
synth_cable_gland,003,joint,,4.0,0.01,,1,4.0,0.01,0.001358,0.084439,0.311798,4256,356,0.066121,0.000661,0.999,1.5
synth_cable_gland,003,joint,,4.0,0.01,,2,4.0,0.01,0.001358,0.032569,0.320225,4256,356,0.066121,0.000661,0.999,1.5
synth_cable_gland,003,joint,,4.0,0.02,,0,4.0,0.02,0.001358,0.147165,0.544944,4256,356,0.066121,0.000661,0.999,1.5
synth_cable_gland,003,joint,,4.0,0.02,,1,4.0,0.02,0.001358,0.347809,0.33427,4256,356,0.066121,0.000661,0.999,1.5
synth_cable_gland,003,joint,,4.0,0.02,,2,4.0,0.02,0.001358,0.048251,0.30618,4256,356,0.066121,0.000661,0.999,1.5
synth_cable_gland,003,joint,,4.0,0.04,,0,4.0,0.04,0.001358,0.355448,0.41573,4256,356,0.066121,0.000661,0.999,1.5
synth_cable_gland,003,joint,,4.0,0.04,,1,4.0,0.04,0.001358,0.61922,0.151685,4256,356,0.066121,0.000661,0.999,1.5
synth_cable_gland,003,joint,,4.0,0.04,,2,4.0,0.04,0.001358,0.589867,0.300562,4256,356,0.066121,0.000661,0.999,1.5
synth_cable_gland,003,joint,,8.0,0.0,,0,8.0,0.0,0.001358,0.15199,0.452247,4256,356,0.066121,0.000661,0.999,1.5
synth_cable_gland,003,joint,,8.0,0.0,,1,8.0,0.0,0.001358,0.394049,0.168539,4256,356,0.066121,0.000661,0.999,1.5
synth_cable_gland,003,joint,,8.0,0.0,,2,8.0,0.0,0.001358,0.449136,0.179775,4256,356,0.066121,0.000661,0.999,1.5
synth_cable_gland,003,joint,,8.0,0.005,,0,8.0,0.005,0.001358,0.584238,0.38764,4256,356,0.066121,0.000661,0.999,1.5
synth_cable_gland,003,joint,,8.0,0.005,,1,8.0,0.005,0.001358,0.281464,0.272472,4256,356,0.066121,0.000661,0.999,1.5
synth_cable_gland,003,joint,,8.0,0.005,,2,8.0,0.005,0.001358,0.268195,0.33427,4256,356,0.066121,0.000661,0.999,1.5
synth_cable_gland,003,joint,,8.0,0.01,,0,8.0,0.01,0.001358,0.392843,0.466292,4256,356,0.066121,0.000661,0.999,1.5
synth_cable_gland,003,joint,,8.0,0.01,,1,8.0,0.01,0.001358,0.390028,0.27809,4256,356,0.066121,0.000661,0.999,1.5
synth_cable_gland,003,joint,,8.0,0.01,,2,8.0,0.01,0.001358,0.266184,0.320225,4256,356,0.066121,0.000661,0.999,1.5
synth_cable_gland,003,joint,,8.0,0.02,,0,8.0,0.02,0.001358,0.529956,0.317416,4256,356,0.066121,0.000661,0.999,1.5
synth_cable_gland,003,joint,,8.0,0.02,,1,8.0,0.02,0.001358,0.355448,0.390449,4256,356,0.066121,0.000661,0.999,1.5
synth_cable_gland,003,joint,,8.0,0.02,,2,8.0,0.02,0.001358,0.392843,0.356742,4256,356,0.066121,0.000661,0.999,1.5
synth_cable_gland,003,joint,,8.0,0.04,,0,8.0,0.04,0.001358,0.774427,0.511236,4256,356,0.066121,0.000661,0.999,1.5
synth_cable_gland,003,joint,,8.0,0.04,,1,8.0,0.04,0.001358,0.72497,0.497191,4256,356,0.066121,0.000661,0.999,1.5
synth_cable_gland,003,joint,,8.0,0.04,,2,8.0,0.04,0.001358,0.379976,0.564607,4256,356,0.066121,0.000661,0.999,1.5
synth_cable_gland,004,joint,,0.0,0.0,,0,0.0,0.0,0.001358,0.000382,0.303448,4256,290,0.066121,0.000661,0.999,1.5
synth_cable_gland,004,joint,,0.0,0.0,,1,0.0,0.0,0.001358,0.000382,0.303448,4256,290,0.066121,0.000661,0.999,1.5
synth_cable_gland,004,joint,,0.0,0.0,,2,0.0,0.0,0.001358,0.000382,0.303448,4256,290,0.066121,0.000661,0.999,1.5
synth_cable_gland,004,joint,,0.0,0.005,,0,0.0,0.005,0.001358,0.000382,0.265517,4256,290,0.066121,0.000661,0.999,1.5
synth_cable_gland,004,joint,,0.0,0.005,,1,0.0,0.005,0.001358,0.000382,0.303448,4256,290,0.066121,0.000661,0.999,1.5
synth_cable_gland,004,joint,,0.0,0.005,,2,0.0,0.005,0.001358,0.0,0.265517,4256,290,0.066121,0.000661,0.999,1.5
synth_cable_gland,004,joint,,0.0,0.01,,0,0.0,0.01,0.001358,0.002294,0.327586,4256,290,0.066121,0.000661,0.999,1.5
synth_cable_gland,004,joint,,0.0,0.01,,1,0.0,0.01,0.001358,0.0,0.172414,4256,290,0.066121,0.000661,0.999,1.5
synth_cable_gland,004,joint,,0.0,0.01,,2,0.0,0.01,0.001358,0.000765,0.224138,4256,290,0.066121,0.000661,0.999,1.5
synth_cable_gland,004,joint,,0.0,0.02,,0,0.0,0.02,0.001358,0.043578,0.162069,4256,290,0.066121,0.000661,0.999,1.5
synth_cable_gland,004,joint,,0.0,0.02,,1,0.0,0.02,0.001358,0.134939,0.510345,4256,290,0.066121,0.000661,0.999,1.5
synth_cable_gland,004,joint,,0.0,0.02,,2,0.0,0.02,0.001358,0.059633,0.313793,4256,290,0.066121,0.000661,0.999,1.5
synth_cable_gland,004,joint,,0.0,0.04,,0,0.0,0.04,0.001358,0.490826,0.437931,4256,290,0.066121,0.000661,0.999,1.5
synth_cable_gland,004,joint,,0.0,0.04,,1,0.0,0.04,0.001358,0.484709,0.675862,4256,290,0.066121,0.000661,0.999,1.5
synth_cable_gland,004,joint,,0.0,0.04,,2,0.0,0.04,0.001358,0.54052,0.97931,4256,290,0.066121,0.000661,0.999,1.5
synth_cable_gland,004,joint,,1.0,0.0,,0,1.0,0.0,0.001358,0.000382,0.306897,4256,290,0.066121,0.000661,0.999,1.5
synth_cable_gland,004,joint,,1.0,0.0,,1,1.0,0.0,0.001358,0.000765,0.348276,4256,290,0.066121,0.000661,0.999,1.5
synth_cable_gland,004,joint,,1.0,0.0,,2,1.0,0.0,0.001358,0.000765,0.258621,4256,290,0.066121,0.000661,0.999,1.5
synth_cable_gland,004,joint,,1.0,0.005,,0,1.0,0.005,0.001358,0.001147,0.262069,4256,290,0.066121,0.000661,0.999,1.5
synth_cable_gland,004,joint,,1.0,0.005,,1,1.0,0.005,0.001358,0.000765,0.344828,4256,290,0.066121,0.000661,0.999,1.5
synth_cable_gland,004,joint,,1.0,0.005,,2,1.0,0.005,0.001358,0.002676,0.368966,4256,290,0.066121,0.000661,0.999,1.5
synth_cable_gland,004,joint,,1.0,0.01,,0,1.0,0.01,0.001358,0.003823,0.368966,4256,290,0.066121,0.000661,0.999,1.5
synth_cable_gland,004,joint,,1.0,0.01,,1,1.0,0.01,0.001358,0.004205,0.37931,4256,290,0.066121,0.000661,0.999,1.5
synth_cable_gland,004,joint,,1.0,0.01,,2,1.0,0.01,0.001358,0.0,0.186207,4256,290,0.066121,0.000661,0.999,1.5
synth_cable_gland,004,joint,,1.0,0.02,,0,1.0,0.02,0.001358,0.039373,0.327586,4256,290,0.066121,0.000661,0.999,1.5
synth_cable_gland,004,joint,,1.0,0.02,,1,1.0,0.02,0.001358,0.064985,0.365517,4256,290,0.066121,0.000661,0.999,1.5
synth_cable_gland,004,joint,,1.0,0.02,,2,1.0,0.02,0.001358,0.2263,0.413793,4256,290,0.066121,0.000661,0.999,1.5
synth_cable_gland,004,joint,,1.0,0.04,,0,1.0,0.04,0.001358,0.405581,0.27931,4256,290,0.066121,0.000661,0.999,1.5
synth_cable_gland,004,joint,,1.0,0.04,,1,1.0,0.04,0.001358,0.243502,0.651724,4256,290,0.066121,0.000661,0.999,1.5
synth_cable_gland,004,joint,,1.0,0.04,,2,1.0,0.04,0.001358,0.306193,0.813793,4256,290,0.066121,0.000661,0.999,1.5
synth_cable_gland,004,joint,,2.0,0.0,,0,2.0,0.0,0.001358,0.00344,0.224138,4256,290,0.066121,0.000661,0.999,1.5
synth_cable_gland,004,joint,,2.0,0.0,,1,2.0,0.0,0.001358,0.003058,0.217241,4256,290,0.066121,0.000661,0.999,1.5
synth_cable_gland,004,joint,,2.0,0.0,,2,2.0,0.0,0.001358,0.003823,0.372414,4256,290,0.066121,0.000661,0.999,1.5
synth_cable_gland,004,joint,,2.0,0.005,,0,2.0,0.005,0.001358,0.00344,0.42069,4256,290,0.066121,0.000661,0.999,1.5
synth_cable_gland,004,joint,,2.0,0.005,,1,2.0,0.005,0.001358,0.00344,0.286207,4256,290,0.066121,0.000661,0.999,1.5
synth_cable_gland,004,joint,,2.0,0.005,,2,2.0,0.005,0.001358,0.001911,0.444828,4256,290,0.066121,0.000661,0.999,1.5
synth_cable_gland,004,joint,,2.0,0.01,,0,2.0,0.01,0.001358,0.036697,0.3,4256,290,0.066121,0.000661,0.999,1.5
synth_cable_gland,004,joint,,2.0,0.01,,1,2.0,0.01,0.001358,0.008792,0.341379,4256,290,0.066121,0.000661,0.999,1.5
synth_cable_gland,004,joint,,2.0,0.01,,2,2.0,0.01,0.001358,0.004205,0.396552,4256,290,0.066121,0.000661,0.999,1.5
synth_cable_gland,004,joint,,2.0,0.02,,0,2.0,0.02,0.001358,0.058486,0.362069,4256,290,0.066121,0.000661,0.999,1.5
synth_cable_gland,004,joint,,2.0,0.02,,1,2.0,0.02,0.001358,0.026758,0.286207,4256,290,0.066121,0.000661,0.999,1.5
synth_cable_gland,004,joint,,2.0,0.02,,2,2.0,0.02,0.001358,0.021789,0.5,4256,290,0.066121,0.000661,0.999,1.5
synth_cable_gland,004,joint,,2.0,0.04,,0,2.0,0.04,0.001358,0.284404,0.851724,4256,290,0.066121,0.000661,0.999,1.5
synth_cable_gland,004,joint,,2.0,0.04,,1,2.0,0.04,0.001358,0.443043,0.965517,4256,290,0.066121,0.000661,0.999,1.5
synth_cable_gland,004,joint,,2.0,0.04,,2,2.0,0.04,0.001358,0.830657,0.324138,4256,290,0.066121,0.000661,0.999,1.5
synth_cable_gland,004,joint,,4.0,0.0,,0,4.0,0.0,0.001358,0.017584,0.448276,4256,290,0.066121,0.000661,0.999,1.5
synth_cable_gland,004,joint,,4.0,0.0,,1,4.0,0.0,0.001358,0.007645,0.251724,4256,290,0.066121,0.000661,0.999,1.5
synth_cable_gland,004,joint,,4.0,0.0,,2,4.0,0.0,0.001358,0.014908,0.57931,4256,290,0.066121,0.000661,0.999,1.5
synth_cable_gland,004,joint,,4.0,0.005,,0,4.0,0.005,0.001358,0.031728,0.196552,4256,290,0.066121,0.000661,0.999,1.5
synth_cable_gland,004,joint,,4.0,0.005,,1,4.0,0.005,0.001358,0.021407,0.355172,4256,290,0.066121,0.000661,0.999,1.5
synth_cable_gland,004,joint,,4.0,0.005,,2,4.0,0.005,0.001358,0.027141,0.448276,4256,290,0.066121,0.000661,0.999,1.5
synth_cable_gland,004,joint,,4.0,0.01,,0,4.0,0.01,0.001358,0.031346,0.182759,4256,290,0.066121,0.000661,0.999,1.5
synth_cable_gland,004,joint,,4.0,0.01,,1,4.0,0.01,0.001358,0.027905,0.451724,4256,290,0.066121,0.000661,0.999,1.5
synth_cable_gland,004,joint,,4.0,0.01,,2,4.0,0.01,0.001358,0.039755,0.403448,4256,290,0.066121,0.000661,0.999,1.5
synth_cable_gland,004,joint,,4.0,0.02,,0,4.0,0.02,0.001358,0.110856,0.203448,4256,290,0.066121,0.000661,0.999,1.5
synth_cable_gland,004,joint,,4.0,0.02,,1,4.0,0.02,0.001358,0.113914,0.286207,4256,290,0.066121,0.000661,0.999,1.5
synth_cable_gland,004,joint,,4.0,0.02,,2,4.0,0.02,0.001358,0.069954,0.331034,4256,290,0.066121,0.000661,0.999,1.5
synth_cable_gland,004,joint,,4.0,0.04,,0,4.0,0.04,0.001358,0.542813,0.631034,4256,290,0.066121,0.000661,0.999,1.5
synth_cable_gland,004,joint,,4.0,0.04,,1,4.0,0.04,0.001358,0.781728,0.893103,4256,290,0.066121,0.000661,0.999,1.5
synth_cable_gland,004,joint,,4.0,0.04,,2,4.0,0.04,0.001358,0.319572,0.958621,4256,290,0.066121,0.000661,0.999,1.5
synth_cable_gland,004,joint,,8.0,0.0,,0,8.0,0.0,0.001358,0.199924,0.806897,4256,290,0.066121,0.000661,0.999,1.5
synth_cable_gland,004,joint,,8.0,0.0,,1,8.0,0.0,0.001358,0.18922,0.82069,4256,290,0.066121,0.000661,0.999,1.5
synth_cable_gland,004,joint,,8.0,0.0,,2,8.0,0.0,0.001358,0.330657,0.444828,4256,290,0.066121,0.000661,0.999,1.5
synth_cable_gland,004,joint,,8.0,0.005,,0,8.0,0.005,0.001358,0.208716,0.203448,4256,290,0.066121,0.000661,0.999,1.5
synth_cable_gland,004,joint,,8.0,0.005,,1,8.0,0.005,0.001358,0.176988,0.696552,4256,290,0.066121,0.000661,0.999,1.5
synth_cable_gland,004,joint,,8.0,0.005,,2,8.0,0.005,0.001358,0.223624,0.689655,4256,290,0.066121,0.000661,0.999,1.5
synth_cable_gland,004,joint,,8.0,0.01,,0,8.0,0.01,0.001358,0.184251,0.506897,4256,290,0.066121,0.000661,0.999,1.5
synth_cable_gland,004,joint,,8.0,0.01,,1,8.0,0.01,0.001358,0.352446,0.482759,4256,290,0.066121,0.000661,0.999,1.5
synth_cable_gland,004,joint,,8.0,0.01,,2,8.0,0.01,0.001358,0.282492,0.272414,4256,290,0.066121,0.000661,0.999,1.5
synth_cable_gland,004,joint,,8.0,0.02,,0,8.0,0.02,0.001358,0.272554,0.272414,4256,290,0.066121,0.000661,0.999,1.5
synth_cable_gland,004,joint,,8.0,0.02,,1,8.0,0.02,0.001358,0.485856,0.3,4256,290,0.066121,0.000661,0.999,1.5
synth_cable_gland,004,joint,,8.0,0.02,,2,8.0,0.02,0.001358,0.290902,0.210345,4256,290,0.066121,0.000661,0.999,1.5
synth_cable_gland,004,joint,,8.0,0.04,,0,8.0,0.04,0.001358,0.571101,0.765517,4256,290,0.066121,0.000661,0.999,1.5
synth_cable_gland,004,joint,,8.0,0.04,,1,8.0,0.04,0.001358,0.653287,0.631034,4256,290,0.066121,0.000661,0.999,1.5
synth_cable_gland,004,joint,,8.0,0.04,,2,8.0,0.04,0.001358,0.693807,0.548276,4256,290,0.066121,0.000661,0.999,1.5
synth_cable_gland,005,joint,,0.0,0.0,,0,0.0,0.0,0.001358,0.000643,0.277056,4256,231,0.066121,0.000661,0.999,1.5
synth_cable_gland,005,joint,,0.0,0.0,,1,0.0,0.0,0.001358,0.000643,0.277056,4256,231,0.066121,0.000661,0.999,1.5
synth_cable_gland,005,joint,,0.0,0.0,,2,0.0,0.0,0.001358,0.000643,0.277056,4256,231,0.066121,0.000661,0.999,1.5
synth_cable_gland,005,joint,,0.0,0.005,,0,0.0,0.005,0.001358,0.000322,0.233766,4256,231,0.066121,0.000661,0.999,1.5
synth_cable_gland,005,joint,,0.0,0.005,,1,0.0,0.005,0.001358,0.000965,0.290043,4256,231,0.066121,0.000661,0.999,1.5
synth_cable_gland,005,joint,,0.0,0.005,,2,0.0,0.005,0.001358,0.000643,0.311688,4256,231,0.066121,0.000661,0.999,1.5
synth_cable_gland,005,joint,,0.0,0.01,,0,0.0,0.01,0.001358,0.000965,0.298701,4256,231,0.066121,0.000661,0.999,1.5
synth_cable_gland,005,joint,,0.0,0.01,,1,0.0,0.01,0.001358,0.000965,0.30303,4256,231,0.066121,0.000661,0.999,1.5
synth_cable_gland,005,joint,,0.0,0.01,,2,0.0,0.01,0.001358,0.001608,0.285714,4256,231,0.066121,0.000661,0.999,1.5
synth_cable_gland,005,joint,,0.0,0.02,,0,0.0,0.02,0.001358,0.108717,0.5671,4256,231,0.066121,0.000661,0.999,1.5
synth_cable_gland,005,joint,,0.0,0.02,,1,0.0,0.02,0.001358,0.072692,0.229437,4256,231,0.066121,0.000661,0.999,1.5
synth_cable_gland,005,joint,,0.0,0.02,,2,0.0,0.02,0.001358,0.052107,0.380952,4256,231,0.066121,0.000661,0.999,1.5
synth_cable_gland,005,joint,,0.0,0.04,,0,0.0,0.04,0.001358,0.764876,0.424242,4256,231,0.066121,0.000661,0.999,1.5
synth_cable_gland,005,joint,,0.0,0.04,,1,0.0,0.04,0.001358,0.671277,0.852814,4256,231,0.066121,0.000661,0.999,1.5
synth_cable_gland,005,joint,,0.0,0.04,,2,0.0,0.04,0.001358,0.514313,0.30303,4256,231,0.066121,0.000661,0.999,1.5
synth_cable_gland,005,joint,,1.0,0.0,,0,1.0,0.0,0.001358,0.001287,0.229437,4256,231,0.066121,0.000661,0.999,1.5
synth_cable_gland,005,joint,,1.0,0.0,,1,1.0,0.0,0.001358,0.000643,0.290043,4256,231,0.066121,0.000661,0.999,1.5
synth_cable_gland,005,joint,,1.0,0.0,,2,1.0,0.0,0.001358,0.000965,0.316017,4256,231,0.066121,0.000661,0.999,1.5
synth_cable_gland,005,joint,,1.0,0.005,,0,1.0,0.005,0.001358,0.001608,0.255411,4256,231,0.066121,0.000661,0.999,1.5
synth_cable_gland,005,joint,,1.0,0.005,,1,1.0,0.005,0.001358,0.001287,0.246753,4256,231,0.066121,0.000661,0.999,1.5
synth_cable_gland,005,joint,,1.0,0.005,,2,1.0,0.005,0.001358,0.000643,0.220779,4256,231,0.066121,0.000661,0.999,1.5
synth_cable_gland,005,joint,,1.0,0.01,,0,1.0,0.01,0.001358,0.004503,0.255411,4256,231,0.066121,0.000661,0.999,1.5
synth_cable_gland,005,joint,,1.0,0.01,,1,1.0,0.01,0.001358,0.001608,0.341991,4256,231,0.066121,0.000661,0.999,1.5
synth_cable_gland,005,joint,,1.0,0.01,,2,1.0,0.01,0.001358,0.001608,0.34632,4256,231,0.066121,0.000661,0.999,1.5
synth_cable_gland,005,joint,,1.0,0.02,,0,1.0,0.02,0.001358,0.111611,0.220779,4256,231,0.066121,0.000661,0.999,1.5
synth_cable_gland,005,joint,,1.0,0.02,,1,1.0,0.02,0.001358,0.049855,0.251082,4256,231,0.066121,0.000661,0.999,1.5
synth_cable_gland,005,joint,,1.0,0.02,,2,1.0,0.02,0.001358,0.080412,0.294372,4256,231,0.066121,0.000661,0.999,1.5
synth_cable_gland,005,joint,,1.0,0.04,,0,1.0,0.04,0.001358,0.881312,0.558442,4256,231,0.066121,0.000661,0.999,1.5
synth_cable_gland,005,joint,,1.0,0.04,,1,1.0,0.04,0.001358,0.604696,0.857143,4256,231,0.066121,0.000661,0.999,1.5
synth_cable_gland,005,joint,,1.0,0.04,,2,1.0,0.04,0.001358,0.439048,0.484848,4256,231,0.066121,0.000661,0.999,1.5
synth_cable_gland,005,joint,,2.0,0.0,,0,2.0,0.0,0.001358,0.002252,0.203463,4256,231,0.066121,0.000661,0.999,1.5
synth_cable_gland,005,joint,,2.0,0.0,,1,2.0,0.0,0.001358,0.001287,0.194805,4256,231,0.066121,0.000661,0.999,1.5
synth_cable_gland,005,joint,,2.0,0.0,,2,2.0,0.0,0.001358,0.00193,0.268398,4256,231,0.066121,0.000661,0.999,1.5
synth_cable_gland,005,joint,,2.0,0.005,,0,2.0,0.005,0.001358,0.004181,0.307359,4256,231,0.066121,0.000661,0.999,1.5
synth_cable_gland,005,joint,,2.0,0.005,,1,2.0,0.005,0.001358,0.00193,0.333333,4256,231,0.066121,0.000661,0.999,1.5
synth_cable_gland,005,joint,,2.0,0.005,,2,2.0,0.005,0.001358,0.002573,0.251082,4256,231,0.066121,0.000661,0.999,1.5
synth_cable_gland,005,joint,,2.0,0.01,,0,2.0,0.01,0.001358,0.005146,0.225108,4256,231,0.066121,0.000661,0.999,1.5
synth_cable_gland,005,joint,,2.0,0.01,,1,2.0,0.01,0.001358,0.00579,0.406926,4256,231,0.066121,0.000661,0.999,1.5
synth_cable_gland,005,joint,,2.0,0.01,,2,2.0,0.01,0.001358,0.002895,0.294372,4256,231,0.066121,0.000661,0.999,1.5
synth_cable_gland,005,joint,,2.0,0.02,,0,2.0,0.02,0.001358,0.016404,0.181818,4256,231,0.066121,0.000661,0.999,1.5
synth_cable_gland,005,joint,,2.0,0.02,,1,2.0,0.02,0.001358,0.076552,0.181818,4256,231,0.066121,0.000661,0.999,1.5
synth_cable_gland,005,joint,,2.0,0.02,,2,2.0,0.02,0.001358,0.032486,0.354978,4256,231,0.066121,0.000661,0.999,1.5
synth_cable_gland,005,joint,,2.0,0.04,,0,2.0,0.04,0.001358,0.907044,0.632035,4256,231,0.066121,0.000661,0.999,1.5
synth_cable_gland,005,joint,,2.0,0.04,,1,2.0,0.04,0.001358,0.852042,0.813853,4256,231,0.066121,0.000661,0.999,1.5
synth_cable_gland,005,joint,,2.0,0.04,,2,2.0,0.04,0.001358,0.45513,0.277056,4256,231,0.066121,0.000661,0.999,1.5
synth_cable_gland,005,joint,,4.0,0.0,,0,4.0,0.0,0.001358,0.003216,0.584416,4256,231,0.066121,0.000661,0.999,1.5
synth_cable_gland,005,joint,,4.0,0.0,,1,4.0,0.0,0.001358,0.007398,0.168831,4256,231,0.066121,0.000661,0.999,1.5
synth_cable_gland,005,joint,,4.0,0.0,,2,4.0,0.0,0.001358,0.019299,0.393939,4256,231,0.066121,0.000661,0.999,1.5
synth_cable_gland,005,joint,,4.0,0.005,,0,4.0,0.005,0.001358,0.040849,0.177489,4256,231,0.066121,0.000661,0.999,1.5
synth_cable_gland,005,joint,,4.0,0.005,,1,4.0,0.005,0.001358,0.051142,0.437229,4256,231,0.066121,0.000661,0.999,1.5
synth_cable_gland,005,joint,,4.0,0.005,,2,4.0,0.005,0.001358,0.010614,0.316017,4256,231,0.066121,0.000661,0.999,1.5
synth_cable_gland,005,joint,,4.0,0.01,,0,4.0,0.01,0.001358,0.087166,0.207792,4256,231,0.066121,0.000661,0.999,1.5
synth_cable_gland,005,joint,,4.0,0.01,,1,4.0,0.01,0.001358,0.108395,0.194805,4256,231,0.066121,0.000661,0.999,1.5
synth_cable_gland,005,joint,,4.0,0.01,,2,4.0,0.01,0.001358,0.017691,0.298701,4256,231,0.066121,0.000661,0.999,1.5
synth_cable_gland,005,joint,,4.0,0.02,,0,4.0,0.02,0.001358,0.13091,0.584416,4256,231,0.066121,0.000661,0.999,1.5
synth_cable_gland,005,joint,,4.0,0.02,,1,4.0,0.02,0.001358,0.026697,0.242424,4256,231,0.066121,0.000661,0.999,1.5
synth_cable_gland,005,joint,,4.0,0.02,,2,4.0,0.02,0.001358,0.091026,0.52381,4256,231,0.066121,0.000661,0.999,1.5
synth_cable_gland,005,joint,,4.0,0.04,,0,4.0,0.04,0.001358,0.460277,0.320346,4256,231,0.066121,0.000661,0.999,1.5
synth_cable_gland,005,joint,,4.0,0.04,,1,4.0,0.04,0.001358,0.414281,0.484848,4256,231,0.066121,0.000661,0.999,1.5
synth_cable_gland,005,joint,,4.0,0.04,,2,4.0,0.04,0.001358,0.557092,0.796537,4256,231,0.066121,0.000661,0.999,1.5
synth_cable_gland,005,joint,,8.0,0.0,,0,8.0,0.0,0.001358,0.093278,0.341991,4256,231,0.066121,0.000661,0.999,1.5
synth_cable_gland,005,joint,,8.0,0.0,,1,8.0,0.0,0.001358,0.125121,0.268398,4256,231,0.066121,0.000661,0.999,1.5
synth_cable_gland,005,joint,,8.0,0.0,,2,8.0,0.0,0.001358,0.235124,0.454545,4256,231,0.066121,0.000661,0.999,1.5
synth_cable_gland,005,joint,,8.0,0.005,,0,8.0,0.005,0.001358,0.181087,0.372294,4256,231,0.066121,0.000661,0.999,1.5
synth_cable_gland,005,joint,,8.0,0.005,,1,8.0,0.005,0.001358,0.188485,0.580087,4256,231,0.066121,0.000661,0.999,1.5
synth_cable_gland,005,joint,,8.0,0.005,,2,8.0,0.005,0.001358,0.11322,0.692641,4256,231,0.066121,0.000661,0.999,1.5
synth_cable_gland,005,joint,,8.0,0.01,,0,8.0,0.01,0.001358,0.05661,0.874459,4256,231,0.066121,0.000661,0.999,1.5
synth_cable_gland,005,joint,,8.0,0.01,,1,8.0,0.01,0.001358,0.30267,0.225108,4256,231,0.066121,0.000661,0.999,1.5
synth_cable_gland,005,joint,,8.0,0.01,,2,8.0,0.01,0.001358,0.164683,0.532468,4256,231,0.066121,0.000661,0.999,1.5
synth_cable_gland,005,joint,,8.0,0.02,,0,8.0,0.02,0.001358,0.597941,0.186147,4256,231,0.066121,0.000661,0.999,1.5
synth_cable_gland,005,joint,,8.0,0.02,,1,8.0,0.02,0.001358,0.192023,0.207792,4256,231,0.066121,0.000661,0.999,1.5
synth_cable_gland,005,joint,,8.0,0.02,,2,8.0,0.02,0.001358,0.411065,0.627706,4256,231,0.066121,0.000661,0.999,1.5
synth_cable_gland,005,joint,,8.0,0.04,,0,8.0,0.04,0.001358,0.600515,0.744589,4256,231,0.066121,0.000661,0.999,1.5
synth_cable_gland,005,joint,,8.0,0.04,,1,8.0,0.04,0.001358,0.266324,0.922078,4256,231,0.066121,0.000661,0.999,1.5
synth_cable_gland,005,joint,,8.0,0.04,,2,8.0,0.04,0.001358,0.602766,0.350649,4256,231,0.066121,0.000661,0.999,1.5
synth_cable_gland,006,joint,,0.0,0.0,,0,0.0,0.0,0.001358,0.0,0.290801,4256,337,0.066121,0.000661,0.999,1.5
synth_cable_gland,006,joint,,0.0,0.0,,1,0.0,0.0,0.001358,0.0,0.290801,4256,337,0.066121,0.000661,0.999,1.5
synth_cable_gland,006,joint,,0.0,0.0,,2,0.0,0.0,0.001358,0.0,0.290801,4256,337,0.066121,0.000661,0.999,1.5
synth_cable_gland,006,joint,,0.0,0.005,,0,0.0,0.005,0.001358,0.000342,0.255193,4256,337,0.066121,0.000661,0.999,1.5
synth_cable_gland,006,joint,,0.0,0.005,,1,0.0,0.005,0.001358,0.000342,0.287834,4256,337,0.066121,0.000661,0.999,1.5
synth_cable_gland,006,joint,,0.0,0.005,,2,0.0,0.005,0.001358,0.0,0.317507,4256,337,0.066121,0.000661,0.999,1.5
synth_cable_gland,006,joint,,0.0,0.01,,0,0.0,0.01,0.001358,0.003421,0.403561,4256,337,0.066121,0.000661,0.999,1.5
synth_cable_gland,006,joint,,0.0,0.01,,1,0.0,0.01,0.001358,0.003421,0.433234,4256,337,0.066121,0.000661,0.999,1.5
synth_cable_gland,006,joint,,0.0,0.01,,2,0.0,0.01,0.001358,0.002737,0.335312,4256,337,0.066121,0.000661,0.999,1.5
synth_cable_gland,006,joint,,0.0,0.02,,0,0.0,0.02,0.001358,0.039685,0.364985,4256,337,0.066121,0.000661,0.999,1.5
synth_cable_gland,006,joint,,0.0,0.02,,1,0.0,0.02,0.001358,0.044817,0.219585,4256,337,0.066121,0.000661,0.999,1.5
synth_cable_gland,006,joint,,0.0,0.02,,2,0.0,0.02,0.001358,0.052001,0.664688,4256,337,0.066121,0.000661,0.999,1.5
synth_cable_gland,006,joint,,0.0,0.04,,0,0.0,0.04,0.001358,0.876839,0.412463,4256,337,0.066121,0.000661,0.999,1.5
synth_cable_gland,006,joint,,0.0,0.04,,1,0.0,0.04,0.001358,0.58091,0.335312,4256,337,0.066121,0.000661,0.999,1.5
synth_cable_gland,006,joint,,0.0,0.04,,2,0.0,0.04,0.001358,0.373931,0.925816,4256,337,0.066121,0.000661,0.999,1.5
synth_cable_gland,006,joint,,1.0,0.0,,0,1.0,0.0,0.001358,0.0,0.353116,4256,337,0.066121,0.000661,0.999,1.5
synth_cable_gland,006,joint,,1.0,0.0,,1,1.0,0.0,0.001358,0.0,0.293769,4256,337,0.066121,0.000661,0.999,1.5
synth_cable_gland,006,joint,,1.0,0.0,,2,1.0,0.0,0.001358,0.0,0.356083,4256,337,0.066121,0.000661,0.999,1.5
synth_cable_gland,006,joint,,1.0,0.005,,0,1.0,0.005,0.001358,0.000342,0.204748,4256,337,0.066121,0.000661,0.999,1.5
synth_cable_gland,006,joint,,1.0,0.005,,1,1.0,0.005,0.001358,0.001711,0.181009,4256,337,0.066121,0.000661,0.999,1.5
synth_cable_gland,006,joint,,1.0,0.005,,2,1.0,0.005,0.001358,0.001368,0.400593,4256,337,0.066121,0.000661,0.999,1.5
synth_cable_gland,006,joint,,1.0,0.01,,0,1.0,0.01,0.001358,0.003079,0.299703,4256,337,0.066121,0.000661,0.999,1.5
synth_cable_gland,006,joint,,1.0,0.01,,1,1.0,0.01,0.001358,0.003421,0.308605,4256,337,0.066121,0.000661,0.999,1.5
synth_cable_gland,006,joint,,1.0,0.01,,2,1.0,0.01,0.001358,0.002395,0.255193,4256,337,0.066121,0.000661,0.999,1.5
synth_cable_gland,006,joint,,1.0,0.02,,0,1.0,0.02,0.001358,0.091687,0.163205,4256,337,0.066121,0.000661,0.999,1.5
synth_cable_gland,006,joint,,1.0,0.02,,1,1.0,0.02,0.001358,0.03079,0.121662,4256,337,0.066121,0.000661,0.999,1.5
synth_cable_gland,006,joint,,1.0,0.02,,2,1.0,0.02,0.001358,0.030448,0.234421,4256,337,0.066121,0.000661,0.999,1.5
synth_cable_gland,006,joint,,1.0,0.04,,0,1.0,0.04,0.001358,0.373589,0.670623,4256,337,0.066121,0.000661,0.999,1.5
synth_cable_gland,006,joint,,1.0,0.04,,1,1.0,0.04,0.001358,0.384536,0.934718,4256,337,0.066121,0.000661,0.999,1.5
synth_cable_gland,006,joint,,1.0,0.04,,2,1.0,0.04,0.001358,0.26377,0.160237,4256,337,0.066121,0.000661,0.999,1.5
synth_cable_gland,006,joint,,2.0,0.0,,0,2.0,0.0,0.001358,0.001711,0.252226,4256,337,0.066121,0.000661,0.999,1.5
synth_cable_gland,006,joint,,2.0,0.0,,1,2.0,0.0,0.001358,0.002737,0.183976,4256,337,0.066121,0.000661,0.999,1.5
synth_cable_gland,006,joint,,2.0,0.0,,2,2.0,0.0,0.001358,0.001711,0.311573,4256,337,0.066121,0.000661,0.999,1.5
synth_cable_gland,006,joint,,2.0,0.005,,0,2.0,0.005,0.001358,0.000684,0.311573,4256,337,0.066121,0.000661,0.999,1.5
synth_cable_gland,006,joint,,2.0,0.005,,1,2.0,0.005,0.001358,0.000342,0.237389,4256,337,0.066121,0.000661,0.999,1.5
synth_cable_gland,006,joint,,2.0,0.005,,2,2.0,0.005,0.001358,0.006158,0.204748,4256,337,0.066121,0.000661,0.999,1.5
synth_cable_gland,006,joint,,2.0,0.01,,0,2.0,0.01,0.001358,0.016764,0.382789,4256,337,0.066121,0.000661,0.999,1.5
synth_cable_gland,006,joint,,2.0,0.01,,1,2.0,0.01,0.001358,0.004447,0.474777,4256,337,0.066121,0.000661,0.999,1.5
synth_cable_gland,006,joint,,2.0,0.01,,2,2.0,0.01,0.001358,0.004105,0.459941,4256,337,0.066121,0.000661,0.999,1.5
synth_cable_gland,006,joint,,2.0,0.02,,0,2.0,0.02,0.001358,0.074239,0.738872,4256,337,0.066121,0.000661,0.999,1.5
synth_cable_gland,006,joint,,2.0,0.02,,1,2.0,0.02,0.001358,0.094766,0.744807,4256,337,0.066121,0.000661,0.999,1.5
synth_cable_gland,006,joint,,2.0,0.02,,2,2.0,0.02,0.001358,0.078002,0.433234,4256,337,0.066121,0.000661,0.999,1.5
synth_cable_gland,006,joint,,2.0,0.04,,0,2.0,0.04,0.001358,0.745125,0.228487,4256,337,0.066121,0.000661,0.999,1.5
synth_cable_gland,006,joint,,2.0,0.04,,1,2.0,0.04,0.001358,0.541225,0.706231,4256,337,0.066121,0.000661,0.999,1.5
synth_cable_gland,006,joint,,2.0,0.04,,2,2.0,0.04,0.001358,0.540541,0.854599,4256,337,0.066121,0.000661,0.999,1.5
synth_cable_gland,006,joint,,4.0,0.0,,0,4.0,0.0,0.001358,0.033185,0.145401,4256,337,0.066121,0.000661,0.999,1.5
synth_cable_gland,006,joint,,4.0,0.0,,1,4.0,0.0,0.001358,0.018474,0.154303,4256,337,0.066121,0.000661,0.999,1.5
synth_cable_gland,006,joint,,4.0,0.0,,2,4.0,0.0,0.001358,0.014369,0.20178,4256,337,0.066121,0.000661,0.999,1.5
synth_cable_gland,006,joint,,4.0,0.005,,0,4.0,0.005,0.001358,0.030106,0.31454,4256,337,0.066121,0.000661,0.999,1.5
synth_cable_gland,006,joint,,4.0,0.005,,1,4.0,0.005,0.001358,0.026001,0.198813,4256,337,0.066121,0.000661,0.999,1.5
synth_cable_gland,006,joint,,4.0,0.005,,2,4.0,0.005,0.001358,0.007527,0.376855,4256,337,0.066121,0.000661,0.999,1.5
synth_cable_gland,006,joint,,4.0,0.01,,0,4.0,0.01,0.001358,0.050291,0.721068,4256,337,0.066121,0.000661,0.999,1.5
synth_cable_gland,006,joint,,4.0,0.01,,1,4.0,0.01,0.001358,0.020869,0.335312,4256,337,0.066121,0.000661,0.999,1.5
synth_cable_gland,006,joint,,4.0,0.01,,2,4.0,0.01,0.001358,0.045501,0.136499,4256,337,0.066121,0.000661,0.999,1.5
synth_cable_gland,006,joint,,4.0,0.02,,0,4.0,0.02,0.001358,0.074239,0.400593,4256,337,0.066121,0.000661,0.999,1.5
synth_cable_gland,006,joint,,4.0,0.02,,1,4.0,0.02,0.001358,0.151557,0.362018,4256,337,0.066121,0.000661,0.999,1.5
synth_cable_gland,006,joint,,4.0,0.02,,2,4.0,0.02,0.001358,0.141293,0.231454,4256,337,0.066121,0.000661,0.999,1.5
synth_cable_gland,006,joint,,4.0,0.04,,0,4.0,0.04,0.001358,0.944235,0.367953,4256,337,0.066121,0.000661,0.999,1.5
synth_cable_gland,006,joint,,4.0,0.04,,1,4.0,0.04,0.001358,0.700992,0.95549,4256,337,0.066121,0.000661,0.999,1.5
synth_cable_gland,006,joint,,4.0,0.04,,2,4.0,0.04,0.001358,0.506329,0.267062,4256,337,0.066121,0.000661,0.999,1.5
synth_cable_gland,006,joint,,8.0,0.0,,0,8.0,0.0,0.001358,0.133425,0.406528,4256,337,0.066121,0.000661,0.999,1.5
synth_cable_gland,006,joint,,8.0,0.0,,1,8.0,0.0,0.001358,0.264796,0.459941,4256,337,0.066121,0.000661,0.999,1.5
synth_cable_gland,006,joint,,8.0,0.0,,2,8.0,0.0,0.001358,0.289429,0.293769,4256,337,0.066121,0.000661,0.999,1.5
synth_cable_gland,006,joint,,8.0,0.005,,0,8.0,0.005,0.001358,0.313377,0.700297,4256,337,0.066121,0.000661,0.999,1.5
synth_cable_gland,006,joint,,8.0,0.005,,1,8.0,0.005,0.001358,0.327403,0.338279,4256,337,0.066121,0.000661,0.999,1.5
synth_cable_gland,006,joint,,8.0,0.005,,2,8.0,0.005,0.001358,0.292166,0.691395,4256,337,0.066121,0.000661,0.999,1.5
synth_cable_gland,006,joint,,8.0,0.01,,0,8.0,0.01,0.001358,0.244612,0.163205,4256,337,0.066121,0.000661,0.999,1.5
synth_cable_gland,006,joint,,8.0,0.01,,1,8.0,0.01,0.001358,0.180636,0.848665,4256,337,0.066121,0.000661,0.999,1.5
synth_cable_gland,006,joint,,8.0,0.01,,2,8.0,0.01,0.001358,0.397195,0.344214,4256,337,0.066121,0.000661,0.999,1.5
synth_cable_gland,006,joint,,8.0,0.02,,0,8.0,0.02,0.001358,0.461854,0.385757,4256,337,0.066121,0.000661,0.999,1.5
synth_cable_gland,006,joint,,8.0,0.02,,1,8.0,0.02,0.001358,0.497092,0.228487,4256,337,0.066121,0.000661,0.999,1.5
synth_cable_gland,006,joint,,8.0,0.02,,2,8.0,0.02,0.001358,0.432432,0.47181,4256,337,0.066121,0.000661,0.999,1.5
synth_cable_gland,006,joint,,8.0,0.04,,0,8.0,0.04,0.001358,0.270954,0.531157,4256,337,0.066121,0.000661,0.999,1.5
synth_cable_gland,006,joint,,8.0,0.04,,1,8.0,0.04,0.001358,0.58091,0.994065,4256,337,0.066121,0.000661,0.999,1.5
synth_cable_gland,006,joint,,8.0,0.04,,2,8.0,0.04,0.001358,0.381115,0.940653,4256,337,0.066121,0.000661,0.999,1.5
synth_cable_gland,007,joint,,0.0,0.0,,0,0.0,0.0,0.001358,0.000992,0.23676,4256,321,0.066121,0.000661,0.999,1.5
synth_cable_gland,007,joint,,0.0,0.0,,1,0.0,0.0,0.001358,0.000992,0.23676,4256,321,0.066121,0.000661,0.999,1.5
synth_cable_gland,007,joint,,0.0,0.0,,2,0.0,0.0,0.001358,0.000992,0.23676,4256,321,0.066121,0.000661,0.999,1.5
synth_cable_gland,007,joint,,0.0,0.005,,0,0.0,0.005,0.001358,0.000661,0.221184,4256,321,0.066121,0.000661,0.999,1.5
synth_cable_gland,007,joint,,0.0,0.005,,1,0.0,0.005,0.001358,0.000992,0.242991,4256,321,0.066121,0.000661,0.999,1.5
synth_cable_gland,007,joint,,0.0,0.005,,2,0.0,0.005,0.001358,0.0,0.208723,4256,321,0.066121,0.000661,0.999,1.5
synth_cable_gland,007,joint,,0.0,0.01,,0,0.0,0.01,0.001358,0.003968,0.317757,4256,321,0.066121,0.000661,0.999,1.5
synth_cable_gland,007,joint,,0.0,0.01,,1,0.0,0.01,0.001358,0.001984,0.271028,4256,321,0.066121,0.000661,0.999,1.5
synth_cable_gland,007,joint,,0.0,0.01,,2,0.0,0.01,0.001358,0.001984,0.233645,4256,321,0.066121,0.000661,0.999,1.5
synth_cable_gland,007,joint,,0.0,0.02,,0,0.0,0.02,0.001358,0.047288,0.292835,4256,321,0.066121,0.000661,0.999,1.5
synth_cable_gland,007,joint,,0.0,0.02,,1,0.0,0.02,0.001358,0.088294,0.53271,4256,321,0.066121,0.000661,0.999,1.5
synth_cable_gland,007,joint,,0.0,0.02,,2,0.0,0.02,0.001358,0.125331,0.417445,4256,321,0.066121,0.000661,0.999,1.5
synth_cable_gland,007,joint,,0.0,0.04,,0,0.0,0.04,0.001358,0.794312,0.697819,4256,321,0.066121,0.000661,0.999,1.5
synth_cable_gland,007,joint,,0.0,0.04,,1,0.0,0.04,0.001358,0.188823,0.395639,4256,321,0.066121,0.000661,0.999,1.5
synth_cable_gland,007,joint,,0.0,0.04,,2,0.0,0.04,0.001358,0.286376,0.604361,4256,321,0.066121,0.000661,0.999,1.5
synth_cable_gland,007,joint,,1.0,0.0,,0,1.0,0.0,0.001358,0.001653,0.23053,4256,321,0.066121,0.000661,0.999,1.5
synth_cable_gland,007,joint,,1.0,0.0,,1,1.0,0.0,0.001358,0.001323,0.214953,4256,321,0.066121,0.000661,0.999,1.5
synth_cable_gland,007,joint,,1.0,0.0,,2,1.0,0.0,0.001358,0.001984,0.23053,4256,321,0.066121,0.000661,0.999,1.5
synth_cable_gland,007,joint,,1.0,0.005,,0,1.0,0.005,0.001358,0.001653,0.23676,4256,321,0.066121,0.000661,0.999,1.5
synth_cable_gland,007,joint,,1.0,0.005,,1,1.0,0.005,0.001358,0.001323,0.23676,4256,321,0.066121,0.000661,0.999,1.5
synth_cable_gland,007,joint,,1.0,0.005,,2,1.0,0.005,0.001358,0.003638,0.23053,4256,321,0.066121,0.000661,0.999,1.5
synth_cable_gland,007,joint,,1.0,0.01,,0,1.0,0.01,0.001358,0.005291,0.336449,4256,321,0.066121,0.000661,0.999,1.5
synth_cable_gland,007,joint,,1.0,0.01,,1,1.0,0.01,0.001358,0.005291,0.305296,4256,321,0.066121,0.000661,0.999,1.5
synth_cable_gland,007,joint,,1.0,0.01,,2,1.0,0.01,0.001358,0.002315,0.29595,4256,321,0.066121,0.000661,0.999,1.5
synth_cable_gland,007,joint,,1.0,0.02,,0,1.0,0.02,0.001358,0.04332,0.445483,4256,321,0.066121,0.000661,0.999,1.5
synth_cable_gland,007,joint,,1.0,0.02,,1,1.0,0.02,0.001358,0.185516,0.202492,4256,321,0.066121,0.000661,0.999,1.5
synth_cable_gland,007,joint,,1.0,0.02,,2,1.0,0.02,0.001358,0.070767,0.560748,4256,321,0.066121,0.000661,0.999,1.5
synth_cable_gland,007,joint,,1.0,0.04,,0,1.0,0.04,0.001358,0.842262,0.545171,4256,321,0.066121,0.000661,0.999,1.5
synth_cable_gland,007,joint,,1.0,0.04,,1,1.0,0.04,0.001358,0.278439,0.520249,4256,321,0.066121,0.000661,0.999,1.5
synth_cable_gland,007,joint,,1.0,0.04,,2,1.0,0.04,0.001358,0.75463,0.757009,4256,321,0.066121,0.000661,0.999,1.5
synth_cable_gland,007,joint,,2.0,0.0,,0,2.0,0.0,0.001358,0.001984,0.261682,4256,321,0.066121,0.000661,0.999,1.5
synth_cable_gland,007,joint,,2.0,0.0,,1,2.0,0.0,0.001358,0.002976,0.280374,4256,321,0.066121,0.000661,0.999,1.5
synth_cable_gland,007,joint,,2.0,0.0,,2,2.0,0.0,0.001358,0.000661,0.211838,4256,321,0.066121,0.000661,0.999,1.5
synth_cable_gland,007,joint,,2.0,0.005,,0,2.0,0.005,0.001358,0.000661,0.214953,4256,321,0.066121,0.000661,0.999,1.5
synth_cable_gland,007,joint,,2.0,0.005,,1,2.0,0.005,0.001358,0.002646,0.208723,4256,321,0.066121,0.000661,0.999,1.5
synth_cable_gland,007,joint,,2.0,0.005,,2,2.0,0.005,0.001358,0.002976,0.271028,4256,321,0.066121,0.000661,0.999,1.5
synth_cable_gland,007,joint,,2.0,0.01,,0,2.0,0.01,0.001358,0.005952,0.249221,4256,321,0.066121,0.000661,0.999,1.5
synth_cable_gland,007,joint,,2.0,0.01,,1,2.0,0.01,0.001358,0.002315,0.224299,4256,321,0.066121,0.000661,0.999,1.5
synth_cable_gland,007,joint,,2.0,0.01,,2,2.0,0.01,0.001358,0.003638,0.214953,4256,321,0.066121,0.000661,0.999,1.5
synth_cable_gland,007,joint,,2.0,0.02,,0,2.0,0.02,0.001358,0.154101,0.267913,4256,321,0.066121,0.000661,0.999,1.5
synth_cable_gland,007,joint,,2.0,0.02,,1,2.0,0.02,0.001358,0.083333,0.299065,4256,321,0.066121,0.000661,0.999,1.5
synth_cable_gland,007,joint,,2.0,0.02,,2,2.0,0.02,0.001358,0.206349,0.214953,4256,321,0.066121,0.000661,0.999,1.5
synth_cable_gland,007,joint,,2.0,0.04,,0,2.0,0.04,0.001358,0.852513,0.330218,4256,321,0.066121,0.000661,0.999,1.5
synth_cable_gland,007,joint,,2.0,0.04,,1,2.0,0.04,0.001358,0.514881,0.28972,4256,321,0.066121,0.000661,0.999,1.5
synth_cable_gland,007,joint,,2.0,0.04,,2,2.0,0.04,0.001358,0.247024,0.53271,4256,321,0.066121,0.000661,0.999,1.5
synth_cable_gland,007,joint,,4.0,0.0,,0,4.0,0.0,0.001358,0.005622,0.264798,4256,321,0.066121,0.000661,0.999,1.5
synth_cable_gland,007,joint,,4.0,0.0,,1,4.0,0.0,0.001358,0.012235,0.242991,4256,321,0.066121,0.000661,0.999,1.5
synth_cable_gland,007,joint,,4.0,0.0,,2,4.0,0.0,0.001358,0.028108,0.239875,4256,321,0.066121,0.000661,0.999,1.5
synth_cable_gland,007,joint,,4.0,0.005,,0,4.0,0.005,0.001358,0.007275,0.345794,4256,321,0.066121,0.000661,0.999,1.5
synth_cable_gland,007,joint,,4.0,0.005,,1,4.0,0.005,0.001358,0.006283,0.218069,4256,321,0.066121,0.000661,0.999,1.5
synth_cable_gland,007,joint,,4.0,0.005,,2,4.0,0.005,0.001358,0.012897,0.261682,4256,321,0.066121,0.000661,0.999,1.5
synth_cable_gland,007,joint,,4.0,0.01,,0,4.0,0.01,0.001358,0.051587,0.34891,4256,321,0.066121,0.000661,0.999,1.5
synth_cable_gland,007,joint,,4.0,0.01,,1,4.0,0.01,0.001358,0.162037,0.29595,4256,321,0.066121,0.000661,0.999,1.5
synth_cable_gland,007,joint,,4.0,0.01,,2,4.0,0.01,0.001358,0.04828,0.426791,4256,321,0.066121,0.000661,0.999,1.5
synth_cable_gland,007,joint,,4.0,0.02,,0,4.0,0.02,0.001358,0.081349,0.454829,4256,321,0.066121,0.000661,0.999,1.5
synth_cable_gland,007,joint,,4.0,0.02,,1,4.0,0.02,0.001358,0.119378,0.713396,4256,321,0.066121,0.000661,0.999,1.5
synth_cable_gland,007,joint,,4.0,0.02,,2,4.0,0.02,0.001358,0.043651,0.41433,4256,321,0.066121,0.000661,0.999,1.5
synth_cable_gland,007,joint,,4.0,0.04,,0,4.0,0.04,0.001358,0.61541,0.728972,4256,321,0.066121,0.000661,0.999,1.5
synth_cable_gland,007,joint,,4.0,0.04,,1,4.0,0.04,0.001358,0.66336,0.352025,4256,321,0.066121,0.000661,0.999,1.5
synth_cable_gland,007,joint,,4.0,0.04,,2,4.0,0.04,0.001358,0.62004,0.464174,4256,321,0.066121,0.000661,0.999,1.5
synth_cable_gland,007,joint,,8.0,0.0,,0,8.0,0.0,0.001358,0.140212,0.302181,4256,321,0.066121,0.000661,0.999,1.5
synth_cable_gland,007,joint,,8.0,0.0,,1,8.0,0.0,0.001358,0.310185,0.457944,4256,321,0.066121,0.000661,0.999,1.5
synth_cable_gland,007,joint,,8.0,0.0,,2,8.0,0.0,0.001358,0.11078,0.479751,4256,321,0.066121,0.000661,0.999,1.5
synth_cable_gland,007,joint,,8.0,0.005,,0,8.0,0.005,0.001358,0.167328,0.728972,4256,321,0.066121,0.000661,0.999,1.5
synth_cable_gland,007,joint,,8.0,0.005,,1,8.0,0.005,0.001358,0.157077,0.65109,4256,321,0.066121,0.000661,0.999,1.5
synth_cable_gland,007,joint,,8.0,0.005,,2,8.0,0.005,0.001358,0.146164,0.442368,4256,321,0.066121,0.000661,0.999,1.5
synth_cable_gland,007,joint,,8.0,0.01,,0,8.0,0.01,0.001358,0.172288,0.604361,4256,321,0.066121,0.000661,0.999,1.5
synth_cable_gland,007,joint,,8.0,0.01,,1,8.0,0.01,0.001358,0.102844,0.697819,4256,321,0.066121,0.000661,0.999,1.5
synth_cable_gland,007,joint,,8.0,0.01,,2,8.0,0.01,0.001358,0.1875,0.398754,4256,321,0.066121,0.000661,0.999,1.5
synth_cable_gland,007,joint,,8.0,0.02,,0,8.0,0.02,0.001358,0.5,0.657321,4256,321,0.066121,0.000661,0.999,1.5
synth_cable_gland,007,joint,,8.0,0.02,,1,8.0,0.02,0.001358,0.375992,0.252336,4256,321,0.066121,0.000661,0.999,1.5
synth_cable_gland,007,joint,,8.0,0.02,,2,8.0,0.02,0.001358,0.38459,0.317757,4256,321,0.066121,0.000661,0.999,1.5
synth_cable_gland,007,joint,,8.0,0.04,,0,8.0,0.04,0.001358,0.344907,0.872274,4256,321,0.066121,0.000661,0.999,1.5
synth_cable_gland,007,joint,,8.0,0.04,,1,8.0,0.04,0.001358,0.640542,0.719626,4256,321,0.066121,0.000661,0.999,1.5
synth_cable_gland,007,joint,,8.0,0.04,,2,8.0,0.04,0.001358,0.744709,0.214953,4256,321,0.066121,0.000661,0.999,1.5
synth_cable_gland,008,joint,,0.0,0.0,,0,0.0,0.0,0.001358,0.000865,0.224138,4256,348,0.066121,0.000661,0.999,1.5
synth_cable_gland,008,joint,,0.0,0.0,,1,0.0,0.0,0.001358,0.000865,0.224138,4256,348,0.066121,0.000661,0.999,1.5
synth_cable_gland,008,joint,,0.0,0.0,,2,0.0,0.0,0.001358,0.000865,0.224138,4256,348,0.066121,0.000661,0.999,1.5
synth_cable_gland,008,joint,,0.0,0.005,,0,0.0,0.005,0.001358,0.000865,0.212644,4256,348,0.066121,0.000661,0.999,1.5
synth_cable_gland,008,joint,,0.0,0.005,,1,0.0,0.005,0.001358,0.00173,0.227011,4256,348,0.066121,0.000661,0.999,1.5
synth_cable_gland,008,joint,,0.0,0.005,,2,0.0,0.005,0.001358,0.000865,0.183908,4256,348,0.066121,0.000661,0.999,1.5
synth_cable_gland,008,joint,,0.0,0.01,,0,0.0,0.01,0.001358,0.000865,0.235632,4256,348,0.066121,0.000661,0.999,1.5
synth_cable_gland,008,joint,,0.0,0.01,,1,0.0,0.01,0.001358,0.002595,0.149425,4256,348,0.066121,0.000661,0.999,1.5
synth_cable_gland,008,joint,,0.0,0.01,,2,0.0,0.01,0.001358,0.002163,0.155172,4256,348,0.066121,0.000661,0.999,1.5
synth_cable_gland,008,joint,,0.0,0.02,,0,0.0,0.02,0.001358,0.13192,0.54023,4256,348,0.066121,0.000661,0.999,1.5
synth_cable_gland,008,joint,,0.0,0.02,,1,0.0,0.02,0.001358,0.034602,0.25,4256,348,0.066121,0.000661,0.999,1.5
synth_cable_gland,008,joint,,0.0,0.02,,2,0.0,0.02,0.001358,0.089965,0.41092,4256,348,0.066121,0.000661,0.999,1.5
synth_cable_gland,008,joint,,0.0,0.04,,0,0.0,0.04,0.001358,0.201125,0.321839,4256,348,0.066121,0.000661,0.999,1.5
synth_cable_gland,008,joint,,0.0,0.04,,1,0.0,0.04,0.001358,0.240484,0.284483,4256,348,0.066121,0.000661,0.999,1.5
synth_cable_gland,008,joint,,0.0,0.04,,2,0.0,0.04,0.001358,0.633218,0.824713,4256,348,0.066121,0.000661,0.999,1.5
synth_cable_gland,008,joint,,1.0,0.0,,0,1.0,0.0,0.001358,0.001298,0.224138,4256,348,0.066121,0.000661,0.999,1.5
synth_cable_gland,008,joint,,1.0,0.0,,1,1.0,0.0,0.001358,0.001298,0.232759,4256,348,0.066121,0.000661,0.999,1.5
synth_cable_gland,008,joint,,1.0,0.0,,2,1.0,0.0,0.001358,0.001298,0.224138,4256,348,0.066121,0.000661,0.999,1.5
synth_cable_gland,008,joint,,1.0,0.005,,0,1.0,0.005,0.001358,0.001298,0.212644,4256,348,0.066121,0.000661,0.999,1.5
synth_cable_gland,008,joint,,1.0,0.005,,1,1.0,0.005,0.001358,0.00173,0.189655,4256,348,0.066121,0.000661,0.999,1.5
synth_cable_gland,008,joint,,1.0,0.005,,2,1.0,0.005,0.001358,0.00173,0.264368,4256,348,0.066121,0.000661,0.999,1.5
synth_cable_gland,008,joint,,1.0,0.01,,0,1.0,0.01,0.001358,0.004325,0.310345,4256,348,0.066121,0.000661,0.999,1.5
synth_cable_gland,008,joint,,1.0,0.01,,1,1.0,0.01,0.001358,0.00346,0.152299,4256,348,0.066121,0.000661,0.999,1.5
synth_cable_gland,008,joint,,1.0,0.01,,2,1.0,0.01,0.001358,0.004325,0.155172,4256,348,0.066121,0.000661,0.999,1.5
synth_cable_gland,008,joint,,1.0,0.02,,0,1.0,0.02,0.001358,0.032007,0.238506,4256,348,0.066121,0.000661,0.999,1.5
synth_cable_gland,008,joint,,1.0,0.02,,1,1.0,0.02,0.001358,0.186851,0.45977,4256,348,0.066121,0.000661,0.999,1.5
synth_cable_gland,008,joint,,1.0,0.02,,2,1.0,0.02,0.001358,0.172145,0.132184,4256,348,0.066121,0.000661,0.999,1.5
synth_cable_gland,008,joint,,1.0,0.04,,0,1.0,0.04,0.001358,0.400952,0.609195,4256,348,0.066121,0.000661,0.999,1.5
synth_cable_gland,008,joint,,1.0,0.04,,1,1.0,0.04,0.001358,0.194204,0.333333,4256,348,0.066121,0.000661,0.999,1.5
synth_cable_gland,008,joint,,1.0,0.04,,2,1.0,0.04,0.001358,0.49827,0.390805,4256,348,0.066121,0.000661,0.999,1.5
synth_cable_gland,008,joint,,2.0,0.0,,0,2.0,0.0,0.001358,0.000865,0.172414,4256,348,0.066121,0.000661,0.999,1.5
synth_cable_gland,008,joint,,2.0,0.0,,1,2.0,0.0,0.001358,0.002163,0.20977,4256,348,0.066121,0.000661,0.999,1.5
synth_cable_gland,008,joint,,2.0,0.0,,2,2.0,0.0,0.001358,0.001298,0.183908,4256,348,0.066121,0.000661,0.999,1.5
synth_cable_gland,008,joint,,2.0,0.005,,0,2.0,0.005,0.001358,0.002595,0.206897,4256,348,0.066121,0.000661,0.999,1.5
synth_cable_gland,008,joint,,2.0,0.005,,1,2.0,0.005,0.001358,0.004758,0.241379,4256,348,0.066121,0.000661,0.999,1.5
synth_cable_gland,008,joint,,2.0,0.005,,2,2.0,0.005,0.001358,0.004758,0.224138,4256,348,0.066121,0.000661,0.999,1.5
synth_cable_gland,008,joint,,2.0,0.01,,0,2.0,0.01,0.001358,0.008651,0.163793,4256,348,0.066121,0.000661,0.999,1.5
synth_cable_gland,008,joint,,2.0,0.01,,1,2.0,0.01,0.001358,0.008218,0.275862,4256,348,0.066121,0.000661,0.999,1.5
synth_cable_gland,008,joint,,2.0,0.01,,2,2.0,0.01,0.001358,0.006488,0.324713,4256,348,0.066121,0.000661,0.999,1.5
synth_cable_gland,008,joint,,2.0,0.02,,0,2.0,0.02,0.001358,0.097751,0.206897,4256,348,0.066121,0.000661,0.999,1.5
synth_cable_gland,008,joint,,2.0,0.02,,1,2.0,0.02,0.001358,0.122837,0.166667,4256,348,0.066121,0.000661,0.999,1.5
synth_cable_gland,008,joint,,2.0,0.02,,2,2.0,0.02,0.001358,0.094723,0.25,4256,348,0.066121,0.000661,0.999,1.5
synth_cable_gland,008,joint,,2.0,0.04,,0,2.0,0.04,0.001358,0.371107,0.614943,4256,348,0.066121,0.000661,0.999,1.5
synth_cable_gland,008,joint,,2.0,0.04,,1,2.0,0.04,0.001358,0.45545,0.189655,4256,348,0.066121,0.000661,0.999,1.5
synth_cable_gland,008,joint,,2.0,0.04,,2,2.0,0.04,0.001358,0.562716,0.635057,4256,348,0.066121,0.000661,0.999,1.5
synth_cable_gland,008,joint,,4.0,0.0,,0,4.0,0.0,0.001358,0.020329,0.293103,4256,348,0.066121,0.000661,0.999,1.5
synth_cable_gland,008,joint,,4.0,0.0,,1,4.0,0.0,0.001358,0.050173,0.301724,4256,348,0.066121,0.000661,0.999,1.5
synth_cable_gland,008,joint,,4.0,0.0,,2,4.0,0.0,0.001358,0.050173,0.350575,4256,348,0.066121,0.000661,0.999,1.5
synth_cable_gland,008,joint,,4.0,0.005,,0,4.0,0.005,0.001358,0.03417,0.155172,4256,348,0.066121,0.000661,0.999,1.5
synth_cable_gland,008,joint,,4.0,0.005,,1,4.0,0.005,0.001358,0.024221,0.16092,4256,348,0.066121,0.000661,0.999,1.5
synth_cable_gland,008,joint,,4.0,0.005,,2,4.0,0.005,0.001358,0.019031,0.201149,4256,348,0.066121,0.000661,0.999,1.5
synth_cable_gland,008,joint,,4.0,0.01,,0,4.0,0.01,0.001358,0.025087,0.181034,4256,348,0.066121,0.000661,0.999,1.5
synth_cable_gland,008,joint,,4.0,0.01,,1,4.0,0.01,0.001358,0.08737,0.192529,4256,348,0.066121,0.000661,0.999,1.5
synth_cable_gland,008,joint,,4.0,0.01,,2,4.0,0.01,0.001358,0.166522,0.183908,4256,348,0.066121,0.000661,0.999,1.5
synth_cable_gland,008,joint,,4.0,0.02,,0,4.0,0.02,0.001358,0.059256,0.465517,4256,348,0.066121,0.000661,0.999,1.5
synth_cable_gland,008,joint,,4.0,0.02,,1,4.0,0.02,0.001358,0.031574,0.327586,4256,348,0.066121,0.000661,0.999,1.5
synth_cable_gland,008,joint,,4.0,0.02,,2,4.0,0.02,0.001358,0.132785,0.175287,4256,348,0.066121,0.000661,0.999,1.5
synth_cable_gland,008,joint,,4.0,0.04,,0,4.0,0.04,0.001358,0.676038,0.471264,4256,348,0.066121,0.000661,0.999,1.5
synth_cable_gland,008,joint,,4.0,0.04,,1,4.0,0.04,0.001358,0.478374,0.318966,4256,348,0.066121,0.000661,0.999,1.5
synth_cable_gland,008,joint,,4.0,0.04,,2,4.0,0.04,0.001358,0.640571,0.617816,4256,348,0.066121,0.000661,0.999,1.5
synth_cable_gland,008,joint,,8.0,0.0,,0,8.0,0.0,0.001358,0.208045,0.336207,4256,348,0.066121,0.000661,0.999,1.5
synth_cable_gland,008,joint,,8.0,0.0,,1,8.0,0.0,0.001358,0.474481,0.626437,4256,348,0.066121,0.000661,0.999,1.5
synth_cable_gland,008,joint,,8.0,0.0,,2,8.0,0.0,0.001358,0.176471,0.531609,4256,348,0.066121,0.000661,0.999,1.5
synth_cable_gland,008,joint,,8.0,0.005,,0,8.0,0.005,0.001358,0.265571,0.255747,4256,348,0.066121,0.000661,0.999,1.5
synth_cable_gland,008,joint,,8.0,0.005,,1,8.0,0.005,0.001358,0.183824,0.428161,4256,348,0.066121,0.000661,0.999,1.5
synth_cable_gland,008,joint,,8.0,0.005,,2,8.0,0.005,0.001358,0.203287,0.609195,4256,348,0.066121,0.000661,0.999,1.5
synth_cable_gland,008,joint,,8.0,0.01,,0,8.0,0.01,0.001358,0.427336,0.405172,4256,348,0.066121,0.000661,0.999,1.5
synth_cable_gland,008,joint,,8.0,0.01,,1,8.0,0.01,0.001358,0.227941,0.347701,4256,348,0.066121,0.000661,0.999,1.5
synth_cable_gland,008,joint,,8.0,0.01,,2,8.0,0.01,0.001358,0.217561,0.353448,4256,348,0.066121,0.000661,0.999,1.5
synth_cable_gland,008,joint,,8.0,0.02,,0,8.0,0.02,0.001358,0.152249,0.508621,4256,348,0.066121,0.000661,0.999,1.5
synth_cable_gland,008,joint,,8.0,0.02,,1,8.0,0.02,0.001358,0.658304,0.281609,4256,348,0.066121,0.000661,0.999,1.5
synth_cable_gland,008,joint,,8.0,0.02,,2,8.0,0.02,0.001358,0.643166,0.295977,4256,348,0.066121,0.000661,0.999,1.5
synth_cable_gland,008,joint,,8.0,0.04,,0,8.0,0.04,0.001358,0.745242,0.37069,4256,348,0.066121,0.000661,0.999,1.5
synth_cable_gland,008,joint,,8.0,0.04,,1,8.0,0.04,0.001358,0.735294,0.295977,4256,348,0.066121,0.000661,0.999,1.5
synth_cable_gland,008,joint,,8.0,0.04,,2,8.0,0.04,0.001358,0.624567,0.433908,4256,348,0.066121,0.000661,0.999,1.5
synth_cable_gland,009,joint,,0.0,0.0,,0,0.0,0.0,0.001358,0.002764,0.243836,4256,365,0.066121,0.000661,0.999,1.5
synth_cable_gland,009,joint,,0.0,0.0,,1,0.0,0.0,0.001358,0.002764,0.243836,4256,365,0.066121,0.000661,0.999,1.5
synth_cable_gland,009,joint,,0.0,0.0,,2,0.0,0.0,0.001358,0.002764,0.243836,4256,365,0.066121,0.000661,0.999,1.5
synth_cable_gland,009,joint,,0.0,0.005,,0,0.0,0.005,0.001358,0.001382,0.232877,4256,365,0.066121,0.000661,0.999,1.5
synth_cable_gland,009,joint,,0.0,0.005,,1,0.0,0.005,0.001358,0.001037,0.232877,4256,365,0.066121,0.000661,0.999,1.5
synth_cable_gland,009,joint,,0.0,0.005,,2,0.0,0.005,0.001358,0.002419,0.232877,4256,365,0.066121,0.000661,0.999,1.5
synth_cable_gland,009,joint,,0.0,0.01,,0,0.0,0.01,0.001358,0.002073,0.254795,4256,365,0.066121,0.000661,0.999,1.5
synth_cable_gland,009,joint,,0.0,0.01,,1,0.0,0.01,0.001358,0.004492,0.265753,4256,365,0.066121,0.000661,0.999,1.5
synth_cable_gland,009,joint,,0.0,0.01,,2,0.0,0.01,0.001358,0.001037,0.238356,4256,365,0.066121,0.000661,0.999,1.5
synth_cable_gland,009,joint,,0.0,0.02,,0,0.0,0.02,0.001358,0.030408,0.421918,4256,365,0.066121,0.000661,0.999,1.5
synth_cable_gland,009,joint,,0.0,0.02,,1,0.0,0.02,0.001358,0.03801,0.383562,4256,365,0.066121,0.000661,0.999,1.5
synth_cable_gland,009,joint,,0.0,0.02,,2,0.0,0.02,0.001358,0.072909,0.175342,4256,365,0.066121,0.000661,0.999,1.5
synth_cable_gland,009,joint,,0.0,0.04,,0,0.0,0.04,0.001358,0.452661,0.564384,4256,365,0.066121,0.000661,0.999,1.5
synth_cable_gland,009,joint,,0.0,0.04,,1,0.0,0.04,0.001358,0.813407,0.816438,4256,365,0.066121,0.000661,0.999,1.5
synth_cable_gland,009,joint,,0.0,0.04,,2,0.0,0.04,0.001358,0.520733,0.534247,4256,365,0.066121,0.000661,0.999,1.5
synth_cable_gland,009,joint,,1.0,0.0,,0,1.0,0.0,0.001358,0.001382,0.268493,4256,365,0.066121,0.000661,0.999,1.5
synth_cable_gland,009,joint,,1.0,0.0,,1,1.0,0.0,0.001358,0.001728,0.263014,4256,365,0.066121,0.000661,0.999,1.5
synth_cable_gland,009,joint,,1.0,0.0,,2,1.0,0.0,0.001358,0.002419,0.273973,4256,365,0.066121,0.000661,0.999,1.5
synth_cable_gland,009,joint,,1.0,0.005,,0,1.0,0.005,0.001358,0.003455,0.238356,4256,365,0.066121,0.000661,0.999,1.5
synth_cable_gland,009,joint,,1.0,0.005,,1,1.0,0.005,0.001358,0.003455,0.232877,4256,365,0.066121,0.000661,0.999,1.5
synth_cable_gland,009,joint,,1.0,0.005,,2,1.0,0.005,0.001358,0.002419,0.246575,4256,365,0.066121,0.000661,0.999,1.5
synth_cable_gland,009,joint,,1.0,0.01,,0,1.0,0.01,0.001358,0.004838,0.252055,4256,365,0.066121,0.000661,0.999,1.5
synth_cable_gland,009,joint,,1.0,0.01,,1,1.0,0.01,0.001358,0.007602,0.30137,4256,365,0.066121,0.000661,0.999,1.5
synth_cable_gland,009,joint,,1.0,0.01,,2,1.0,0.01,0.001358,0.007602,0.342466,4256,365,0.066121,0.000661,0.999,1.5
synth_cable_gland,009,joint,,1.0,0.02,,0,1.0,0.02,0.001358,0.186938,0.232877,4256,365,0.066121,0.000661,0.999,1.5
synth_cable_gland,009,joint,,1.0,0.02,,1,1.0,0.02,0.001358,0.089496,0.260274,4256,365,0.066121,0.000661,0.999,1.5
synth_cable_gland,009,joint,,1.0,0.02,,2,1.0,0.02,0.001358,0.019005,0.367123,4256,365,0.066121,0.000661,0.999,1.5
synth_cable_gland,009,joint,,1.0,0.04,,0,1.0,0.04,0.001358,0.760194,0.284932,4256,365,0.066121,0.000661,0.999,1.5
synth_cable_gland,009,joint,,1.0,0.04,,1,1.0,0.04,0.001358,0.500691,0.720548,4256,365,0.066121,0.000661,0.999,1.5
synth_cable_gland,009,joint,,1.0,0.04,,2,1.0,0.04,0.001358,0.161714,0.687671,4256,365,0.066121,0.000661,0.999,1.5
synth_cable_gland,009,joint,,2.0,0.0,,0,2.0,0.0,0.001358,0.004838,0.271233,4256,365,0.066121,0.000661,0.999,1.5
synth_cable_gland,009,joint,,2.0,0.0,,1,2.0,0.0,0.001358,0.002419,0.29863,4256,365,0.066121,0.000661,0.999,1.5
synth_cable_gland,009,joint,,2.0,0.0,,2,2.0,0.0,0.001358,0.003455,0.241096,4256,365,0.066121,0.000661,0.999,1.5
synth_cable_gland,009,joint,,2.0,0.005,,0,2.0,0.005,0.001358,0.004838,0.268493,4256,365,0.066121,0.000661,0.999,1.5
synth_cable_gland,009,joint,,2.0,0.005,,1,2.0,0.005,0.001358,0.006911,0.232877,4256,365,0.066121,0.000661,0.999,1.5
synth_cable_gland,009,joint,,2.0,0.005,,2,2.0,0.005,0.001358,0.006565,0.235616,4256,365,0.066121,0.000661,0.999,1.5
synth_cable_gland,009,joint,,2.0,0.01,,0,2.0,0.01,0.001358,0.017968,0.293151,4256,365,0.066121,0.000661,0.999,1.5
synth_cable_gland,009,joint,,2.0,0.01,,1,2.0,0.01,0.001358,0.006565,0.213699,4256,365,0.066121,0.000661,0.999,1.5
synth_cable_gland,009,joint,,2.0,0.01,,2,2.0,0.01,0.001358,0.004838,0.268493,4256,365,0.066121,0.000661,0.999,1.5
synth_cable_gland,009,joint,,2.0,0.02,,0,2.0,0.02,0.001358,0.299585,0.246575,4256,365,0.066121,0.000661,0.999,1.5
synth_cable_gland,009,joint,,2.0,0.02,,1,2.0,0.02,0.001358,0.006565,0.186301,4256,365,0.066121,0.000661,0.999,1.5
synth_cable_gland,009,joint,,2.0,0.02,,2,2.0,0.02,0.001358,0.120594,0.309589,4256,365,0.066121,0.000661,0.999,1.5
synth_cable_gland,009,joint,,2.0,0.04,,0,2.0,0.04,0.001358,0.597097,0.317808,4256,365,0.066121,0.000661,0.999,1.5
synth_cable_gland,009,joint,,2.0,0.04,,1,2.0,0.04,0.001358,0.453697,0.457534,4256,365,0.066121,0.000661,0.999,1.5
synth_cable_gland,009,joint,,2.0,0.04,,2,2.0,0.04,0.001358,0.696959,0.610959,4256,365,0.066121,0.000661,0.999,1.5
synth_cable_gland,009,joint,,4.0,0.0,,0,4.0,0.0,0.001358,0.016586,0.235616,4256,365,0.066121,0.000661,0.999,1.5
synth_cable_gland,009,joint,,4.0,0.0,,1,4.0,0.0,0.001358,0.009675,0.273973,4256,365,0.066121,0.000661,0.999,1.5
synth_cable_gland,009,joint,,4.0,0.0,,2,4.0,0.0,0.001358,0.053905,0.276712,4256,365,0.066121,0.000661,0.999,1.5
synth_cable_gland,009,joint,,4.0,0.005,,0,4.0,0.005,0.001358,0.023842,0.336986,4256,365,0.066121,0.000661,0.999,1.5
synth_cable_gland,009,joint,,4.0,0.005,,1,4.0,0.005,0.001358,0.070836,0.284932,4256,365,0.066121,0.000661,0.999,1.5
synth_cable_gland,009,joint,,4.0,0.005,,2,4.0,0.005,0.001358,0.047339,0.249315,4256,365,0.066121,0.000661,0.999,1.5
synth_cable_gland,009,joint,,4.0,0.01,,0,4.0,0.01,0.001358,0.032827,0.358904,4256,365,0.066121,0.000661,0.999,1.5
synth_cable_gland,009,joint,,4.0,0.01,,1,4.0,0.01,0.001358,0.005874,0.208219,4256,365,0.066121,0.000661,0.999,1.5
synth_cable_gland,009,joint,,4.0,0.01,,2,4.0,0.01,0.001358,0.007256,0.224658,4256,365,0.066121,0.000661,0.999,1.5
synth_cable_gland,009,joint,,4.0,0.02,,0,4.0,0.02,0.001358,0.130961,0.441096,4256,365,0.066121,0.000661,0.999,1.5
synth_cable_gland,009,joint,,4.0,0.02,,1,4.0,0.02,0.001358,0.303386,0.241096,4256,365,0.066121,0.000661,0.999,1.5
synth_cable_gland,009,joint,,4.0,0.02,,2,4.0,0.02,0.001358,0.219419,0.435616,4256,365,0.066121,0.000661,0.999,1.5
synth_cable_gland,009,joint,,4.0,0.04,,0,4.0,0.04,0.001358,0.436766,0.526027,4256,365,0.066121,0.000661,0.999,1.5
synth_cable_gland,009,joint,,4.0,0.04,,1,4.0,0.04,0.001358,0.292674,0.728767,4256,365,0.066121,0.000661,0.999,1.5
synth_cable_gland,009,joint,,4.0,0.04,,2,4.0,0.04,0.001358,0.517968,0.80274,4256,365,0.066121,0.000661,0.999,1.5
synth_cable_gland,009,joint,,8.0,0.0,,0,8.0,0.0,0.001358,0.334485,0.441096,4256,365,0.066121,0.000661,0.999,1.5
synth_cable_gland,009,joint,,8.0,0.0,,1,8.0,0.0,0.001358,0.253974,0.350685,4256,365,0.066121,0.000661,0.999,1.5
synth_cable_gland,009,joint,,8.0,0.0,,2,8.0,0.0,0.001358,0.217692,0.265753,4256,365,0.066121,0.000661,0.999,1.5
synth_cable_gland,009,joint,,8.0,0.005,,0,8.0,0.005,0.001358,0.277125,0.290411,4256,365,0.066121,0.000661,0.999,1.5
synth_cable_gland,009,joint,,8.0,0.005,,1,8.0,0.005,0.001358,0.185211,0.367123,4256,365,0.066121,0.000661,0.999,1.5
synth_cable_gland,009,joint,,8.0,0.005,,2,8.0,0.005,0.001358,0.257084,0.641096,4256,365,0.066121,0.000661,0.999,1.5
synth_cable_gland,009,joint,,8.0,0.01,,0,8.0,0.01,0.001358,0.404976,0.276712,4256,365,0.066121,0.000661,0.999,1.5
synth_cable_gland,009,joint,,8.0,0.01,,1,8.0,0.01,0.001358,0.416033,0.257534,4256,365,0.066121,0.000661,0.999,1.5
synth_cable_gland,009,joint,,8.0,0.01,,2,8.0,0.01,0.001358,0.390809,0.238356,4256,365,0.066121,0.000661,0.999,1.5
synth_cable_gland,009,joint,,8.0,0.02,,0,8.0,0.02,0.001358,0.325847,0.556164,4256,365,0.066121,0.000661,0.999,1.5
synth_cable_gland,009,joint,,8.0,0.02,,1,8.0,0.02,0.001358,0.207671,0.821918,4256,365,0.066121,0.000661,0.999,1.5
synth_cable_gland,009,joint,,8.0,0.02,,2,8.0,0.02,0.001358,0.096061,0.542466,4256,365,0.066121,0.000661,0.999,1.5
synth_cable_gland,009,joint,,8.0,0.04,,0,8.0,0.04,0.001358,0.311679,0.558904,4256,365,0.066121,0.000661,0.999,1.5
synth_cable_gland,009,joint,,8.0,0.04,,1,8.0,0.04,0.001358,0.720802,0.358904,4256,365,0.066121,0.000661,0.999,1.5
synth_cable_gland,009,joint,,8.0,0.04,,2,8.0,0.04,0.001358,0.619212,0.668493,4256,365,0.066121,0.000661,0.999,1.5
synth_cable_gland,010,joint,,0.0,0.0,,0,0.0,0.0,0.001358,0.001653,0.262009,4256,229,0.066121,0.000661,0.999,1.5
synth_cable_gland,010,joint,,0.0,0.0,,1,0.0,0.0,0.001358,0.001653,0.262009,4256,229,0.066121,0.000661,0.999,1.5
synth_cable_gland,010,joint,,0.0,0.0,,2,0.0,0.0,0.001358,0.001653,0.262009,4256,229,0.066121,0.000661,0.999,1.5
synth_cable_gland,010,joint,,0.0,0.005,,0,0.0,0.005,0.001358,0.001653,0.270742,4256,229,0.066121,0.000661,0.999,1.5
synth_cable_gland,010,joint,,0.0,0.005,,1,0.0,0.005,0.001358,0.001322,0.257642,4256,229,0.066121,0.000661,0.999,1.5
synth_cable_gland,010,joint,,0.0,0.005,,2,0.0,0.005,0.001358,0.000331,0.30131,4256,229,0.066121,0.000661,0.999,1.5
synth_cable_gland,010,joint,,0.0,0.01,,0,0.0,0.01,0.001358,0.004298,0.183406,4256,229,0.066121,0.000661,0.999,1.5
synth_cable_gland,010,joint,,0.0,0.01,,1,0.0,0.01,0.001358,0.001983,0.275109,4256,229,0.066121,0.000661,0.999,1.5
synth_cable_gland,010,joint,,0.0,0.01,,2,0.0,0.01,0.001358,0.004298,0.19214,4256,229,0.066121,0.000661,0.999,1.5
synth_cable_gland,010,joint,,0.0,0.02,,0,0.0,0.02,0.001358,0.122975,0.148472,4256,229,0.066121,0.000661,0.999,1.5
synth_cable_gland,010,joint,,0.0,0.02,,1,0.0,0.02,0.001358,0.127273,0.31441,4256,229,0.066121,0.000661,0.999,1.5
synth_cable_gland,010,joint,,0.0,0.02,,2,0.0,0.02,0.001358,0.123967,0.196507,4256,229,0.066121,0.000661,0.999,1.5
synth_cable_gland,010,joint,,0.0,0.04,,0,0.0,0.04,0.001358,0.599669,0.131004,4256,229,0.066121,0.000661,0.999,1.5
synth_cable_gland,010,joint,,0.0,0.04,,1,0.0,0.04,0.001358,0.559008,0.720524,4256,229,0.066121,0.000661,0.999,1.5
synth_cable_gland,010,joint,,0.0,0.04,,2,0.0,0.04,0.001358,0.283636,0.161572,4256,229,0.066121,0.000661,0.999,1.5
synth_cable_gland,010,joint,,1.0,0.0,,0,1.0,0.0,0.001358,0.001983,0.262009,4256,229,0.066121,0.000661,0.999,1.5
synth_cable_gland,010,joint,,1.0,0.0,,1,1.0,0.0,0.001358,0.001653,0.292576,4256,229,0.066121,0.000661,0.999,1.5
synth_cable_gland,010,joint,,1.0,0.0,,2,1.0,0.0,0.001358,0.001653,0.262009,4256,229,0.066121,0.000661,0.999,1.5
synth_cable_gland,010,joint,,1.0,0.005,,0,1.0,0.005,0.001358,0.000331,0.275109,4256,229,0.066121,0.000661,0.999,1.5
synth_cable_gland,010,joint,,1.0,0.005,,1,1.0,0.005,0.001358,0.002645,0.244541,4256,229,0.066121,0.000661,0.999,1.5
synth_cable_gland,010,joint,,1.0,0.005,,2,1.0,0.005,0.001358,0.000661,0.331878,4256,229,0.066121,0.000661,0.999,1.5
synth_cable_gland,010,joint,,1.0,0.01,,0,1.0,0.01,0.001358,0.003967,0.209607,4256,229,0.066121,0.000661,0.999,1.5
synth_cable_gland,010,joint,,1.0,0.01,,1,1.0,0.01,0.001358,0.001322,0.227074,4256,229,0.066121,0.000661,0.999,1.5
synth_cable_gland,010,joint,,1.0,0.01,,2,1.0,0.01,0.001358,0.004628,0.165939,4256,229,0.066121,0.000661,0.999,1.5
synth_cable_gland,010,joint,,1.0,0.02,,0,1.0,0.02,0.001358,0.04562,0.550218,4256,229,0.066121,0.000661,0.999,1.5
synth_cable_gland,010,joint,,1.0,0.02,,1,1.0,0.02,0.001358,0.05157,0.50655,4256,229,0.066121,0.000661,0.999,1.5
synth_cable_gland,010,joint,,1.0,0.02,,2,1.0,0.02,0.001358,0.046942,0.30131,4256,229,0.066121,0.000661,0.999,1.5
synth_cable_gland,010,joint,,1.0,0.04,,0,1.0,0.04,0.001358,0.876694,0.344978,4256,229,0.066121,0.000661,0.999,1.5
synth_cable_gland,010,joint,,1.0,0.04,,1,1.0,0.04,0.001358,0.68595,0.327511,4256,229,0.066121,0.000661,0.999,1.5
synth_cable_gland,010,joint,,1.0,0.04,,2,1.0,0.04,0.001358,0.36595,0.943231,4256,229,0.066121,0.000661,0.999,1.5
synth_cable_gland,010,joint,,2.0,0.0,,0,2.0,0.0,0.001358,0.003636,0.200873,4256,229,0.066121,0.000661,0.999,1.5
synth_cable_gland,010,joint,,2.0,0.0,,1,2.0,0.0,0.001358,0.003306,0.248908,4256,229,0.066121,0.000661,0.999,1.5
synth_cable_gland,010,joint,,2.0,0.0,,2,2.0,0.0,0.001358,0.000992,0.310044,4256,229,0.066121,0.000661,0.999,1.5
synth_cable_gland,010,joint,,2.0,0.005,,0,2.0,0.005,0.001358,0.003636,0.253275,4256,229,0.066121,0.000661,0.999,1.5
synth_cable_gland,010,joint,,2.0,0.005,,1,2.0,0.005,0.001358,0.002645,0.19214,4256,229,0.066121,0.000661,0.999,1.5
synth_cable_gland,010,joint,,2.0,0.005,,2,2.0,0.005,0.001358,0.001983,0.336245,4256,229,0.066121,0.000661,0.999,1.5
synth_cable_gland,010,joint,,2.0,0.01,,0,2.0,0.01,0.001358,0.006281,0.266376,4256,229,0.066121,0.000661,0.999,1.5
synth_cable_gland,010,joint,,2.0,0.01,,1,2.0,0.01,0.001358,0.005289,0.384279,4256,229,0.066121,0.000661,0.999,1.5
synth_cable_gland,010,joint,,2.0,0.01,,2,2.0,0.01,0.001358,0.004628,0.113537,4256,229,0.066121,0.000661,0.999,1.5
synth_cable_gland,010,joint,,2.0,0.02,,0,2.0,0.02,0.001358,0.132893,0.222707,4256,229,0.066121,0.000661,0.999,1.5
synth_cable_gland,010,joint,,2.0,0.02,,1,2.0,0.02,0.001358,0.072397,0.148472,4256,229,0.066121,0.000661,0.999,1.5
synth_cable_gland,010,joint,,2.0,0.02,,2,2.0,0.02,0.001358,0.020165,0.519651,4256,229,0.066121,0.000661,0.999,1.5
synth_cable_gland,010,joint,,2.0,0.04,,0,2.0,0.04,0.001358,0.523636,0.170306,4256,229,0.066121,0.000661,0.999,1.5
synth_cable_gland,010,joint,,2.0,0.04,,1,2.0,0.04,0.001358,0.371901,0.558952,4256,229,0.066121,0.000661,0.999,1.5
synth_cable_gland,010,joint,,2.0,0.04,,2,2.0,0.04,0.001358,0.841653,0.528384,4256,229,0.066121,0.000661,0.999,1.5
synth_cable_gland,010,joint,,4.0,0.0,,0,4.0,0.0,0.001358,0.026777,0.131004,4256,229,0.066121,0.000661,0.999,1.5
synth_cable_gland,010,joint,,4.0,0.0,,1,4.0,0.0,0.001358,0.025455,0.240175,4256,229,0.066121,0.000661,0.999,1.5
synth_cable_gland,010,joint,,4.0,0.0,,2,4.0,0.0,0.001358,0.027438,0.20524,4256,229,0.066121,0.000661,0.999,1.5
synth_cable_gland,010,joint,,4.0,0.005,,0,4.0,0.005,0.001358,0.010909,0.489083,4256,229,0.066121,0.000661,0.999,1.5
synth_cable_gland,010,joint,,4.0,0.005,,1,4.0,0.005,0.001358,0.025124,0.432314,4256,229,0.066121,0.000661,0.999,1.5
synth_cable_gland,010,joint,,4.0,0.005,,2,4.0,0.005,0.001358,0.01157,0.161572,4256,229,0.066121,0.000661,0.999,1.5
synth_cable_gland,010,joint,,4.0,0.01,,0,4.0,0.01,0.001358,0.044959,0.419214,4256,229,0.066121,0.000661,0.999,1.5
synth_cable_gland,010,joint,,4.0,0.01,,1,4.0,0.01,0.001358,0.00562,0.170306,4256,229,0.066121,0.000661,0.999,1.5
synth_cable_gland,010,joint,,4.0,0.01,,2,4.0,0.01,0.001358,0.034711,0.240175,4256,229,0.066121,0.000661,0.999,1.5
synth_cable_gland,010,joint,,4.0,0.02,,0,4.0,0.02,0.001358,0.256529,0.842795,4256,229,0.066121,0.000661,0.999,1.5
synth_cable_gland,010,joint,,4.0,0.02,,1,4.0,0.02,0.001358,0.051901,0.31441,4256,229,0.066121,0.000661,0.999,1.5
synth_cable_gland,010,joint,,4.0,0.02,,2,4.0,0.02,0.001358,0.278678,0.20524,4256,229,0.066121,0.000661,0.999,1.5
synth_cable_gland,010,joint,,4.0,0.04,,0,4.0,0.04,0.001358,0.562645,0.427948,4256,229,0.066121,0.000661,0.999,1.5
synth_cable_gland,010,joint,,4.0,0.04,,1,4.0,0.04,0.001358,0.637355,0.157205,4256,229,0.066121,0.000661,0.999,1.5
synth_cable_gland,010,joint,,4.0,0.04,,2,4.0,0.04,0.001358,0.45157,0.781659,4256,229,0.066121,0.000661,0.999,1.5
synth_cable_gland,010,joint,,8.0,0.0,,0,8.0,0.0,0.001358,0.151736,0.545852,4256,229,0.066121,0.000661,0.999,1.5
synth_cable_gland,010,joint,,8.0,0.0,,1,8.0,0.0,0.001358,0.115372,0.847162,4256,229,0.066121,0.000661,0.999,1.5
synth_cable_gland,010,joint,,8.0,0.0,,2,8.0,0.0,0.001358,0.208264,0.362445,4256,229,0.066121,0.000661,0.999,1.5
synth_cable_gland,010,joint,,8.0,0.005,,0,8.0,0.005,0.001358,0.109091,0.327511,4256,229,0.066121,0.000661,0.999,1.5
synth_cable_gland,010,joint,,8.0,0.005,,1,8.0,0.005,0.001358,0.187438,0.28821,4256,229,0.066121,0.000661,0.999,1.5
synth_cable_gland,010,joint,,8.0,0.005,,2,8.0,0.005,0.001358,0.404298,0.279476,4256,229,0.066121,0.000661,0.999,1.5
synth_cable_gland,010,joint,,8.0,0.01,,0,8.0,0.01,0.001358,0.423802,0.401747,4256,229,0.066121,0.000661,0.999,1.5
synth_cable_gland,010,joint,,8.0,0.01,,1,8.0,0.01,0.001358,0.241322,0.528384,4256,229,0.066121,0.000661,0.999,1.5
synth_cable_gland,010,joint,,8.0,0.01,,2,8.0,0.01,0.001358,0.431405,0.353712,4256,229,0.066121,0.000661,0.999,1.5
synth_cable_gland,010,joint,,8.0,0.02,,0,8.0,0.02,0.001358,0.281322,0.829694,4256,229,0.066121,0.000661,0.999,1.5
synth_cable_gland,010,joint,,8.0,0.02,,1,8.0,0.02,0.001358,0.201983,0.672489,4256,229,0.066121,0.000661,0.999,1.5
synth_cable_gland,010,joint,,8.0,0.02,,2,8.0,0.02,0.001358,0.581157,0.174672,4256,229,0.066121,0.000661,0.999,1.5
synth_cable_gland,010,joint,,8.0,0.04,,0,8.0,0.04,0.001358,0.282975,0.318777,4256,229,0.066121,0.000661,0.999,1.5
synth_cable_gland,010,joint,,8.0,0.04,,1,8.0,0.04,0.001358,0.368926,0.978166,4256,229,0.066121,0.000661,0.999,1.5
synth_cable_gland,010,joint,,8.0,0.04,,2,8.0,0.04,0.001358,0.726281,0.270742,4256,229,0.066121,0.000661,0.999,1.5
synth_cable_gland,011,joint,,0.0,0.0,,0,0.0,0.0,0.001358,0.000354,0.167139,4256,353,0.066121,0.000661,0.999,1.5
synth_cable_gland,011,joint,,0.0,0.0,,1,0.0,0.0,0.001358,0.000354,0.167139,4256,353,0.066121,0.000661,0.999,1.5
synth_cable_gland,011,joint,,0.0,0.0,,2,0.0,0.0,0.001358,0.000354,0.167139,4256,353,0.066121,0.000661,0.999,1.5
synth_cable_gland,011,joint,,0.0,0.005,,0,0.0,0.005,0.001358,0.001415,0.169972,4256,353,0.066121,0.000661,0.999,1.5
synth_cable_gland,011,joint,,0.0,0.005,,1,0.0,0.005,0.001358,0.0,0.164306,4256,353,0.066121,0.000661,0.999,1.5
synth_cable_gland,011,joint,,0.0,0.005,,2,0.0,0.005,0.001358,0.001061,0.172805,4256,353,0.066121,0.000661,0.999,1.5
synth_cable_gland,011,joint,,0.0,0.01,,0,0.0,0.01,0.001358,0.002122,0.135977,4256,353,0.066121,0.000661,0.999,1.5
synth_cable_gland,011,joint,,0.0,0.01,,1,0.0,0.01,0.001358,0.002476,0.283286,4256,353,0.066121,0.000661,0.999,1.5
synth_cable_gland,011,joint,,0.0,0.01,,2,0.0,0.01,0.001358,0.001061,0.147309,4256,353,0.066121,0.000661,0.999,1.5
synth_cable_gland,011,joint,,0.0,0.02,,0,0.0,0.02,0.001358,0.047046,0.215297,4256,353,0.066121,0.000661,0.999,1.5
synth_cable_gland,011,joint,,0.0,0.02,,1,0.0,0.02,0.001358,0.10612,0.147309,4256,353,0.066121,0.000661,0.999,1.5
synth_cable_gland,011,joint,,0.0,0.02,,2,0.0,0.02,0.001358,0.088079,0.385269,4256,353,0.066121,0.000661,0.999,1.5
synth_cable_gland,011,joint,,0.0,0.04,,0,0.0,0.04,0.001358,0.833746,0.730878,4256,353,0.066121,0.000661,0.999,1.5
synth_cable_gland,011,joint,,0.0,0.04,,1,0.0,0.04,0.001358,0.523523,0.566572,4256,353,0.066121,0.000661,0.999,1.5
synth_cable_gland,011,joint,,0.0,0.04,,2,0.0,0.04,0.001358,0.170145,0.475921,4256,353,0.066121,0.000661,0.999,1.5
synth_cable_gland,011,joint,,1.0,0.0,,0,1.0,0.0,0.001358,0.000707,0.189802,4256,353,0.066121,0.000661,0.999,1.5
synth_cable_gland,011,joint,,1.0,0.0,,1,1.0,0.0,0.001358,0.000707,0.164306,4256,353,0.066121,0.000661,0.999,1.5
synth_cable_gland,011,joint,,1.0,0.0,,2,1.0,0.0,0.001358,0.000354,0.15864,4256,353,0.066121,0.000661,0.999,1.5
synth_cable_gland,011,joint,,1.0,0.005,,0,1.0,0.005,0.001358,0.002122,0.169972,4256,353,0.066121,0.000661,0.999,1.5
synth_cable_gland,011,joint,,1.0,0.005,,1,1.0,0.005,0.001358,0.001061,0.167139,4256,353,0.066121,0.000661,0.999,1.5
synth_cable_gland,011,joint,,1.0,0.005,,2,1.0,0.005,0.001358,0.001769,0.240793,4256,353,0.066121,0.000661,0.999,1.5
synth_cable_gland,011,joint,,1.0,0.01,,0,1.0,0.01,0.001358,0.002122,0.254958,4256,353,0.066121,0.000661,0.999,1.5
synth_cable_gland,011,joint,,1.0,0.01,,1,1.0,0.01,0.001358,0.00283,0.331445,4256,353,0.066121,0.000661,0.999,1.5
synth_cable_gland,011,joint,,1.0,0.01,,2,1.0,0.01,0.001358,0.000707,0.206799,4256,353,0.066121,0.000661,0.999,1.5
synth_cable_gland,011,joint,,1.0,0.02,,0,1.0,0.02,0.001358,0.043863,0.305949,4256,353,0.066121,0.000661,0.999,1.5
synth_cable_gland,011,joint,,1.0,0.02,,1,1.0,0.02,0.001358,0.13937,0.626062,4256,353,0.066121,0.000661,0.999,1.5
synth_cable_gland,011,joint,,1.0,0.02,,2,1.0,0.02,0.001358,0.043509,0.175637,4256,353,0.066121,0.000661,0.999,1.5
synth_cable_gland,011,joint,,1.0,0.04,,0,1.0,0.04,0.001358,0.494517,0.84136,4256,353,0.066121,0.000661,0.999,1.5
synth_cable_gland,011,joint,,1.0,0.04,,1,1.0,0.04,0.001358,0.833039,0.563739,4256,353,0.066121,0.000661,0.999,1.5
synth_cable_gland,011,joint,,1.0,0.04,,2,1.0,0.04,0.001358,0.57729,0.589235,4256,353,0.066121,0.000661,0.999,1.5
synth_cable_gland,011,joint,,2.0,0.0,,0,2.0,0.0,0.001358,0.003184,0.181303,4256,353,0.066121,0.000661,0.999,1.5
synth_cable_gland,011,joint,,2.0,0.0,,1,2.0,0.0,0.001358,0.002122,0.186969,4256,353,0.066121,0.000661,0.999,1.5
synth_cable_gland,011,joint,,2.0,0.0,,2,2.0,0.0,0.001358,0.00283,0.212465,4256,353,0.066121,0.000661,0.999,1.5
synth_cable_gland,011,joint,,2.0,0.005,,0,2.0,0.005,0.001358,0.002476,0.175637,4256,353,0.066121,0.000661,0.999,1.5
synth_cable_gland,011,joint,,2.0,0.005,,1,2.0,0.005,0.001358,0.002122,0.144476,4256,353,0.066121,0.000661,0.999,1.5
synth_cable_gland,011,joint,,2.0,0.005,,2,2.0,0.005,0.001358,0.003184,0.181303,4256,353,0.066121,0.000661,0.999,1.5
synth_cable_gland,011,joint,,2.0,0.01,,0,2.0,0.01,0.001358,0.006721,0.189802,4256,353,0.066121,0.000661,0.999,1.5
synth_cable_gland,011,joint,,2.0,0.01,,1,2.0,0.01,0.001358,0.006367,0.155807,4256,353,0.066121,0.000661,0.999,1.5
synth_cable_gland,011,joint,,2.0,0.01,,2,2.0,0.01,0.001358,0.004599,0.164306,4256,353,0.066121,0.000661,0.999,1.5
synth_cable_gland,011,joint,,2.0,0.02,,0,2.0,0.02,0.001358,0.032543,0.407932,4256,353,0.066121,0.000661,0.999,1.5
synth_cable_gland,011,joint,,2.0,0.02,,1,2.0,0.02,0.001358,0.208702,0.379603,4256,353,0.066121,0.000661,0.999,1.5
synth_cable_gland,011,joint,,2.0,0.02,,2,2.0,0.02,0.001358,0.03219,0.229462,4256,353,0.066121,0.000661,0.999,1.5
synth_cable_gland,011,joint,,2.0,0.04,,0,2.0,0.04,0.001358,0.493456,0.626062,4256,353,0.066121,0.000661,0.999,1.5
synth_cable_gland,011,joint,,2.0,0.04,,1,2.0,0.04,0.001358,0.12982,0.439093,4256,353,0.066121,0.000661,0.999,1.5
synth_cable_gland,011,joint,,2.0,0.04,,2,2.0,0.04,0.001358,0.889282,0.424929,4256,353,0.066121,0.000661,0.999,1.5
synth_cable_gland,011,joint,,4.0,0.0,,0,4.0,0.0,0.001358,0.035373,0.152975,4256,353,0.066121,0.000661,0.999,1.5
synth_cable_gland,011,joint,,4.0,0.0,,1,4.0,0.0,0.001358,0.01804,0.141643,4256,353,0.066121,0.000661,0.999,1.5
synth_cable_gland,011,joint,,4.0,0.0,,2,4.0,0.0,0.001358,0.011319,0.17847,4256,353,0.066121,0.000661,0.999,1.5
synth_cable_gland,011,joint,,4.0,0.005,,0,4.0,0.005,0.001358,0.012734,0.201133,4256,353,0.066121,0.000661,0.999,1.5
synth_cable_gland,011,joint,,4.0,0.005,,1,4.0,0.005,0.001358,0.068624,0.169972,4256,353,0.066121,0.000661,0.999,1.5
synth_cable_gland,011,joint,,4.0,0.005,,2,4.0,0.005,0.001358,0.007075,0.13881,4256,353,0.066121,0.000661,0.999,1.5
synth_cable_gland,011,joint,,4.0,0.01,,0,4.0,0.01,0.001358,0.00566,0.150142,4256,353,0.066121,0.000661,0.999,1.5
synth_cable_gland,011,joint,,4.0,0.01,,1,4.0,0.01,0.001358,0.030775,0.164306,4256,353,0.066121,0.000661,0.999,1.5
synth_cable_gland,011,joint,,4.0,0.01,,2,4.0,0.01,0.001358,0.037142,0.130312,4256,353,0.066121,0.000661,0.999,1.5
synth_cable_gland,011,joint,,4.0,0.02,,0,4.0,0.02,0.001358,0.048815,0.155807,4256,353,0.066121,0.000661,0.999,1.5
synth_cable_gland,011,joint,,4.0,0.02,,1,4.0,0.02,0.001358,0.225681,0.266289,4256,353,0.066121,0.000661,0.999,1.5
synth_cable_gland,011,joint,,4.0,0.02,,2,4.0,0.02,0.001358,0.104351,0.362606,4256,353,0.066121,0.000661,0.999,1.5
synth_cable_gland,011,joint,,4.0,0.04,,0,4.0,0.04,0.001358,0.174744,0.410765,4256,353,0.066121,0.000661,0.999,1.5
synth_cable_gland,011,joint,,4.0,0.04,,1,4.0,0.04,0.001358,0.512204,0.623229,4256,353,0.066121,0.000661,0.999,1.5
synth_cable_gland,011,joint,,4.0,0.04,,2,4.0,0.04,0.001358,0.493102,0.458924,4256,353,0.066121,0.000661,0.999,1.5
synth_cable_gland,011,joint,,8.0,0.0,,0,8.0,0.0,0.001358,0.084188,0.643059,4256,353,0.066121,0.000661,0.999,1.5
synth_cable_gland,011,joint,,8.0,0.0,,1,8.0,0.0,0.001358,0.336045,0.27762,4256,353,0.066121,0.000661,0.999,1.5
synth_cable_gland,011,joint,,8.0,0.0,,2,8.0,0.0,0.001358,0.183941,0.288952,4256,353,0.066121,0.000661,0.999,1.5
synth_cable_gland,011,joint,,8.0,0.005,,0,8.0,0.005,0.001358,0.240891,0.232295,4256,353,0.066121,0.000661,0.999,1.5
synth_cable_gland,011,joint,,8.0,0.005,,1,8.0,0.005,0.001358,0.273081,0.311615,4256,353,0.066121,0.000661,0.999,1.5
synth_cable_gland,011,joint,,8.0,0.005,,2,8.0,0.005,0.001358,0.180403,0.594901,4256,353,0.066121,0.000661,0.999,1.5
synth_cable_gland,011,joint,,8.0,0.01,,0,8.0,0.01,0.001358,0.232756,0.243626,4256,353,0.066121,0.000661,0.999,1.5
synth_cable_gland,011,joint,,8.0,0.01,,1,8.0,0.01,0.001358,0.408914,0.31728,4256,353,0.066121,0.000661,0.999,1.5
synth_cable_gland,011,joint,,8.0,0.01,,2,8.0,0.01,0.001358,0.110364,0.135977,4256,353,0.066121,0.000661,0.999,1.5
synth_cable_gland,011,joint,,8.0,0.02,,0,8.0,0.02,0.001358,0.201627,0.654391,4256,353,0.066121,0.000661,0.999,1.5
synth_cable_gland,011,joint,,8.0,0.02,,1,8.0,0.02,0.001358,0.187832,0.453258,4256,353,0.066121,0.000661,0.999,1.5
synth_cable_gland,011,joint,,8.0,0.02,,2,8.0,0.02,0.001358,0.500884,0.750708,4256,353,0.066121,0.000661,0.999,1.5
synth_cable_gland,011,joint,,8.0,0.04,,0,8.0,0.04,0.001358,0.244782,0.776204,4256,353,0.066121,0.000661,0.999,1.5
synth_cable_gland,011,joint,,8.0,0.04,,1,8.0,0.04,0.001358,0.298903,0.917847,4256,353,0.066121,0.000661,0.999,1.5
synth_cable_gland,011,joint,,8.0,0.04,,2,8.0,0.04,0.001358,0.240184,0.597734,4256,353,0.066121,0.000661,0.999,1.5
synth_cable_gland,012,joint,,0.0,0.0,,0,0.0,0.0,0.001358,0.00207,0.219207,4256,479,0.066121,0.000661,0.999,1.5
synth_cable_gland,012,joint,,0.0,0.0,,1,0.0,0.0,0.001358,0.00207,0.219207,4256,479,0.066121,0.000661,0.999,1.5
synth_cable_gland,012,joint,,0.0,0.0,,2,0.0,0.0,0.001358,0.00207,0.219207,4256,479,0.066121,0.000661,0.999,1.5
synth_cable_gland,012,joint,,0.0,0.005,,0,0.0,0.005,0.001358,0.00207,0.248434,4256,479,0.066121,0.000661,0.999,1.5
synth_cable_gland,012,joint,,0.0,0.005,,1,0.0,0.005,0.001358,0.000518,0.175365,4256,479,0.066121,0.000661,0.999,1.5
synth_cable_gland,012,joint,,0.0,0.005,,2,0.0,0.005,0.001358,0.00207,0.263048,4256,479,0.066121,0.000661,0.999,1.5
synth_cable_gland,012,joint,,0.0,0.01,,0,0.0,0.01,0.001358,0.005176,0.34238,4256,479,0.066121,0.000661,0.999,1.5
synth_cable_gland,012,joint,,0.0,0.01,,1,0.0,0.01,0.001358,0.003623,0.185804,4256,479,0.066121,0.000661,0.999,1.5
synth_cable_gland,012,joint,,0.0,0.01,,2,0.0,0.01,0.001358,0.005176,0.300626,4256,479,0.066121,0.000661,0.999,1.5
synth_cable_gland,012,joint,,0.0,0.02,,0,0.0,0.02,0.001358,0.115942,0.467641,4256,479,0.066121,0.000661,0.999,1.5
synth_cable_gland,012,joint,,0.0,0.02,,1,0.0,0.02,0.001358,0.065217,0.164927,4256,479,0.066121,0.000661,0.999,1.5
synth_cable_gland,012,joint,,0.0,0.02,,2,0.0,0.02,0.001358,0.071946,0.392484,4256,479,0.066121,0.000661,0.999,1.5
synth_cable_gland,012,joint,,0.0,0.04,,0,0.0,0.04,0.001358,0.313147,0.290188,4256,479,0.066121,0.000661,0.999,1.5
synth_cable_gland,012,joint,,0.0,0.04,,1,0.0,0.04,0.001358,0.399586,0.352818,4256,479,0.066121,0.000661,0.999,1.5
synth_cable_gland,012,joint,,0.0,0.04,,2,0.0,0.04,0.001358,0.613872,0.668058,4256,479,0.066121,0.000661,0.999,1.5
synth_cable_gland,012,joint,,1.0,0.0,,0,1.0,0.0,0.001358,0.003106,0.219207,4256,479,0.066121,0.000661,0.999,1.5
synth_cable_gland,012,joint,,1.0,0.0,,1,1.0,0.0,0.001358,0.00207,0.219207,4256,479,0.066121,0.000661,0.999,1.5
synth_cable_gland,012,joint,,1.0,0.0,,2,1.0,0.0,0.001358,0.001553,0.22547,4256,479,0.066121,0.000661,0.999,1.5
synth_cable_gland,012,joint,,1.0,0.005,,0,1.0,0.005,0.001358,0.003623,0.300626,4256,479,0.066121,0.000661,0.999,1.5
synth_cable_gland,012,joint,,1.0,0.005,,1,1.0,0.005,0.001358,0.003106,0.210856,4256,479,0.066121,0.000661,0.999,1.5
synth_cable_gland,012,joint,,1.0,0.005,,2,1.0,0.005,0.001358,0.004658,0.277662,4256,479,0.066121,0.000661,0.999,1.5
synth_cable_gland,012,joint,,1.0,0.01,,0,1.0,0.01,0.001358,0.003623,0.212944,4256,479,0.066121,0.000661,0.999,1.5
synth_cable_gland,012,joint,,1.0,0.01,,1,1.0,0.01,0.001358,0.005694,0.217119,4256,479,0.066121,0.000661,0.999,1.5
synth_cable_gland,012,joint,,1.0,0.01,,2,1.0,0.01,0.001358,0.002588,0.125261,4256,479,0.066121,0.000661,0.999,1.5
synth_cable_gland,012,joint,,1.0,0.02,,0,1.0,0.02,0.001358,0.087474,0.096033,4256,479,0.066121,0.000661,0.999,1.5
synth_cable_gland,012,joint,,1.0,0.02,,1,1.0,0.02,0.001358,0.135611,0.359081,4256,479,0.066121,0.000661,0.999,1.5
synth_cable_gland,012,joint,,1.0,0.02,,2,1.0,0.02,0.001358,0.104555,0.17119,4256,479,0.066121,0.000661,0.999,1.5
synth_cable_gland,012,joint,,1.0,0.04,,0,1.0,0.04,0.001358,0.542961,0.235908,4256,479,0.066121,0.000661,0.999,1.5
synth_cable_gland,012,joint,,1.0,0.04,,1,1.0,0.04,0.001358,0.648551,0.137787,4256,479,0.066121,0.000661,0.999,1.5
synth_cable_gland,012,joint,,1.0,0.04,,2,1.0,0.04,0.001358,0.487578,0.294363,4256,479,0.066121,0.000661,0.999,1.5
synth_cable_gland,012,joint,,2.0,0.0,,0,2.0,0.0,0.001358,0.005176,0.200418,4256,479,0.066121,0.000661,0.999,1.5
synth_cable_gland,012,joint,,2.0,0.0,,1,2.0,0.0,0.001358,0.003106,0.23382,4256,479,0.066121,0.000661,0.999,1.5
synth_cable_gland,012,joint,,2.0,0.0,,2,2.0,0.0,0.001358,0.00207,0.227557,4256,479,0.066121,0.000661,0.999,1.5
synth_cable_gland,012,joint,,2.0,0.005,,0,2.0,0.005,0.001358,0.01087,0.23382,4256,479,0.066121,0.000661,0.999,1.5
synth_cable_gland,012,joint,,2.0,0.005,,1,2.0,0.005,0.001358,0.004141,0.162839,4256,479,0.066121,0.000661,0.999,1.5
synth_cable_gland,012,joint,,2.0,0.005,,2,2.0,0.005,0.001358,0.003106,0.229645,4256,479,0.066121,0.000661,0.999,1.5
synth_cable_gland,012,joint,,2.0,0.01,,0,2.0,0.01,0.001358,0.008799,0.118998,4256,479,0.066121,0.000661,0.999,1.5
synth_cable_gland,012,joint,,2.0,0.01,,1,2.0,0.01,0.001358,0.022257,0.215031,4256,479,0.066121,0.000661,0.999,1.5
synth_cable_gland,012,joint,,2.0,0.01,,2,2.0,0.01,0.001358,0.016563,0.317328,4256,479,0.066121,0.000661,0.999,1.5
synth_cable_gland,012,joint,,2.0,0.02,,0,2.0,0.02,0.001358,0.047619,0.298539,4256,479,0.066121,0.000661,0.999,1.5
synth_cable_gland,012,joint,,2.0,0.02,,1,2.0,0.02,0.001358,0.213768,0.453027,4256,479,0.066121,0.000661,0.999,1.5
synth_cable_gland,012,joint,,2.0,0.02,,2,2.0,0.02,0.001358,0.125259,0.164927,4256,479,0.066121,0.000661,0.999,1.5
synth_cable_gland,012,joint,,2.0,0.04,,0,2.0,0.04,0.001358,0.548137,0.471816,4256,479,0.066121,0.000661,0.999,1.5
synth_cable_gland,012,joint,,2.0,0.04,,1,2.0,0.04,0.001358,0.533126,0.467641,4256,479,0.066121,0.000661,0.999,1.5
synth_cable_gland,012,joint,,2.0,0.04,,2,2.0,0.04,0.001358,0.621636,0.661795,4256,479,0.066121,0.000661,0.999,1.5
synth_cable_gland,012,joint,,4.0,0.0,,0,4.0,0.0,0.001358,0.060559,0.215031,4256,479,0.066121,0.000661,0.999,1.5
synth_cable_gland,012,joint,,4.0,0.0,,1,4.0,0.0,0.001358,0.059006,0.22547,4256,479,0.066121,0.000661,0.999,1.5
synth_cable_gland,012,joint,,4.0,0.0,,2,4.0,0.0,0.001358,0.061594,0.210856,4256,479,0.066121,0.000661,0.999,1.5
synth_cable_gland,012,joint,,4.0,0.005,,0,4.0,0.005,0.001358,0.047619,0.185804,4256,479,0.066121,0.000661,0.999,1.5
synth_cable_gland,012,joint,,4.0,0.005,,1,4.0,0.005,0.001358,0.059006,0.187891,4256,479,0.066121,0.000661,0.999,1.5
synth_cable_gland,012,joint,,4.0,0.005,,2,4.0,0.005,0.001358,0.048654,0.254697,4256,479,0.066121,0.000661,0.999,1.5
synth_cable_gland,012,joint,,4.0,0.01,,0,4.0,0.01,0.001358,0.155797,0.281837,4256,479,0.066121,0.000661,0.999,1.5
synth_cable_gland,012,joint,,4.0,0.01,,1,4.0,0.01,0.001358,0.203934,0.212944,4256,479,0.066121,0.000661,0.999,1.5
synth_cable_gland,012,joint,,4.0,0.01,,2,4.0,0.01,0.001358,0.043478,0.17119,4256,479,0.066121,0.000661,0.999,1.5
synth_cable_gland,012,joint,,4.0,0.02,,0,4.0,0.02,0.001358,0.237578,0.471816,4256,479,0.066121,0.000661,0.999,1.5
synth_cable_gland,012,joint,,4.0,0.02,,1,4.0,0.02,0.001358,0.174431,0.11691,4256,479,0.066121,0.000661,0.999,1.5
synth_cable_gland,012,joint,,4.0,0.02,,2,4.0,0.02,0.001358,0.218944,0.206681,4256,479,0.066121,0.000661,0.999,1.5
synth_cable_gland,012,joint,,4.0,0.04,,0,4.0,0.04,0.001358,0.528468,0.185804,4256,479,0.066121,0.000661,0.999,1.5
synth_cable_gland,012,joint,,4.0,0.04,,1,4.0,0.04,0.001358,0.488095,0.726514,4256,479,0.066121,0.000661,0.999,1.5
synth_cable_gland,012,joint,,4.0,0.04,,2,4.0,0.04,0.001358,0.662008,0.590814,4256,479,0.066121,0.000661,0.999,1.5
synth_cable_gland,012,joint,,8.0,0.0,,0,8.0,0.0,0.001358,0.375259,0.237996,4256,479,0.066121,0.000661,0.999,1.5
synth_cable_gland,012,joint,,8.0,0.0,,1,8.0,0.0,0.001358,0.399586,0.237996,4256,479,0.066121,0.000661,0.999,1.5
synth_cable_gland,012,joint,,8.0,0.0,,2,8.0,0.0,0.001358,0.271739,0.187891,4256,479,0.066121,0.000661,0.999,1.5
synth_cable_gland,012,joint,,8.0,0.005,,0,8.0,0.005,0.001358,0.272257,0.141962,4256,479,0.066121,0.000661,0.999,1.5
synth_cable_gland,012,joint,,8.0,0.005,,1,8.0,0.005,0.001358,0.281573,0.23382,4256,479,0.066121,0.000661,0.999,1.5
synth_cable_gland,012,joint,,8.0,0.005,,2,8.0,0.005,0.001358,0.300725,0.453027,4256,479,0.066121,0.000661,0.999,1.5
synth_cable_gland,012,joint,,8.0,0.01,,0,8.0,0.01,0.001358,0.350414,0.235908,4256,479,0.066121,0.000661,0.999,1.5
synth_cable_gland,012,joint,,8.0,0.01,,1,8.0,0.01,0.001358,0.319876,0.164927,4256,479,0.066121,0.000661,0.999,1.5
synth_cable_gland,012,joint,,8.0,0.01,,2,8.0,0.01,0.001358,0.428571,0.269311,4256,479,0.066121,0.000661,0.999,1.5
synth_cable_gland,012,joint,,8.0,0.02,,0,8.0,0.02,0.001358,0.539337,0.131524,4256,479,0.066121,0.000661,0.999,1.5
synth_cable_gland,012,joint,,8.0,0.02,,1,8.0,0.02,0.001358,0.253623,0.229645,4256,479,0.066121,0.000661,0.999,1.5
synth_cable_gland,012,joint,,8.0,0.02,,2,8.0,0.02,0.001358,0.54089,0.490605,4256,479,0.066121,0.000661,0.999,1.5
synth_cable_gland,012,joint,,8.0,0.04,,0,8.0,0.04,0.001358,0.600414,0.837161,4256,479,0.066121,0.000661,0.999,1.5
synth_cable_gland,012,joint,,8.0,0.04,,1,8.0,0.04,0.001358,0.740166,0.876827,4256,479,0.066121,0.000661,0.999,1.5
synth_cable_gland,012,joint,,8.0,0.04,,2,8.0,0.04,0.001358,0.189441,0.382046,4256,479,0.066121,0.000661,0.999,1.5
synth_cable_gland,013,joint,,0.0,0.0,,0,0.0,0.0,0.001358,0.00287,0.228571,4256,315,0.066121,0.000661,0.999,1.5
synth_cable_gland,013,joint,,0.0,0.0,,1,0.0,0.0,0.001358,0.00287,0.228571,4256,315,0.066121,0.000661,0.999,1.5
synth_cable_gland,013,joint,,0.0,0.0,,2,0.0,0.0,0.001358,0.00287,0.228571,4256,315,0.066121,0.000661,0.999,1.5
synth_cable_gland,013,joint,,0.0,0.005,,0,0.0,0.005,0.001358,0.001794,0.206349,4256,315,0.066121,0.000661,0.999,1.5
synth_cable_gland,013,joint,,0.0,0.005,,1,0.0,0.005,0.001358,0.001435,0.231746,4256,315,0.066121,0.000661,0.999,1.5
synth_cable_gland,013,joint,,0.0,0.005,,2,0.0,0.005,0.001358,0.002512,0.263492,4256,315,0.066121,0.000661,0.999,1.5
synth_cable_gland,013,joint,,0.0,0.01,,0,0.0,0.01,0.001358,0.005741,0.292063,4256,315,0.066121,0.000661,0.999,1.5
synth_cable_gland,013,joint,,0.0,0.01,,1,0.0,0.01,0.001358,0.000718,0.161905,4256,315,0.066121,0.000661,0.999,1.5
synth_cable_gland,013,joint,,0.0,0.01,,2,0.0,0.01,0.001358,0.005741,0.253968,4256,315,0.066121,0.000661,0.999,1.5
synth_cable_gland,013,joint,,0.0,0.02,,0,0.0,0.02,0.001358,0.068174,0.206349,4256,315,0.066121,0.000661,0.999,1.5
synth_cable_gland,013,joint,,0.0,0.02,,1,0.0,0.02,0.001358,0.044492,0.24127,4256,315,0.066121,0.000661,0.999,1.5
synth_cable_gland,013,joint,,0.0,0.02,,2,0.0,0.02,0.001358,0.071044,0.606349,4256,315,0.066121,0.000661,0.999,1.5
synth_cable_gland,013,joint,,0.0,0.04,,0,0.0,0.04,0.001358,0.699318,0.961905,4256,315,0.066121,0.000661,0.999,1.5
synth_cable_gland,013,joint,,0.0,0.04,,1,0.0,0.04,0.001358,0.619663,0.974603,4256,315,0.066121,0.000661,0.999,1.5
synth_cable_gland,013,joint,,0.0,0.04,,2,0.0,0.04,0.001358,0.16864,0.533333,4256,315,0.066121,0.000661,0.999,1.5
synth_cable_gland,013,joint,,1.0,0.0,,0,1.0,0.0,0.001358,0.00287,0.203175,4256,315,0.066121,0.000661,0.999,1.5
synth_cable_gland,013,joint,,1.0,0.0,,1,1.0,0.0,0.001358,0.001076,0.238095,4256,315,0.066121,0.000661,0.999,1.5
synth_cable_gland,013,joint,,1.0,0.0,,2,1.0,0.0,0.001358,0.001076,0.238095,4256,315,0.066121,0.000661,0.999,1.5
synth_cable_gland,013,joint,,1.0,0.005,,0,1.0,0.005,0.001358,0.004306,0.273016,4256,315,0.066121,0.000661,0.999,1.5
synth_cable_gland,013,joint,,1.0,0.005,,1,1.0,0.005,0.001358,0.002512,0.222222,4256,315,0.066121,0.000661,0.999,1.5
synth_cable_gland,013,joint,,1.0,0.005,,2,1.0,0.005,0.001358,0.002512,0.177778,4256,315,0.066121,0.000661,0.999,1.5
synth_cable_gland,013,joint,,1.0,0.01,,0,1.0,0.01,0.001358,0.003947,0.139683,4256,315,0.066121,0.000661,0.999,1.5
synth_cable_gland,013,joint,,1.0,0.01,,1,1.0,0.01,0.001358,0.005023,0.24127,4256,315,0.066121,0.000661,0.999,1.5
synth_cable_gland,013,joint,,1.0,0.01,,2,1.0,0.01,0.001358,0.003947,0.320635,4256,315,0.066121,0.000661,0.999,1.5
synth_cable_gland,013,joint,,1.0,0.02,,0,1.0,0.02,0.001358,0.031934,0.120635,4256,315,0.066121,0.000661,0.999,1.5
synth_cable_gland,013,joint,,1.0,0.02,,1,1.0,0.02,0.001358,0.041981,0.212698,4256,315,0.066121,0.000661,0.999,1.5
synth_cable_gland,013,joint,,1.0,0.02,,2,1.0,0.02,0.001358,0.171152,0.425397,4256,315,0.066121,0.000661,0.999,1.5
synth_cable_gland,013,joint,,1.0,0.04,,0,1.0,0.04,0.001358,0.66559,0.946032,4256,315,0.066121,0.000661,0.999,1.5
synth_cable_gland,013,joint,,1.0,0.04,,1,1.0,0.04,0.001358,0.559742,0.926984,4256,315,0.066121,0.000661,0.999,1.5
synth_cable_gland,013,joint,,1.0,0.04,,2,1.0,0.04,0.001358,0.789738,0.892063,4256,315,0.066121,0.000661,0.999,1.5
synth_cable_gland,013,joint,,2.0,0.0,,0,2.0,0.0,0.001358,0.001794,0.250794,4256,315,0.066121,0.000661,0.999,1.5
synth_cable_gland,013,joint,,2.0,0.0,,1,2.0,0.0,0.001358,0.003588,0.171429,4256,315,0.066121,0.000661,0.999,1.5
synth_cable_gland,013,joint,,2.0,0.0,,2,2.0,0.0,0.001358,0.003947,0.161905,4256,315,0.066121,0.000661,0.999,1.5
synth_cable_gland,013,joint,,2.0,0.005,,0,2.0,0.005,0.001358,0.00287,0.234921,4256,315,0.066121,0.000661,0.999,1.5
synth_cable_gland,013,joint,,2.0,0.005,,1,2.0,0.005,0.001358,0.001435,0.209524,4256,315,0.066121,0.000661,0.999,1.5
synth_cable_gland,013,joint,,2.0,0.005,,2,2.0,0.005,0.001358,0.002512,0.285714,4256,315,0.066121,0.000661,0.999,1.5
synth_cable_gland,013,joint,,2.0,0.01,,0,2.0,0.01,0.001358,0.012558,0.190476,4256,315,0.066121,0.000661,0.999,1.5
synth_cable_gland,013,joint,,2.0,0.01,,1,2.0,0.01,0.001358,0.010047,0.298413,4256,315,0.066121,0.000661,0.999,1.5
synth_cable_gland,013,joint,,2.0,0.01,,2,2.0,0.01,0.001358,0.007535,0.298413,4256,315,0.066121,0.000661,0.999,1.5
synth_cable_gland,013,joint,,2.0,0.02,,0,2.0,0.02,0.001358,0.073915,0.219048,4256,315,0.066121,0.000661,0.999,1.5
synth_cable_gland,013,joint,,2.0,0.02,,1,2.0,0.02,0.001358,0.036957,0.177778,4256,315,0.066121,0.000661,0.999,1.5
synth_cable_gland,013,joint,,2.0,0.02,,2,2.0,0.02,0.001358,0.053104,0.419048,4256,315,0.066121,0.000661,0.999,1.5
synth_cable_gland,013,joint,,2.0,0.04,,0,2.0,0.04,0.001358,0.602081,0.780952,4256,315,0.066121,0.000661,0.999,1.5
synth_cable_gland,013,joint,,2.0,0.04,,1,2.0,0.04,0.001358,0.250449,0.533333,4256,315,0.066121,0.000661,0.999,1.5
synth_cable_gland,013,joint,,2.0,0.04,,2,2.0,0.04,0.001358,0.580194,0.955556,4256,315,0.066121,0.000661,0.999,1.5
synth_cable_gland,013,joint,,4.0,0.0,,0,4.0,0.0,0.001358,0.017223,0.422222,4256,315,0.066121,0.000661,0.999,1.5
synth_cable_gland,013,joint,,4.0,0.0,,1,4.0,0.0,0.001358,0.015429,0.139683,4256,315,0.066121,0.000661,0.999,1.5
synth_cable_gland,013,joint,,4.0,0.0,,2,4.0,0.0,0.001358,0.034446,0.136508,4256,315,0.066121,0.000661,0.999,1.5
synth_cable_gland,013,joint,,4.0,0.005,,0,4.0,0.005,0.001358,0.019734,0.301587,4256,315,0.066121,0.000661,0.999,1.5
synth_cable_gland,013,joint,,4.0,0.005,,1,4.0,0.005,0.001358,0.022605,0.377778,4256,315,0.066121,0.000661,0.999,1.5
synth_cable_gland,013,joint,,4.0,0.005,,2,4.0,0.005,0.001358,0.049516,0.320635,4256,315,0.066121,0.000661,0.999,1.5
synth_cable_gland,013,joint,,4.0,0.01,,0,4.0,0.01,0.001358,0.097596,0.168254,4256,315,0.066121,0.000661,0.999,1.5
synth_cable_gland,013,joint,,4.0,0.01,,1,4.0,0.01,0.001358,0.148188,0.24127,4256,315,0.066121,0.000661,0.999,1.5
synth_cable_gland,013,joint,,4.0,0.01,,2,4.0,0.01,0.001358,0.055615,0.307937,4256,315,0.066121,0.000661,0.999,1.5
synth_cable_gland,013,joint,,4.0,0.02,,0,4.0,0.02,0.001358,0.077503,0.238095,4256,315,0.066121,0.000661,0.999,1.5
synth_cable_gland,013,joint,,4.0,0.02,,1,4.0,0.02,0.001358,0.044851,0.295238,4256,315,0.066121,0.000661,0.999,1.5
synth_cable_gland,013,joint,,4.0,0.02,,2,4.0,0.02,0.001358,0.349839,0.32381,4256,315,0.066121,0.000661,0.999,1.5
synth_cable_gland,013,joint,,4.0,0.04,,0,4.0,0.04,0.001358,0.631503,0.673016,4256,315,0.066121,0.000661,0.999,1.5
synth_cable_gland,013,joint,,4.0,0.04,,1,4.0,0.04,0.001358,0.215285,0.968254,4256,315,0.066121,0.000661,0.999,1.5
synth_cable_gland,013,joint,,4.0,0.04,,2,4.0,0.04,0.001358,0.357732,0.479365,4256,315,0.066121,0.000661,0.999,1.5
synth_cable_gland,013,joint,,8.0,0.0,,0,8.0,0.0,0.001358,0.189092,0.749206,4256,315,0.066121,0.000661,0.999,1.5
synth_cable_gland,013,joint,,8.0,0.0,,1,8.0,0.0,0.001358,0.317546,0.374603,4256,315,0.066121,0.000661,0.999,1.5
synth_cable_gland,013,joint,,8.0,0.0,,2,8.0,0.0,0.001358,0.405454,0.196825,4256,315,0.066121,0.000661,0.999,1.5
synth_cable_gland,013,joint,,8.0,0.005,,0,8.0,0.005,0.001358,0.1446,0.834921,4256,315,0.066121,0.000661,0.999,1.5
synth_cable_gland,013,joint,,8.0,0.005,,1,8.0,0.005,0.001358,0.224973,0.209524,4256,315,0.066121,0.000661,0.999,1.5
synth_cable_gland,013,joint,,8.0,0.005,,2,8.0,0.005,0.001358,0.272336,0.330159,4256,315,0.066121,0.000661,0.999,1.5
synth_cable_gland,013,joint,,8.0,0.01,,0,8.0,0.01,0.001358,0.197704,0.269841,4256,315,0.066121,0.000661,0.999,1.5
synth_cable_gland,013,joint,,8.0,0.01,,1,8.0,0.01,0.001358,0.141729,0.352381,4256,315,0.066121,0.000661,0.999,1.5
synth_cable_gland,013,joint,,8.0,0.01,,2,8.0,0.01,0.001358,0.362397,0.11746,4256,315,0.066121,0.000661,0.999,1.5
synth_cable_gland,013,joint,,8.0,0.02,,0,8.0,0.02,0.001358,0.589164,0.349206,4256,315,0.066121,0.000661,0.999,1.5
synth_cable_gland,013,joint,,8.0,0.02,,1,8.0,0.02,0.001358,0.500538,0.139683,4256,315,0.066121,0.000661,0.999,1.5
synth_cable_gland,013,joint,,8.0,0.02,,2,8.0,0.02,0.001358,0.145676,0.746032,4256,315,0.066121,0.000661,0.999,1.5
synth_cable_gland,013,joint,,8.0,0.04,,0,8.0,0.04,0.001358,0.364191,0.961905,4256,315,0.066121,0.000661,0.999,1.5
synth_cable_gland,013,joint,,8.0,0.04,,1,8.0,0.04,0.001358,0.586652,0.67619,4256,315,0.066121,0.000661,0.999,1.5
synth_cable_gland,013,joint,,8.0,0.04,,2,8.0,0.04,0.001358,0.618227,0.803175,4256,315,0.066121,0.000661,0.999,1.5
synth_cable_gland,014,joint,,0.0,0.0,,0,0.0,0.0,0.001358,0.002182,0.306962,4256,316,0.066121,0.000661,0.999,1.5
synth_cable_gland,014,joint,,0.0,0.0,,1,0.0,0.0,0.001358,0.002182,0.306962,4256,316,0.066121,0.000661,0.999,1.5
synth_cable_gland,014,joint,,0.0,0.0,,2,0.0,0.0,0.001358,0.002182,0.306962,4256,316,0.066121,0.000661,0.999,1.5
synth_cable_gland,014,joint,,0.0,0.005,,0,0.0,0.005,0.001358,0.001091,0.231013,4256,316,0.066121,0.000661,0.999,1.5
synth_cable_gland,014,joint,,0.0,0.005,,1,0.0,0.005,0.001358,0.002182,0.316456,4256,316,0.066121,0.000661,0.999,1.5
synth_cable_gland,014,joint,,0.0,0.005,,2,0.0,0.005,0.001358,0.000727,0.275316,4256,316,0.066121,0.000661,0.999,1.5
synth_cable_gland,014,joint,,0.0,0.01,,0,0.0,0.01,0.001358,0.006545,0.376582,4256,316,0.066121,0.000661,0.999,1.5
synth_cable_gland,014,joint,,0.0,0.01,,1,0.0,0.01,0.001358,0.005818,0.417722,4256,316,0.066121,0.000661,0.999,1.5
synth_cable_gland,014,joint,,0.0,0.01,,2,0.0,0.01,0.001358,0.001091,0.189873,4256,316,0.066121,0.000661,0.999,1.5
synth_cable_gland,014,joint,,0.0,0.02,,0,0.0,0.02,0.001358,0.052364,0.21519,4256,316,0.066121,0.000661,0.999,1.5
synth_cable_gland,014,joint,,0.0,0.02,,1,0.0,0.02,0.001358,0.040727,0.240506,4256,316,0.066121,0.000661,0.999,1.5
synth_cable_gland,014,joint,,0.0,0.02,,2,0.0,0.02,0.001358,0.095273,0.740506,4256,316,0.066121,0.000661,0.999,1.5
synth_cable_gland,014,joint,,0.0,0.04,,0,0.0,0.04,0.001358,0.345455,0.427215,4256,316,0.066121,0.000661,0.999,1.5
synth_cable_gland,014,joint,,0.0,0.04,,1,0.0,0.04,0.001358,0.396,0.142405,4256,316,0.066121,0.000661,0.999,1.5
synth_cable_gland,014,joint,,0.0,0.04,,2,0.0,0.04,0.001358,0.487273,0.936709,4256,316,0.066121,0.000661,0.999,1.5
synth_cable_gland,014,joint,,1.0,0.0,,0,1.0,0.0,0.001358,0.003273,0.31962,4256,316,0.066121,0.000661,0.999,1.5
synth_cable_gland,014,joint,,1.0,0.0,,1,1.0,0.0,0.001358,0.000727,0.310127,4256,316,0.066121,0.000661,0.999,1.5
synth_cable_gland,014,joint,,1.0,0.0,,2,1.0,0.0,0.001358,0.001818,0.262658,4256,316,0.066121,0.000661,0.999,1.5
synth_cable_gland,014,joint,,1.0,0.005,,0,1.0,0.005,0.001358,0.002545,0.287975,4256,316,0.066121,0.000661,0.999,1.5
synth_cable_gland,014,joint,,1.0,0.005,,1,1.0,0.005,0.001358,0.002545,0.322785,4256,316,0.066121,0.000661,0.999,1.5
synth_cable_gland,014,joint,,1.0,0.005,,2,1.0,0.005,0.001358,0.002909,0.344937,4256,316,0.066121,0.000661,0.999,1.5
synth_cable_gland,014,joint,,1.0,0.01,,0,1.0,0.01,0.001358,0.000727,0.167722,4256,316,0.066121,0.000661,0.999,1.5
synth_cable_gland,014,joint,,1.0,0.01,,1,1.0,0.01,0.001358,0.006545,0.332278,4256,316,0.066121,0.000661,0.999,1.5
synth_cable_gland,014,joint,,1.0,0.01,,2,1.0,0.01,0.001358,0.004,0.325949,4256,316,0.066121,0.000661,0.999,1.5
synth_cable_gland,014,joint,,1.0,0.02,,0,1.0,0.02,0.001358,0.112364,0.462025,4256,316,0.066121,0.000661,0.999,1.5
synth_cable_gland,014,joint,,1.0,0.02,,1,1.0,0.02,0.001358,0.06,0.142405,4256,316,0.066121,0.000661,0.999,1.5
synth_cable_gland,014,joint,,1.0,0.02,,2,1.0,0.02,0.001358,0.157091,0.64557,4256,316,0.066121,0.000661,0.999,1.5
synth_cable_gland,014,joint,,1.0,0.04,,0,1.0,0.04,0.001358,0.527636,0.642405,4256,316,0.066121,0.000661,0.999,1.5
synth_cable_gland,014,joint,,1.0,0.04,,1,1.0,0.04,0.001358,0.673818,0.664557,4256,316,0.066121,0.000661,0.999,1.5
synth_cable_gland,014,joint,,1.0,0.04,,2,1.0,0.04,0.001358,0.677455,0.325949,4256,316,0.066121,0.000661,0.999,1.5
synth_cable_gland,014,joint,,2.0,0.0,,0,2.0,0.0,0.001358,0.003273,0.370253,4256,316,0.066121,0.000661,0.999,1.5
synth_cable_gland,014,joint,,2.0,0.0,,1,2.0,0.0,0.001358,0.002909,0.272152,4256,316,0.066121,0.000661,0.999,1.5
synth_cable_gland,014,joint,,2.0,0.0,,2,2.0,0.0,0.001358,0.004364,0.243671,4256,316,0.066121,0.000661,0.999,1.5
synth_cable_gland,014,joint,,2.0,0.005,,0,2.0,0.005,0.001358,0.007636,0.325949,4256,316,0.066121,0.000661,0.999,1.5
synth_cable_gland,014,joint,,2.0,0.005,,1,2.0,0.005,0.001358,0.002545,0.297468,4256,316,0.066121,0.000661,0.999,1.5
synth_cable_gland,014,joint,,2.0,0.005,,2,2.0,0.005,0.001358,0.005818,0.291139,4256,316,0.066121,0.000661,0.999,1.5
synth_cable_gland,014,joint,,2.0,0.01,,0,2.0,0.01,0.001358,0.011273,0.221519,4256,316,0.066121,0.000661,0.999,1.5
synth_cable_gland,014,joint,,2.0,0.01,,1,2.0,0.01,0.001358,0.010909,0.341772,4256,316,0.066121,0.000661,0.999,1.5
synth_cable_gland,014,joint,,2.0,0.01,,2,2.0,0.01,0.001358,0.010545,0.306962,4256,316,0.066121,0.000661,0.999,1.5
synth_cable_gland,014,joint,,2.0,0.02,,0,2.0,0.02,0.001358,0.062909,0.594937,4256,316,0.066121,0.000661,0.999,1.5
synth_cable_gland,014,joint,,2.0,0.02,,1,2.0,0.02,0.001358,0.083273,0.841772,4256,316,0.066121,0.000661,0.999,1.5
synth_cable_gland,014,joint,,2.0,0.02,,2,2.0,0.02,0.001358,0.044727,0.522152,4256,316,0.066121,0.000661,0.999,1.5
synth_cable_gland,014,joint,,2.0,0.04,,0,2.0,0.04,0.001358,0.713455,0.420886,4256,316,0.066121,0.000661,0.999,1.5
synth_cable_gland,014,joint,,2.0,0.04,,1,2.0,0.04,0.001358,0.554909,0.132911,4256,316,0.066121,0.000661,0.999,1.5
synth_cable_gland,014,joint,,2.0,0.04,,2,2.0,0.04,0.001358,0.503273,0.64557,4256,316,0.066121,0.000661,0.999,1.5
synth_cable_gland,014,joint,,4.0,0.0,,0,4.0,0.0,0.001358,0.018909,0.170886,4256,316,0.066121,0.000661,0.999,1.5
synth_cable_gland,014,joint,,4.0,0.0,,1,4.0,0.0,0.001358,0.041455,0.208861,4256,316,0.066121,0.000661,0.999,1.5
synth_cable_gland,014,joint,,4.0,0.0,,2,4.0,0.0,0.001358,0.028727,0.357595,4256,316,0.066121,0.000661,0.999,1.5
synth_cable_gland,014,joint,,4.0,0.005,,0,4.0,0.005,0.001358,0.035636,0.351266,4256,316,0.066121,0.000661,0.999,1.5
synth_cable_gland,014,joint,,4.0,0.005,,1,4.0,0.005,0.001358,0.060364,0.325949,4256,316,0.066121,0.000661,0.999,1.5
synth_cable_gland,014,joint,,4.0,0.005,,2,4.0,0.005,0.001358,0.040364,0.408228,4256,316,0.066121,0.000661,0.999,1.5
synth_cable_gland,014,joint,,4.0,0.01,,0,4.0,0.01,0.001358,0.036,0.234177,4256,316,0.066121,0.000661,0.999,1.5
synth_cable_gland,014,joint,,4.0,0.01,,1,4.0,0.01,0.001358,0.015273,0.518987,4256,316,0.066121,0.000661,0.999,1.5
synth_cable_gland,014,joint,,4.0,0.01,,2,4.0,0.01,0.001358,0.072,0.411392,4256,316,0.066121,0.000661,0.999,1.5
synth_cable_gland,014,joint,,4.0,0.02,,0,4.0,0.02,0.001358,0.212,0.186709,4256,316,0.066121,0.000661,0.999,1.5
synth_cable_gland,014,joint,,4.0,0.02,,1,4.0,0.02,0.001358,0.236727,0.797468,4256,316,0.066121,0.000661,0.999,1.5
synth_cable_gland,014,joint,,4.0,0.02,,2,4.0,0.02,0.001358,0.130909,0.332278,4256,316,0.066121,0.000661,0.999,1.5
synth_cable_gland,014,joint,,4.0,0.04,,0,4.0,0.04,0.001358,0.765455,0.762658,4256,316,0.066121,0.000661,0.999,1.5
synth_cable_gland,014,joint,,4.0,0.04,,1,4.0,0.04,0.001358,0.68,0.724684,4256,316,0.066121,0.000661,0.999,1.5
synth_cable_gland,014,joint,,4.0,0.04,,2,4.0,0.04,0.001358,0.727273,0.316456,4256,316,0.066121,0.000661,0.999,1.5
synth_cable_gland,014,joint,,8.0,0.0,,0,8.0,0.0,0.001358,0.334909,0.148734,4256,316,0.066121,0.000661,0.999,1.5
synth_cable_gland,014,joint,,8.0,0.0,,1,8.0,0.0,0.001358,0.336727,0.10443,4256,316,0.066121,0.000661,0.999,1.5
synth_cable_gland,014,joint,,8.0,0.0,,2,8.0,0.0,0.001358,0.364727,0.291139,4256,316,0.066121,0.000661,0.999,1.5
synth_cable_gland,014,joint,,8.0,0.005,,0,8.0,0.005,0.001358,0.185818,0.43038,4256,316,0.066121,0.000661,0.999,1.5
synth_cable_gland,014,joint,,8.0,0.005,,1,8.0,0.005,0.001358,0.335273,0.648734,4256,316,0.066121,0.000661,0.999,1.5
synth_cable_gland,014,joint,,8.0,0.005,,2,8.0,0.005,0.001358,0.253455,0.094937,4256,316,0.066121,0.000661,0.999,1.5
synth_cable_gland,014,joint,,8.0,0.01,,0,8.0,0.01,0.001358,0.454545,0.341772,4256,316,0.066121,0.000661,0.999,1.5
synth_cable_gland,014,joint,,8.0,0.01,,1,8.0,0.01,0.001358,0.270545,0.164557,4256,316,0.066121,0.000661,0.999,1.5
synth_cable_gland,014,joint,,8.0,0.01,,2,8.0,0.01,0.001358,0.274182,0.351266,4256,316,0.066121,0.000661,0.999,1.5
synth_cable_gland,014,joint,,8.0,0.02,,0,8.0,0.02,0.001358,0.146909,0.43038,4256,316,0.066121,0.000661,0.999,1.5
synth_cable_gland,014,joint,,8.0,0.02,,1,8.0,0.02,0.001358,0.104,0.351266,4256,316,0.066121,0.000661,0.999,1.5
synth_cable_gland,014,joint,,8.0,0.02,,2,8.0,0.02,0.001358,0.240727,0.547468,4256,316,0.066121,0.000661,0.999,1.5
synth_cable_gland,014,joint,,8.0,0.04,,0,8.0,0.04,0.001358,0.610909,0.64557,4256,316,0.066121,0.000661,0.999,1.5
synth_cable_gland,014,joint,,8.0,0.04,,1,8.0,0.04,0.001358,0.715273,0.306962,4256,316,0.066121,0.000661,0.999,1.5
synth_cable_gland,014,joint,,8.0,0.04,,2,8.0,0.04,0.001358,0.783636,0.306962,4256,316,0.066121,0.000661,0.999,1.5
synth_cable_gland,015,joint,,0.0,0.0,,0,0.0,0.0,0.001358,0.002663,0.273273,4256,333,0.066121,0.000661,0.999,1.5
synth_cable_gland,015,joint,,0.0,0.0,,1,0.0,0.0,0.001358,0.002663,0.273273,4256,333,0.066121,0.000661,0.999,1.5
synth_cable_gland,015,joint,,0.0,0.0,,2,0.0,0.0,0.001358,0.002663,0.273273,4256,333,0.066121,0.000661,0.999,1.5
synth_cable_gland,015,joint,,0.0,0.005,,0,0.0,0.005,0.001358,0.002663,0.297297,4256,333,0.066121,0.000661,0.999,1.5
synth_cable_gland,015,joint,,0.0,0.005,,1,0.0,0.005,0.001358,0.001775,0.228228,4256,333,0.066121,0.000661,0.999,1.5
synth_cable_gland,015,joint,,0.0,0.005,,2,0.0,0.005,0.001358,0.00577,0.312312,4256,333,0.066121,0.000661,0.999,1.5
synth_cable_gland,015,joint,,0.0,0.01,,0,0.0,0.01,0.001358,0.001775,0.264264,4256,333,0.066121,0.000661,0.999,1.5
synth_cable_gland,015,joint,,0.0,0.01,,1,0.0,0.01,0.001358,0.001332,0.222222,4256,333,0.066121,0.000661,0.999,1.5
synth_cable_gland,015,joint,,0.0,0.01,,2,0.0,0.01,0.001358,0.007989,0.279279,4256,333,0.066121,0.000661,0.999,1.5
synth_cable_gland,015,joint,,0.0,0.02,,0,0.0,0.02,0.001358,0.033733,0.102102,4256,333,0.066121,0.000661,0.999,1.5
synth_cable_gland,015,joint,,0.0,0.02,,1,0.0,0.02,0.001358,0.062583,0.096096,4256,333,0.066121,0.000661,0.999,1.5
synth_cable_gland,015,joint,,0.0,0.02,,2,0.0,0.02,0.001358,0.045273,0.231231,4256,333,0.066121,0.000661,0.999,1.5
synth_cable_gland,015,joint,,0.0,0.04,,0,0.0,0.04,0.001358,0.189081,0.741742,4256,333,0.066121,0.000661,0.999,1.5
synth_cable_gland,015,joint,,0.0,0.04,,1,0.0,0.04,0.001358,0.548602,0.930931,4256,333,0.066121,0.000661,0.999,1.5
synth_cable_gland,015,joint,,0.0,0.04,,2,0.0,0.04,0.001358,0.754993,0.564565,4256,333,0.066121,0.000661,0.999,1.5
synth_cable_gland,015,joint,,1.0,0.0,,0,1.0,0.0,0.001358,0.003107,0.288288,4256,333,0.066121,0.000661,0.999,1.5
synth_cable_gland,015,joint,,1.0,0.0,,1,1.0,0.0,0.001358,0.003107,0.252252,4256,333,0.066121,0.000661,0.999,1.5
synth_cable_gland,015,joint,,1.0,0.0,,2,1.0,0.0,0.001358,0.002219,0.24024,4256,333,0.066121,0.000661,0.999,1.5
synth_cable_gland,015,joint,,1.0,0.005,,0,1.0,0.005,0.001358,0.004882,0.255255,4256,333,0.066121,0.000661,0.999,1.5
synth_cable_gland,015,joint,,1.0,0.005,,1,1.0,0.005,0.001358,0.002219,0.228228,4256,333,0.066121,0.000661,0.999,1.5
synth_cable_gland,015,joint,,1.0,0.005,,2,1.0,0.005,0.001358,0.002663,0.231231,4256,333,0.066121,0.000661,0.999,1.5
synth_cable_gland,015,joint,,1.0,0.01,,0,1.0,0.01,0.001358,0.004882,0.246246,4256,333,0.066121,0.000661,0.999,1.5
synth_cable_gland,015,joint,,1.0,0.01,,1,1.0,0.01,0.001358,0.004439,0.171171,4256,333,0.066121,0.000661,0.999,1.5
synth_cable_gland,015,joint,,1.0,0.01,,2,1.0,0.01,0.001358,0.00577,0.351351,4256,333,0.066121,0.000661,0.999,1.5
synth_cable_gland,015,joint,,1.0,0.02,,0,1.0,0.02,0.001358,0.090546,0.249249,4256,333,0.066121,0.000661,0.999,1.5
synth_cable_gland,015,joint,,1.0,0.02,,1,1.0,0.02,0.001358,0.039947,0.501502,4256,333,0.066121,0.000661,0.999,1.5
synth_cable_gland,015,joint,,1.0,0.02,,2,1.0,0.02,0.001358,0.042166,0.492492,4256,333,0.066121,0.000661,0.999,1.5
synth_cable_gland,015,joint,,1.0,0.04,,0,1.0,0.04,0.001358,0.22237,0.201201,4256,333,0.066121,0.000661,0.999,1.5
synth_cable_gland,015,joint,,1.0,0.04,,1,1.0,0.04,0.001358,0.3502,0.741742,4256,333,0.066121,0.000661,0.999,1.5
synth_cable_gland,015,joint,,1.0,0.04,,2,1.0,0.04,0.001358,0.534842,0.6997,4256,333,0.066121,0.000661,0.999,1.5
synth_cable_gland,015,joint,,2.0,0.0,,0,2.0,0.0,0.001358,0.003995,0.21021,4256,333,0.066121,0.000661,0.999,1.5
synth_cable_gland,015,joint,,2.0,0.0,,1,2.0,0.0,0.001358,0.003551,0.213213,4256,333,0.066121,0.000661,0.999,1.5
synth_cable_gland,015,joint,,2.0,0.0,,2,2.0,0.0,0.001358,0.003995,0.222222,4256,333,0.066121,0.000661,0.999,1.5
synth_cable_gland,015,joint,,2.0,0.005,,0,2.0,0.005,0.001358,0.010652,0.261261,4256,333,0.066121,0.000661,0.999,1.5
synth_cable_gland,015,joint,,2.0,0.005,,1,2.0,0.005,0.001358,0.002219,0.192192,4256,333,0.066121,0.000661,0.999,1.5
synth_cable_gland,015,joint,,2.0,0.005,,2,2.0,0.005,0.001358,0.008877,0.234234,4256,333,0.066121,0.000661,0.999,1.5
synth_cable_gland,015,joint,,2.0,0.01,,0,2.0,0.01,0.001358,0.013759,0.396396,4256,333,0.066121,0.000661,0.999,1.5
synth_cable_gland,015,joint,,2.0,0.01,,1,2.0,0.01,0.001358,0.015979,0.186186,4256,333,0.066121,0.000661,0.999,1.5
synth_cable_gland,015,joint,,2.0,0.01,,2,2.0,0.01,0.001358,0.015979,0.267267,4256,333,0.066121,0.000661,0.999,1.5
synth_cable_gland,015,joint,,2.0,0.02,,0,2.0,0.02,0.001358,0.177985,0.174174,4256,333,0.066121,0.000661,0.999,1.5
synth_cable_gland,015,joint,,2.0,0.02,,1,2.0,0.02,0.001358,0.121616,0.192192,4256,333,0.066121,0.000661,0.999,1.5
synth_cable_gland,015,joint,,2.0,0.02,,2,2.0,0.02,0.001358,0.025743,0.114114,4256,333,0.066121,0.000661,0.999,1.5
synth_cable_gland,015,joint,,2.0,0.04,,0,2.0,0.04,0.001358,0.393697,0.981982,4256,333,0.066121,0.000661,0.999,1.5
synth_cable_gland,015,joint,,2.0,0.04,,1,2.0,0.04,0.001358,0.188194,0.552553,4256,333,0.066121,0.000661,0.999,1.5
synth_cable_gland,015,joint,,2.0,0.04,,2,2.0,0.04,0.001358,0.528185,0.522523,4256,333,0.066121,0.000661,0.999,1.5
synth_cable_gland,015,joint,,4.0,0.0,,0,4.0,0.0,0.001358,0.063915,0.246246,4256,333,0.066121,0.000661,0.999,1.5
synth_cable_gland,015,joint,,4.0,0.0,,1,4.0,0.0,0.001358,0.046605,0.198198,4256,333,0.066121,0.000661,0.999,1.5
synth_cable_gland,015,joint,,4.0,0.0,,2,4.0,0.0,0.001358,0.014647,0.177177,4256,333,0.066121,0.000661,0.999,1.5
synth_cable_gland,015,joint,,4.0,0.005,,0,4.0,0.005,0.001358,0.015091,0.378378,4256,333,0.066121,0.000661,0.999,1.5
synth_cable_gland,015,joint,,4.0,0.005,,1,4.0,0.005,0.001358,0.07146,0.255255,4256,333,0.066121,0.000661,0.999,1.5
synth_cable_gland,015,joint,,4.0,0.005,,2,4.0,0.005,0.001358,0.051487,0.312312,4256,333,0.066121,0.000661,0.999,1.5
synth_cable_gland,015,joint,,4.0,0.01,,0,4.0,0.01,0.001358,0.059476,0.462462,4256,333,0.066121,0.000661,0.999,1.5
synth_cable_gland,015,joint,,4.0,0.01,,1,4.0,0.01,0.001358,0.086995,0.447447,4256,333,0.066121,0.000661,0.999,1.5
synth_cable_gland,015,joint,,4.0,0.01,,2,4.0,0.01,0.001358,0.076787,0.159159,4256,333,0.066121,0.000661,0.999,1.5
synth_cable_gland,015,joint,,4.0,0.02,,0,4.0,0.02,0.001358,0.365291,0.135135,4256,333,0.066121,0.000661,0.999,1.5
synth_cable_gland,015,joint,,4.0,0.02,,1,4.0,0.02,0.001358,0.249445,0.3003,4256,333,0.066121,0.000661,0.999,1.5
synth_cable_gland,015,joint,,4.0,0.02,,2,4.0,0.02,0.001358,0.071016,0.81982,4256,333,0.066121,0.000661,0.999,1.5
synth_cable_gland,015,joint,,4.0,0.04,,0,4.0,0.04,0.001358,0.608966,0.627628,4256,333,0.066121,0.000661,0.999,1.5
synth_cable_gland,015,joint,,4.0,0.04,,1,4.0,0.04,0.001358,0.225921,0.921922,4256,333,0.066121,0.000661,0.999,1.5
synth_cable_gland,015,joint,,4.0,0.04,,2,4.0,0.04,0.001358,0.476698,0.648649,4256,333,0.066121,0.000661,0.999,1.5
synth_cable_gland,015,joint,,8.0,0.0,,0,8.0,0.0,0.001358,0.467377,0.192192,4256,333,0.066121,0.000661,0.999,1.5
synth_cable_gland,015,joint,,8.0,0.0,,1,8.0,0.0,0.001358,0.100311,0.153153,4256,333,0.066121,0.000661,0.999,1.5
synth_cable_gland,015,joint,,8.0,0.0,,2,8.0,0.0,0.001358,0.365291,0.237237,4256,333,0.066121,0.000661,0.999,1.5
synth_cable_gland,015,joint,,8.0,0.005,,0,8.0,0.005,0.001358,0.365291,0.444444,4256,333,0.066121,0.000661,0.999,1.5
synth_cable_gland,015,joint,,8.0,0.005,,1,8.0,0.005,0.001358,0.09099,0.171171,4256,333,0.066121,0.000661,0.999,1.5
synth_cable_gland,015,joint,,8.0,0.005,,2,8.0,0.005,0.001358,0.442521,0.198198,4256,333,0.066121,0.000661,0.999,1.5
synth_cable_gland,015,joint,,8.0,0.01,,0,8.0,0.01,0.001358,0.45051,0.204204,4256,333,0.066121,0.000661,0.999,1.5
synth_cable_gland,015,joint,,8.0,0.01,,1,8.0,0.01,0.001358,0.109188,0.3003,4256,333,0.066121,0.000661,0.999,1.5
synth_cable_gland,015,joint,,8.0,0.01,,2,8.0,0.01,0.001358,0.391478,0.273273,4256,333,0.066121,0.000661,0.999,1.5
synth_cable_gland,015,joint,,8.0,0.02,,0,8.0,0.02,0.001358,0.347093,0.543544,4256,333,0.066121,0.000661,0.999,1.5
synth_cable_gland,015,joint,,8.0,0.02,,1,8.0,0.02,0.001358,0.441633,0.318318,4256,333,0.066121,0.000661,0.999,1.5
synth_cable_gland,015,joint,,8.0,0.02,,2,8.0,0.02,0.001358,0.259654,0.564565,4256,333,0.066121,0.000661,0.999,1.5
synth_cable_gland,015,joint,,8.0,0.04,,0,8.0,0.04,0.001358,0.197514,0.483483,4256,333,0.066121,0.000661,0.999,1.5
synth_cable_gland,015,joint,,8.0,0.04,,1,8.0,0.04,0.001358,0.637816,0.657658,4256,333,0.066121,0.000661,0.999,1.5
synth_cable_gland,015,joint,,8.0,0.04,,2,8.0,0.04,0.001358,0.361296,0.576577,4256,333,0.066121,0.000661,0.999,1.5
synth_cable_gland,016,joint,,0.0,0.0,,0,0.0,0.0,0.001358,0.00247,0.284946,4256,372,0.066121,0.000661,0.999,1.5
synth_cable_gland,016,joint,,0.0,0.0,,1,0.0,0.0,0.001358,0.00247,0.284946,4256,372,0.066121,0.000661,0.999,1.5
synth_cable_gland,016,joint,,0.0,0.0,,2,0.0,0.0,0.001358,0.00247,0.284946,4256,372,0.066121,0.000661,0.999,1.5
synth_cable_gland,016,joint,,0.0,0.005,,0,0.0,0.005,0.001358,0.00247,0.284946,4256,372,0.066121,0.000661,0.999,1.5
synth_cable_gland,016,joint,,0.0,0.005,,1,0.0,0.005,0.001358,0.001647,0.263441,4256,372,0.066121,0.000661,0.999,1.5
synth_cable_gland,016,joint,,0.0,0.005,,2,0.0,0.005,0.001358,0.00247,0.319892,4256,372,0.066121,0.000661,0.999,1.5
synth_cable_gland,016,joint,,0.0,0.01,,0,0.0,0.01,0.001358,0.002058,0.241935,4256,372,0.066121,0.000661,0.999,1.5
synth_cable_gland,016,joint,,0.0,0.01,,1,0.0,0.01,0.001358,0.002058,0.241935,4256,372,0.066121,0.000661,0.999,1.5
synth_cable_gland,016,joint,,0.0,0.01,,2,0.0,0.01,0.001358,0.002058,0.260753,4256,372,0.066121,0.000661,0.999,1.5
synth_cable_gland,016,joint,,0.0,0.02,,0,0.0,0.02,0.001358,0.017703,0.19086,4256,372,0.066121,0.000661,0.999,1.5
synth_cable_gland,016,joint,,0.0,0.02,,1,0.0,0.02,0.001358,0.051462,0.263441,4256,372,0.066121,0.000661,0.999,1.5
synth_cable_gland,016,joint,,0.0,0.02,,2,0.0,0.02,0.001358,0.151503,0.301075,4256,372,0.066121,0.000661,0.999,1.5
synth_cable_gland,016,joint,,0.0,0.04,,0,0.0,0.04,0.001358,0.522026,0.66129,4256,372,0.066121,0.000661,0.999,1.5
synth_cable_gland,016,joint,,0.0,0.04,,1,0.0,0.04,0.001358,0.523672,0.346774,4256,372,0.066121,0.000661,0.999,1.5
synth_cable_gland,016,joint,,0.0,0.04,,2,0.0,0.04,0.001358,0.755867,0.30914,4256,372,0.066121,0.000661,0.999,1.5
synth_cable_gland,016,joint,,1.0,0.0,,0,1.0,0.0,0.001358,0.002058,0.274194,4256,372,0.066121,0.000661,0.999,1.5
synth_cable_gland,016,joint,,1.0,0.0,,1,1.0,0.0,0.001358,0.00247,0.295699,4256,372,0.066121,0.000661,0.999,1.5
synth_cable_gland,016,joint,,1.0,0.0,,2,1.0,0.0,0.001358,0.001235,0.287634,4256,372,0.066121,0.000661,0.999,1.5
synth_cable_gland,016,joint,,1.0,0.005,,0,1.0,0.005,0.001358,0.00247,0.287634,4256,372,0.066121,0.000661,0.999,1.5
synth_cable_gland,016,joint,,1.0,0.005,,1,1.0,0.005,0.001358,0.003705,0.274194,4256,372,0.066121,0.000661,0.999,1.5
synth_cable_gland,016,joint,,1.0,0.005,,2,1.0,0.005,0.001358,0.004117,0.274194,4256,372,0.066121,0.000661,0.999,1.5
synth_cable_gland,016,joint,,1.0,0.01,,0,1.0,0.01,0.001358,0.00247,0.233871,4256,372,0.066121,0.000661,0.999,1.5
synth_cable_gland,016,joint,,1.0,0.01,,1,1.0,0.01,0.001358,0.00247,0.27957,4256,372,0.066121,0.000661,0.999,1.5
synth_cable_gland,016,joint,,1.0,0.01,,2,1.0,0.01,0.001358,0.004529,0.344086,4256,372,0.066121,0.000661,0.999,1.5
synth_cable_gland,016,joint,,1.0,0.02,,0,1.0,0.02,0.001358,0.286126,0.241935,4256,372,0.066121,0.000661,0.999,1.5
synth_cable_gland,016,joint,,1.0,0.02,,1,1.0,0.02,0.001358,0.034994,0.384409,4256,372,0.066121,0.000661,0.999,1.5
synth_cable_gland,016,joint,,1.0,0.02,,2,1.0,0.02,0.001358,0.10951,0.405914,4256,372,0.066121,0.000661,0.999,1.5
synth_cable_gland,016,joint,,1.0,0.04,,0,1.0,0.04,0.001358,0.341293,0.55914,4256,372,0.066121,0.000661,0.999,1.5
synth_cable_gland,016,joint,,1.0,0.04,,1,1.0,0.04,0.001358,0.674352,0.739247,4256,372,0.066121,0.000661,0.999,1.5
synth_cable_gland,016,joint,,1.0,0.04,,2,1.0,0.04,0.001358,0.225607,0.357527,4256,372,0.066121,0.000661,0.999,1.5
synth_cable_gland,016,joint,,2.0,0.0,,0,2.0,0.0,0.001358,0.003294,0.266129,4256,372,0.066121,0.000661,0.999,1.5
synth_cable_gland,016,joint,,2.0,0.0,,1,2.0,0.0,0.001358,0.004117,0.303763,4256,372,0.066121,0.000661,0.999,1.5
synth_cable_gland,016,joint,,2.0,0.0,,2,2.0,0.0,0.001358,0.00494,0.274194,4256,372,0.066121,0.000661,0.999,1.5
synth_cable_gland,016,joint,,2.0,0.005,,0,2.0,0.005,0.001358,0.002882,0.330645,4256,372,0.066121,0.000661,0.999,1.5
synth_cable_gland,016,joint,,2.0,0.005,,1,2.0,0.005,0.001358,0.002882,0.325269,4256,372,0.066121,0.000661,0.999,1.5
synth_cable_gland,016,joint,,2.0,0.005,,2,2.0,0.005,0.001358,0.006587,0.268817,4256,372,0.066121,0.000661,0.999,1.5
synth_cable_gland,016,joint,,2.0,0.01,,0,2.0,0.01,0.001358,0.018526,0.27957,4256,372,0.066121,0.000661,0.999,1.5
synth_cable_gland,016,joint,,2.0,0.01,,1,2.0,0.01,0.001358,0.027995,0.27957,4256,372,0.066121,0.000661,0.999,1.5
synth_cable_gland,016,joint,,2.0,0.01,,2,2.0,0.01,0.001358,0.010704,0.252688,4256,372,0.066121,0.000661,0.999,1.5
synth_cable_gland,016,joint,,2.0,0.02,,0,2.0,0.02,0.001358,0.262248,0.182796,4256,372,0.066121,0.000661,0.999,1.5
synth_cable_gland,016,joint,,2.0,0.02,,1,2.0,0.02,0.001358,0.386167,0.314516,4256,372,0.066121,0.000661,0.999,1.5
synth_cable_gland,016,joint,,2.0,0.02,,2,2.0,0.02,0.001358,0.305887,0.419355,4256,372,0.066121,0.000661,0.999,1.5
synth_cable_gland,016,joint,,2.0,0.04,,0,2.0,0.04,0.001358,0.806916,0.5,4256,372,0.066121,0.000661,0.999,1.5
synth_cable_gland,016,joint,,2.0,0.04,,1,2.0,0.04,0.001358,0.911486,0.634409,4256,372,0.066121,0.000661,0.999,1.5
synth_cable_gland,016,joint,,2.0,0.04,,2,2.0,0.04,0.001358,0.277069,0.725806,4256,372,0.066121,0.000661,0.999,1.5
synth_cable_gland,016,joint,,4.0,0.0,,0,4.0,0.0,0.001358,0.030465,0.293011,4256,372,0.066121,0.000661,0.999,1.5
synth_cable_gland,016,joint,,4.0,0.0,,1,4.0,0.0,0.001358,0.011116,0.349462,4256,372,0.066121,0.000661,0.999,1.5
synth_cable_gland,016,joint,,4.0,0.0,,2,4.0,0.0,0.001358,0.013174,0.287634,4256,372,0.066121,0.000661,0.999,1.5
synth_cable_gland,016,joint,,4.0,0.005,,0,4.0,0.005,0.001358,0.069164,0.274194,4256,372,0.066121,0.000661,0.999,1.5
synth_cable_gland,016,joint,,4.0,0.005,,1,4.0,0.005,0.001358,0.020585,0.244624,4256,372,0.066121,0.000661,0.999,1.5
synth_cable_gland,016,joint,,4.0,0.005,,2,4.0,0.005,0.001358,0.043228,0.346774,4256,372,0.066121,0.000661,0.999,1.5
synth_cable_gland,016,joint,,4.0,0.01,,0,4.0,0.01,0.001358,0.153973,0.341398,4256,372,0.066121,0.000661,0.999,1.5
synth_cable_gland,016,joint,,4.0,0.01,,1,4.0,0.01,0.001358,0.079045,0.354839,4256,372,0.066121,0.000661,0.999,1.5
synth_cable_gland,016,joint,,4.0,0.01,,2,4.0,0.01,0.001358,0.16797,0.287634,4256,372,0.066121,0.000661,0.999,1.5
synth_cable_gland,016,joint,,4.0,0.02,,0,4.0,0.02,0.001358,0.109098,0.30914,4256,372,0.066121,0.000661,0.999,1.5
synth_cable_gland,016,joint,,4.0,0.02,,1,4.0,0.02,0.001358,0.101276,0.196237,4256,372,0.066121,0.000661,0.999,1.5
synth_cable_gland,016,joint,,4.0,0.02,,2,4.0,0.02,0.001358,0.157678,0.204301,4256,372,0.066121,0.000661,0.999,1.5
synth_cable_gland,016,joint,,4.0,0.04,,0,4.0,0.04,0.001358,0.255249,0.306452,4256,372,0.066121,0.000661,0.999,1.5
synth_cable_gland,016,joint,,4.0,0.04,,1,4.0,0.04,0.001358,0.326472,0.274194,4256,372,0.066121,0.000661,0.999,1.5
synth_cable_gland,016,joint,,4.0,0.04,,2,4.0,0.04,0.001358,0.817209,0.680108,4256,372,0.066121,0.000661,0.999,1.5
synth_cable_gland,016,joint,,8.0,0.0,,0,8.0,0.0,0.001358,0.212021,0.395161,4256,372,0.066121,0.000661,0.999,1.5
synth_cable_gland,016,joint,,8.0,0.0,,1,8.0,0.0,0.001358,0.372581,0.198925,4256,372,0.066121,0.000661,0.999,1.5
synth_cable_gland,016,joint,,8.0,0.0,,2,8.0,0.0,0.001358,0.326472,0.400538,4256,372,0.066121,0.000661,0.999,1.5
synth_cable_gland,016,joint,,8.0,0.005,,0,8.0,0.005,0.001358,0.299712,0.626344,4256,372,0.066121,0.000661,0.999,1.5
synth_cable_gland,016,joint,,8.0,0.005,,1,8.0,0.005,0.001358,0.356114,0.298387,4256,372,0.066121,0.000661,0.999,1.5
synth_cable_gland,016,joint,,8.0,0.005,,2,8.0,0.005,0.001358,0.21408,0.360215,4256,372,0.066121,0.000661,0.999,1.5
synth_cable_gland,016,joint,,8.0,0.01,,0,8.0,0.01,0.001358,0.353643,0.33871,4256,372,0.066121,0.000661,0.999,1.5
synth_cable_gland,016,joint,,8.0,0.01,,1,8.0,0.01,0.001358,0.417456,0.290323,4256,372,0.066121,0.000661,0.999,1.5
synth_cable_gland,016,joint,,8.0,0.01,,2,8.0,0.01,0.001358,0.330589,0.325269,4256,372,0.066121,0.000661,0.999,1.5
synth_cable_gland,016,joint,,8.0,0.02,,0,8.0,0.02,0.001358,0.446686,0.666667,4256,372,0.066121,0.000661,0.999,1.5
synth_cable_gland,016,joint,,8.0,0.02,,1,8.0,0.02,0.001358,0.198436,0.602151,4256,372,0.066121,0.000661,0.999,1.5
synth_cable_gland,016,joint,,8.0,0.02,,2,8.0,0.02,0.001358,0.358584,0.306452,4256,372,0.066121,0.000661,0.999,1.5
synth_cable_gland,016,joint,,8.0,0.04,,0,8.0,0.04,0.001358,0.601894,0.962366,4256,372,0.066121,0.000661,0.999,1.5
synth_cable_gland,016,joint,,8.0,0.04,,1,8.0,0.04,0.001358,0.774804,0.540323,4256,372,0.066121,0.000661,0.999,1.5
synth_cable_gland,016,joint,,8.0,0.04,,2,8.0,0.04,0.001358,0.723343,0.543011,4256,372,0.066121,0.000661,0.999,1.5
synth_cable_gland,017,joint,,0.0,0.0,,0,0.0,0.0,0.001358,0.001271,0.290541,4256,148,0.066121,0.000661,0.999,1.5
synth_cable_gland,017,joint,,0.0,0.0,,1,0.0,0.0,0.001358,0.001271,0.290541,4256,148,0.066121,0.000661,0.999,1.5
synth_cable_gland,017,joint,,0.0,0.0,,2,0.0,0.0,0.001358,0.001271,0.290541,4256,148,0.066121,0.000661,0.999,1.5
synth_cable_gland,017,joint,,0.0,0.005,,0,0.0,0.005,0.001358,0.000636,0.310811,4256,148,0.066121,0.000661,0.999,1.5
synth_cable_gland,017,joint,,0.0,0.005,,1,0.0,0.005,0.001358,0.002224,0.256757,4256,148,0.066121,0.000661,0.999,1.5
synth_cable_gland,017,joint,,0.0,0.005,,2,0.0,0.005,0.001358,0.001271,0.27027,4256,148,0.066121,0.000661,0.999,1.5
synth_cable_gland,017,joint,,0.0,0.01,,0,0.0,0.01,0.001358,0.00286,0.290541,4256,148,0.066121,0.000661,0.999,1.5
synth_cable_gland,017,joint,,0.0,0.01,,1,0.0,0.01,0.001358,0.002224,0.371622,4256,148,0.066121,0.000661,0.999,1.5
synth_cable_gland,017,joint,,0.0,0.01,,2,0.0,0.01,0.001358,0.002224,0.358108,4256,148,0.066121,0.000661,0.999,1.5
synth_cable_gland,017,joint,,0.0,0.02,,0,0.0,0.02,0.001358,0.076899,0.668919,4256,148,0.066121,0.000661,0.999,1.5
synth_cable_gland,017,joint,,0.0,0.02,,1,0.0,0.02,0.001358,0.071179,0.547297,4256,148,0.066121,0.000661,0.999,1.5
synth_cable_gland,017,joint,,0.0,0.02,,2,0.0,0.02,0.001358,0.026692,0.587838,4256,148,0.066121,0.000661,0.999,1.5
synth_cable_gland,017,joint,,0.0,0.04,,0,0.0,0.04,0.001358,0.855736,0.493243,4256,148,0.066121,0.000661,0.999,1.5
synth_cable_gland,017,joint,,0.0,0.04,,1,0.0,0.04,0.001358,0.168097,0.540541,4256,148,0.066121,0.000661,0.999,1.5
synth_cable_gland,017,joint,,0.0,0.04,,2,0.0,0.04,0.001358,0.26279,0.581081,4256,148,0.066121,0.000661,0.999,1.5
synth_cable_gland,017,joint,,1.0,0.0,,0,1.0,0.0,0.001358,0.001589,0.283784,4256,148,0.066121,0.000661,0.999,1.5
synth_cable_gland,017,joint,,1.0,0.0,,1,1.0,0.0,0.001358,0.001271,0.27027,4256,148,0.066121,0.000661,0.999,1.5
synth_cable_gland,017,joint,,1.0,0.0,,2,1.0,0.0,0.001358,0.001907,0.297297,4256,148,0.066121,0.000661,0.999,1.5
synth_cable_gland,017,joint,,1.0,0.005,,0,1.0,0.005,0.001358,0.000636,0.290541,4256,148,0.066121,0.000661,0.999,1.5
synth_cable_gland,017,joint,,1.0,0.005,,1,1.0,0.005,0.001358,0.003178,0.202703,4256,148,0.066121,0.000661,0.999,1.5
synth_cable_gland,017,joint,,1.0,0.005,,2,1.0,0.005,0.001358,0.002224,0.304054,4256,148,0.066121,0.000661,0.999,1.5
synth_cable_gland,017,joint,,1.0,0.01,,0,1.0,0.01,0.001358,0.001589,0.304054,4256,148,0.066121,0.000661,0.999,1.5
synth_cable_gland,017,joint,,1.0,0.01,,1,1.0,0.01,0.001358,0.00286,0.317568,4256,148,0.066121,0.000661,0.999,1.5
synth_cable_gland,017,joint,,1.0,0.01,,2,1.0,0.01,0.001358,0.004131,0.304054,4256,148,0.066121,0.000661,0.999,1.5
synth_cable_gland,017,joint,,1.0,0.02,,0,1.0,0.02,0.001358,0.137274,0.195946,4256,148,0.066121,0.000661,0.999,1.5
synth_cable_gland,017,joint,,1.0,0.02,,1,1.0,0.02,0.001358,0.062917,0.175676,4256,148,0.066121,0.000661,0.999,1.5
synth_cable_gland,017,joint,,1.0,0.02,,2,1.0,0.02,0.001358,0.05116,0.47973,4256,148,0.066121,0.000661,0.999,1.5
synth_cable_gland,017,joint,,1.0,0.04,,0,1.0,0.04,0.001358,0.372736,0.763514,4256,148,0.066121,0.000661,0.999,1.5
synth_cable_gland,017,joint,,1.0,0.04,,1,1.0,0.04,0.001358,0.332062,0.716216,4256,148,0.066121,0.000661,0.999,1.5
synth_cable_gland,017,joint,,1.0,0.04,,2,1.0,0.04,0.001358,0.500794,0.858108,4256,148,0.066121,0.000661,0.999,1.5
synth_cable_gland,017,joint,,2.0,0.0,,0,2.0,0.0,0.001358,0.002542,0.297297,4256,148,0.066121,0.000661,0.999,1.5
synth_cable_gland,017,joint,,2.0,0.0,,1,2.0,0.0,0.001358,0.002542,0.290541,4256,148,0.066121,0.000661,0.999,1.5
synth_cable_gland,017,joint,,2.0,0.0,,2,2.0,0.0,0.001358,0.001589,0.222973,4256,148,0.066121,0.000661,0.999,1.5
synth_cable_gland,017,joint,,2.0,0.005,,0,2.0,0.005,0.001358,0.001589,0.263514,4256,148,0.066121,0.000661,0.999,1.5
synth_cable_gland,017,joint,,2.0,0.005,,1,2.0,0.005,0.001358,0.00286,0.277027,4256,148,0.066121,0.000661,0.999,1.5
synth_cable_gland,017,joint,,2.0,0.005,,2,2.0,0.005,0.001358,0.001907,0.310811,4256,148,0.066121,0.000661,0.999,1.5
synth_cable_gland,017,joint,,2.0,0.01,,0,2.0,0.01,0.001358,0.037178,0.304054,4256,148,0.066121,0.000661,0.999,1.5
synth_cable_gland,017,joint,,2.0,0.01,,1,2.0,0.01,0.001358,0.003813,0.290541,4256,148,0.066121,0.000661,0.999,1.5
synth_cable_gland,017,joint,,2.0,0.01,,2,2.0,0.01,0.001358,0.002542,0.277027,4256,148,0.066121,0.000661,0.999,1.5
synth_cable_gland,017,joint,,2.0,0.02,,0,2.0,0.02,0.001358,0.201779,0.317568,4256,148,0.066121,0.000661,0.999,1.5
synth_cable_gland,017,joint,,2.0,0.02,,1,2.0,0.02,0.001358,0.058151,0.418919,4256,148,0.066121,0.000661,0.999,1.5
synth_cable_gland,017,joint,,2.0,0.02,,2,2.0,0.02,0.001358,0.091516,0.668919,4256,148,0.066121,0.000661,0.999,1.5
synth_cable_gland,017,joint,,2.0,0.04,,0,2.0,0.04,0.001358,0.571338,0.635135,4256,148,0.066121,0.000661,0.999,1.5
synth_cable_gland,017,joint,,2.0,0.04,,1,2.0,0.04,0.001358,0.626946,0.736486,4256,148,0.066121,0.000661,0.999,1.5
synth_cable_gland,017,joint,,2.0,0.04,,2,2.0,0.04,0.001358,0.405148,0.804054,4256,148,0.066121,0.000661,0.999,1.5
synth_cable_gland,017,joint,,4.0,0.0,,0,4.0,0.0,0.001358,0.009215,0.439189,4256,148,0.066121,0.000661,0.999,1.5
synth_cable_gland,017,joint,,4.0,0.0,,1,4.0,0.0,0.001358,0.009533,0.405405,4256,148,0.066121,0.000661,0.999,1.5
synth_cable_gland,017,joint,,4.0,0.0,,2,4.0,0.0,0.001358,0.034318,0.317568,4256,148,0.066121,0.000661,0.999,1.5
synth_cable_gland,017,joint,,4.0,0.005,,0,4.0,0.005,0.001358,0.035272,0.297297,4256,148,0.066121,0.000661,0.999,1.5
synth_cable_gland,017,joint,,4.0,0.005,,1,4.0,0.005,0.001358,0.07531,0.439189,4256,148,0.066121,0.000661,0.999,1.5
synth_cable_gland,017,joint,,4.0,0.005,,2,4.0,0.005,0.001358,0.020655,0.182432,4256,148,0.066121,0.000661,0.999,1.5
synth_cable_gland,017,joint,,4.0,0.01,,0,4.0,0.01,0.001358,0.006991,0.263514,4256,148,0.066121,0.000661,0.999,1.5
synth_cable_gland,017,joint,,4.0,0.01,,1,4.0,0.01,0.001358,0.002224,0.263514,4256,148,0.066121,0.000661,0.999,1.5
synth_cable_gland,017,joint,,4.0,0.01,,2,4.0,0.01,0.001358,0.062917,0.263514,4256,148,0.066121,0.000661,0.999,1.5
synth_cable_gland,017,joint,,4.0,0.02,,0,4.0,0.02,0.001358,0.195106,0.162162,4256,148,0.066121,0.000661,0.999,1.5
synth_cable_gland,017,joint,,4.0,0.02,,1,4.0,0.02,0.001358,0.362885,0.398649,4256,148,0.066121,0.000661,0.999,1.5
synth_cable_gland,017,joint,,4.0,0.02,,2,4.0,0.02,0.001358,0.173181,0.5,4256,148,0.066121,0.000661,0.999,1.5
synth_cable_gland,017,joint,,4.0,0.04,,0,4.0,0.04,0.001358,0.694312,0.587838,4256,148,0.066121,0.000661,0.999,1.5
synth_cable_gland,017,joint,,4.0,0.04,,1,4.0,0.04,0.001358,0.624722,0.952703,4256,148,0.066121,0.000661,0.999,1.5
synth_cable_gland,017,joint,,4.0,0.04,,2,4.0,0.04,0.001358,0.790276,0.398649,4256,148,0.066121,0.000661,0.999,1.5
synth_cable_gland,017,joint,,8.0,0.0,,0,8.0,0.0,0.001358,0.261519,0.52027,4256,148,0.066121,0.000661,0.999,1.5
synth_cable_gland,017,joint,,8.0,0.0,,1,8.0,0.0,0.001358,0.154115,0.716216,4256,148,0.066121,0.000661,0.999,1.5
synth_cable_gland,017,joint,,8.0,0.0,,2,8.0,0.0,0.001358,0.287575,0.506757,4256,148,0.066121,0.000661,0.999,1.5
synth_cable_gland,017,joint,,8.0,0.005,,0,8.0,0.005,0.001358,0.083254,0.466216,4256,148,0.066121,0.000661,0.999,1.5
synth_cable_gland,017,joint,,8.0,0.005,,1,8.0,0.005,0.001358,0.257706,0.439189,4256,148,0.066121,0.000661,0.999,1.5
synth_cable_gland,017,joint,,8.0,0.005,,2,8.0,0.005,0.001358,0.248491,0.635135,4256,148,0.066121,0.000661,0.999,1.5
synth_cable_gland,017,joint,,8.0,0.01,,0,8.0,0.01,0.001358,0.320305,0.310811,4256,148,0.066121,0.000661,0.999,1.5
synth_cable_gland,017,joint,,8.0,0.01,,1,8.0,0.01,0.001358,0.34382,0.432432,4256,148,0.066121,0.000661,0.999,1.5
synth_cable_gland,017,joint,,8.0,0.01,,2,8.0,0.01,0.001358,0.065459,0.824324,4256,148,0.066121,0.000661,0.999,1.5
synth_cable_gland,017,joint,,8.0,0.02,,0,8.0,0.02,0.001358,0.487448,0.567568,4256,148,0.066121,0.000661,0.999,1.5
synth_cable_gland,017,joint,,8.0,0.02,,1,8.0,0.02,0.001358,0.253257,0.547297,4256,148,0.066121,0.000661,0.999,1.5
synth_cable_gland,017,joint,,8.0,0.02,,2,8.0,0.02,0.001358,0.394662,0.432432,4256,148,0.066121,0.000661,0.999,1.5
synth_cable_gland,017,joint,,8.0,0.04,,0,8.0,0.04,0.001358,0.561169,0.912162,4256,148,0.066121,0.000661,0.999,1.5
synth_cable_gland,017,joint,,8.0,0.04,,1,8.0,0.04,0.001358,0.241818,0.871622,4256,148,0.066121,0.000661,0.999,1.5
synth_cable_gland,017,joint,,8.0,0.04,,2,8.0,0.04,0.001358,0.600572,0.601351,4256,148,0.066121,0.000661,0.999,1.5
synth_cable_gland,018,joint,,0.0,0.0,,0,0.0,0.0,0.001358,0.002782,0.267296,4256,318,0.066121,0.000661,0.999,1.5
synth_cable_gland,018,joint,,0.0,0.0,,1,0.0,0.0,0.001358,0.002782,0.267296,4256,318,0.066121,0.000661,0.999,1.5
synth_cable_gland,018,joint,,0.0,0.0,,2,0.0,0.0,0.001358,0.002782,0.267296,4256,318,0.066121,0.000661,0.999,1.5
synth_cable_gland,018,joint,,0.0,0.005,,0,0.0,0.005,0.001358,0.003477,0.238994,4256,318,0.066121,0.000661,0.999,1.5
synth_cable_gland,018,joint,,0.0,0.005,,1,0.0,0.005,0.001358,0.001391,0.295597,4256,318,0.066121,0.000661,0.999,1.5
synth_cable_gland,018,joint,,0.0,0.005,,2,0.0,0.005,0.001358,0.001739,0.305031,4256,318,0.066121,0.000661,0.999,1.5
synth_cable_gland,018,joint,,0.0,0.01,,0,0.0,0.01,0.001358,0.00452,0.295597,4256,318,0.066121,0.000661,0.999,1.5
synth_cable_gland,018,joint,,0.0,0.01,,1,0.0,0.01,0.001358,0.003477,0.235849,4256,318,0.066121,0.000661,0.999,1.5
synth_cable_gland,018,joint,,0.0,0.01,,2,0.0,0.01,0.001358,0.001043,0.40566,4256,318,0.066121,0.000661,0.999,1.5
synth_cable_gland,018,joint,,0.0,0.02,,0,0.0,0.02,0.001358,0.023296,0.201258,4256,318,0.066121,0.000661,0.999,1.5
synth_cable_gland,018,joint,,0.0,0.02,,1,0.0,0.02,0.001358,0.14395,0.342767,4256,318,0.066121,0.000661,0.999,1.5
synth_cable_gland,018,joint,,0.0,0.02,,2,0.0,0.02,0.001358,0.132476,0.330189,4256,318,0.066121,0.000661,0.999,1.5
synth_cable_gland,018,joint,,0.0,0.04,,0,0.0,0.04,0.001358,0.257302,0.251572,4256,318,0.066121,0.000661,0.999,1.5
synth_cable_gland,018,joint,,0.0,0.04,,1,0.0,0.04,0.001358,0.911683,0.399371,4256,318,0.066121,0.000661,0.999,1.5
synth_cable_gland,018,joint,,0.0,0.04,,2,0.0,0.04,0.001358,0.318846,0.305031,4256,318,0.066121,0.000661,0.999,1.5
synth_cable_gland,018,joint,,1.0,0.0,,0,1.0,0.0,0.001358,0.003477,0.292453,4256,318,0.066121,0.000661,0.999,1.5
synth_cable_gland,018,joint,,1.0,0.0,,1,1.0,0.0,0.001358,0.002782,0.27673,4256,318,0.066121,0.000661,0.999,1.5
synth_cable_gland,018,joint,,1.0,0.0,,2,1.0,0.0,0.001358,0.003129,0.248428,4256,318,0.066121,0.000661,0.999,1.5
synth_cable_gland,018,joint,,1.0,0.005,,0,1.0,0.005,0.001358,0.003825,0.267296,4256,318,0.066121,0.000661,0.999,1.5
synth_cable_gland,018,joint,,1.0,0.005,,1,1.0,0.005,0.001358,0.001043,0.301887,4256,318,0.066121,0.000661,0.999,1.5
synth_cable_gland,018,joint,,1.0,0.005,,2,1.0,0.005,0.001358,0.002782,0.238994,4256,318,0.066121,0.000661,0.999,1.5
synth_cable_gland,018,joint,,1.0,0.01,,0,1.0,0.01,0.001358,0.005563,0.330189,4256,318,0.066121,0.000661,0.999,1.5
synth_cable_gland,018,joint,,1.0,0.01,,1,1.0,0.01,0.001358,0.006606,0.194969,4256,318,0.066121,0.000661,0.999,1.5
synth_cable_gland,018,joint,,1.0,0.01,,2,1.0,0.01,0.001358,0.003477,0.320755,4256,318,0.066121,0.000661,0.999,1.5
synth_cable_gland,018,joint,,1.0,0.02,,0,1.0,0.02,0.001358,0.048679,0.506289,4256,318,0.066121,0.000661,0.999,1.5
synth_cable_gland,018,joint,,1.0,0.02,,1,1.0,0.02,0.001358,0.152295,0.160377,4256,318,0.066121,0.000661,0.999,1.5
synth_cable_gland,018,joint,,1.0,0.02,,2,1.0,0.02,0.001358,0.041725,0.720126,4256,318,0.066121,0.000661,0.999,1.5
synth_cable_gland,018,joint,,1.0,0.04,,0,1.0,0.04,0.001358,0.344576,0.625786,4256,318,0.066121,0.000661,0.999,1.5
synth_cable_gland,018,joint,,1.0,0.04,,1,1.0,0.04,0.001358,0.327538,0.95283,4256,318,0.066121,0.000661,0.999,1.5
synth_cable_gland,018,joint,,1.0,0.04,,2,1.0,0.04,0.001358,0.860918,0.691824,4256,318,0.066121,0.000661,0.999,1.5
synth_cable_gland,018,joint,,2.0,0.0,,0,2.0,0.0,0.001358,0.005563,0.301887,4256,318,0.066121,0.000661,0.999,1.5
synth_cable_gland,018,joint,,2.0,0.0,,1,2.0,0.0,0.001358,0.005216,0.339623,4256,318,0.066121,0.000661,0.999,1.5
synth_cable_gland,018,joint,,2.0,0.0,,2,2.0,0.0,0.001358,0.003477,0.36478,4256,318,0.066121,0.000661,0.999,1.5
synth_cable_gland,018,joint,,2.0,0.005,,0,2.0,0.005,0.001358,0.003477,0.22327,4256,318,0.066121,0.000661,0.999,1.5
synth_cable_gland,018,joint,,2.0,0.005,,1,2.0,0.005,0.001358,0.008693,0.402516,4256,318,0.066121,0.000661,0.999,1.5
synth_cable_gland,018,joint,,2.0,0.005,,2,2.0,0.005,0.001358,0.001043,0.311321,4256,318,0.066121,0.000661,0.999,1.5
synth_cable_gland,018,joint,,2.0,0.01,,0,2.0,0.01,0.001358,0.021558,0.22956,4256,318,0.066121,0.000661,0.999,1.5
synth_cable_gland,018,joint,,2.0,0.01,,1,2.0,0.01,0.001358,0.004868,0.305031,4256,318,0.066121,0.000661,0.999,1.5
synth_cable_gland,018,joint,,2.0,0.01,,2,2.0,0.01,0.001358,0.005911,0.226415,4256,318,0.066121,0.000661,0.999,1.5
synth_cable_gland,018,joint,,2.0,0.02,,0,2.0,0.02,0.001358,0.024687,0.477987,4256,318,0.066121,0.000661,0.999,1.5
synth_cable_gland,018,joint,,2.0,0.02,,1,2.0,0.02,0.001358,0.039638,0.644654,4256,318,0.066121,0.000661,0.999,1.5
synth_cable_gland,018,joint,,2.0,0.02,,2,2.0,0.02,0.001358,0.149861,0.144654,4256,318,0.066121,0.000661,0.999,1.5
synth_cable_gland,018,joint,,2.0,0.04,,0,2.0,0.04,0.001358,0.8863,0.493711,4256,318,0.066121,0.000661,0.999,1.5
synth_cable_gland,018,joint,,2.0,0.04,,1,2.0,0.04,0.001358,0.363004,0.742138,4256,318,0.066121,0.000661,0.999,1.5
synth_cable_gland,018,joint,,2.0,0.04,,2,2.0,0.04,0.001358,0.242003,0.150943,4256,318,0.066121,0.000661,0.999,1.5
synth_cable_gland,018,joint,,4.0,0.0,,0,4.0,0.0,0.001358,0.040334,0.194969,4256,318,0.066121,0.000661,0.999,1.5
synth_cable_gland,018,joint,,4.0,0.0,,1,4.0,0.0,0.001358,0.030946,0.204403,4256,318,0.066121,0.000661,0.999,1.5
synth_cable_gland,018,joint,,4.0,0.0,,2,4.0,0.0,0.001358,0.014256,0.301887,4256,318,0.066121,0.000661,0.999,1.5
synth_cable_gland,018,joint,,4.0,0.005,,0,4.0,0.005,0.001358,0.006259,0.216981,4256,318,0.066121,0.000661,0.999,1.5
synth_cable_gland,018,joint,,4.0,0.005,,1,4.0,0.005,0.001358,0.022601,0.204403,4256,318,0.066121,0.000661,0.999,1.5
synth_cable_gland,018,joint,,4.0,0.005,,2,4.0,0.005,0.001358,0.01217,0.31761,4256,318,0.066121,0.000661,0.999,1.5
synth_cable_gland,018,joint,,4.0,0.01,,0,4.0,0.01,0.001358,0.066412,0.471698,4256,318,0.066121,0.000661,0.999,1.5
synth_cable_gland,018,joint,,4.0,0.01,,1,4.0,0.01,0.001358,0.023992,0.22327,4256,318,0.066121,0.000661,0.999,1.5
synth_cable_gland,018,joint,,4.0,0.01,,2,4.0,0.01,0.001358,0.15299,0.292453,4256,318,0.066121,0.000661,0.999,1.5
synth_cable_gland,018,joint,,4.0,0.02,,0,4.0,0.02,0.001358,0.465577,0.367925,4256,318,0.066121,0.000661,0.999,1.5
synth_cable_gland,018,joint,,4.0,0.02,,1,4.0,0.02,0.001358,0.187413,0.474843,4256,318,0.066121,0.000661,0.999,1.5
synth_cable_gland,018,joint,,4.0,0.02,,2,4.0,0.02,0.001358,0.370306,0.248428,4256,318,0.066121,0.000661,0.999,1.5
synth_cable_gland,018,joint,,4.0,0.04,,0,4.0,0.04,0.001358,0.624131,0.396226,4256,318,0.066121,0.000661,0.999,1.5
synth_cable_gland,018,joint,,4.0,0.04,,1,4.0,0.04,0.001358,0.873783,0.525157,4256,318,0.066121,0.000661,0.999,1.5
synth_cable_gland,018,joint,,4.0,0.04,,2,4.0,0.04,0.001358,0.399861,0.937107,4256,318,0.066121,0.000661,0.999,1.5
synth_cable_gland,018,joint,,8.0,0.0,,0,8.0,0.0,0.001358,0.30007,0.622642,4256,318,0.066121,0.000661,0.999,1.5
synth_cable_gland,018,joint,,8.0,0.0,,1,8.0,0.0,0.001358,0.23331,0.569182,4256,318,0.066121,0.000661,0.999,1.5
synth_cable_gland,018,joint,,8.0,0.0,,2,8.0,0.0,0.001358,0.294159,0.204403,4256,318,0.066121,0.000661,0.999,1.5
synth_cable_gland,018,joint,,8.0,0.005,,0,8.0,0.005,0.001358,0.305633,0.531447,4256,318,0.066121,0.000661,0.999,1.5
synth_cable_gland,018,joint,,8.0,0.005,,1,8.0,0.005,0.001358,0.186718,0.474843,4256,318,0.066121,0.000661,0.999,1.5
synth_cable_gland,018,joint,,8.0,0.005,,2,8.0,0.005,0.001358,0.120654,0.493711,4256,318,0.066121,0.000661,0.999,1.5
synth_cable_gland,018,joint,,8.0,0.01,,0,8.0,0.01,0.001358,0.170028,0.562893,4256,318,0.066121,0.000661,0.999,1.5
synth_cable_gland,018,joint,,8.0,0.01,,1,8.0,0.01,0.001358,0.366829,0.201258,4256,318,0.066121,0.000661,0.999,1.5
synth_cable_gland,018,joint,,8.0,0.01,,2,8.0,0.01,0.001358,0.341446,0.235849,4256,318,0.066121,0.000661,0.999,1.5
synth_cable_gland,018,joint,,8.0,0.02,,0,8.0,0.02,0.001358,0.336231,0.437107,4256,318,0.066121,0.000661,0.999,1.5
synth_cable_gland,018,joint,,8.0,0.02,,1,8.0,0.02,0.001358,0.287552,0.235849,4256,318,0.066121,0.000661,0.999,1.5
synth_cable_gland,018,joint,,8.0,0.02,,2,8.0,0.02,0.001358,0.297983,0.308176,4256,318,0.066121,0.000661,0.999,1.5
synth_cable_gland,018,joint,,8.0,0.04,,0,8.0,0.04,0.001358,0.414812,0.694969,4256,318,0.066121,0.000661,0.999,1.5
synth_cable_gland,018,joint,,8.0,0.04,,1,8.0,0.04,0.001358,0.609875,0.836478,4256,318,0.066121,0.000661,0.999,1.5
synth_cable_gland,018,joint,,8.0,0.04,,2,8.0,0.04,0.001358,0.579277,0.613208,4256,318,0.066121,0.000661,0.999,1.5
synth_cable_gland,019,joint,,0.0,0.0,,0,0.0,0.0,0.001358,0.002282,0.378238,4256,193,0.066121,0.000661,0.999,1.5
synth_cable_gland,019,joint,,0.0,0.0,,1,0.0,0.0,0.001358,0.002282,0.378238,4256,193,0.066121,0.000661,0.999,1.5
synth_cable_gland,019,joint,,0.0,0.0,,2,0.0,0.0,0.001358,0.002282,0.378238,4256,193,0.066121,0.000661,0.999,1.5
synth_cable_gland,019,joint,,0.0,0.005,,0,0.0,0.005,0.001358,0.000652,0.357513,4256,193,0.066121,0.000661,0.999,1.5
synth_cable_gland,019,joint,,0.0,0.005,,1,0.0,0.005,0.001358,0.00163,0.430052,4256,193,0.066121,0.000661,0.999,1.5
synth_cable_gland,019,joint,,0.0,0.005,,2,0.0,0.005,0.001358,0.002282,0.42487,4256,193,0.066121,0.000661,0.999,1.5
synth_cable_gland,019,joint,,0.0,0.01,,0,0.0,0.01,0.001358,0.003913,0.357513,4256,193,0.066121,0.000661,0.999,1.5
synth_cable_gland,019,joint,,0.0,0.01,,1,0.0,0.01,0.001358,0.003587,0.34715,4256,193,0.066121,0.000661,0.999,1.5
synth_cable_gland,019,joint,,0.0,0.01,,2,0.0,0.01,0.001358,0.002608,0.326425,4256,193,0.066121,0.000661,0.999,1.5
synth_cable_gland,019,joint,,0.0,0.02,,0,0.0,0.02,0.001358,0.115748,0.15544,4256,193,0.066121,0.000661,0.999,1.5
synth_cable_gland,019,joint,,0.0,0.02,,1,0.0,0.02,0.001358,0.115096,0.637306,4256,193,0.066121,0.000661,0.999,1.5
synth_cable_gland,019,joint,,0.0,0.02,,2,0.0,0.02,0.001358,0.117705,0.492228,4256,193,0.066121,0.000661,0.999,1.5
synth_cable_gland,019,joint,,0.0,0.04,,0,0.0,0.04,0.001358,0.484839,0.466321,4256,193,0.066121,0.000661,0.999,1.5
synth_cable_gland,019,joint,,0.0,0.04,,1,0.0,0.04,0.001358,0.538963,0.471503,4256,193,0.066121,0.000661,0.999,1.5
synth_cable_gland,019,joint,,0.0,0.04,,2,0.0,0.04,0.001358,0.48386,0.326425,4256,193,0.066121,0.000661,0.999,1.5
synth_cable_gland,019,joint,,1.0,0.0,,0,1.0,0.0,0.001358,0.00163,0.393782,4256,193,0.066121,0.000661,0.999,1.5
synth_cable_gland,019,joint,,1.0,0.0,,1,1.0,0.0,0.001358,0.002282,0.352332,4256,193,0.066121,0.000661,0.999,1.5
synth_cable_gland,019,joint,,1.0,0.0,,2,1.0,0.0,0.001358,0.002282,0.362694,4256,193,0.066121,0.000661,0.999,1.5
synth_cable_gland,019,joint,,1.0,0.005,,0,1.0,0.005,0.001358,0.002608,0.341969,4256,193,0.066121,0.000661,0.999,1.5
synth_cable_gland,019,joint,,1.0,0.005,,1,1.0,0.005,0.001358,0.001956,0.378238,4256,193,0.066121,0.000661,0.999,1.5
synth_cable_gland,019,joint,,1.0,0.005,,2,1.0,0.005,0.001358,0.001304,0.362694,4256,193,0.066121,0.000661,0.999,1.5
synth_cable_gland,019,joint,,1.0,0.01,,0,1.0,0.01,0.001358,0.004239,0.388601,4256,193,0.066121,0.000661,0.999,1.5
synth_cable_gland,019,joint,,1.0,0.01,,1,1.0,0.01,0.001358,0.002282,0.253886,4256,193,0.066121,0.000661,0.999,1.5
synth_cable_gland,019,joint,,1.0,0.01,,2,1.0,0.01,0.001358,0.002608,0.398964,4256,193,0.066121,0.000661,0.999,1.5
synth_cable_gland,019,joint,,1.0,0.02,,0,1.0,0.02,0.001358,0.025758,0.119171,4256,193,0.066121,0.000661,0.999,1.5
synth_cable_gland,019,joint,,1.0,0.02,,1,1.0,0.02,0.001358,0.111184,0.238342,4256,193,0.066121,0.000661,0.999,1.5
synth_cable_gland,019,joint,,1.0,0.02,,2,1.0,0.02,0.001358,0.147701,0.362694,4256,193,0.066121,0.000661,0.999,1.5
synth_cable_gland,019,joint,,1.0,0.04,,0,1.0,0.04,0.001358,0.845452,0.797927,4256,193,0.066121,0.000661,0.999,1.5
synth_cable_gland,019,joint,,1.0,0.04,,1,1.0,0.04,0.001358,0.442452,0.507772,4256,193,0.066121,0.000661,0.999,1.5
synth_cable_gland,019,joint,,1.0,0.04,,2,1.0,0.04,0.001358,0.714053,0.626943,4256,193,0.066121,0.000661,0.999,1.5
synth_cable_gland,019,joint,,2.0,0.0,,0,2.0,0.0,0.001358,0.002934,0.419689,4256,193,0.066121,0.000661,0.999,1.5
synth_cable_gland,019,joint,,2.0,0.0,,1,2.0,0.0,0.001358,0.001956,0.430052,4256,193,0.066121,0.000661,0.999,1.5
synth_cable_gland,019,joint,,2.0,0.0,,2,2.0,0.0,0.001358,0.000978,0.336788,4256,193,0.066121,0.000661,0.999,1.5
synth_cable_gland,019,joint,,2.0,0.005,,0,2.0,0.005,0.001358,0.004239,0.476684,4256,193,0.066121,0.000661,0.999,1.5
synth_cable_gland,019,joint,,2.0,0.005,,1,2.0,0.005,0.001358,0.002608,0.341969,4256,193,0.066121,0.000661,0.999,1.5
synth_cable_gland,019,joint,,2.0,0.005,,2,2.0,0.005,0.001358,0.003587,0.450777,4256,193,0.066121,0.000661,0.999,1.5
synth_cable_gland,019,joint,,2.0,0.01,,0,2.0,0.01,0.001358,0.002608,0.331606,4256,193,0.066121,0.000661,0.999,1.5
synth_cable_gland,019,joint,,2.0,0.01,,1,2.0,0.01,0.001358,0.009782,0.445596,4256,193,0.066121,0.000661,0.999,1.5
synth_cable_gland,019,joint,,2.0,0.01,,2,2.0,0.01,0.001358,0.002934,0.34715,4256,193,0.066121,0.000661,0.999,1.5
synth_cable_gland,019,joint,,2.0,0.02,,0,2.0,0.02,0.001358,0.118683,0.590674,4256,193,0.066121,0.000661,0.999,1.5
synth_cable_gland,019,joint,,2.0,0.02,,1,2.0,0.02,0.001358,0.062276,0.290155,4256,193,0.066121,0.000661,0.999,1.5
synth_cable_gland,019,joint,,2.0,0.02,,2,2.0,0.02,0.001358,0.026084,0.279793,4256,193,0.066121,0.000661,0.999,1.5
synth_cable_gland,019,joint,,2.0,0.04,,0,2.0,0.04,0.001358,0.473753,0.689119,4256,193,0.066121,0.000661,0.999,1.5
synth_cable_gland,019,joint,,2.0,0.04,,1,2.0,0.04,0.001358,0.524291,0.932642,4256,193,0.066121,0.000661,0.999,1.5
synth_cable_gland,019,joint,,2.0,0.04,,2,2.0,0.04,0.001358,0.542876,0.642487,4256,193,0.066121,0.000661,0.999,1.5
synth_cable_gland,019,joint,,4.0,0.0,,0,4.0,0.0,0.001358,0.055103,0.264249,4256,193,0.066121,0.000661,0.999,1.5
synth_cable_gland,019,joint,,4.0,0.0,,1,4.0,0.0,0.001358,0.036518,0.196891,4256,193,0.066121,0.000661,0.999,1.5
synth_cable_gland,019,joint,,4.0,0.0,,2,4.0,0.0,0.001358,0.055429,0.274611,4256,193,0.066121,0.000661,0.999,1.5
synth_cable_gland,019,joint,,4.0,0.005,,0,4.0,0.005,0.001358,0.017607,0.554404,4256,193,0.066121,0.000661,0.999,1.5
synth_cable_gland,019,joint,,4.0,0.005,,1,4.0,0.005,0.001358,0.013042,0.326425,4256,193,0.066121,0.000661,0.999,1.5
synth_cable_gland,019,joint,,4.0,0.005,,2,4.0,0.005,0.001358,0.013694,0.419689,4256,193,0.066121,0.000661,0.999,1.5
synth_cable_gland,019,joint,,4.0,0.01,,0,4.0,0.01,0.001358,0.009129,0.476684,4256,193,0.066121,0.000661,0.999,1.5
synth_cable_gland,019,joint,,4.0,0.01,,1,4.0,0.01,0.001358,0.022172,0.290155,4256,193,0.066121,0.000661,0.999,1.5
synth_cable_gland,019,joint,,4.0,0.01,,2,4.0,0.01,0.001358,0.016955,0.186528,4256,193,0.066121,0.000661,0.999,1.5
synth_cable_gland,019,joint,,4.0,0.02,,0,4.0,0.02,0.001358,0.07434,0.352332,4256,193,0.066121,0.000661,0.999,1.5
synth_cable_gland,019,joint,,4.0,0.02,,1,4.0,0.02,0.001358,0.266058,0.26943,4256,193,0.066121,0.000661,0.999,1.5
synth_cable_gland,019,joint,,4.0,0.02,,2,4.0,0.02,0.001358,0.060972,0.207254,4256,193,0.066121,0.000661,0.999,1.5
synth_cable_gland,019,joint,,4.0,0.04,,0,4.0,0.04,0.001358,0.504728,0.663212,4256,193,0.066121,0.000661,0.999,1.5
synth_cable_gland,019,joint,,4.0,0.04,,1,4.0,0.04,0.001358,0.381806,0.26943,4256,193,0.066121,0.000661,0.999,1.5
synth_cable_gland,019,joint,,4.0,0.04,,2,4.0,0.04,0.001358,0.451581,0.818653,4256,193,0.066121,0.000661,0.999,1.5
synth_cable_gland,019,joint,,8.0,0.0,,0,8.0,0.0,0.001358,0.238018,0.388601,4256,193,0.066121,0.000661,0.999,1.5
synth_cable_gland,019,joint,,8.0,0.0,,1,8.0,0.0,0.001358,0.259211,0.445596,4256,193,0.066121,0.000661,0.999,1.5
synth_cable_gland,019,joint,,8.0,0.0,,2,8.0,0.0,0.001358,0.17672,0.336788,4256,193,0.066121,0.000661,0.999,1.5
synth_cable_gland,019,joint,,8.0,0.005,,0,8.0,0.005,0.001358,0.092599,0.388601,4256,193,0.066121,0.000661,0.999,1.5
synth_cable_gland,019,joint,,8.0,0.005,,1,8.0,0.005,0.001358,0.160091,0.217617,4256,193,0.066121,0.000661,0.999,1.5
synth_cable_gland,019,joint,,8.0,0.005,,2,8.0,0.005,0.001358,0.108249,0.445596,4256,193,0.066121,0.000661,0.999,1.5
synth_cable_gland,019,joint,,8.0,0.01,,0,8.0,0.01,0.001358,0.246495,0.715026,4256,193,0.066121,0.000661,0.999,1.5
synth_cable_gland,019,joint,,8.0,0.01,,1,8.0,0.01,0.001358,0.402674,0.803109,4256,193,0.066121,0.000661,0.999,1.5
synth_cable_gland,019,joint,,8.0,0.01,,2,8.0,0.01,0.001358,0.159113,0.46114,4256,193,0.066121,0.000661,0.999,1.5
synth_cable_gland,019,joint,,8.0,0.02,,0,8.0,0.02,0.001358,0.444408,0.264249,4256,193,0.066121,0.000661,0.999,1.5
synth_cable_gland,019,joint,,8.0,0.02,,1,8.0,0.02,0.001358,0.556244,0.352332,4256,193,0.066121,0.000661,0.999,1.5
synth_cable_gland,019,joint,,8.0,0.02,,2,8.0,0.02,0.001358,0.314314,0.222798,4256,193,0.066121,0.000661,0.999,1.5
synth_cable_gland,019,joint,,8.0,0.04,,0,8.0,0.04,0.001358,0.597652,0.497409,4256,193,0.066121,0.000661,0.999,1.5
synth_cable_gland,019,joint,,8.0,0.04,,1,8.0,0.04,0.001358,0.851973,0.248705,4256,193,0.066121,0.000661,0.999,1.5
synth_cable_gland,019,joint,,8.0,0.04,,2,8.0,0.04,0.001358,0.523313,0.533679,4256,193,0.066121,0.000661,0.999,1.5
synth_cable_gland,000,registered,,,,icp_pt2pt,0,26.3005,0.137674,0.001358,0.568466,0.668712,4256,326,0.066121,0.000661,0.999,1.5
synth_cable_gland,001,registered,,,,icp_pt2pt,0,21.8271,0.084544,0.001358,0.164776,0.234672,4256,473,0.066121,0.000661,0.999,1.5
synth_cable_gland,002,registered,,,,icp_pt2pt,0,4.385,0.017286,0.001358,0.024465,0.188341,4256,446,0.066121,0.000661,0.999,1.5
synth_cable_gland,003,registered,,,,icp_pt2pt,0,22.8643,0.104225,0.001358,0.685967,0.353933,4256,356,0.066121,0.000661,0.999,1.5
synth_cable_gland,004,registered,,,,icp_pt2pt,0,37.6952,0.161304,0.001358,0.526376,0.924138,4256,290,0.066121,0.000661,0.999,1.5
synth_cable_gland,005,registered,,,,icp_pt2pt,0,1.6431,0.006042,0.001358,0.001287,0.268398,4256,231,0.066121,0.000661,0.999,1.5
synth_cable_gland,006,registered,,,,icp_pt2pt,0,21.6475,0.207133,0.001358,0.55012,0.982196,4256,337,0.066121,0.000661,0.999,1.5
synth_cable_gland,007,registered,,,,icp_pt2pt,0,23.0664,0.068827,0.001358,0.619378,0.682243,4256,321,0.066121,0.000661,0.999,1.5
synth_cable_gland,008,registered,,,,icp_pt2pt,0,44.6645,0.150793,0.001358,0.359862,0.666667,4256,348,0.066121,0.000661,0.999,1.5
synth_cable_gland,009,registered,,,,icp_pt2pt,0,42.5484,0.182249,0.001358,0.421216,0.863014,4256,365,0.066121,0.000661,0.999,1.5
synth_cable_gland,010,registered,,,,icp_pt2pt,0,166.6944,0.48611,0.001358,0.895537,1.0,4256,229,0.066121,0.000661,0.999,1.5
synth_cable_gland,011,registered,,,,icp_pt2pt,0,27.8151,0.095254,0.001358,0.105766,0.33711,4256,353,0.066121,0.000661,0.999,1.5
synth_cable_gland,012,registered,,,,icp_pt2pt,0,17.6399,0.156283,0.001358,0.680124,0.304802,4256,479,0.066121,0.000661,0.999,1.5
synth_cable_gland,013,registered,,,,icp_pt2pt,0,6.0189,0.023464,0.001358,0.024399,0.222222,4256,315,0.066121,0.000661,0.999,1.5
synth_cable_gland,014,registered,,,,icp_pt2pt,0,1.8884,0.021908,0.001358,0.115636,0.278481,4256,316,0.066121,0.000661,0.999,1.5
synth_cable_gland,015,registered,,,,icp_pt2pt,0,24.6496,0.212985,0.001358,1.0,1.0,4256,333,0.066121,0.000661,0.999,1.5
synth_cable_gland,016,registered,,,,icp_pt2pt,0,31.1895,0.054237,0.001358,0.588308,0.830645,4256,372,0.066121,0.000661,0.999,1.5
synth_cable_gland,017,registered,,,,icp_pt2pt,0,8.7597,0.018798,0.001358,0.105497,0.824324,4256,148,0.066121,0.000661,0.999,1.5
synth_cable_gland,018,registered,,,,icp_pt2pt,0,27.1641,0.191078,0.001358,0.48331,0.918239,4256,318,0.066121,0.000661,0.999,1.5
synth_cable_gland,019,registered,,,,icp_pt2pt,0,40.2028,0.229631,0.001358,0.799478,0.901554,4256,193,0.066121,0.000661,0.999,1.5
synth_cable_gland,000,registered,,,,icp_pt2pl,0,58.1509,0.204239,0.001358,0.265964,0.993865,4256,326,0.066121,0.000661,0.999,1.5
synth_cable_gland,001,registered,,,,icp_pt2pl,0,0.0659,0.00107,0.001358,0.001973,0.215645,4256,473,0.066121,0.000661,0.999,1.5
synth_cable_gland,002,registered,,,,icp_pt2pl,0,0.2381,0.000611,0.001358,0.002548,0.201794,4256,446,0.066121,0.000661,0.999,1.5
synth_cable_gland,003,registered,,,,icp_pt2pl,0,0.2758,0.001197,0.001358,0.00201,0.280899,4256,356,0.066121,0.000661,0.999,1.5
synth_cable_gland,004,registered,,,,icp_pt2pl,0,59.53,0.206975,0.001358,0.103211,1.0,4256,290,0.066121,0.000661,0.999,1.5
synth_cable_gland,005,registered,,,,icp_pt2pl,0,0.2002,0.000351,0.001358,0.000643,0.25974,4256,231,0.066121,0.000661,0.999,1.5
synth_cable_gland,006,registered,,,,icp_pt2pl,0,24.3331,0.247443,0.001358,0.54533,1.0,4256,337,0.066121,0.000661,0.999,1.5
synth_cable_gland,007,registered,,,,icp_pt2pl,0,21.5441,0.150427,0.001358,0.363095,0.750779,4256,321,0.066121,0.000661,0.999,1.5
synth_cable_gland,008,registered,,,,icp_pt2pl,0,59.2058,0.208318,0.001358,0.425173,0.75,4256,348,0.066121,0.000661,0.999,1.5
synth_cable_gland,009,registered,,,,icp_pt2pl,0,58.9476,0.205288,0.001358,0.457153,0.252055,4256,365,0.066121,0.000661,0.999,1.5
synth_cable_gland,010,registered,,,,icp_pt2pl,0,40.646,0.171991,0.001358,0.443306,1.0,4256,229,0.066121,0.000661,0.999,1.5
synth_cable_gland,011,registered,,,,icp_pt2pl,0,0.3196,0.001188,0.001358,0.000354,0.15864,4256,353,0.066121,0.000661,0.999,1.5
synth_cable_gland,012,registered,,,,icp_pt2pl,0,0.2369,0.001284,0.001358,0.00207,0.204593,4256,479,0.066121,0.000661,0.999,1.5
synth_cable_gland,013,registered,,,,icp_pt2pl,0,0.1534,0.001075,0.001358,0.002512,0.219048,4256,315,0.066121,0.000661,0.999,1.5
synth_cable_gland,014,registered,,,,icp_pt2pl,0,0.4125,0.001275,0.001358,0.001091,0.275316,4256,316,0.066121,0.000661,0.999,1.5
synth_cable_gland,015,registered,,,,icp_pt2pl,0,24.6496,0.212985,0.001358,1.0,1.0,4256,333,0.066121,0.000661,0.999,1.5
synth_cable_gland,016,registered,,,,icp_pt2pl,0,0.0959,0.000393,0.001358,0.00247,0.284946,4256,372,0.066121,0.000661,0.999,1.5
synth_cable_gland,017,registered,,,,icp_pt2pl,0,0.1379,0.000778,0.001358,0.001589,0.277027,4256,148,0.066121,0.000661,0.999,1.5
synth_cable_gland,018,registered,,,,icp_pt2pl,0,5.1567,0.018351,0.001358,0.001739,0.311321,4256,318,0.066121,0.000661,0.999,1.5
synth_cable_gland,019,registered,,,,icp_pt2pl,0,61.0962,0.213325,0.001358,0.359635,0.336788,4256,193,0.066121,0.000661,0.999,1.5
synth_cable_gland,000,registered,,,,fpfh_ransac,0,0.4617,0.000666,0.001358,0.001975,0.279141,4256,326,0.066121,0.000661,0.999,1.5
synth_cable_gland,001,registered,,,,fpfh_ransac,0,0.0563,0.00106,0.001358,0.001973,0.217759,4256,473,0.066121,0.000661,0.999,1.5
synth_cable_gland,002,registered,,,,fpfh_ransac,0,0.227,0.000646,0.001358,0.002548,0.201794,4256,446,0.066121,0.000661,0.999,1.5
synth_cable_gland,003,registered,,,,fpfh_ransac,0,178.6647,0.295584,0.001358,0.351427,1.0,4256,356,0.066121,0.000661,0.999,1.5
synth_cable_gland,004,registered,,,,fpfh_ransac,0,0.3388,0.000575,0.001358,0.000382,0.289655,4256,290,0.066121,0.000661,0.999,1.5
synth_cable_gland,005,registered,,,,fpfh_ransac,0,0.2019,0.00035,0.001358,0.000643,0.25974,4256,231,0.066121,0.000661,0.999,1.5
synth_cable_gland,006,registered,,,,fpfh_ransac,0,0.2586,0.000799,0.001358,0.0,0.25816,4256,337,0.066121,0.000661,0.999,1.5
synth_cable_gland,007,registered,,,,fpfh_ransac,0,0.2734,0.000615,0.001358,0.000661,0.23053,4256,321,0.066121,0.000661,0.999,1.5
synth_cable_gland,008,registered,,,,fpfh_ransac,0,0.4443,0.001777,0.001358,0.001298,0.206897,4256,348,0.066121,0.000661,0.999,1.5
synth_cable_gland,009,registered,,,,fpfh_ransac,0,0.3794,0.001559,0.001358,0.002764,0.238356,4256,365,0.066121,0.000661,0.999,1.5
synth_cable_gland,010,registered,,,,fpfh_ransac,0,0.1604,0.000488,0.001358,0.001653,0.244541,4256,229,0.066121,0.000661,0.999,1.5
synth_cable_gland,011,registered,,,,fpfh_ransac,0,0.3218,0.0012,0.001358,0.000354,0.15864,4256,353,0.066121,0.000661,0.999,1.5
synth_cable_gland,012,registered,,,,fpfh_ransac,0,0.2691,0.001289,0.001358,0.00207,0.202505,4256,479,0.066121,0.000661,0.999,1.5
synth_cable_gland,013,registered,,,,fpfh_ransac,0,0.1638,0.001092,0.001358,0.002512,0.219048,4256,315,0.066121,0.000661,0.999,1.5
synth_cable_gland,014,registered,,,,fpfh_ransac,0,0.4164,0.00129,0.001358,0.001091,0.275316,4256,316,0.066121,0.000661,0.999,1.5
synth_cable_gland,015,registered,,,,fpfh_ransac,0,0.4573,0.002555,0.001358,0.002219,0.252252,4256,333,0.066121,0.000661,0.999,1.5
synth_cable_gland,016,registered,,,,fpfh_ransac,0,0.0907,0.000293,0.001358,0.00247,0.284946,4256,372,0.066121,0.000661,0.999,1.5
synth_cable_gland,017,registered,,,,fpfh_ransac,0,0.1379,0.000782,0.001358,0.001589,0.277027,4256,148,0.066121,0.000661,0.999,1.5
synth_cable_gland,018,registered,,,,fpfh_ransac,0,0.1526,0.000206,0.001358,0.002782,0.264151,4256,318,0.066121,0.000661,0.999,1.5
synth_cable_gland,019,registered,,,,fpfh_ransac,0,0.1092,0.000892,0.001358,0.002282,0.367876,4256,193,0.066121,0.000661,0.999,1.5
synth_cable_gland,000,registered,,,,fgr,0,0.4527,0.000651,0.001358,0.001975,0.279141,4256,326,0.066121,0.000661,0.999,1.5
synth_cable_gland,001,registered,,,,fgr,0,0.0548,0.001074,0.001358,0.001973,0.217759,4256,473,0.066121,0.000661,0.999,1.5
synth_cable_gland,002,registered,,,,fgr,0,0.246,0.000659,0.001358,0.002548,0.201794,4256,446,0.066121,0.000661,0.999,1.5
synth_cable_gland,003,registered,,,,fgr,0,0.25,0.001093,0.001358,0.00201,0.280899,4256,356,0.066121,0.000661,0.999,1.5
synth_cable_gland,004,registered,,,,fgr,0,0.3369,0.000576,0.001358,0.000382,0.289655,4256,290,0.066121,0.000661,0.999,1.5
synth_cable_gland,005,registered,,,,fgr,0,0.2045,0.000357,0.001358,0.000643,0.25974,4256,231,0.066121,0.000661,0.999,1.5
synth_cable_gland,006,registered,,,,fgr,0,0.2588,0.000783,0.001358,0.0,0.25816,4256,337,0.066121,0.000661,0.999,1.5
synth_cable_gland,007,registered,,,,fgr,0,0.2687,0.000594,0.001358,0.000661,0.23053,4256,321,0.066121,0.000661,0.999,1.5
synth_cable_gland,008,registered,,,,fgr,0,0.4443,0.001782,0.001358,0.001298,0.206897,4256,348,0.066121,0.000661,0.999,1.5
synth_cable_gland,009,registered,,,,fgr,0,0.3512,0.00141,0.001358,0.002764,0.238356,4256,365,0.066121,0.000661,0.999,1.5
synth_cable_gland,010,registered,,,,fgr,0,0.1638,0.000462,0.001358,0.001653,0.244541,4256,229,0.066121,0.000661,0.999,1.5
synth_cable_gland,011,registered,,,,fgr,0,0.321,0.001185,0.001358,0.000354,0.15864,4256,353,0.066121,0.000661,0.999,1.5
synth_cable_gland,012,registered,,,,fgr,0,0.2703,0.001297,0.001358,0.00207,0.202505,4256,479,0.066121,0.000661,0.999,1.5
synth_cable_gland,013,registered,,,,fgr,0,0.1586,0.001078,0.001358,0.002512,0.219048,4256,315,0.066121,0.000661,0.999,1.5
synth_cable_gland,014,registered,,,,fgr,0,0.4149,0.001273,0.001358,0.001091,0.275316,4256,316,0.066121,0.000661,0.999,1.5
synth_cable_gland,015,registered,,,,fgr,0,0.4553,0.002551,0.001358,0.002219,0.252252,4256,333,0.066121,0.000661,0.999,1.5
synth_cable_gland,016,registered,,,,fgr,0,0.0899,0.000299,0.001358,0.00247,0.284946,4256,372,0.066121,0.000661,0.999,1.5
synth_cable_gland,017,registered,,,,fgr,0,0.1331,0.000743,0.001358,0.001271,0.277027,4256,148,0.066121,0.000661,0.999,1.5
synth_cable_gland,018,registered,,,,fgr,0,0.1555,0.000186,0.001358,0.002782,0.264151,4256,318,0.066121,0.000661,0.999,1.5
synth_cable_gland,019,registered,,,,fgr,0,0.1013,0.000878,0.001358,0.002282,0.367876,4256,193,0.066121,0.000661,0.999,1.5
