method,severity,trial,rre_deg,rte,success,time_s,fitness,inlier_rmse,n_inliers,template,d,voxel,n_target,n_source,n_trials,cpu
icp_pt2pt,easy,0,0.013501618799955211,5.33867039227214e-05,True,0.0373,1.0,0.000592,7976,bunny.ply,0.250034,0.0025,10313,10313,50,8x 11th Gen Intel(R) Core(TM) i7-1165G7 @ 2.80GHz
icp_pt2pl,easy,0,0.012755362471657341,1.4233802926165333e-05,True,0.0197,1.0,0.000592,7976,bunny.ply,0.250034,0.0025,10313,10313,50,8x 11th Gen Intel(R) Core(TM) i7-1165G7 @ 2.80GHz
fpfh_ransac,easy,0,0.012710614303483476,1.4396659505527605e-05,True,0.5984,1.0,0.000592,7976,bunny.ply,0.250034,0.0025,10313,10313,50,8x 11th Gen Intel(R) Core(TM) i7-1165G7 @ 2.80GHz
fgr,easy,0,0.013112766063012723,1.5804266591128364e-05,True,0.6988,1.0,0.000592,7976,bunny.ply,0.250034,0.0025,10313,10313,50,8x 11th Gen Intel(R) Core(TM) i7-1165G7 @ 2.80GHz
icp_pt2pt,easy,1,0.00983464551124801,3.860425740447666e-05,True,0.0416,1.0,0.000586,8016,bunny.ply,0.250034,0.0025,10313,10313,50,8x 11th Gen Intel(R) Core(TM) i7-1165G7 @ 2.80GHz
icp_pt2pl,easy,1,0.00903729257915716,2.602501737444848e-05,True,0.0189,1.0,0.000586,8016,bunny.ply,0.250034,0.0025,10313,10313,50,8x 11th Gen Intel(R) Core(TM) i7-1165G7 @ 2.80GHz
fpfh_ransac,easy,1,0.008985026813369438,2.6757314679005745e-05,True,0.5064,1.0,0.000586,8016,bunny.ply,0.250034,0.0025,10313,10313,50,8x 11th Gen Intel(R) Core(TM) i7-1165G7 @ 2.80GHz
fgr,easy,1,0.009078987776332098,2.6430134802312866e-05,True,0.5889,1.0,0.000586,8016,bunny.ply,0.250034,0.0025,10313,10313,50,8x 11th Gen Intel(R) Core(TM) i7-1165G7 @ 2.80GHz
icp_pt2pt,easy,2,0.03052460537859935,0.00010966383446816785,True,0.0459,1.0,0.000585,7995,bunny.ply,0.250034,0.0025,10313,10313,50,8x 11th Gen Intel(R) Core(TM) i7-1165G7 @ 2.80GHz
icp_pt2pl,easy,2,0.016303225411575223,7.26771824593297e-05,True,0.0391,1.0,0.000585,7995,bunny.ply,0.250034,0.0025,10313,10313,50,8x 11th Gen Intel(R) Core(TM) i7-1165G7 @ 2.80GHz
fpfh_ransac,easy,2,0.01641179512356578,7.342134551195546e-05,True,0.5576,1.0,0.000585,7995,bunny.ply,0.250034,0.0025,10313,10313,50,8x 11th Gen Intel(R) Core(TM) i7-1165G7 @ 2.80GHz
fgr,easy,2,0.01644407921641298,7.277427225137317e-05,True,0.5507,1.0,0.000585,7995,bunny.ply,0.250034,0.0025,10313,10313,50,8x 11th Gen Intel(R) Core(TM) i7-1165G7 @ 2.80GHz
icp_pt2pt,easy,3,0.012641032775481,4.871233391549234e-05,True,0.0587,1.0,0.000598,7947,bunny.ply,0.250034,0.0025,10313,10313,50,8x 11th Gen Intel(R) Core(TM) i7-1165G7 @ 2.80GHz
icp_pt2pl,easy,3,0.009875676209573752,2.360439865215173e-05,True,0.04,1.0,0.000599,7947,bunny.ply,0.250034,0.0025,10313,10313,50,8x 11th Gen Intel(R) Core(TM) i7-1165G7 @ 2.80GHz
fpfh_ransac,easy,3,0.009371126117231603,2.4496315186562533e-05,True,0.4388,1.0,0.000599,7947,bunny.ply,0.250034,0.0025,10313,10313,50,8x 11th Gen Intel(R) Core(TM) i7-1165G7 @ 2.80GHz
fgr,easy,3,0.009875307887883973,2.3795777751360532e-05,True,0.5995,1.0,0.000599,7947,bunny.ply,0.250034,0.0025,10313,10313,50,8x 11th Gen Intel(R) Core(TM) i7-1165G7 @ 2.80GHz
icp_pt2pt,easy,4,0.02268054692442479,7.391424759106864e-05,True,0.0107,1.0,0.000581,7999,bunny.ply,0.250034,0.0025,10313,10313,50,8x 11th Gen Intel(R) Core(TM) i7-1165G7 @ 2.80GHz
icp_pt2pl,easy,4,0.01444278676890454,1.607605162674397e-05,True,0.0167,1.0,0.000582,7999,bunny.ply,0.250034,0.0025,10313,10313,50,8x 11th Gen Intel(R) Core(TM) i7-1165G7 @ 2.80GHz
fpfh_ransac,easy,4,0.014519901001847291,1.6612096209736e-05,True,0.4216,1.0,0.000582,7999,bunny.ply,0.250034,0.0025,10313,10313,50,8x 11th Gen Intel(R) Core(TM) i7-1165G7 @ 2.80GHz
fgr,easy,4,0.013988637191493129,1.6346397234191605e-05,True,0.6996,1.0,0.000582,7999,bunny.ply,0.250034,0.0025,10313,10313,50,8x 11th Gen Intel(R) Core(TM) i7-1165G7 @ 2.80GHz
icp_pt2pt,easy,5,0.014540118521221935,6.95052968244749e-05,True,0.0279,1.0,0.000595,7980,bunny.ply,0.250034,0.0025,10313,10313,50,8x 11th Gen Intel(R) Core(TM) i7-1165G7 @ 2.80GHz
icp_pt2pl,easy,5,0.009036163862055828,3.196082617407365e-05,True,0.021,1.0,0.000596,7980,bunny.ply,0.250034,0.0025,10313,10313,50,8x 11th Gen Intel(R) Core(TM) i7-1165G7 @ 2.80GHz
fpfh_ransac,easy,5,0.009834710587099749,3.077176271049715e-05,True,0.4472,1.0,0.000596,7980,bunny.ply,0.250034,0.0025,10313,10313,50,8x 11th Gen Intel(R) Core(TM) i7-1165G7 @ 2.80GHz
fgr,easy,5,0.00894345227404854,3.1476145767529566e-05,True,0.6001,1.0,0.000596,7980,bunny.ply,0.250034,0.0025,10313,10313,50,8x 11th Gen Intel(R) Core(TM) i7-1165G7 @ 2.80GHz
icp_pt2pt,easy,6,0.03507400066500203,4.167777791049888e-05,True,0.0224,1.0,0.000598,7934,bunny.ply,0.250034,0.0025,10313,10313,50,8x 11th Gen Intel(R) Core(TM) i7-1165G7 @ 2.80GHz
icp_pt2pl,easy,6,0.011548234578051314,2.7057429059371008e-05,True,0.0178,1.0,0.000599,7934,bunny.ply,0.250034,0.0025,10313,10313,50,8x 11th Gen Intel(R) Core(TM) i7-1165G7 @ 2.80GHz
fpfh_ransac,easy,6,0.011258116689907444,2.4400161411436412e-05,True,0.42,1.0,0.000599,7934,bunny.ply,0.250034,0.0025,10313,10313,50,8x 11th Gen Intel(R) Core(TM) i7-1165G7 @ 2.80GHz
fgr,easy,6,0.01155392676353413,2.6930867466282733e-05,True,0.5629,1.0,0.000599,7934,bunny.ply,0.250034,0.0025,10313,10313,50,8x 11th Gen Intel(R) Core(TM) i7-1165G7 @ 2.80GHz
icp_pt2pt,easy,7,0.019378312939733525,4.7831158946478866e-05,True,0.0279,1.0,0.000588,8009,bunny.ply,0.250034,0.0025,10313,10313,50,8x 11th Gen Intel(R) Core(TM) i7-1165G7 @ 2.80GHz
icp_pt2pl,easy,7,0.013937382362562332,3.8781597766721844e-05,True,0.0205,1.0,0.000588,8009,bunny.ply,0.250034,0.0025,10313,10313,50,8x 11th Gen Intel(R) Core(TM) i7-1165G7 @ 2.80GHz
fpfh_ransac,easy,7,0.014023122314246699,3.855113551732513e-05,True,0.5395,1.0,0.000588,8009,bunny.ply,0.250034,0.0025,10313,10313,50,8x 11th Gen Intel(R) Core(TM) i7-1165G7 @ 2.80GHz
fgr,easy,7,0.014084568878631413,3.8281998973503306e-05,True,0.5982,1.0,0.000588,8009,bunny.ply,0.250034,0.0025,10313,10313,50,8x 11th Gen Intel(R) Core(TM) i7-1165G7 @ 2.80GHz
icp_pt2pt,easy,8,0.014067837195992592,1.3801311432859406e-05,True,0.0238,1.0,0.000585,8013,bunny.ply,0.250034,0.0025,10313,10313,50,8x 11th Gen Intel(R) Core(TM) i7-1165G7 @ 2.80GHz
icp_pt2pl,easy,8,0.007623816514490754,6.8093235146319346e-06,True,0.0205,1.0,0.000585,8013,bunny.ply,0.250034,0.0025,10313,10313,50,8x 11th Gen Intel(R) Core(TM) i7-1165G7 @ 2.80GHz
fpfh_ransac,easy,8,0.007776724634226351,7.97836468309228e-06,True,0.4492,1.0,0.000585,8013,bunny.ply,0.250034,0.0025,10313,10313,50,8x 11th Gen Intel(R) Core(TM) i7-1165G7 @ 2.80GHz
fgr,easy,8,0.007594557359877342,6.938134195015493e-06,True,0.5981,1.0,0.000585,8013,bunny.ply,0.250034,0.0025,10313,10313,50,8x 11th Gen Intel(R) Core(TM) i7-1165G7 @ 2.80GHz
icp_pt2pt,easy,9,0.013047258774060298,4.001255905155845e-05,True,0.0237,1.0,0.000587,7946,bunny.ply,0.250034,0.0025,10313,10313,50,8x 11th Gen Intel(R) Core(TM) i7-1165G7 @ 2.80GHz
icp_pt2pl,easy,9,0.017880905657448005,1.2176326691889563e-05,True,0.0317,1.0,0.000587,7946,bunny.ply,0.250034,0.0025,10313,10313,50,8x 11th Gen Intel(R) Core(TM) i7-1165G7 @ 2.80GHz
fpfh_ransac,easy,9,0.017751765529822182,1.1714246389552375e-05,True,0.3757,1.0,0.000587,7946,bunny.ply,0.250034,0.0025,10313,10313,50,8x 11th Gen Intel(R) Core(TM) i7-1165G7 @ 2.80GHz
fgr,easy,9,0.01735499775318147,1.2229812250960184e-05,True,0.5889,1.0,0.000587,7946,bunny.ply,0.250034,0.0025,10313,10313,50,8x 11th Gen Intel(R) Core(TM) i7-1165G7 @ 2.80GHz
icp_pt2pt,easy,10,0.016747822591973306,6.044573284587983e-05,True,0.1197,1.0,0.000595,7971,bunny.ply,0.250034,0.0025,10313,10313,50,8x 11th Gen Intel(R) Core(TM) i7-1165G7 @ 2.80GHz
icp_pt2pl,easy,10,0.01013783879152724,1.2458842881595313e-05,True,0.0912,1.0,0.000595,7971,bunny.ply,0.250034,0.0025,10313,10313,50,8x 11th Gen Intel(R) Core(TM) i7-1165G7 @ 2.80GHz
fpfh_ransac,easy,10,0.009990402702227178,1.630720448155879e-05,True,0.4703,1.0,0.000595,7971,bunny.ply,0.250034,0.0025,10313,10313,50,8x 11th Gen Intel(R) Core(TM) i7-1165G7 @ 2.80GHz
fgr,easy,10,0.00879305835452984,1.595076299439739e-05,True,0.6633,1.0,0.000595,7971,bunny.ply,0.250034,0.0025,10313,10313,50,8x 11th Gen Intel(R) Core(TM) i7-1165G7 @ 2.80GHz
icp_pt2pt,easy,11,0.03194655053406205,3.829275902000774e-05,True,0.0217,1.0,0.000591,8021,bunny.ply,0.250034,0.0025,10313,10313,50,8x 11th Gen Intel(R) Core(TM) i7-1165G7 @ 2.80GHz
icp_pt2pl,easy,11,0.016843414036038114,1.6763830301874583e-05,True,0.0178,1.0,0.000591,8021,bunny.ply,0.250034,0.0025,10313,10313,50,8x 11th Gen Intel(R) Core(TM) i7-1165G7 @ 2.80GHz
fpfh_ransac,easy,11,0.016359359026996322,1.6493853771518042e-05,True,0.4485,1.0,0.000591,8021,bunny.ply,0.250034,0.0025,10313,10313,50,8x 11th Gen Intel(R) Core(TM) i7-1165G7 @ 2.80GHz
fgr,easy,11,0.016514174141738308,1.6549550106162595e-05,True,0.5609,1.0,0.000591,8021,bunny.ply,0.250034,0.0025,10313,10313,50,8x 11th Gen Intel(R) Core(TM) i7-1165G7 @ 2.80GHz
icp_pt2pt,easy,12,0.02196444579014137,3.10160991768714e-05,True,0.0363,1.0,0.000584,8004,bunny.ply,0.250034,0.0025,10313,10313,50,8x 11th Gen Intel(R) Core(TM) i7-1165G7 @ 2.80GHz
icp_pt2pl,easy,12,0.0031000905541825243,2.9881774242771353e-05,True,0.0181,1.0,0.000584,8004,bunny.ply,0.250034,0.0025,10313,10313,50,8x 11th Gen Intel(R) Core(TM) i7-1165G7 @ 2.80GHz
fpfh_ransac,easy,12,0.004491261640039353,3.214334158828766e-05,True,0.4009,1.0,0.000584,8004,bunny.ply,0.250034,0.0025,10313,10313,50,8x 11th Gen Intel(R) Core(TM) i7-1165G7 @ 2.80GHz
fgr,easy,12,0.004406137114774605,3.187423649925775e-05,True,0.5701,1.0,0.000584,8004,bunny.ply,0.250034,0.0025,10313,10313,50,8x 11th Gen Intel(R) Core(TM) i7-1165G7 @ 2.80GHz
icp_pt2pt,easy,13,0.02783735323430805,6.768877605885682e-05,True,0.0326,1.0,0.000595,7986,bunny.ply,0.250034,0.0025,10313,10313,50,8x 11th Gen Intel(R) Core(TM) i7-1165G7 @ 2.80GHz
icp_pt2pl,easy,13,0.0241462739926954,4.531521338934444e-05,True,0.0223,1.0,0.000595,7986,bunny.ply,0.250034,0.0025,10313,10313,50,8x 11th Gen Intel(R) Core(TM) i7-1165G7 @ 2.80GHz
fpfh_ransac,easy,13,0.024307948432943403,4.5329032027786184e-05,True,0.602,1.0,0.000595,7986,bunny.ply,0.250034,0.0025,10313,10313,50,8x 11th Gen Intel(R) Core(TM) i7-1165G7 @ 2.80GHz
fgr,easy,13,0.02440575560731199,4.6084341621411235e-05,True,0.6312,1.0,0.000595,7986,bunny.ply,0.250034,0.0025,10313,10313,50,8x 11th Gen Intel(R) Core(TM) i7-1165G7 @ 2.80GHz
icp_pt2pt,easy,14,0.012978646338398814,0.00014948278350332314,True,0.1064,1.0,0.000499,8886,bunny.ply,0.250034,0.0025,10313,10313,50,8x 11th Gen Intel(R) Core(TM) i7-1165G7 @ 2.80GHz
icp_pt2pl,easy,14,0.013606571641071657,2.6097193430952456e-05,True,0.0252,1.0,0.0005,8886,bunny.ply,0.250034,0.0025,10313,10313,50,8x 11th Gen Intel(R) Core(TM) i7-1165G7 @ 2.80GHz
fpfh_ransac,easy,14,0.013597184004422022,2.6269098768191426e-05,True,0.438,1.0,0.0005,8886,bunny.ply,0.250034,0.0025,10313,10313,50,8x 11th Gen Intel(R) Core(TM) i7-1165G7 @ 2.80GHz
fgr,easy,14,0.013338223579599327,2.5867596791846388e-05,True,0.8715,1.0,0.0005,8886,bunny.ply,0.250034,0.0025,10313,10313,50,8x 11th Gen Intel(R) Core(TM) i7-1165G7 @ 2.80GHz
icp_pt2pt,easy,15,0.023227178786416752,0.00010341765147677822,True,0.0706,1.0,0.000592,7940,bunny.ply,0.250034,0.0025,10313,10313,50,8x 11th Gen Intel(R) Core(TM) i7-1165G7 @ 2.80GHz
icp_pt2pl,easy,15,0.006168333972631066,4.4165914033246885e-05,True,0.0189,1.0,0.000593,7940,bunny.ply,0.250034,0.0025,10313,10313,50,8x 11th Gen Intel(R) Core(TM) i7-1165G7 @ 2.80GHz
fpfh_ransac,easy,15,0.006145801219762618,4.214225064274636e-05,True,0.5368,1.0,0.000593,7940,bunny.ply,0.250034,0.0025,10313,10313,50,8x 11th Gen Intel(R) Core(TM) i7-1165G7 @ 2.80GHz
fgr,easy,15,0.006340683328575322,4.2593361941387896e-05,True,0.6727,1.0,0.000593,7940,bunny.ply,0.250034,0.0025,10313,10313,50,8x 11th Gen Intel(R) Core(TM) i7-1165G7 @ 2.80GHz
icp_pt2pt,easy,16,0.023270942500876027,4.025689111873109e-05,True,0.043,1.0,0.000588,8020,bunny.ply,0.250034,0.0025,10313,10313,50,8x 11th Gen Intel(R) Core(TM) i7-1165G7 @ 2.80GHz
icp_pt2pl,easy,16,0.00528243326734301,2.3969236260023566e-05,True,0.0217,1.0,0.000588,8020,bunny.ply,0.250034,0.0025,10313,10313,50,8x 11th Gen Intel(R) Core(TM) i7-1165G7 @ 2.80GHz
fpfh_ransac,easy,16,0.005700842720351902,2.4705481201081858e-05,True,0.5343,1.0,0.000588,8020,bunny.ply,0.250034,0.0025,10313,10313,50,8x 11th Gen Intel(R) Core(TM) i7-1165G7 @ 2.80GHz
fgr,easy,16,0.005343812426579612,2.384668109335516e-05,True,0.7005,1.0,0.000588,8020,bunny.ply,0.250034,0.0025,10313,10313,50,8x 11th Gen Intel(R) Core(TM) i7-1165G7 @ 2.80GHz
icp_pt2pt,easy,17,0.0070474349401990636,5.580302835823157e-05,True,0.0282,1.0,0.000601,7896,bunny.ply,0.250034,0.0025,10313,10313,50,8x 11th Gen Intel(R) Core(TM) i7-1165G7 @ 2.80GHz
icp_pt2pl,easy,17,0.010370351337265287,4.575016922128768e-05,True,0.0187,1.0,0.000601,7896,bunny.ply,0.250034,0.0025,10313,10313,50,8x 11th Gen Intel(R) Core(TM) i7-1165G7 @ 2.80GHz
fpfh_ransac,easy,17,0.009923142949742331,4.621384479678241e-05,True,0.5317,1.0,0.000601,7896,bunny.ply,0.250034,0.0025,10313,10313,50,8x 11th Gen Intel(R) Core(TM) i7-1165G7 @ 2.80GHz
fgr,easy,17,0.010540773888020882,4.463168473602057e-05,True,0.5852,1.0,0.000601,7896,bunny.ply,0.250034,0.0025,10313,10313,50,8x 11th Gen Intel(R) Core(TM) i7-1165G7 @ 2.80GHz
icp_pt2pt,easy,18,0.04924295450700233,9.343478313367908e-05,True,0.026,1.0,0.000588,7979,bunny.ply,0.250034,0.0025,10313,10313,50,8x 11th Gen Intel(R) Core(TM) i7-1165G7 @ 2.80GHz
icp_pt2pl,easy,18,0.010145858859880322,3.536577121612479e-05,True,0.0758,1.0,0.000589,7979,bunny.ply,0.250034,0.0025,10313,10313,50,8x 11th Gen Intel(R) Core(TM) i7-1165G7 @ 2.80GHz
fpfh_ransac,easy,18,0.009668546088502953,3.5173389305444066e-05,True,0.4566,1.0,0.000589,7979,bunny.ply,0.250034,0.0025,10313,10313,50,8x 11th Gen Intel(R) Core(TM) i7-1165G7 @ 2.80GHz
fgr,easy,18,0.00994423787425717,3.540675928288793e-05,True,0.5614,1.0,0.000589,7979,bunny.ply,0.250034,0.0025,10313,10313,50,8x 11th Gen Intel(R) Core(TM) i7-1165G7 @ 2.80GHz
icp_pt2pt,easy,19,0.03600522359918867,7.667213147346651e-05,True,0.0566,1.0,0.000598,7931,bunny.ply,0.250034,0.0025,10313,10313,50,8x 11th Gen Intel(R) Core(TM) i7-1165G7 @ 2.80GHz
icp_pt2pl,easy,19,0.004092456015404261,2.6149173674083808e-05,True,0.0208,1.0,0.000598,7931,bunny.ply,0.250034,0.0025,10313,10313,50,8x 11th Gen Intel(R) Core(TM) i7-1165G7 @ 2.80GHz
fpfh_ransac,easy,19,0.006678221830770836,2.8597692468827434e-05,True,0.4779,1.0,0.000598,7931,bunny.ply,0.250034,0.0025,10313,10313,50,8x 11th Gen Intel(R) Core(TM) i7-1165G7 @ 2.80GHz
fgr,easy,19,0.006660413366343954,2.835085387168378e-05,True,0.556,1.0,0.000598,7931,bunny.ply,0.250034,0.0025,10313,10313,50,8x 11th Gen Intel(R) Core(TM) i7-1165G7 @ 2.80GHz
icp_pt2pt,easy,20,0.017471127730805346,6.547557130754505e-05,True,0.0251,1.0,0.000595,7877,bunny.ply,0.250034,0.0025,10313,10313,50,8x 11th Gen Intel(R) Core(TM) i7-1165G7 @ 2.80GHz
icp_pt2pl,easy,20,0.007826920537147532,3.708907833226542e-05,True,0.0198,1.0,0.000595,7877,bunny.ply,0.250034,0.0025,10313,10313,50,8x 11th Gen Intel(R) Core(TM) i7-1165G7 @ 2.80GHz
fpfh_ransac,easy,20,0.007770002067779242,3.6990239297939764e-05,True,0.4883,1.0,0.000595,7877,bunny.ply,0.250034,0.0025,10313,10313,50,8x 11th Gen Intel(R) Core(TM) i7-1165G7 @ 2.80GHz
fgr,easy,20,0.007228644685605099,3.648955555031401e-05,True,0.6724,1.0,0.000595,7877,bunny.ply,0.250034,0.0025,10313,10313,50,8x 11th Gen Intel(R) Core(TM) i7-1165G7 @ 2.80GHz
icp_pt2pt,easy,21,0.012322784948522215,1.707762277179524e-05,True,0.0254,1.0,0.000591,7987,bunny.ply,0.250034,0.0025,10313,10313,50,8x 11th Gen Intel(R) Core(TM) i7-1165G7 @ 2.80GHz
icp_pt2pl,easy,21,0.005009569381236775,3.2622785226316966e-05,True,0.017,1.0,0.000591,7987,bunny.ply,0.250034,0.0025,10313,10313,50,8x 11th Gen Intel(R) Core(TM) i7-1165G7 @ 2.80GHz
fpfh_ransac,easy,21,0.005062393223785099,3.2439644639298944e-05,True,0.5648,1.0,0.000591,7987,bunny.ply,0.250034,0.0025,10313,10313,50,8x 11th Gen Intel(R) Core(TM) i7-1165G7 @ 2.80GHz
fgr,easy,21,0.005015266539766858,3.259524859957005e-05,True,0.597,1.0,0.000591,7987,bunny.ply,0.250034,0.0025,10313,10313,50,8x 11th Gen Intel(R) Core(TM) i7-1165G7 @ 2.80GHz
icp_pt2pt,easy,22,0.01934005687795734,6.16011879842058e-05,True,0.0253,1.0,0.000585,8000,bunny.ply,0.250034,0.0025,10313,10313,50,8x 11th Gen Intel(R) Core(TM) i7-1165G7 @ 2.80GHz
icp_pt2pl,easy,22,0.013032523823228247,2.0985808673011844e-05,True,0.0188,1.0,0.000585,8000,bunny.ply,0.250034,0.0025,10313,10313,50,8x 11th Gen Intel(R) Core(TM) i7-1165G7 @ 2.80GHz
fpfh_ransac,easy,22,0.013874840339466645,2.1769423283011995e-05,True,0.5028,1.0,0.000585,8000,bunny.ply,0.250034,0.0025,10313,10313,50,8x 11th Gen Intel(R) Core(TM) i7-1165G7 @ 2.80GHz
fgr,easy,22,0.013309937414674487,2.1285811885810413e-05,True,0.6719,1.0,0.000585,8000,bunny.ply,0.250034,0.0025,10313,10313,50,8x 11th Gen Intel(R) Core(TM) i7-1165G7 @ 2.80GHz
icp_pt2pt,easy,23,0.030409750455053265,8.047427611930913e-05,True,0.0198,1.0,0.000584,8064,bunny.ply,0.250034,0.0025,10313,10313,50,8x 11th Gen Intel(R) Core(TM) i7-1165G7 @ 2.80GHz
icp_pt2pl,easy,23,0.005941737572780883,1.8284545319151136e-05,True,0.0177,1.0,0.000585,8064,bunny.ply,0.250034,0.0025,10313,10313,50,8x 11th Gen Intel(R) Core(TM) i7-1165G7 @ 2.80GHz
fpfh_ransac,easy,23,0.0059728520325594905,1.933745146470094e-05,True,0.585,1.0,0.000585,8064,bunny.ply,0.250034,0.0025,10313,10313,50,8x 11th Gen Intel(R) Core(TM) i7-1165G7 @ 2.80GHz
fgr,easy,23,0.006126598308117468,1.820736892792312e-05,True,0.6086,1.0,0.000585,8064,bunny.ply,0.250034,0.0025,10313,10313,50,8x 11th Gen Intel(R) Core(TM) i7-1165G7 @ 2.80GHz
icp_pt2pt,easy,24,0.014918786404707642,0.00013387440249188677,True,0.0272,1.0,0.000562,8206,bunny.ply,0.250034,0.0025,10313,10313,50,8x 11th Gen Intel(R) Core(TM) i7-1165G7 @ 2.80GHz
icp_pt2pl,easy,24,0.008214415952983918,2.9747658237150338e-05,True,0.0236,1.0,0.000563,8206,bunny.ply,0.250034,0.0025,10313,10313,50,8x 11th Gen Intel(R) Core(TM) i7-1165G7 @ 2.80GHz
fpfh_ransac,easy,24,0.008436013110873455,2.8706395143661904e-05,True,0.4508,1.0,0.000563,8206,bunny.ply,0.250034,0.0025,10313,10313,50,8x 11th Gen Intel(R) Core(TM) i7-1165G7 @ 2.80GHz
fgr,easy,24,0.008456825317761802,2.872807260314173e-05,True,0.5414,1.0,0.000563,8206,bunny.ply,0.250034,0.0025,10313,10313,50,8x 11th Gen Intel(R) Core(TM) i7-1165G7 @ 2.80GHz
icp_pt2pt,easy,25,0.0502255033443051,0.00013554260546162783,True,0.0129,1.0,0.000586,8098,bunny.ply,0.250034,0.0025,10313,10313,50,8x 11th Gen Intel(R) Core(TM) i7-1165G7 @ 2.80GHz
icp_pt2pl,easy,25,0.01596595672608759,5.231460854728172e-05,True,0.0686,1.0,0.000586,8098,bunny.ply,0.250034,0.0025,10313,10313,50,8x 11th Gen Intel(R) Core(TM) i7-1165G7 @ 2.80GHz
fpfh_ransac,easy,25,0.01627734999180929,5.176918847629346e-05,True,0.5557,1.0,0.000586,8098,bunny.ply,0.250034,0.0025,10313,10313,50,8x 11th Gen Intel(R) Core(TM) i7-1165G7 @ 2.80GHz
fgr,easy,25,0.016329776329717903,5.198278506491667e-05,True,0.6984,1.0,0.000586,8098,bunny.ply,0.250034,0.0025,10313,10313,50,8x 11th Gen Intel(R) Core(TM) i7-1165G7 @ 2.80GHz
icp_pt2pt,easy,26,0.03404426696440707,4.30769419543184e-05,True,0.0336,1.0,0.000595,7987,bunny.ply,0.250034,0.0025,10313,10313,50,8x 11th Gen Intel(R) Core(TM) i7-1165G7 @ 2.80GHz
icp_pt2pl,easy,26,0.007976043337846413,3.607253491919427e-05,True,0.0472,1.0,0.000595,7987,bunny.ply,0.250034,0.0025,10313,10313,50,8x 11th Gen Intel(R) Core(TM) i7-1165G7 @ 2.80GHz
fpfh_ransac,easy,26,0.00817115638033085,3.5744776202891494e-05,True,0.5008,1.0,0.000595,7987,bunny.ply,0.250034,0.0025,10313,10313,50,8x 11th Gen Intel(R) Core(TM) i7-1165G7 @ 2.80GHz
fgr,easy,26,0.007972219035060717,3.639540847487451e-05,True,0.7512,1.0,0.000595,7987,bunny.ply,0.250034,0.0025,10313,10313,50,8x 11th Gen Intel(R) Core(TM) i7-1165G7 @ 2.80GHz
icp_pt2pt,easy,27,0.017020076268668492,3.5845660333902867e-05,True,0.037,1.0,0.000625,7770,bunny.ply,0.250034,0.0025,10313,10313,50,8x 11th Gen Intel(R) Core(TM) i7-1165G7 @ 2.80GHz
icp_pt2pl,easy,27,0.006301854872246288,2.9428002453000893e-05,True,0.0268,1.0,0.000625,7770,bunny.ply,0.250034,0.0025,10313,10313,50,8x 11th Gen Intel(R) Core(TM) i7-1165G7 @ 2.80GHz
fpfh_ransac,easy,27,0.006224601407660936,2.9704273046569457e-05,True,0.543,1.0,0.000625,7770,bunny.ply,0.250034,0.0025,10313,10313,50,8x 11th Gen Intel(R) Core(TM) i7-1165G7 @ 2.80GHz
fgr,easy,27,0.0062910334184418885,2.9196118835358918e-05,True,0.6667,1.0,0.000625,7770,bunny.ply,0.250034,0.0025,10313,10313,50,8x 11th Gen Intel(R) Core(TM) i7-1165G7 @ 2.80GHz
icp_pt2pt,easy,28,0.036086494903235865,0.00011047590287413882,True,0.0299,1.0,0.000592,8016,bunny.ply,0.250034,0.0025,10313,10313,50,8x 11th Gen Intel(R) Core(TM) i7-1165G7 @ 2.80GHz
icp_pt2pl,easy,28,0.009940508464562013,3.5329170799608947e-05,True,0.0256,1.0,0.000592,8016,bunny.ply,0.250034,0.0025,10313,10313,50,8x 11th Gen Intel(R) Core(TM) i7-1165G7 @ 2.80GHz
fpfh_ransac,easy,28,0.010389864112467928,3.536879048241268e-05,True,0.4429,1.0,0.000592,8016,bunny.ply,0.250034,0.0025,10313,10313,50,8x 11th Gen Intel(R) Core(TM) i7-1165G7 @ 2.80GHz
fgr,easy,28,0.010003540750165803,3.4889259337837295e-05,True,0.597,1.0,0.000592,8016,bunny.ply,0.250034,0.0025,10313,10313,50,8x 11th Gen Intel(R) Core(TM) i7-1165G7 @ 2.80GHz
icp_pt2pt,easy,29,0.012787199224788262,3.019641304556405e-05,True,0.0597,1.0,0.00059,8011,bunny.ply,0.250034,0.0025,10313,10313,50,8x 11th Gen Intel(R) Core(TM) i7-1165G7 @ 2.80GHz
icp_pt2pl,easy,29,0.0024387338447454427,3.892836067938944e-05,True,0.0223,1.0,0.00059,8011,bunny.ply,0.250034,0.0025,10313,10313,50,8x 11th Gen Intel(R) Core(TM) i7-1165G7 @ 2.80GHz
fpfh_ransac,easy,29,0.0029170615687106895,3.983698681396926e-05,True,0.3897,1.0,0.00059,8011,bunny.ply,0.250034,0.0025,10313,10313,50,8x 11th Gen Intel(R) Core(TM) i7-1165G7 @ 2.80GHz
fgr,easy,29,0.0024204637967219188,3.8997355299559955e-05,True,0.5965,1.0,0.00059,8011,bunny.ply,0.250034,0.0025,10313,10313,50,8x 11th Gen Intel(R) Core(TM) i7-1165G7 @ 2.80GHz
icp_pt2pt,easy,30,0.009777723257843785,5.229718771842639e-05,True,0.0187,1.0,0.000584,7994,bunny.ply,0.250034,0.0025,10313,10313,50,8x 11th Gen Intel(R) Core(TM) i7-1165G7 @ 2.80GHz
icp_pt2pl,easy,30,0.016597164171383974,3.969588417706095e-05,True,0.0185,1.0,0.000584,7994,bunny.ply,0.250034,0.0025,10313,10313,50,8x 11th Gen Intel(R) Core(TM) i7-1165G7 @ 2.80GHz
fpfh_ransac,easy,30,0.01752848927480362,3.8435424068774576e-05,True,0.4793,1.0,0.000584,7994,bunny.ply,0.250034,0.0025,10313,10313,50,8x 11th Gen Intel(R) Core(TM) i7-1165G7 @ 2.80GHz
fgr,easy,30,0.01801950697411409,3.941661718047803e-05,True,0.5535,1.0,0.000584,7994,bunny.ply,0.250034,0.0025,10313,10313,50,8x 11th Gen Intel(R) Core(TM) i7-1165G7 @ 2.80GHz
icp_pt2pt,easy,31,0.05726664351123446,1.1073649488351849e-05,True,0.0251,1.0,0.00056,8148,bunny.ply,0.250034,0.0025,10313,10313,50,8x 11th Gen Intel(R) Core(TM) i7-1165G7 @ 2.80GHz
icp_pt2pl,easy,31,0.002377678518094392,3.774927862964784e-05,True,0.0204,1.0,0.000561,8148,bunny.ply,0.250034,0.0025,10313,10313,50,8x 11th Gen Intel(R) Core(TM) i7-1165G7 @ 2.80GHz
fpfh_ransac,easy,31,0.002419049772465586,3.7698542066846085e-05,True,0.4242,1.0,0.000561,8148,bunny.ply,0.250034,0.0025,10313,10313,50,8x 11th Gen Intel(R) Core(TM) i7-1165G7 @ 2.80GHz
fgr,easy,31,0.0027525291609921576,3.828827019090596e-05,True,0.5644,1.0,0.000561,8148,bunny.ply,0.250034,0.0025,10313,10313,50,8x 11th Gen Intel(R) Core(TM) i7-1165G7 @ 2.80GHz
icp_pt2pt,easy,32,0.01906550734125049,4.5233356638245295e-05,True,0.0287,1.0,0.000596,7950,bunny.ply,0.250034,0.0025,10313,10313,50,8x 11th Gen Intel(R) Core(TM) i7-1165G7 @ 2.80GHz
icp_pt2pl,easy,32,0.004777275466833737,8.666487950953141e-06,True,0.0227,1.0,0.000596,7950,bunny.ply,0.250034,0.0025,10313,10313,50,8x 11th Gen Intel(R) Core(TM) i7-1165G7 @ 2.80GHz
fpfh_ransac,easy,32,0.004769096442737308,8.943826626402256e-06,True,0.3882,1.0,0.000596,7950,bunny.ply,0.250034,0.0025,10313,10313,50,8x 11th Gen Intel(R) Core(TM) i7-1165G7 @ 2.80GHz
fgr,easy,32,0.0048258765215615455,8.711984054964795e-06,True,0.5666,1.0,0.000596,7950,bunny.ply,0.250034,0.0025,10313,10313,50,8x 11th Gen Intel(R) Core(TM) i7-1165G7 @ 2.80GHz
icp_pt2pt,easy,33,0.01702065841462408,6.093824505733453e-05,True,0.0343,1.0,0.000564,8194,bunny.ply,0.250034,0.0025,10313,10313,50,8x 11th Gen Intel(R) Core(TM) i7-1165G7 @ 2.80GHz
icp_pt2pl,easy,33,0.01311315785052405,4.397746044356598e-05,True,0.09,1.0,0.000565,8194,bunny.ply,0.250034,0.0025,10313,10313,50,8x 11th Gen Intel(R) Core(TM) i7-1165G7 @ 2.80GHz
fpfh_ransac,easy,33,0.013150961263440114,4.4947294741802554e-05,True,0.5655,1.0,0.000565,8194,bunny.ply,0.250034,0.0025,10313,10313,50,8x 11th Gen Intel(R) Core(TM) i7-1165G7 @ 2.80GHz
fgr,easy,33,0.013365311161457703,4.435976145129617e-05,True,0.8409,1.0,0.000565,8194,bunny.ply,0.250034,0.0025,10313,10313,50,8x 11th Gen Intel(R) Core(TM) i7-1165G7 @ 2.80GHz
icp_pt2pt,easy,34,0.018959406564486855,7.650300818894966e-05,True,0.3338,1.0,0.00059,7962,bunny.ply,0.250034,0.0025,10313,10313,50,8x 11th Gen Intel(R) Core(TM) i7-1165G7 @ 2.80GHz
icp_pt2pl,easy,34,0.009831063599951657,2.8899604072624596e-05,True,0.3638,1.0,0.00059,7962,bunny.ply,0.250034,0.0025,10313,10313,50,8x 11th Gen Intel(R) Core(TM) i7-1165G7 @ 2.80GHz
fpfh_ransac,easy,34,0.0099938924952208,2.9322638833570846e-05,True,0.5998,1.0,0.00059,7962,bunny.ply,0.250034,0.0025,10313,10313,50,8x 11th Gen Intel(R) Core(TM) i7-1165G7 @ 2.80GHz
fgr,easy,34,0.009811225744517336,2.807060448846568e-05,True,1.0643,1.0,0.00059,7962,bunny.ply,0.250034,0.0025,10313,10313,50,8x 11th Gen Intel(R) Core(TM) i7-1165G7 @ 2.80GHz
icp_pt2pt,easy,35,0.03945383245424914,0.00012359077695807164,True,0.1378,1.0,0.000607,7901,bunny.ply,0.250034,0.0025,10313,10313,50,8x 11th Gen Intel(R) Core(TM) i7-1165G7 @ 2.80GHz
icp_pt2pl,easy,35,0.006667482855626636,3.740086173216879e-05,True,0.084,1.0,0.000608,7901,bunny.ply,0.250034,0.0025,10313,10313,50,8x 11th Gen Intel(R) Core(TM) i7-1165G7 @ 2.80GHz
fpfh_ransac,easy,35,0.006670216102141099,3.6818803936318394e-05,True,0.6518,1.0,0.000608,7901,bunny.ply,0.250034,0.0025,10313,10313,50,8x 11th Gen Intel(R) Core(TM) i7-1165G7 @ 2.80GHz
fgr,easy,35,0.00676143634104282,3.67258912262092e-05,True,0.8554,1.0,0.000608,7901,bunny.ply,0.250034,0.0025,10313,10313,50,8x 11th Gen Intel(R) Core(TM) i7-1165G7 @ 2.80GHz
icp_pt2pt,easy,36,0.0224990821082857,2.7748591028186227e-05,True,0.1989,1.0,0.000588,7992,bunny.ply,0.250034,0.0025,10313,10313,50,8x 11th Gen Intel(R) Core(TM) i7-1165G7 @ 2.80GHz
icp_pt2pl,easy,36,0.011157245280377065,1.3272073671194158e-05,True,0.1525,1.0,0.000588,7992,bunny.ply,0.250034,0.0025,10313,10313,50,8x 11th Gen Intel(R) Core(TM) i7-1165G7 @ 2.80GHz
fpfh_ransac,easy,36,0.011054997998309567,1.340238856117975e-05,True,0.6898,1.0,0.000588,7992,bunny.ply,0.250034,0.0025,10313,10313,50,8x 11th Gen Intel(R) Core(TM) i7-1165G7 @ 2.80GHz
fgr,easy,36,0.011031505130260766,1.4522170415117792e-05,True,1.3711,1.0,0.000588,7992,bunny.ply,0.250034,0.0025,10313,10313,50,8x 11th Gen Intel(R) Core(TM) i7-1165G7 @ 2.80GHz
icp_pt2pt,easy,37,0.011824866980814227,3.743241485043344e-05,True,0.3209,1.0,0.000604,7908,bunny.ply,0.250034,0.0025,10313,10313,50,8x 11th Gen Intel(R) Core(TM) i7-1165G7 @ 2.80GHz
icp_pt2pl,easy,37,0.005085696922576,6.187890357093076e-05,True,0.2398,1.0,0.000604,7908,bunny.ply,0.250034,0.0025,10313,10313,50,8x 11th Gen Intel(R) Core(TM) i7-1165G7 @ 2.80GHz
fpfh_ransac,easy,37,0.004492215859628831,6.15173762350449e-05,True,1.1259,1.0,0.000604,7908,bunny.ply,0.250034,0.0025,10313,10313,50,8x 11th Gen Intel(R) Core(TM) i7-1165G7 @ 2.80GHz
fgr,easy,37,0.004871959950233765,5.8860493703639584e-05,True,1.7613,1.0,0.000604,7908,bunny.ply,0.250034,0.0025,10313,10313,50,8x 11th Gen Intel(R) Core(TM) i7-1165G7 @ 2.80GHz
icp_pt2pt,easy,38,0.057644416199787704,4.280183961020783e-05,True,0.3182,1.0,0.000592,8045,bunny.ply,0.250034,0.0025,10313,10313,50,8x 11th Gen Intel(R) Core(TM) i7-1165G7 @ 2.80GHz
icp_pt2pl,easy,38,0.006396052553766471,2.9512414957437455e-05,True,0.152,1.0,0.000592,8045,bunny.ply,0.250034,0.0025,10313,10313,50,8x 11th Gen Intel(R) Core(TM) i7-1165G7 @ 2.80GHz
fpfh_ransac,easy,38,0.0076961368127181976,3.169785997949368e-05,True,0.9647,1.0,0.000592,8045,bunny.ply,0.250034,0.0025,10313,10313,50,8x 11th Gen Intel(R) Core(TM) i7-1165G7 @ 2.80GHz
fgr,easy,38,0.006278510803242351,2.9621656036733492e-05,True,1.5301,1.0,0.000592,8045,bunny.ply,0.250034,0.0025,10313,10313,50,8x 11th Gen Intel(R) Core(TM) i7-1165G7 @ 2.80GHz
icp_pt2pt,easy,39,0.02737213829490056,4.456838164438148e-05,True,0.4506,1.0,0.000599,7937,bunny.ply,0.250034,0.0025,10313,10313,50,8x 11th Gen Intel(R) Core(TM) i7-1165G7 @ 2.80GHz
icp_pt2pl,easy,39,0.005780435492983167,2.1275409769185985e-05,True,0.3031,1.0,0.000599,7937,bunny.ply,0.250034,0.0025,10313,10313,50,8x 11th Gen Intel(R) Core(TM) i7-1165G7 @ 2.80GHz
fpfh_ransac,easy,39,0.005608699213606724,1.932048051442468e-05,True,1.2832,1.0,0.000599,7937,bunny.ply,0.250034,0.0025,10313,10313,50,8x 11th Gen Intel(R) Core(TM) i7-1165G7 @ 2.80GHz
fgr,easy,39,0.005565157286597047,1.9387002758105924e-05,True,1.4738,1.0,0.000599,7937,bunny.ply,0.250034,0.0025,10313,10313,50,8x 11th Gen Intel(R) Core(TM) i7-1165G7 @ 2.80GHz
icp_pt2pt,easy,40,0.0705432624262556,0.00012675973134792872,True,0.0703,1.0,0.000576,8146,bunny.ply,0.250034,0.0025,10313,10313,50,8x 11th Gen Intel(R) Core(TM) i7-1165G7 @ 2.80GHz
icp_pt2pl,easy,40,0.006539300216271336,2.7729313229069874e-05,True,0.1278,1.0,0.000576,8146,bunny.ply,0.250034,0.0025,10313,10313,50,8x 11th Gen Intel(R) Core(TM) i7-1165G7 @ 2.80GHz
fpfh_ransac,easy,40,0.006255787518347614,2.806144918850764e-05,True,0.6799,1.0,0.000576,8146,bunny.ply,0.250034,0.0025,10313,10313,50,8x 11th Gen Intel(R) Core(TM) i7-1165G7 @ 2.80GHz
fgr,easy,40,0.006310706243391896,2.7553602907974273e-05,True,1.249,1.0,0.000576,8146,bunny.ply,0.250034,0.0025,10313,10313,50,8x 11th Gen Intel(R) Core(TM) i7-1165G7 @ 2.80GHz
icp_pt2pt,easy,41,0.04048632849918713,7.856386043052028e-05,True,0.266,1.0,0.000602,7937,bunny.ply,0.250034,0.0025,10313,10313,50,8x 11th Gen Intel(R) Core(TM) i7-1165G7 @ 2.80GHz
icp_pt2pl,easy,41,0.014829057138776544,4.31549353054922e-05,True,0.1502,1.0,0.000602,7937,bunny.ply,0.250034,0.0025,10313,10313,50,8x 11th Gen Intel(R) Core(TM) i7-1165G7 @ 2.80GHz
fpfh_ransac,easy,41,0.013848250211786345,4.3771990899909514e-05,True,1.2746,1.0,0.000602,7937,bunny.ply,0.250034,0.0025,10313,10313,50,8x 11th Gen Intel(R) Core(TM) i7-1165G7 @ 2.80GHz
fgr,easy,41,0.014110107736293061,4.4241711611475806e-05,True,1.4089,1.0,0.000602,7937,bunny.ply,0.250034,0.0025,10313,10313,50,8x 11th Gen Intel(R) Core(TM) i7-1165G7 @ 2.80GHz
icp_pt2pt,easy,42,0.020709319241615412,2.9901760229587518e-05,True,0.3177,1.0,0.000593,7956,bunny.ply,0.250034,0.0025,10313,10313,50,8x 11th Gen Intel(R) Core(TM) i7-1165G7 @ 2.80GHz
icp_pt2pl,easy,42,0.012687576827916144,1.6808814268677837e-05,True,0.1905,1.0,0.000593,7956,bunny.ply,0.250034,0.0025,10313,10313,50,8x 11th Gen Intel(R) Core(TM) i7-1165G7 @ 2.80GHz
fpfh_ransac,easy,42,0.01270306482352022,1.673674516342343e-05,True,1.3599,1.0,0.000593,7956,bunny.ply,0.250034,0.0025,10313,10313,50,8x 11th Gen Intel(R) Core(TM) i7-1165G7 @ 2.80GHz
fgr,easy,42,0.01229910330830294,1.8321573721997732e-05,True,1.4803,1.0,0.000593,7956,bunny.ply,0.250034,0.0025,10313,10313,50,8x 11th Gen Intel(R) Core(TM) i7-1165G7 @ 2.80GHz
icp_pt2pt,easy,43,0.03549579211090777,5.411875069689822e-05,True,0.2925,1.0,0.000593,7972,bunny.ply,0.250034,0.0025,10313,10313,50,8x 11th Gen Intel(R) Core(TM) i7-1165G7 @ 2.80GHz
icp_pt2pl,easy,43,0.01315850515741146,5.8308191381317306e-05,True,0.1942,1.0,0.000593,7972,bunny.ply,0.250034,0.0025,10313,10313,50,8x 11th Gen Intel(R) Core(TM) i7-1165G7 @ 2.80GHz
fpfh_ransac,easy,43,0.014145586779437181,5.894794286724475e-05,True,1.3745,1.0,0.000594,7972,bunny.ply,0.250034,0.0025,10313,10313,50,8x 11th Gen Intel(R) Core(TM) i7-1165G7 @ 2.80GHz
fgr,easy,43,0.01412307615687423,5.847122915424994e-05,True,1.6342,1.0,0.000594,7972,bunny.ply,0.250034,0.0025,10313,10313,50,8x 11th Gen Intel(R) Core(TM) i7-1165G7 @ 2.80GHz
icp_pt2pt,easy,44,0.01236433582000877,7.145499444640277e-05,True,0.483,1.0,0.000583,8018,bunny.ply,0.250034,0.0025,10313,10313,50,8x 11th Gen Intel(R) Core(TM) i7-1165G7 @ 2.80GHz
icp_pt2pl,easy,44,0.0071997589110918084,2.601313700400764e-05,True,0.3421,1.0,0.000583,8018,bunny.ply,0.250034,0.0025,10313,10313,50,8x 11th Gen Intel(R) Core(TM) i7-1165G7 @ 2.80GHz
fpfh_ransac,easy,44,0.007692487766102852,2.5938751844244636e-05,True,1.6792,1.0,0.000583,8018,bunny.ply,0.250034,0.0025,10313,10313,50,8x 11th Gen Intel(R) Core(TM) i7-1165G7 @ 2.80GHz
fgr,easy,44,0.007236907653314236,2.6237423039579312e-05,True,1.8485,1.0,0.000583,8018,bunny.ply,0.250034,0.0025,10313,10313,50,8x 11th Gen Intel(R) Core(TM) i7-1165G7 @ 2.80GHz
icp_pt2pt,easy,45,0.02617464178326543,4.77078777182286e-05,True,0.3501,1.0,0.0006,7928,bunny.ply,0.250034,0.0025,10313,10313,50,8x 11th Gen Intel(R) Core(TM) i7-1165G7 @ 2.80GHz
icp_pt2pl,easy,45,0.013204368568214938,3.254553996098634e-05,True,0.3696,1.0,0.0006,7928,bunny.ply,0.250034,0.0025,10313,10313,50,8x 11th Gen Intel(R) Core(TM) i7-1165G7 @ 2.80GHz
fpfh_ransac,easy,45,0.013232790552038971,3.1884799957313216e-05,True,1.0102,1.0,0.0006,7928,bunny.ply,0.250034,0.0025,10313,10313,50,8x 11th Gen Intel(R) Core(TM) i7-1165G7 @ 2.80GHz
fgr,easy,45,0.013180797705004143,3.2490291669701014e-05,True,1.6304,1.0,0.0006,7928,bunny.ply,0.250034,0.0025,10313,10313,50,8x 11th Gen Intel(R) Core(TM) i7-1165G7 @ 2.80GHz
icp_pt2pt,easy,46,0.02954783833943333,2.392425541622069e-05,True,0.3218,1.0,0.000592,7971,bunny.ply,0.250034,0.0025,10313,10313,50,8x 11th Gen Intel(R) Core(TM) i7-1165G7 @ 2.80GHz
icp_pt2pl,easy,46,0.015202459682963996,2.4749728872253222e-05,True,0.2409,1.0,0.000592,7971,bunny.ply,0.250034,0.0025,10313,10313,50,8x 11th Gen Intel(R) Core(TM) i7-1165G7 @ 2.80GHz
fpfh_ransac,easy,46,0.015307699535260825,2.4482922071808732e-05,True,1.1819,1.0,0.000592,7971,bunny.ply,0.250034,0.0025,10313,10313,50,8x 11th Gen Intel(R) Core(TM) i7-1165G7 @ 2.80GHz
fgr,easy,46,0.015042549553899743,2.4818711871429583e-05,True,3.1701,1.0,0.000592,7971,bunny.ply,0.250034,0.0025,10313,10313,50,8x 11th Gen Intel(R) Core(TM) i7-1165G7 @ 2.80GHz
icp_pt2pt,easy,47,0.02952200245246797,7.193673831297995e-05,True,0.5414,1.0,0.000598,7985,bunny.ply,0.250034,0.0025,10313,10313,50,8x 11th Gen Intel(R) Core(TM) i7-1165G7 @ 2.80GHz
icp_pt2pl,easy,47,0.005440515119820576,2.5983571838398517e-05,True,0.3473,1.0,0.000598,7985,bunny.ply,0.250034,0.0025,10313,10313,50,8x 11th Gen Intel(R) Core(TM) i7-1165G7 @ 2.80GHz
fpfh_ransac,easy,47,0.006332283679002085,2.226778560836349e-05,True,1.0957,1.0,0.000598,7985,bunny.ply,0.250034,0.0025,10313,10313,50,8x 11th Gen Intel(R) Core(TM) i7-1165G7 @ 2.80GHz
fgr,easy,47,0.00559455558440553,2.458433693197763e-05,True,1.5078,1.0,0.000598,7985,bunny.ply,0.250034,0.0025,10313,10313,50,8x 11th Gen Intel(R) Core(TM) i7-1165G7 @ 2.80GHz
icp_pt2pt,easy,48,0.009330105761918263,6.611268555461607e-05,True,0.2824,1.0,0.000591,7995,bunny.ply,0.250034,0.0025,10313,10313,50,8x 11th Gen Intel(R) Core(TM) i7-1165G7 @ 2.80GHz
icp_pt2pl,easy,48,0.012835189263602874,5.74130809072046e-05,True,0.2043,1.0,0.000591,7995,bunny.ply,0.250034,0.0025,10313,10313,50,8x 11th Gen Intel(R) Core(TM) i7-1165G7 @ 2.80GHz
fpfh_ransac,easy,48,0.013542599322751243,5.813272500717197e-05,True,1.3276,1.0,0.000591,7995,bunny.ply,0.250034,0.0025,10313,10313,50,8x 11th Gen Intel(R) Core(TM) i7-1165G7 @ 2.80GHz
fgr,easy,48,0.012735144332570822,5.80311494668367e-05,True,1.673,1.0,0.000591,7995,bunny.ply,0.250034,0.0025,10313,10313,50,8x 11th Gen Intel(R) Core(TM) i7-1165G7 @ 2.80GHz
icp_pt2pt,easy,49,0.018105496266633467,9.289432861258607e-05,True,0.2493,1.0,0.000571,8169,bunny.ply,0.250034,0.0025,10313,10313,50,8x 11th Gen Intel(R) Core(TM) i7-1165G7 @ 2.80GHz
icp_pt2pl,easy,49,0.01459031731196656,2.5199582896015273e-05,True,0.1342,1.0,0.000571,8169,bunny.ply,0.250034,0.0025,10313,10313,50,8x 11th Gen Intel(R) Core(TM) i7-1165G7 @ 2.80GHz
fpfh_ransac,easy,49,0.014607610243598444,2.5563302816706595e-05,True,0.9918,1.0,0.000571,8169,bunny.ply,0.250034,0.0025,10313,10313,50,8x 11th Gen Intel(R) Core(TM) i7-1165G7 @ 2.80GHz
fgr,easy,49,0.014563193800954489,2.5567961390937398e-05,True,1.9515,1.0,0.000571,8169,bunny.ply,0.250034,0.0025,10313,10313,50,8x 11th Gen Intel(R) Core(TM) i7-1165G7 @ 2.80GHz
icp_pt2pt,medium,0,17.90634933237488,0.1292721541269662,False,1.0297,0.192503,0.002962,1289,bunny.ply,0.250034,0.0025,10313,8766,50,8x 11th Gen Intel(R) Core(TM) i7-1165G7 @ 2.80GHz
icp_pt2pl,medium,0,0.040749410460059934,0.0001605377591006694,True,2.1849,1.0,0.001023,6696,bunny.ply,0.250034,0.0025,10313,8766,50,8x 11th Gen Intel(R) Core(TM) i7-1165G7 @ 2.80GHz
fpfh_ransac,medium,0,0.041941034861908644,0.00016402829015274407,True,2.2883,1.0,0.001023,6696,bunny.ply,0.250034,0.0025,10313,8766,50,8x 11th Gen Intel(R) Core(TM) i7-1165G7 @ 2.80GHz
fgr,medium,0,0.04089346547978938,0.00015743421263993552,True,2.7568,1.0,0.001023,6696,bunny.ply,0.250034,0.0025,10313,8766,50,8x 11th Gen Intel(R) Core(TM) i7-1165G7 @ 2.80GHz
icp_pt2pt,medium,1,9.31993836596046,0.024085419150803616,False,0.7617,0.737988,0.002542,4915,bunny.ply,0.250034,0.0025,10313,8766,50,8x 11th Gen Intel(R) Core(TM) i7-1165G7 @ 2.80GHz
icp_pt2pl,medium,1,0.03889077756426554,4.6724448614582686e-05,True,0.3685,1.0,0.001011,6660,bunny.ply,0.250034,0.0025,10313,8766,50,8x 11th Gen Intel(R) Core(TM) i7-1165G7 @ 2.80GHz
fpfh_ransac,medium,1,0.03826764486859166,4.6563845593284244e-05,True,1.9307,1.0,0.001011,6660,bunny.ply,0.250034,0.0025,10313,8766,50,8x 11th Gen Intel(R) Core(TM) i7-1165G7 @ 2.80GHz
fgr,medium,1,0.039038988821170434,4.587401148580973e-05,True,1.4657,1.0,0.001011,6660,bunny.ply,0.250034,0.0025,10313,8766,50,8x 11th Gen Intel(R) Core(TM) i7-1165G7 @ 2.80GHz
icp_pt2pt,medium,2,0.05049724473900401,0.0003918972068777027,True,0.2983,1.0,0.001033,6614,bunny.ply,0.250034,0.0025,10313,8766,50,8x 11th Gen Intel(R) Core(TM) i7-1165G7 @ 2.80GHz
icp_pt2pl,medium,2,0.005080455248353042,8.951345649280244e-05,True,0.1718,1.0,0.001037,6614,bunny.ply,0.250034,0.0025,10313,8766,50,8x 11th Gen Intel(R) Core(TM) i7-1165G7 @ 2.80GHz
fpfh_ransac,medium,2,0.0059147682110533145,8.79885086590939e-05,True,1.6368,1.0,0.001037,6614,bunny.ply,0.250034,0.0025,10313,8766,50,8x 11th Gen Intel(R) Core(TM) i7-1165G7 @ 2.80GHz
fgr,medium,2,0.007080273352954922,9.132744360785569e-05,True,2.5718,1.0,0.001037,6614,bunny.ply,0.250034,0.0025,10313,8766,50,8x 11th Gen Intel(R) Core(TM) i7-1165G7 @ 2.80GHz
icp_pt2pt,medium,3,0.032420844201257945,0.00010679346275322283,True,0.3372,1.0,0.001016,6698,bunny.ply,0.250034,0.0025,10313,8766,50,8x 11th Gen Intel(R) Core(TM) i7-1165G7 @ 2.80GHz
icp_pt2pl,medium,3,0.030871932126951485,5.232259832691827e-05,True,0.2709,1.0,0.001017,6698,bunny.ply,0.250034,0.0025,10313,8766,50,8x 11th Gen Intel(R) Core(TM) i7-1165G7 @ 2.80GHz
fpfh_ransac,medium,3,0.032337304288515556,5.134750200354583e-05,True,2.1832,1.0,0.001017,6698,bunny.ply,0.250034,0.0025,10313,8766,50,8x 11th Gen Intel(R) Core(TM) i7-1165G7 @ 2.80GHz
fgr,medium,3,0.03084744204500046,5.240218539845664e-05,True,2.4438,1.0,0.001017,6698,bunny.ply,0.250034,0.0025,10313,8766,50,8x 11th Gen Intel(R) Core(TM) i7-1165G7 @ 2.80GHz
icp_pt2pt,medium,4,7.316698861178827,0.19253862201132738,False,0.6486,0.192739,0.002799,1306,bunny.ply,0.250034,0.0025,10313,8766,50,8x 11th Gen Intel(R) Core(TM) i7-1165G7 @ 2.80GHz
icp_pt2pl,medium,4,22.764128969847086,0.09147145153484823,False,0.7987,0.426358,0.002831,2889,bunny.ply,0.250034,0.0025,10313,8766,50,8x 11th Gen Intel(R) Core(TM) i7-1165G7 @ 2.80GHz
fpfh_ransac,medium,4,0.0596146354566189,9.542179431632176e-05,True,1.3008,1.0,0.001008,6776,bunny.ply,0.250034,0.0025,10313,8766,50,8x 11th Gen Intel(R) Core(TM) i7-1165G7 @ 2.80GHz
fgr,medium,4,0.05943745330439226,9.874533722298606e-05,True,2.2699,1.0,0.001008,6776,bunny.ply,0.250034,0.0025,10313,8766,50,8x 11th Gen Intel(R) Core(TM) i7-1165G7 @ 2.80GHz
icp_pt2pt,medium,5,12.631327126881828,0.0857636618199402,False,0.5262,0.291998,0.002972,1945,bunny.ply,0.250034,0.0025,10313,8766,50,8x 11th Gen Intel(R) Core(TM) i7-1165G7 @ 2.80GHz
icp_pt2pl,medium,5,0.04779315241605403,0.00016701928355907143,True,0.5455,1.0,0.001018,6661,bunny.ply,0.250034,0.0025,10313,8766,50,8x 11th Gen Intel(R) Core(TM) i7-1165G7 @ 2.80GHz
fpfh_ransac,medium,5,0.04860625557980011,0.0001668744400845639,True,2.4241,1.0,0.001018,6661,bunny.ply,0.250034,0.0025,10313,8766,50,8x 11th Gen Intel(R) Core(TM) i7-1165G7 @ 2.80GHz
fgr,medium,5,0.04754437076276646,0.0001648696658444953,True,2.7523,1.0,0.001018,6661,bunny.ply,0.250034,0.0025,10313,8766,50,8x 11th Gen Intel(R) Core(TM) i7-1165G7 @ 2.80GHz
icp_pt2pt,medium,6,9.017937040360433,0.15398178211090055,False,0.5725,0.116974,0.003005,787,bunny.ply,0.250034,0.0025,10313,8766,50,8x 11th Gen Intel(R) Core(TM) i7-1165G7 @ 2.80GHz
icp_pt2pl,medium,6,0.0362448971109234,0.00011287164254372977,True,0.7984,1.0,0.001002,6728,bunny.ply,0.250034,0.0025,10313,8766,50,8x 11th Gen Intel(R) Core(TM) i7-1165G7 @ 2.80GHz
fpfh_ransac,medium,6,0.03581603719988072,0.00010816440108850551,True,1.605,1.0,0.001002,6728,bunny.ply,0.250034,0.0025,10313,8766,50,8x 11th Gen Intel(R) Core(TM) i7-1165G7 @ 2.80GHz
fgr,medium,6,0.03661889753564616,0.00011301254717019505,True,1.9708,1.0,0.001002,6728,bunny.ply,0.250034,0.0025,10313,8766,50,8x 11th Gen Intel(R) Core(TM) i7-1165G7 @ 2.80GHz
icp_pt2pt,medium,7,33.114115274383224,0.1927111617326824,False,0.7417,0.133184,0.003002,891,bunny.ply,0.250034,0.0025,10313,8766,50,8x 11th Gen Intel(R) Core(TM) i7-1165G7 @ 2.80GHz
icp_pt2pl,medium,7,35.56802297517016,0.12585606188656093,False,0.9393,0.375934,0.002882,2515,bunny.ply,0.250034,0.0025,10313,8766,50,8x 11th Gen Intel(R) Core(TM) i7-1165G7 @ 2.80GHz
fpfh_ransac,medium,7,0.015739211555476623,0.000192052285161242,True,2.3519,1.0,0.001026,6690,bunny.ply,0.250034,0.0025,10313,8766,50,8x 11th Gen Intel(R) Core(TM) i7-1165G7 @ 2.80GHz
fgr,medium,7,0.015366882426643665,0.00019356606503577554,True,2.5107,1.0,0.001026,6690,bunny.ply,0.250034,0.0025,10313,8766,50,8x 11th Gen Intel(R) Core(TM) i7-1165G7 @ 2.80GHz
icp_pt2pt,medium,8,28.240647796717173,0.020550915874913533,False,0.5034,0.466417,0.002793,3111,bunny.ply,0.250034,0.0025,10313,8766,50,8x 11th Gen Intel(R) Core(TM) i7-1165G7 @ 2.80GHz
icp_pt2pl,medium,8,0.034446467379309884,8.415610413131928e-05,True,0.4332,1.0,0.001018,6670,bunny.ply,0.250034,0.0025,10313,8766,50,8x 11th Gen Intel(R) Core(TM) i7-1165G7 @ 2.80GHz
fpfh_ransac,medium,8,0.03510896725688556,7.804973733323197e-05,True,2.344,1.0,0.001018,6670,bunny.ply,0.250034,0.0025,10313,8766,50,8x 11th Gen Intel(R) Core(TM) i7-1165G7 @ 2.80GHz
fgr,medium,8,0.035424091212057515,7.814678440499295e-05,True,2.7811,1.0,0.001018,6670,bunny.ply,0.250034,0.0025,10313,8766,50,8x 11th Gen Intel(R) Core(TM) i7-1165G7 @ 2.80GHz
icp_pt2pt,medium,9,16.874347273344412,0.0413356666178872,False,0.4407,0.544581,0.002773,3628,bunny.ply,0.250034,0.0025,10313,8766,50,8x 11th Gen Intel(R) Core(TM) i7-1165G7 @ 2.80GHz
icp_pt2pl,medium,9,0.027702862463778743,5.839962287188507e-05,True,0.3489,1.0,0.001021,6662,bunny.ply,0.250034,0.0025,10313,8766,50,8x 11th Gen Intel(R) Core(TM) i7-1165G7 @ 2.80GHz
fpfh_ransac,medium,9,0.026268504890692573,6.097258684784833e-05,True,1.6672,1.0,0.001021,6662,bunny.ply,0.250034,0.0025,10313,8766,50,8x 11th Gen Intel(R) Core(TM) i7-1165G7 @ 2.80GHz
fgr,medium,9,0.026359161282522796,6.411640339146206e-05,True,2.841,1.0,0.001021,6662,bunny.ply,0.250034,0.0025,10313,8766,50,8x 11th Gen Intel(R) Core(TM) i7-1165G7 @ 2.80GHz
icp_pt2pt,medium,10,9.191266840837258,0.2256899757892844,False,0.5725,0.116535,0.002992,783,bunny.ply,0.250034,0.0025,10313,8766,50,8x 11th Gen Intel(R) Core(TM) i7-1165G7 @ 2.80GHz
icp_pt2pl,medium,10,14.541452445588684,0.21091169932958642,False,0.7168,0.11847,0.002879,796,bunny.ply,0.250034,0.0025,10313,8766,50,8x 11th Gen Intel(R) Core(TM) i7-1165G7 @ 2.80GHz
fpfh_ransac,medium,10,0.035385460216383204,0.00020708408681338085,True,2.6197,1.0,0.00102,6719,bunny.ply,0.250034,0.0025,10313,8766,50,8x 11th Gen Intel(R) Core(TM) i7-1165G7 @ 2.80GHz
fgr,medium,10,0.03601835659176304,0.00021750587040398687,True,2.0519,1.0,0.00102,6719,bunny.ply,0.250034,0.0025,10313,8766,50,8x 11th Gen Intel(R) Core(TM) i7-1165G7 @ 2.80GHz
icp_pt2pt,medium,11,28.45281098927964,0.06578306755848266,False,0.5052,0.372385,0.003036,2492,bunny.ply,0.250034,0.0025,10313,8766,50,8x 11th Gen Intel(R) Core(TM) i7-1165G7 @ 2.80GHz
icp_pt2pl,medium,11,0.01737725017428479,7.475675264510321e-05,True,0.5648,1.0,0.001019,6692,bunny.ply,0.250034,0.0025,10313,8766,50,8x 11th Gen Intel(R) Core(TM) i7-1165G7 @ 2.80GHz
fpfh_ransac,medium,11,0.017986108870492495,7.619219095873888e-05,True,3.214,1.0,0.001019,6692,bunny.ply,0.250034,0.0025,10313,8766,50,8x 11th Gen Intel(R) Core(TM) i7-1165G7 @ 2.80GHz
fgr,medium,11,0.018009422928000233,7.686955216903967e-05,True,2.7976,1.0,0.001019,6692,bunny.ply,0.250034,0.0025,10313,8766,50,8x 11th Gen Intel(R) Core(TM) i7-1165G7 @ 2.80GHz
icp_pt2pt,medium,12,0.05358593428697536,0.0002067099386335897,True,0.6485,1.0,0.001027,6671,bunny.ply,0.250034,0.0025,10313,8766,50,8x 11th Gen Intel(R) Core(TM) i7-1165G7 @ 2.80GHz
icp_pt2pl,medium,12,0.02540824312936011,4.067654235329054e-05,True,0.2651,1.0,0.001027,6671,bunny.ply,0.250034,0.0025,10313,8766,50,8x 11th Gen Intel(R) Core(TM) i7-1165G7 @ 2.80GHz
fpfh_ransac,medium,12,0.02507766061419635,4.0547563317996595e-05,True,2.3207,1.0,0.001027,6671,bunny.ply,0.250034,0.0025,10313,8766,50,8x 11th Gen Intel(R) Core(TM) i7-1165G7 @ 2.80GHz
fgr,medium,12,0.025190199469547144,4.2024801886471534e-05,True,2.9831,1.0,0.001027,6671,bunny.ply,0.250034,0.0025,10313,8766,50,8x 11th Gen Intel(R) Core(TM) i7-1165G7 @ 2.80GHz
icp_pt2pt,medium,13,30.70734914282785,0.09366097058396648,False,0.7674,0.275795,0.002912,1831,bunny.ply,0.250034,0.0025,10313,8766,50,8x 11th Gen Intel(R) Core(TM) i7-1165G7 @ 2.80GHz
icp_pt2pl,medium,13,0.03954785887696232,0.00013291509199506442,True,0.9308,1.0,0.001025,6639,bunny.ply,0.250034,0.0025,10313,8766,50,8x 11th Gen Intel(R) Core(TM) i7-1165G7 @ 2.80GHz
fpfh_ransac,medium,13,0.039206396304898854,0.00013039194565569987,True,2.2842,1.0,0.001025,6639,bunny.ply,0.250034,0.0025,10313,8766,50,8x 11th Gen Intel(R) Core(TM) i7-1165G7 @ 2.80GHz
fgr,medium,13,0.04018786183940087,0.00013282065685143166,True,3.3054,1.0,0.001025,6639,bunny.ply,0.250034,0.0025,10313,8766,50,8x 11th Gen Intel(R) Core(TM) i7-1165G7 @ 2.80GHz
icp_pt2pt,medium,14,18.870450548329377,0.0820074050549886,False,0.6258,0.377595,0.002834,2528,bunny.ply,0.250034,0.0025,10313,8766,50,8x 11th Gen Intel(R) Core(TM) i7-1165G7 @ 2.80GHz
icp_pt2pl,medium,14,0.03610780174143672,9.973150755618012e-05,True,0.8802,1.0,0.001025,6695,bunny.ply,0.250034,0.0025,10313,8766,50,8x 11th Gen Intel(R) Core(TM) i7-1165G7 @ 2.80GHz
fpfh_ransac,medium,14,0.035342035381645084,9.962703313518279e-05,True,2.5501,1.0,0.001025,6695,bunny.ply,0.250034,0.0025,10313,8766,50,8x 11th Gen Intel(R) Core(TM) i7-1165G7 @ 2.80GHz
fgr,medium,14,0.036447940580836155,9.916193848681765e-05,True,2.9526,1.0,0.001025,6695,bunny.ply,0.250034,0.0025,10313,8766,50,8x 11th Gen Intel(R) Core(TM) i7-1165G7 @ 2.80GHz
icp_pt2pt,medium,15,37.42444204170175,0.132830288915223,False,0.586,0.204152,0.002952,1367,bunny.ply,0.250034,0.0025,10313,8766,50,8x 11th Gen Intel(R) Core(TM) i7-1165G7 @ 2.80GHz
icp_pt2pl,medium,15,25.374623428450928,0.04735993412033061,False,1.7613,0.480137,0.002853,3215,bunny.ply,0.250034,0.0025,10313,8766,50,8x 11th Gen Intel(R) Core(TM) i7-1165G7 @ 2.80GHz
fpfh_ransac,medium,15,0.02555653518771734,8.430671755128132e-05,True,2.2456,1.0,0.001021,6696,bunny.ply,0.250034,0.0025,10313,8766,50,8x 11th Gen Intel(R) Core(TM) i7-1165G7 @ 2.80GHz
fgr,medium,15,0.024243802461409388,8.30194205269676e-05,True,3.2161,1.0,0.001021,6696,bunny.ply,0.250034,0.0025,10313,8766,50,8x 11th Gen Intel(R) Core(TM) i7-1165G7 @ 2.80GHz
icp_pt2pt,medium,16,30.063505552422583,0.08992179254114517,False,0.5314,0.264486,0.002947,1771,bunny.ply,0.250034,0.0025,10313,8766,50,8x 11th Gen Intel(R) Core(TM) i7-1165G7 @ 2.80GHz
icp_pt2pl,medium,16,12.469465588938917,0.046121182924474174,False,0.8339,0.633662,0.002443,4243,bunny.ply,0.250034,0.0025,10313,8766,50,8x 11th Gen Intel(R) Core(TM) i7-1165G7 @ 2.80GHz
fpfh_ransac,medium,16,0.02678132442690428,2.1661794036138237e-05,True,3.0615,1.0,0.001026,6696,bunny.ply,0.250034,0.0025,10313,8766,50,8x 11th Gen Intel(R) Core(TM) i7-1165G7 @ 2.80GHz
fgr,medium,16,0.02691787273935539,1.9425723269676868e-05,True,3.0296,1.0,0.001026,6696,bunny.ply,0.250034,0.0025,10313,8766,50,8x 11th Gen Intel(R) Core(TM) i7-1165G7 @ 2.80GHz
icp_pt2pt,medium,17,1.4285667031897207,0.002216087076661342,True,0.5964,1.0,0.00132,6688,bunny.ply,0.250034,0.0025,10313,8766,50,8x 11th Gen Intel(R) Core(TM) i7-1165G7 @ 2.80GHz
icp_pt2pl,medium,17,0.043495106584312555,0.0001414038152773119,True,0.3334,1.0,0.001023,6688,bunny.ply,0.250034,0.0025,10313,8766,50,8x 11th Gen Intel(R) Core(TM) i7-1165G7 @ 2.80GHz
fpfh_ransac,medium,17,0.04460020360299954,0.00014174824335614863,True,2.1606,1.0,0.001023,6688,bunny.ply,0.250034,0.0025,10313,8766,50,8x 11th Gen Intel(R) Core(TM) i7-1165G7 @ 2.80GHz
fgr,medium,17,0.04396347706599547,0.0001478432878070635,True,2.6154,1.0,0.001023,6688,bunny.ply,0.250034,0.0025,10313,8766,50,8x 11th Gen Intel(R) Core(TM) i7-1165G7 @ 2.80GHz
icp_pt2pt,medium,18,30.145313256484126,0.11937158220359044,False,0.6041,0.230058,0.002894,1543,bunny.ply,0.250034,0.0025,10313,8766,50,8x 11th Gen Intel(R) Core(TM) i7-1165G7 @ 2.80GHz
icp_pt2pl,medium,18,6.233305645696151,0.018250278396505126,False,0.9768,0.867303,0.00264,5817,bunny.ply,0.250034,0.0025,10313,8766,50,8x 11th Gen Intel(R) Core(TM) i7-1165G7 @ 2.80GHz
fpfh_ransac,medium,18,0.028333788261977095,0.00010466981288822907,True,3.2609,1.0,0.001014,6707,bunny.ply,0.250034,0.0025,10313,8766,50,8x 11th Gen Intel(R) Core(TM) i7-1165G7 @ 2.80GHz
fgr,medium,18,0.027450878741074266,0.00010343572218950004,True,2.347,1.0,0.001014,6707,bunny.ply,0.250034,0.0025,10313,8766,50,8x 11th Gen Intel(R) Core(TM) i7-1165G7 @ 2.80GHz
icp_pt2pt,medium,19,22.263627563088967,0.22777856893252216,False,0.5571,0.062472,0.002889,419,bunny.ply,0.250034,0.0025,10313,8766,50,8x 11th Gen Intel(R) Core(TM) i7-1165G7 @ 2.80GHz
icp_pt2pl,medium,19,32.732182138820086,0.15669431771031933,False,0.9117,0.187118,0.00292,1255,bunny.ply,0.250034,0.0025,10313,8766,50,8x 11th Gen Intel(R) Core(TM) i7-1165G7 @ 2.80GHz
fpfh_ransac,medium,19,0.048335319508969875,0.0001669250107092655,True,3.3078,1.0,0.00102,6707,bunny.ply,0.250034,0.0025,10313,8766,50,8x 11th Gen Intel(R) Core(TM) i7-1165G7 @ 2.80GHz
fgr,medium,19,0.04682304022911426,0.00015752127544070433,True,2.7433,1.0,0.00102,6707,bunny.ply,0.250034,0.0025,10313,8766,50,8x 11th Gen Intel(R) Core(TM) i7-1165G7 @ 2.80GHz
icp_pt2pt,medium,20,10.573608877722954,0.011279972670454228,False,0.4419,0.661113,0.002849,4444,bunny.ply,0.250034,0.0025,10313,8766,50,8x 11th Gen Intel(R) Core(TM) i7-1165G7 @ 2.80GHz
icp_pt2pl,medium,20,0.037315147364582586,3.7043061514366176e-05,True,0.2757,1.0,0.001017,6722,bunny.ply,0.250034,0.0025,10313,8766,50,8x 11th Gen Intel(R) Core(TM) i7-1165G7 @ 2.80GHz
fpfh_ransac,medium,20,0.03330257395091992,3.367080265679374e-05,True,1.9359,1.0,0.001017,6722,bunny.ply,0.250034,0.0025,10313,8766,50,8x 11th Gen Intel(R) Core(TM) i7-1165G7 @ 2.80GHz
fgr,medium,20,0.03452366514359218,3.631103750570844e-05,True,2.3782,1.0,0.001017,6722,bunny.ply,0.250034,0.0025,10313,8766,50,8x 11th Gen Intel(R) Core(TM) i7-1165G7 @ 2.80GHz
icp_pt2pt,medium,21,2.1666852724285603,0.006182041541088079,False,0.7352,0.998352,0.001678,6663,bunny.ply,0.250034,0.0025,10313,8766,50,8x 11th Gen Intel(R) Core(TM) i7-1165G7 @ 2.80GHz
icp_pt2pl,medium,21,0.03234789434989411,0.00012944842212238576,True,0.3609,1.0,0.001015,6674,bunny.ply,0.250034,0.0025,10313,8766,50,8x 11th Gen Intel(R) Core(TM) i7-1165G7 @ 2.80GHz
fpfh_ransac,medium,21,0.0333431763260249,0.00013491974662227445,True,3.3844,1.0,0.001015,6674,bunny.ply,0.250034,0.0025,10313,8766,50,8x 11th Gen Intel(R) Core(TM) i7-1165G7 @ 2.80GHz
fgr,medium,21,0.03209662262027172,0.00013201975464312117,True,2.4444,1.0,0.001015,6674,bunny.ply,0.250034,0.0025,10313,8766,50,8x 11th Gen Intel(R) Core(TM) i7-1165G7 @ 2.80GHz
icp_pt2pt,medium,22,24.036632496330906,0.0412159426112621,False,0.4892,0.444078,0.002691,2966,bunny.ply,0.250034,0.0025,10313,8766,50,8x 11th Gen Intel(R) Core(TM) i7-1165G7 @ 2.80GHz
icp_pt2pl,medium,22,0.03995262597047762,7.17380596509651e-05,True,0.5715,1.0,0.001021,6679,bunny.ply,0.250034,0.0025,10313,8766,50,8x 11th Gen Intel(R) Core(TM) i7-1165G7 @ 2.80GHz
fpfh_ransac,medium,22,0.04156963663092032,7.584756263337336e-05,True,3.2672,1.0,0.001021,6679,bunny.ply,0.250034,0.0025,10313,8766,50,8x 11th Gen Intel(R) Core(TM) i7-1165G7 @ 2.80GHz
fgr,medium,22,0.04114990543812627,7.257992164426514e-05,True,2.1204,1.0,0.001021,6679,bunny.ply,0.250034,0.0025,10313,8766,50,8x 11th Gen Intel(R) Core(TM) i7-1165G7 @ 2.80GHz
icp_pt2pt,medium,23,27.604717867536987,0.03857624976812945,False,0.5273,0.473864,0.002777,3182,bunny.ply,0.250034,0.0025,10313,8766,50,8x 11th Gen Intel(R) Core(TM) i7-1165G7 @ 2.80GHz
icp_pt2pl,medium,23,0.020095564392728433,7.681989280970598e-05,True,0.4152,1.0,0.001016,6715,bunny.ply,0.250034,0.0025,10313,8766,50,8x 11th Gen Intel(R) Core(TM) i7-1165G7 @ 2.80GHz
fpfh_ransac,medium,23,0.019131162245476764,7.536822232508461e-05,True,2.6788,1.0,0.001016,6715,bunny.ply,0.250034,0.0025,10313,8766,50,8x 11th Gen Intel(R) Core(TM) i7-1165G7 @ 2.80GHz
fgr,medium,23,0.019120735698579232,7.366479593751118e-05,True,2.8484,1.0,0.001016,6715,bunny.ply,0.250034,0.0025,10313,8766,50,8x 11th Gen Intel(R) Core(TM) i7-1165G7 @ 2.80GHz
icp_pt2pt,medium,24,12.790568587135361,0.21780550408423516,False,0.5727,0.159125,0.002877,1076,bunny.ply,0.250034,0.0025,10313,8766,50,8x 11th Gen Intel(R) Core(TM) i7-1165G7 @ 2.80GHz
icp_pt2pl,medium,24,27.339458941197996,0.16583233881975137,False,1.1699,0.244159,0.002843,1651,bunny.ply,0.250034,0.0025,10313,8766,50,8x 11th Gen Intel(R) Core(TM) i7-1165G7 @ 2.80GHz
fpfh_ransac,medium,24,0.06408173793564043,7.108379224969428e-05,True,1.4294,1.0,0.001016,6762,bunny.ply,0.250034,0.0025,10313,8766,50,8x 11th Gen Intel(R) Core(TM) i7-1165G7 @ 2.80GHz
fgr,medium,24,0.06329232007148312,6.69519282789988e-05,True,1.7928,1.0,0.001016,6762,bunny.ply,0.250034,0.0025,10313,8766,50,8x 11th Gen Intel(R) Core(TM) i7-1165G7 @ 2.80GHz
icp_pt2pt,medium,25,0.05818953364202645,8.552046018336285e-05,True,0.733,1.0,0.001021,6707,bunny.ply,0.250034,0.0025,10313,8766,50,8x 11th Gen Intel(R) Core(TM) i7-1165G7 @ 2.80GHz
icp_pt2pl,medium,25,0.042031642346364494,0.00012635874391374565,True,0.3238,1.0,0.001021,6707,bunny.ply,0.250034,0.0025,10313,8766,50,8x 11th Gen Intel(R) Core(TM) i7-1165G7 @ 2.80GHz
fpfh_ransac,medium,25,0.04189194705359557,0.00012694121816992794,True,3.5036,1.0,0.001021,6707,bunny.ply,0.250034,0.0025,10313,8766,50,8x 11th Gen Intel(R) Core(TM) i7-1165G7 @ 2.80GHz
fgr,medium,25,0.04201879710592279,0.00012632404020210822,True,2.049,1.0,0.001021,6707,bunny.ply,0.250034,0.0025,10313,8766,50,8x 11th Gen Intel(R) Core(TM) i7-1165G7 @ 2.80GHz
icp_pt2pt,medium,26,27.460422914020867,0.06206678290702444,False,0.4855,0.287757,0.002868,1932,bunny.ply,0.250034,0.0025,10313,8766,50,8x 11th Gen Intel(R) Core(TM) i7-1165G7 @ 2.80GHz
icp_pt2pl,medium,26,0.04827583004567615,0.00010071191453042519,True,0.5924,1.0,0.001025,6714,bunny.ply,0.250034,0.0025,10313,8766,50,8x 11th Gen Intel(R) Core(TM) i7-1165G7 @ 2.80GHz
fpfh_ransac,medium,26,0.04867480335731509,0.00010090992886115124,True,3.057,1.0,0.001025,6714,bunny.ply,0.250034,0.0025,10313,8766,50,8x 11th Gen Intel(R) Core(TM) i7-1165G7 @ 2.80GHz
fgr,medium,26,0.04935101310705326,0.00010367000016333537,True,1.6009,1.0,0.001025,6714,bunny.ply,0.250034,0.0025,10313,8766,50,8x 11th Gen Intel(R) Core(TM) i7-1165G7 @ 2.80GHz
icp_pt2pt,medium,27,0.05013887707522,0.0002828827212621373,True,0.2788,1.0,0.001017,6728,bunny.ply,0.250034,0.0025,10313,8766,50,8x 11th Gen Intel(R) Core(TM) i7-1165G7 @ 2.80GHz
icp_pt2pl,medium,27,0.025617881877952633,5.2992363892967235e-05,True,0.1417,1.0,0.001018,6728,bunny.ply,0.250034,0.0025,10313,8766,50,8x 11th Gen Intel(R) Core(TM) i7-1165G7 @ 2.80GHz
fpfh_ransac,medium,27,0.025248799913188454,5.431705516529111e-05,True,2.7766,1.0,0.001018,6728,bunny.ply,0.250034,0.0025,10313,8766,50,8x 11th Gen Intel(R) Core(TM) i7-1165G7 @ 2.80GHz
fgr,medium,27,0.024788766795034452,5.330787001775567e-05,True,2.3223,1.0,0.001018,6728,bunny.ply,0.250034,0.0025,10313,8766,50,8x 11th Gen Intel(R) Core(TM) i7-1165G7 @ 2.80GHz
icp_pt2pt,medium,28,9.10486420559818,0.0889567895965314,False,0.5365,0.290487,0.002919,1939,bunny.ply,0.250034,0.0025,10313,8766,50,8x 11th Gen Intel(R) Core(TM) i7-1165G7 @ 2.80GHz
icp_pt2pl,medium,28,0.038328951172342834,8.689801728118891e-05,True,0.5359,1.0,0.001019,6675,bunny.ply,0.250034,0.0025,10313,8766,50,8x 11th Gen Intel(R) Core(TM) i7-1165G7 @ 2.80GHz
fpfh_ransac,medium,28,0.03840359476174408,8.744799953294307e-05,True,4.3829,1.0,0.001019,6675,bunny.ply,0.250034,0.0025,10313,8766,50,8x 11th Gen Intel(R) Core(TM) i7-1165G7 @ 2.80GHz
fgr,medium,28,0.035840293728173454,8.03499433748184e-05,True,2.2819,1.0,0.001019,6675,bunny.ply,0.250034,0.0025,10313,8766,50,8x 11th Gen Intel(R) Core(TM) i7-1165G7 @ 2.80GHz
icp_pt2pt,medium,29,12.910722814239136,0.01836928091490295,False,0.4021,0.806653,0.002464,5432,bunny.ply,0.250034,0.0025,10313,8766,50,8x 11th Gen Intel(R) Core(TM) i7-1165G7 @ 2.80GHz
icp_pt2pl,medium,29,0.045141303779823394,8.402287449423742e-05,True,0.254,1.0,0.001013,6734,bunny.ply,0.250034,0.0025,10313,8766,50,8x 11th Gen Intel(R) Core(TM) i7-1165G7 @ 2.80GHz
fpfh_ransac,medium,29,0.04517204607918586,8.416389470462587e-05,True,2.0164,1.0,0.001013,6734,bunny.ply,0.250034,0.0025,10313,8766,50,8x 11th Gen Intel(R) Core(TM) i7-1165G7 @ 2.80GHz
fgr,medium,29,0.04292112984816804,7.681042400747958e-05,True,3.2312,1.0,0.001013,6734,bunny.ply,0.250034,0.0025,10313,8766,50,8x 11th Gen Intel(R) Core(TM) i7-1165G7 @ 2.80GHz
icp_pt2pt,medium,30,27.95083569217422,0.12209326555077674,False,0.4779,0.281213,0.002946,1892,bunny.ply,0.250034,0.0025,10313,8766,50,8x 11th Gen Intel(R) Core(TM) i7-1165G7 @ 2.80GHz
icp_pt2pl,medium,30,0.02221162370374285,7.921354298786916e-05,True,0.9715,1.0,0.001022,6728,bunny.ply,0.250034,0.0025,10313,8766,50,8x 11th Gen Intel(R) Core(TM) i7-1165G7 @ 2.80GHz
fpfh_ransac,medium,30,0.023350853419471785,8.552154719931083e-05,True,1.9075,1.0,0.001022,6728,bunny.ply,0.250034,0.0025,10313,8766,50,8x 11th Gen Intel(R) Core(TM) i7-1165G7 @ 2.80GHz
fgr,medium,30,0.0224146202192626,8.441413364258815e-05,True,3.1448,1.0,0.001022,6728,bunny.ply,0.250034,0.0025,10313,8766,50,8x 11th Gen Intel(R) Core(TM) i7-1165G7 @ 2.80GHz
icp_pt2pt,medium,31,18.42145799482311,0.11765255119866123,False,0.8406,0.188142,0.002927,1263,bunny.ply,0.250034,0.0025,10313,8766,50,8x 11th Gen Intel(R) Core(TM) i7-1165G7 @ 2.80GHz
icp_pt2pl,medium,31,0.057885658730148684,0.0001558906185766501,True,1.5329,1.0,0.001017,6713,bunny.ply,0.250034,0.0025,10313,8766,50,8x 11th Gen Intel(R) Core(TM) i7-1165G7 @ 2.80GHz
fpfh_ransac,medium,31,0.056439625954335514,0.00015912015499506353,True,2.76,1.0,0.001017,6713,bunny.ply,0.250034,0.0025,10313,8766,50,8x 11th Gen Intel(R) Core(TM) i7-1165G7 @ 2.80GHz
fgr,medium,31,0.05998218181534227,0.00015616647436504416,True,2.6563,1.0,0.001017,6713,bunny.ply,0.250034,0.0025,10313,8766,50,8x 11th Gen Intel(R) Core(TM) i7-1165G7 @ 2.80GHz
icp_pt2pt,medium,32,22.82126181743663,0.04820539002227747,False,0.571,0.578664,0.002569,3873,bunny.ply,0.250034,0.0025,10313,8766,50,8x 11th Gen Intel(R) Core(TM) i7-1165G7 @ 2.80GHz
icp_pt2pl,medium,32,0.055455425060090935,5.775189968881069e-05,True,0.6358,1.0,0.001025,6693,bunny.ply,0.250034,0.0025,10313,8766,50,8x 11th Gen Intel(R) Core(TM) i7-1165G7 @ 2.80GHz
fpfh_ransac,medium,32,0.05601313470479408,5.807738856021816e-05,True,2.5208,1.0,0.001025,6693,bunny.ply,0.250034,0.0025,10313,8766,50,8x 11th Gen Intel(R) Core(TM) i7-1165G7 @ 2.80GHz
fgr,medium,32,0.05700399881347211,6.0102852600657164e-05,True,2.3017,1.0,0.001025,6693,bunny.ply,0.250034,0.0025,10313,8766,50,8x 11th Gen Intel(R) Core(TM) i7-1165G7 @ 2.80GHz
icp_pt2pt,medium,33,34.27839747180467,0.22805589223614237,False,0.5312,0.136113,0.002992,914,bunny.ply,0.250034,0.0025,10313,8766,50,8x 11th Gen Intel(R) Core(TM) i7-1165G7 @ 2.80GHz
icp_pt2pl,medium,33,18.747177014085054,0.19225881297265554,False,0.8338,0.200149,0.002863,1344,bunny.ply,0.250034,0.0025,10313,8766,50,8x 11th Gen Intel(R) Core(TM) i7-1165G7 @ 2.80GHz
fpfh_ransac,medium,33,0.01358675876832694,0.00016011072203407552,True,2.8118,1.0,0.001024,6715,bunny.ply,0.250034,0.0025,10313,8766,50,8x 11th Gen Intel(R) Core(TM) i7-1165G7 @ 2.80GHz
fgr,medium,33,0.01355526572526699,0.00015966866879622512,True,1.9244,1.0,0.001024,6715,bunny.ply,0.250034,0.0025,10313,8766,50,8x 11th Gen Intel(R) Core(TM) i7-1165G7 @ 2.80GHz
icp_pt2pt,medium,34,25.070345932695037,0.125276598853278,False,0.5873,0.282288,0.002836,1895,bunny.ply,0.250034,0.0025,10313,8766,50,8x 11th Gen Intel(R) Core(TM) i7-1165G7 @ 2.80GHz
icp_pt2pl,medium,34,24.11148898685384,0.06699038510064792,False,0.8738,0.37837,0.002955,2540,bunny.ply,0.250034,0.0025,10313,8766,50,8x 11th Gen Intel(R) Core(TM) i7-1165G7 @ 2.80GHz
fpfh_ransac,medium,34,0.0519401798408161,0.00015477313089447292,True,1.6215,1.0,0.001016,6713,bunny.ply,0.250034,0.0025,10313,8766,50,8x 11th Gen Intel(R) Core(TM) i7-1165G7 @ 2.80GHz
fgr,medium,34,0.0526076174073825,0.00015692034374196397,True,2.1139,1.0,0.001016,6713,bunny.ply,0.250034,0.0025,10313,8766,50,8x 11th Gen Intel(R) Core(TM) i7-1165G7 @ 2.80GHz
icp_pt2pt,medium,35,31.83845867283449,0.025918381135905222,False,0.4965,0.488976,0.00282,3260,bunny.ply,0.250034,0.0025,10313,8766,50,8x 11th Gen Intel(R) Core(TM) i7-1165G7 @ 2.80GHz
icp_pt2pl,medium,35,0.010051873570970742,7.422369766938487e-05,True,0.8316,1.0,0.00102,6667,bunny.ply,0.250034,0.0025,10313,8766,50,8x 11th Gen Intel(R) Core(TM) i7-1165G7 @ 2.80GHz
fpfh_ransac,medium,35,0.011374055206611736,7.12316952956995e-05,True,2.3032,1.0,0.00102,6667,bunny.ply,0.250034,0.0025,10313,8766,50,8x 11th Gen Intel(R) Core(TM) i7-1165G7 @ 2.80GHz
fgr,medium,35,0.009966131199222837,7.442555084489493e-05,True,2.8477,1.0,0.00102,6667,bunny.ply,0.250034,0.0025,10313,8766,50,8x 11th Gen Intel(R) Core(TM) i7-1165G7 @ 2.80GHz
icp_pt2pt,medium,36,8.232773434467381,0.05004997679745346,False,0.5081,0.593397,0.002694,3990,bunny.ply,0.250034,0.0025,10313,8766,50,8x 11th Gen Intel(R) Core(TM) i7-1165G7 @ 2.80GHz
icp_pt2pl,medium,36,0.022879300924518266,9.815075935897322e-05,True,0.3381,1.0,0.001011,6724,bunny.ply,0.250034,0.0025,10313,8766,50,8x 11th Gen Intel(R) Core(TM) i7-1165G7 @ 2.80GHz
fpfh_ransac,medium,36,0.022839319882743,9.903148250353197e-05,True,1.9817,1.0,0.001011,6724,bunny.ply,0.250034,0.0025,10313,8766,50,8x 11th Gen Intel(R) Core(TM) i7-1165G7 @ 2.80GHz
fgr,medium,36,0.023146600276038137,9.775340617487382e-05,True,2.0447,1.0,0.001011,6724,bunny.ply,0.250034,0.0025,10313,8766,50,8x 11th Gen Intel(R) Core(TM) i7-1165G7 @ 2.80GHz
icp_pt2pt,medium,37,1.813054662421644,0.1792471117608875,False,0.5203,0.14978,0.002916,986,bunny.ply,0.250034,0.0025,10313,8766,50,8x 11th Gen Intel(R) Core(TM) i7-1165G7 @ 2.80GHz
icp_pt2pl,medium,37,21.963838142313282,0.09974109295392634,False,1.277,0.516786,0.002933,3402,bunny.ply,0.250034,0.0025,10313,8766,50,8x 11th Gen Intel(R) Core(TM) i7-1165G7 @ 2.80GHz
fpfh_ransac,medium,37,0.046287590755577285,0.0001387004359199789,True,2.4912,1.0,0.001033,6583,bunny.ply,0.250034,0.0025,10313,8766,50,8x 11th Gen Intel(R) Core(TM) i7-1165G7 @ 2.80GHz
fgr,medium,37,0.047018526882355326,0.00013947753683474386,True,2.1946,1.0,0.001033,6583,bunny.ply,0.250034,0.0025,10313,8766,50,8x 11th Gen Intel(R) Core(TM) i7-1165G7 @ 2.80GHz
icp_pt2pt,medium,38,19.988534604053555,0.23688999970433636,False,0.6572,0.091844,0.003063,616,bunny.ply,0.250034,0.0025,10313,8766,50,8x 11th Gen Intel(R) Core(TM) i7-1165G7 @ 2.80GHz
icp_pt2pl,medium,38,17.92999783149715,0.1815938503065816,False,1.014,0.124199,0.002925,833,bunny.ply,0.250034,0.0025,10313,8766,50,8x 11th Gen Intel(R) Core(TM) i7-1165G7 @ 2.80GHz
fpfh_ransac,medium,38,0.03965722283453159,0.0002810693454051452,True,2.1088,1.0,0.001015,6707,bunny.ply,0.250034,0.0025,10313,8766,50,8x 11th Gen Intel(R) Core(TM) i7-1165G7 @ 2.80GHz
fgr,medium,38,0.03719374727292099,0.000269494257773343,True,2.0503,1.0,0.001015,6707,bunny.ply,0.250034,0.0025,10313,8766,50,8x 11th Gen Intel(R) Core(TM) i7-1165G7 @ 2.80GHz
icp_pt2pt,medium,39,3.8576418858210206,0.1354377828178997,False,0.4791,0.215239,0.002936,1435,bunny.ply,0.250034,0.0025,10313,8766,50,8x 11th Gen Intel(R) Core(TM) i7-1165G7 @ 2.80GHz
icp_pt2pl,medium,39,0.0246327886167307,1.2267521724481642e-05,True,0.6955,1.0,0.001022,6667,bunny.ply,0.250034,0.0025,10313,8766,50,8x 11th Gen Intel(R) Core(TM) i7-1165G7 @ 2.80GHz
fpfh_ransac,medium,39,0.025817774390494604,1.2020188301825157e-05,True,1.5723,1.0,0.001022,6667,bunny.ply,0.250034,0.0025,10313,8766,50,8x 11th Gen Intel(R) Core(TM) i7-1165G7 @ 2.80GHz
fgr,medium,39,0.02508727796131578,1.3374983753685988e-05,True,1.6978,1.0,0.001022,6667,bunny.ply,0.250034,0.0025,10313,8766,50,8x 11th Gen Intel(R) Core(TM) i7-1165G7 @ 2.80GHz
icp_pt2pt,medium,40,41.400918974924934,0.16978488937123268,False,0.4947,0.182596,0.002936,1217,bunny.ply,0.250034,0.0025,10313,8766,50,8x 11th Gen Intel(R) Core(TM) i7-1165G7 @ 2.80GHz
icp_pt2pl,medium,40,41.46035162797022,0.15281788612133038,False,0.8357,0.315679,0.002857,2104,bunny.ply,0.250034,0.0025,10313,8766,50,8x 11th Gen Intel(R) Core(TM) i7-1165G7 @ 2.80GHz
fpfh_ransac,medium,40,0.040351316362877414,0.00010709989111741263,True,2.1541,1.0,0.001026,6665,bunny.ply,0.250034,0.0025,10313,8766,50,8x 11th Gen Intel(R) Core(TM) i7-1165G7 @ 2.80GHz
fgr,medium,40,0.04104471629878031,0.00011637814756072398,True,1.8695,1.0,0.001026,6665,bunny.ply,0.250034,0.0025,10313,8766,50,8x 11th Gen Intel(R) Core(TM) i7-1165G7 @ 2.80GHz
icp_pt2pt,medium,41,33.41096967405018,0.012881741904091651,False,0.4344,0.457216,0.002839,3051,bunny.ply,0.250034,0.0025,10313,8766,50,8x 11th Gen Intel(R) Core(TM) i7-1165G7 @ 2.80GHz
icp_pt2pl,medium,41,0.018836697348761818,0.000109911992810935,True,0.3528,1.0,0.00102,6673,bunny.ply,0.250034,0.0025,10313,8766,50,8x 11th Gen Intel(R) Core(TM) i7-1165G7 @ 2.80GHz
fpfh_ransac,medium,41,0.019459064632533454,0.00010821985753386221,True,1.7003,1.0,0.00102,6673,bunny.ply,0.250034,0.0025,10313,8766,50,8x 11th Gen Intel(R) Core(TM) i7-1165G7 @ 2.80GHz
fgr,medium,41,0.019692558481632504,0.00011142648614527346,True,1.7459,1.0,0.00102,6673,bunny.ply,0.250034,0.0025,10313,8766,50,8x 11th Gen Intel(R) Core(TM) i7-1165G7 @ 2.80GHz
icp_pt2pt,medium,42,14.92635391027191,0.06840617654194726,False,0.3781,0.482995,0.002866,3238,bunny.ply,0.250034,0.0025,10313,8766,50,8x 11th Gen Intel(R) Core(TM) i7-1165G7 @ 2.80GHz
icp_pt2pl,medium,42,0.06743605347857688,0.00015306108531689655,True,0.3183,1.0,0.001016,6704,bunny.ply,0.250034,0.0025,10313,8766,50,8x 11th Gen Intel(R) Core(TM) i7-1165G7 @ 2.80GHz
fpfh_ransac,medium,42,0.06788346989346222,0.00015746728872668845,True,1.8506,1.0,0.001016,6704,bunny.ply,0.250034,0.0025,10313,8766,50,8x 11th Gen Intel(R) Core(TM) i7-1165G7 @ 2.80GHz
fgr,medium,42,0.06664385431543014,0.00015465628115712474,True,1.88,1.0,0.001016,6704,bunny.ply,0.250034,0.0025,10313,8766,50,8x 11th Gen Intel(R) Core(TM) i7-1165G7 @ 2.80GHz
icp_pt2pt,medium,43,9.581561025325094,0.0055639729547119115,False,0.4356,0.813041,0.002539,5449,bunny.ply,0.250034,0.0025,10313,8766,50,8x 11th Gen Intel(R) Core(TM) i7-1165G7 @ 2.80GHz
icp_pt2pl,medium,43,0.05404594818530979,0.00012417848273172234,True,0.2243,1.0,0.001023,6702,bunny.ply,0.250034,0.0025,10313,8766,50,8x 11th Gen Intel(R) Core(TM) i7-1165G7 @ 2.80GHz
fpfh_ransac,medium,43,0.05195744611361057,0.0001270333133322289,True,1.7442,1.0,0.001023,6702,bunny.ply,0.250034,0.0025,10313,8766,50,8x 11th Gen Intel(R) Core(TM) i7-1165G7 @ 2.80GHz
fgr,medium,43,0.05361544827722279,0.00012156563839073446,True,1.6762,1.0,0.001023,6702,bunny.ply,0.250034,0.0025,10313,8766,50,8x 11th Gen Intel(R) Core(TM) i7-1165G7 @ 2.80GHz
icp_pt2pt,medium,44,32.90342661550823,0.025854809061290677,False,0.4231,0.332584,0.002593,2218,bunny.ply,0.250034,0.0025,10313,8766,50,8x 11th Gen Intel(R) Core(TM) i7-1165G7 @ 2.80GHz
icp_pt2pl,medium,44,0.020979382151735095,9.122932777758702e-05,True,0.4676,1.0,0.001027,6669,bunny.ply,0.250034,0.0025,10313,8766,50,8x 11th Gen Intel(R) Core(TM) i7-1165G7 @ 2.80GHz
fpfh_ransac,medium,44,0.021368978204520352,9.805695927182138e-05,True,1.7169,1.0,0.001027,6669,bunny.ply,0.250034,0.0025,10313,8766,50,8x 11th Gen Intel(R) Core(TM) i7-1165G7 @ 2.80GHz
fgr,medium,44,0.02069247184015858,9.384139030437828e-05,True,1.6483,1.0,0.001027,6669,bunny.ply,0.250034,0.0025,10313,8766,50,8x 11th Gen Intel(R) Core(TM) i7-1165G7 @ 2.80GHz
icp_pt2pt,medium,45,41.854242211160255,0.24444487724364555,False,0.3792,0.130108,0.003065,866,bunny.ply,0.250034,0.0025,10313,8766,50,8x 11th Gen Intel(R) Core(TM) i7-1165G7 @ 2.80GHz
icp_pt2pl,medium,45,48.0431258826326,0.2584293011403519,False,0.6381,0.141977,0.003001,945,bunny.ply,0.250034,0.0025,10313,8766,50,8x 11th Gen Intel(R) Core(TM) i7-1165G7 @ 2.80GHz
fpfh_ransac,medium,45,0.030012853761665088,7.939065860417606e-05,True,2.2006,1.0,0.001022,6656,bunny.ply,0.250034,0.0025,10313,8766,50,8x 11th Gen Intel(R) Core(TM) i7-1165G7 @ 2.80GHz
fgr,medium,45,0.025515306757165852,6.616401344942553e-05,True,1.6178,1.0,0.001022,6656,bunny.ply,0.250034,0.0025,10313,8766,50,8x 11th Gen Intel(R) Core(TM) i7-1165G7 @ 2.80GHz
icp_pt2pt,medium,46,10.452110684653467,0.09982457376717101,False,0.3797,0.2967,0.00288,1987,bunny.ply,0.250034,0.0025,10313,8766,50,8x 11th Gen Intel(R) Core(TM) i7-1165G7 @ 2.80GHz
icp_pt2pl,medium,46,0.041321281624571674,6.304620735773296e-05,True,0.3785,1.0,0.001023,6697,bunny.ply,0.250034,0.0025,10313,8766,50,8x 11th Gen Intel(R) Core(TM) i7-1165G7 @ 2.80GHz
fpfh_ransac,medium,46,0.04066432718953778,5.589670399529155e-05,True,1.9392,1.0,0.001023,6697,bunny.ply,0.250034,0.0025,10313,8766,50,8x 11th Gen Intel(R) Core(TM) i7-1165G7 @ 2.80GHz
fgr,medium,46,0.04167609582843575,5.678592286568748e-05,True,2.2337,1.0,0.001023,6697,bunny.ply,0.250034,0.0025,10313,8766,50,8x 11th Gen Intel(R) Core(TM) i7-1165G7 @ 2.80GHz
icp_pt2pt,medium,47,9.353034151431535,0.12519207941160887,False,0.532,0.219194,0.002889,1464,bunny.ply,0.250034,0.0025,10313,8766,50,8x 11th Gen Intel(R) Core(TM) i7-1165G7 @ 2.80GHz
icp_pt2pl,medium,47,0.03150553579665045,5.489718659346718e-05,True,0.5657,1.0,0.001018,6679,bunny.ply,0.250034,0.0025,10313,8766,50,8x 11th Gen Intel(R) Core(TM) i7-1165G7 @ 2.80GHz
fpfh_ransac,medium,47,0.030935686818431438,5.852375275257332e-05,True,1.4231,1.0,0.001018,6679,bunny.ply,0.250034,0.0025,10313,8766,50,8x 11th Gen Intel(R) Core(TM) i7-1165G7 @ 2.80GHz
fgr,medium,47,0.030482165386410746,6.0555732111977506e-05,True,1.7696,1.0,0.001018,6679,bunny.ply,0.250034,0.0025,10313,8766,50,8x 11th Gen Intel(R) Core(TM) i7-1165G7 @ 2.80GHz
icp_pt2pt,medium,48,0.07688255357238673,0.0001067798278309649,True,0.3541,1.0,0.001012,6700,bunny.ply,0.250034,0.0025,10313,8766,50,8x 11th Gen Intel(R) Core(TM) i7-1165G7 @ 2.80GHz
icp_pt2pl,medium,48,0.03883545294938316,9.051902321534956e-05,True,0.1577,1.0,0.001012,6700,bunny.ply,0.250034,0.0025,10313,8766,50,8x 11th Gen Intel(R) Core(TM) i7-1165G7 @ 2.80GHz
fpfh_ransac,medium,48,0.03862919699188938,9.016266848074189e-05,True,1.4593,1.0,0.001012,6700,bunny.ply,0.250034,0.0025,10313,8766,50,8x 11th Gen Intel(R) Core(TM) i7-1165G7 @ 2.80GHz
fgr,medium,48,0.03935123156475108,9.065804125085839e-05,True,1.469,1.0,0.001012,6700,bunny.ply,0.250034,0.0025,10313,8766,50,8x 11th Gen Intel(R) Core(TM) i7-1165G7 @ 2.80GHz
icp_pt2pt,medium,49,24.55141155268834,0.01730445316228906,False,0.3073,0.518989,0.002803,3471,bunny.ply,0.250034,0.0025,10313,8766,50,8x 11th Gen Intel(R) Core(TM) i7-1165G7 @ 2.80GHz
icp_pt2pl,medium,49,0.023404781618282088,9.873687923763189e-05,True,0.3873,1.0,0.00102,6688,bunny.ply,0.250034,0.0025,10313,8766,50,8x 11th Gen Intel(R) Core(TM) i7-1165G7 @ 2.80GHz
fpfh_ransac,medium,49,0.022509937709222348,9.561764293053593e-05,True,1.1522,1.0,0.00102,6688,bunny.ply,0.250034,0.0025,10313,8766,50,8x 11th Gen Intel(R) Core(TM) i7-1165G7 @ 2.80GHz
fgr,medium,49,0.02276526768415169,9.875412761658761e-05,True,1.485,1.0,0.00102,6688,bunny.ply,0.250034,0.0025,10313,8766,50,8x 11th Gen Intel(R) Core(TM) i7-1165G7 @ 2.80GHz
icp_pt2pt,hard,0,121.22231737922776,0.3250763242024395,False,0.4544,0.183563,0.002953,918,bunny.ply,0.250034,0.0025,10313,6188,50,8x 11th Gen Intel(R) Core(TM) i7-1165G7 @ 2.80GHz
icp_pt2pl,hard,0,129.5017387365266,0.3360749183383758,False,0.5987,0.235553,0.002849,1178,bunny.ply,0.250034,0.0025,10313,6188,50,8x 11th Gen Intel(R) Core(TM) i7-1165G7 @ 2.80GHz
fpfh_ransac,hard,0,0.09068734339825928,0.0004969471943937902,True,2.3068,1.0,0.001627,5001,bunny.ply,0.250034,0.0025,10313,6188,50,8x 11th Gen Intel(R) Core(TM) i7-1165G7 @ 2.80GHz
fgr,hard,0,142.30838477189204,0.5942481205555215,False,1.2445,0.258948,0.002887,1295,bunny.ply,0.250034,0.0025,10313,6188,50,8x 11th Gen Intel(R) Core(TM) i7-1165G7 @ 2.80GHz
icp_pt2pt,hard,1,52.39737881040399,0.46449404131868166,False,0.0215,0.0,0.0,0,bunny.ply,0.250034,0.0025,10313,6188,50,8x 11th Gen Intel(R) Core(TM) i7-1165G7 @ 2.80GHz
icp_pt2pl,hard,1,52.39737881040399,0.46449404131868166,False,0.0552,0.0,0.0,0,bunny.ply,0.250034,0.0025,10313,6188,50,8x 11th Gen Intel(R) Core(TM) i7-1165G7 @ 2.80GHz
fpfh_ransac,hard,1,0.050383026007513126,0.0003366993318692179,True,1.4043,0.999798,0.001612,4939,bunny.ply,0.250034,0.0025,10313,6188,50,8x 11th Gen Intel(R) Core(TM) i7-1165G7 @ 2.80GHz
fgr,hard,1,0.04783035902169905,0.0003407745886465991,True,1.8562,0.999798,0.001612,4939,bunny.ply,0.250034,0.0025,10313,6188,50,8x 11th Gen Intel(R) Core(TM) i7-1165G7 @ 2.80GHz
icp_pt2pt,hard,2,58.27850993160338,0.20760842282698175,False,0.3343,0.270515,0.002999,1345,bunny.ply,0.250034,0.0025,10313,6188,50,8x 11th Gen Intel(R) Core(TM) i7-1165G7 @ 2.80GHz
icp_pt2pl,hard,2,57.87169492697337,0.20046848538512932,False,0.5734,0.281577,0.00298,1400,bunny.ply,0.250034,0.0025,10313,6188,50,8x 11th Gen Intel(R) Core(TM) i7-1165G7 @ 2.80GHz
fpfh_ransac,hard,2,171.54146294421182,0.3470746120388757,False,1.9233,0.370475,0.00289,1842,bunny.ply,0.250034,0.0025,10313,6188,50,8x 11th Gen Intel(R) Core(TM) i7-1165G7 @ 2.80GHz
fgr,hard,2,37.7389291198784,0.17088628724086707,False,1.4255,0.39461,0.002918,1962,bunny.ply,0.250034,0.0025,10313,6188,50,8x 11th Gen Intel(R) Core(TM) i7-1165G7 @ 2.80GHz
icp_pt2pt,hard,3,129.5133460522291,0.17278479420355838,False,0.2975,0.094499,0.003012,469,bunny.ply,0.250034,0.0025,10313,6188,50,8x 11th Gen Intel(R) Core(TM) i7-1165G7 @ 2.80GHz
icp_pt2pl,hard,3,134.51802083601874,0.15254856487371554,False,0.4029,0.117469,0.0029,583,bunny.ply,0.250034,0.0025,10313,6188,50,8x 11th Gen Intel(R) Core(TM) i7-1165G7 @ 2.80GHz
fpfh_ransac,hard,3,0.09927497082319048,0.00044291545831397255,True,1.3724,1.0,0.00161,4963,bunny.ply,0.250034,0.0025,10313,6188,50,8x 11th Gen Intel(R) Core(TM) i7-1165G7 @ 2.80GHz
fgr,hard,3,144.70130632644916,0.3436859858681014,False,1.6084,0.344147,0.002884,1708,bunny.ply,0.250034,0.0025,10313,6188,50,8x 11th Gen Intel(R) Core(TM) i7-1165G7 @ 2.80GHz
icp_pt2pt,hard,4,120.57961682027441,0.3553334649926828,False,0.1497,0.094718,0.002807,468,bunny.ply,0.250034,0.0025,10313,6188,50,8x 11th Gen Intel(R) Core(TM) i7-1165G7 @ 2.80GHz
icp_pt2pl,hard,4,129.65493138597114,0.38646873685270433,False,0.167,0.104432,0.002741,516,bunny.ply,0.250034,0.0025,10313,6188,50,8x 11th Gen Intel(R) Core(TM) i7-1165G7 @ 2.80GHz
fpfh_ransac,hard,4,0.1144891634089657,0.00019970863294259088,True,1.2391,0.999798,0.001603,4940,bunny.ply,0.250034,0.0025,10313,6188,50,8x 11th Gen Intel(R) Core(TM) i7-1165G7 @ 2.80GHz
fgr,hard,4,146.21432212249292,0.3715355871787666,False,0.7342,0.261283,0.002972,1291,bunny.ply,0.250034,0.0025,10313,6188,50,8x 11th Gen Intel(R) Core(TM) i7-1165G7 @ 2.80GHz
icp_pt2pt,hard,5,103.33772182869227,0.6289437360327426,False,0.0623,0.086455,0.002707,427,bunny.ply,0.250034,0.0025,10313,6188,50,8x 11th Gen Intel(R) Core(TM) i7-1165G7 @ 2.80GHz
icp_pt2pl,hard,5,98.01869351533487,0.5741856658617378,False,0.0993,0.092731,0.002772,458,bunny.ply,0.250034,0.0025,10313,6188,50,8x 11th Gen Intel(R) Core(TM) i7-1165G7 @ 2.80GHz
fpfh_ransac,hard,5,48.618863074552166,0.34497681867259117,False,0.9374,0.574003,0.002669,2835,bunny.ply,0.250034,0.0025,10313,6188,50,8x 11th Gen Intel(R) Core(TM) i7-1165G7 @ 2.80GHz
fgr,hard,5,80.73919265102312,0.5997234145921513,False,0.7354,0.465479,0.002765,2299,bunny.ply,0.250034,0.0025,10313,6188,50,8x 11th Gen Intel(R) Core(TM) i7-1165G7 @ 2.80GHz
icp_pt2pt,hard,6,137.02844937244836,0.3458903162971411,False,0.3408,0.138701,0.002878,677,bunny.ply,0.250034,0.0025,10313,6188,50,8x 11th Gen Intel(R) Core(TM) i7-1165G7 @ 2.80GHz
icp_pt2pl,hard,6,147.39294317835072,0.3385595602732553,False,0.3785,0.260193,0.002801,1270,bunny.ply,0.250034,0.0025,10313,6188,50,8x 11th Gen Intel(R) Core(TM) i7-1165G7 @ 2.80GHz
fpfh_ransac,hard,6,0.0796873791280211,0.0005574578374626337,True,1.1259,1.0,0.001605,4881,bunny.ply,0.250034,0.0025,10313,6188,50,8x 11th Gen Intel(R) Core(TM) i7-1165G7 @ 2.80GHz
fgr,hard,6,154.2439681929423,0.3169689868766854,False,0.778,0.270436,0.002866,1320,bunny.ply,0.250034,0.0025,10313,6188,50,8x 11th Gen Intel(R) Core(TM) i7-1165G7 @ 2.80GHz
icp_pt2pt,hard,7,21.110501913560856,0.1453166106540425,False,0.0631,0.247563,0.003011,1219,bunny.ply,0.250034,0.0025,10313,6188,50,8x 11th Gen Intel(R) Core(TM) i7-1165G7 @ 2.80GHz
icp_pt2pl,hard,7,31.094176275498906,0.08375676063251263,False,0.1071,0.449228,0.002942,2212,bunny.ply,0.250034,0.0025,10313,6188,50,8x 11th Gen Intel(R) Core(TM) i7-1165G7 @ 2.80GHz
fpfh_ransac,hard,7,0.19549971746919098,0.00045340415725570544,True,0.6929,1.0,0.001613,4924,bunny.ply,0.250034,0.0025,10313,6188,50,8x 11th Gen Intel(R) Core(TM) i7-1165G7 @ 2.80GHz
fgr,hard,7,54.62856180760485,0.19912495791477527,False,0.6421,0.252843,0.0028,1245,bunny.ply,0.250034,0.0025,10313,6188,50,8x 11th Gen Intel(R) Core(TM) i7-1165G7 @ 2.80GHz
icp_pt2pt,hard,8,119.01620760684013,0.3121864757144454,False,0.0666,0.099202,0.00287,485,bunny.ply,0.250034,0.0025,10313,6188,50,8x 11th Gen Intel(R) Core(TM) i7-1165G7 @ 2.80GHz
icp_pt2pl,hard,8,122.1519395599882,0.26525367598959737,False,0.0653,0.141133,0.002889,690,bunny.ply,0.250034,0.0025,10313,6188,50,8x 11th Gen Intel(R) Core(TM) i7-1165G7 @ 2.80GHz
fpfh_ransac,hard,8,0.05234940011423426,0.00019104169856922504,True,0.9801,1.0,0.001597,4889,bunny.ply,0.250034,0.0025,10313,6188,50,8x 11th Gen Intel(R) Core(TM) i7-1165G7 @ 2.80GHz
fgr,hard,8,131.7051426190088,0.6502139577136571,False,0.6762,0.228063,0.002812,1115,bunny.ply,0.250034,0.0025,10313,6188,50,8x 11th Gen Intel(R) Core(TM) i7-1165G7 @ 2.80GHz
icp_pt2pt,hard,9,100.18708910964342,0.09154302334259658,False,0.0804,0.283216,0.002844,1409,bunny.ply,0.250034,0.0025,10313,6188,50,8x 11th Gen Intel(R) Core(TM) i7-1165G7 @ 2.80GHz
icp_pt2pl,hard,9,92.70870129643761,0.08212526141591271,False,0.1298,0.316583,0.002934,1575,bunny.ply,0.250034,0.0025,10313,6188,50,8x 11th Gen Intel(R) Core(TM) i7-1165G7 @ 2.80GHz
fpfh_ransac,hard,9,0.11494746518140522,0.0003071540148191841,True,0.847,1.0,0.001617,4975,bunny.ply,0.250034,0.0025,10313,6188,50,8x 11th Gen Intel(R) Core(TM) i7-1165G7 @ 2.80GHz
fgr,hard,9,57.39371863976471,0.1311334717849338,False,0.6095,0.353769,0.002903,1760,bunny.ply,0.250034,0.0025,10313,6188,50,8x 11th Gen Intel(R) Core(TM) i7-1165G7 @ 2.80GHz
icp_pt2pt,hard,10,13.30956267485008,0.4008539119183911,False,0.0557,0.098984,0.002927,487,bunny.ply,0.250034,0.0025,10313,6188,50,8x 11th Gen Intel(R) Core(TM) i7-1165G7 @ 2.80GHz
icp_pt2pl,hard,10,31.117100857616038,0.4135878317900047,False,0.0797,0.132724,0.002787,653,bunny.ply,0.250034,0.0025,10313,6188,50,8x 11th Gen Intel(R) Core(TM) i7-1165G7 @ 2.80GHz
fpfh_ransac,hard,10,150.53193442733635,0.6302560129978825,False,0.8959,0.527642,0.002822,2596,bunny.ply,0.250034,0.0025,10313,6188,50,8x 11th Gen Intel(R) Core(TM) i7-1165G7 @ 2.80GHz
fgr,hard,10,86.58922563611138,0.4144635379224204,False,0.719,0.496748,0.002762,2444,bunny.ply,0.250034,0.0025,10313,6188,50,8x 11th Gen Intel(R) Core(TM) i7-1165G7 @ 2.80GHz
icp_pt2pt,hard,11,69.61073764718309,0.44743930614476213,False,0.0432,0.06102,0.002692,299,bunny.ply,0.250034,0.0025,10313,6188,50,8x 11th Gen Intel(R) Core(TM) i7-1165G7 @ 2.80GHz
icp_pt2pl,hard,11,52.39807241843376,0.43692149388500234,False,0.0746,0.067143,0.002639,329,bunny.ply,0.250034,0.0025,10313,6188,50,8x 11th Gen Intel(R) Core(TM) i7-1165G7 @ 2.80GHz
fpfh_ransac,hard,11,179.1841302091823,1.0674931747363106,False,0.9827,0.545306,0.002572,2672,bunny.ply,0.250034,0.0025,10313,6188,50,8x 11th Gen Intel(R) Core(TM) i7-1165G7 @ 2.80GHz
fgr,hard,11,0.06677945244714743,0.00034164392381312765,True,0.6747,0.999796,0.001602,4899,bunny.ply,0.250034,0.0025,10313,6188,50,8x 11th Gen Intel(R) Core(TM) i7-1165G7 @ 2.80GHz
icp_pt2pt,hard,12,73.58707522449198,0.025049702333717908,False,0.0481,0.351702,0.003013,1736,bunny.ply,0.250034,0.0025,10313,6188,50,8x 11th Gen Intel(R) Core(TM) i7-1165G7 @ 2.80GHz
icp_pt2pl,hard,12,63.56840490513467,0.09134239050155611,False,0.0614,0.490073,0.002813,2419,bunny.ply,0.250034,0.0025,10313,6188,50,8x 11th Gen Intel(R) Core(TM) i7-1165G7 @ 2.80GHz
fpfh_ransac,hard,12,134.8089410838643,0.07935559678505147,False,1.0105,0.566653,0.002788,2797,bunny.ply,0.250034,0.0025,10313,6188,50,8x 11th Gen Intel(R) Core(TM) i7-1165G7 @ 2.80GHz
fgr,hard,12,158.02555291899662,0.11593931669074588,False,0.5964,0.387763,0.00286,1914,bunny.ply,0.250034,0.0025,10313,6188,50,8x 11th Gen Intel(R) Core(TM) i7-1165G7 @ 2.80GHz
icp_pt2pt,hard,13,8.728833632957247,0.12095240327524855,False,0.1172,0.092076,0.002987,452,bunny.ply,0.250034,0.0025,10313,6188,50,8x 11th Gen Intel(R) Core(TM) i7-1165G7 @ 2.80GHz
icp_pt2pl,hard,13,0.294087492212554,0.0008098233120361081,True,0.0707,1.0,0.001616,4909,bunny.ply,0.250034,0.0025,10313,6188,50,8x 11th Gen Intel(R) Core(TM) i7-1165G7 @ 2.80GHz
fpfh_ransac,hard,13,0.13506915877534684,0.0002822695300831459,True,1.0141,1.0,0.001613,4909,bunny.ply,0.250034,0.0025,10313,6188,50,8x 11th Gen Intel(R) Core(TM) i7-1165G7 @ 2.80GHz
fgr,hard,13,58.493342357140044,0.13166472214748245,False,0.5695,0.37584,0.002883,1845,bunny.ply,0.250034,0.0025,10313,6188,50,8x 11th Gen Intel(R) Core(TM) i7-1165G7 @ 2.80GHz
icp_pt2pt,hard,14,31.7716175840207,0.016756362975395366,False,0.0548,0.492912,0.002801,2434,bunny.ply,0.250034,0.0025,10313,6188,50,8x 11th Gen Intel(R) Core(TM) i7-1165G7 @ 2.80GHz
icp_pt2pl,hard,14,0.08513517930751589,0.00041669067405668254,True,0.0524,0.999797,0.001603,4937,bunny.ply,0.250034,0.0025,10313,6188,50,8x 11th Gen Intel(R) Core(TM) i7-1165G7 @ 2.80GHz
fpfh_ransac,hard,14,0.0801459970968965,0.0004080877359081511,True,0.8375,0.999797,0.001603,4937,bunny.ply,0.250034,0.0025,10313,6188,50,8x 11th Gen Intel(R) Core(TM) i7-1165G7 @ 2.80GHz
fgr,hard,14,0.09210061662853464,0.00043629031498451166,True,0.6268,0.999797,0.001603,4937,bunny.ply,0.250034,0.0025,10313,6188,50,8x 11th Gen Intel(R) Core(TM) i7-1165G7 @ 2.80GHz
icp_pt2pt,hard,15,76.11987104173657,0.1911054268764947,False,0.08,0.167412,0.002844,824,bunny.ply,0.250034,0.0025,10313,6188,50,8x 11th Gen Intel(R) Core(TM) i7-1165G7 @ 2.80GHz
icp_pt2pl,hard,15,80.41042396764783,0.12756112180234672,False,0.0708,0.225924,0.002916,1112,bunny.ply,0.250034,0.0025,10313,6188,50,8x 11th Gen Intel(R) Core(TM) i7-1165G7 @ 2.80GHz
fpfh_ransac,hard,15,171.6715467251205,0.2567753125568059,False,0.9968,0.55384,0.00268,2726,bunny.ply,0.250034,0.0025,10313,6188,50,8x 11th Gen Intel(R) Core(TM) i7-1165G7 @ 2.80GHz
fgr,hard,15,91.53987324370405,0.18138676110483848,False,0.6587,0.297846,0.002827,1466,bunny.ply,0.250034,0.0025,10313,6188,50,8x 11th Gen Intel(R) Core(TM) i7-1165G7 @ 2.80GHz
icp_pt2pt,hard,16,58.50163410259253,0.2584248011699349,False,0.0645,0.196545,0.002861,967,bunny.ply,0.250034,0.0025,10313,6188,50,8x 11th Gen Intel(R) Core(TM) i7-1165G7 @ 2.80GHz
icp_pt2pl,hard,16,51.9014375511884,0.26035231364327216,False,0.0599,0.239431,0.002847,1178,bunny.ply,0.250034,0.0025,10313,6188,50,8x 11th Gen Intel(R) Core(TM) i7-1165G7 @ 2.80GHz
fpfh_ransac,hard,16,0.1180283413485449,0.0005909271481314318,True,1.0042,1.0,0.001611,4920,bunny.ply,0.250034,0.0025,10313,6188,50,8x 11th Gen Intel(R) Core(TM) i7-1165G7 @ 2.80GHz
fgr,hard,16,0.11887602841047012,0.0005960204975553102,True,0.5447,1.0,0.001611,4920,bunny.ply,0.250034,0.0025,10313,6188,50,8x 11th Gen Intel(R) Core(TM) i7-1165G7 @ 2.80GHz
icp_pt2pt,hard,17,0.5151657328047744,0.00019763567094120905,True,0.0438,1.0,0.001628,4876,bunny.ply,0.250034,0.0025,10313,6188,50,8x 11th Gen Intel(R) Core(TM) i7-1165G7 @ 2.80GHz
icp_pt2pl,hard,17,0.11889032807904053,0.0002566587033752235,True,0.0215,1.0,0.001618,4876,bunny.ply,0.250034,0.0025,10313,6188,50,8x 11th Gen Intel(R) Core(TM) i7-1165G7 @ 2.80GHz
fpfh_ransac,hard,17,0.11386656633022534,0.0002536865459071756,True,0.7567,1.0,0.001618,4876,bunny.ply,0.250034,0.0025,10313,6188,50,8x 11th Gen Intel(R) Core(TM) i7-1165G7 @ 2.80GHz
fgr,hard,17,0.11734667524137032,0.0002497223716434032,True,0.5086,1.0,0.001618,4876,bunny.ply,0.250034,0.0025,10313,6188,50,8x 11th Gen Intel(R) Core(TM) i7-1165G7 @ 2.80GHz
icp_pt2pt,hard,18,50.06494066678467,0.2558183875847,False,0.0643,0.068338,0.003055,338,bunny.ply,0.250034,0.0025,10313,6188,50,8x 11th Gen Intel(R) Core(TM) i7-1165G7 @ 2.80GHz
icp_pt2pl,hard,18,42.52359890757139,0.16792521634886953,False,0.0491,0.46947,0.002892,2322,bunny.ply,0.250034,0.0025,10313,6188,50,8x 11th Gen Intel(R) Core(TM) i7-1165G7 @ 2.80GHz
fpfh_ransac,hard,18,0.09507526666462099,0.0006319143658325538,True,0.9554,1.0,0.001624,4946,bunny.ply,0.250034,0.0025,10313,6188,50,8x 11th Gen Intel(R) Core(TM) i7-1165G7 @ 2.80GHz
fgr,hard,18,43.69727071028848,0.24710618170434365,False,0.6243,0.423979,0.002837,2097,bunny.ply,0.250034,0.0025,10313,6188,50,8x 11th Gen Intel(R) Core(TM) i7-1165G7 @ 2.80GHz
icp_pt2pt,hard,19,91.69335288314802,0.15631238660518168,False,0.072,0.326104,0.002932,1624,bunny.ply,0.250034,0.0025,10313,6188,50,8x 11th Gen Intel(R) Core(TM) i7-1165G7 @ 2.80GHz
icp_pt2pl,hard,19,79.96815323940238,0.156683868135611,False,0.0462,0.54498,0.002811,2714,bunny.ply,0.250034,0.0025,10313,6188,50,8x 11th Gen Intel(R) Core(TM) i7-1165G7 @ 2.80GHz
fpfh_ransac,hard,19,0.044254460729707734,0.00012930950326030835,True,1.0114,0.999799,0.001643,4979,bunny.ply,0.250034,0.0025,10313,6188,50,8x 11th Gen Intel(R) Core(TM) i7-1165G7 @ 2.80GHz
fgr,hard,19,72.12039528834853,0.30431729498920385,False,0.5843,0.343976,0.002816,1713,bunny.ply,0.250034,0.0025,10313,6188,50,8x 11th Gen Intel(R) Core(TM) i7-1165G7 @ 2.80GHz
icp_pt2pt,hard,20,137.9220949094731,0.3477086789549962,False,0.0709,0.082458,0.003028,408,bunny.ply,0.250034,0.0025,10313,6188,50,8x 11th Gen Intel(R) Core(TM) i7-1165G7 @ 2.80GHz
icp_pt2pl,hard,20,115.06921686569754,0.14028292470524878,False,0.089,0.246362,0.002906,1219,bunny.ply,0.250034,0.0025,10313,6188,50,8x 11th Gen Intel(R) Core(TM) i7-1165G7 @ 2.80GHz
fpfh_ransac,hard,20,164.7048855318121,0.501135629759241,False,0.7604,0.372878,0.00289,1845,bunny.ply,0.250034,0.0025,10313,6188,50,8x 11th Gen Intel(R) Core(TM) i7-1165G7 @ 2.80GHz
fgr,hard,20,154.22803220638068,0.6415868876480896,False,0.5765,0.26637,0.002965,1318,bunny.ply,0.250034,0.0025,10313,6188,50,8x 11th Gen Intel(R) Core(TM) i7-1165G7 @ 2.80GHz
icp_pt2pt,hard,21,10.233906923009462,0.4423371636987759,False,0.0144,0.0,0.0,0,bunny.ply,0.250034,0.0025,10313,6188,50,8x 11th Gen Intel(R) Core(TM) i7-1165G7 @ 2.80GHz
icp_pt2pl,hard,21,10.233906923009462,0.4423371636987759,False,0.0143,0.0,0.0,0,bunny.ply,0.250034,0.0025,10313,6188,50,8x 11th Gen Intel(R) Core(TM) i7-1165G7 @ 2.80GHz
fpfh_ransac,hard,21,0.13875047839577623,0.0011001288006422703,True,0.84,1.0,0.001605,4919,bunny.ply,0.250034,0.0025,10313,6188,50,8x 11th Gen Intel(R) Core(TM) i7-1165G7 @ 2.80GHz
fgr,hard,21,49.47081610588661,0.4204491826947268,False,0.5832,0.411872,0.002772,2026,bunny.ply,0.250034,0.0025,10313,6188,50,8x 11th Gen Intel(R) Core(TM) i7-1165G7 @ 2.80GHz
icp_pt2pt,hard,22,65.54045857421734,0.21281555613589356,False,0.056,0.21201,0.002792,1038,bunny.ply,0.250034,0.0025,10313,6188,50,8x 11th Gen Intel(R) Core(TM) i7-1165G7 @ 2.80GHz
icp_pt2pl,hard,22,61.37590798105939,0.21294111428902343,False,0.0865,0.264706,0.002764,1296,bunny.ply,0.250034,0.0025,10313,6188,50,8x 11th Gen Intel(R) Core(TM) i7-1165G7 @ 2.80GHz
fpfh_ransac,hard,22,0.03246421760399377,0.00021044242854363458,True,1.2437,0.999592,0.001611,4894,bunny.ply,0.250034,0.0025,10313,6188,50,8x 11th Gen Intel(R) Core(TM) i7-1165G7 @ 2.80GHz
fgr,hard,22,0.025831184507294432,0.0002175154084075523,True,0.5317,0.999592,0.001611,4894,bunny.ply,0.250034,0.0025,10313,6188,50,8x 11th Gen Intel(R) Core(TM) i7-1165G7 @ 2.80GHz
icp_pt2pt,hard,23,128.9472986567134,0.24823414958452975,False,0.0533,0.254393,0.002914,1245,bunny.ply,0.250034,0.0025,10313,6188,50,8x 11th Gen Intel(R) Core(TM) i7-1165G7 @ 2.80GHz
icp_pt2pl,hard,23,129.86120205465446,0.25362734717344343,False,0.1018,0.273805,0.002878,1340,bunny.ply,0.250034,0.0025,10313,6188,50,8x 11th Gen Intel(R) Core(TM) i7-1165G7 @ 2.80GHz
fpfh_ransac,hard,23,173.83335833677003,0.1270742683392655,False,0.8983,0.349816,0.002964,1712,bunny.ply,0.250034,0.0025,10313,6188,50,8x 11th Gen Intel(R) Core(TM) i7-1165G7 @ 2.80GHz
fgr,hard,23,107.03860045960819,0.19825090856633407,False,0.5978,0.265836,0.002868,1301,bunny.ply,0.250034,0.0025,10313,6188,50,8x 11th Gen Intel(R) Core(TM) i7-1165G7 @ 2.80GHz
icp_pt2pt,hard,24,161.25856214056233,0.3499154495040033,False,0.066,0.120342,0.003059,591,bunny.ply,0.250034,0.0025,10313,6188,50,8x 11th Gen Intel(R) Core(TM) i7-1165G7 @ 2.80GHz
icp_pt2pl,hard,24,163.00588722032975,0.32806396551592815,False,0.0499,0.129302,0.003003,635,bunny.ply,0.250034,0.0025,10313,6188,50,8x 11th Gen Intel(R) Core(TM) i7-1165G7 @ 2.80GHz
fpfh_ransac,hard,24,0.025700610700234352,0.00025674320833151407,True,0.8255,1.0,0.001599,4911,bunny.ply,0.250034,0.0025,10313,6188,50,8x 11th Gen Intel(R) Core(TM) i7-1165G7 @ 2.80GHz
fgr,hard,24,94.2097602973769,0.411729767621521,False,0.6099,0.23315,0.002912,1145,bunny.ply,0.250034,0.0025,10313,6188,50,8x 11th Gen Intel(R) Core(TM) i7-1165G7 @ 2.80GHz
icp_pt2pt,hard,25,0.12018438953531511,0.0005034808586619115,True,0.0135,1.0,0.001605,4920,bunny.ply,0.250034,0.0025,10313,6188,50,8x 11th Gen Intel(R) Core(TM) i7-1165G7 @ 2.80GHz
icp_pt2pl,hard,25,0.11613190580209044,0.00022061430601567086,True,0.016,1.0,0.001604,4920,bunny.ply,0.250034,0.0025,10313,6188,50,8x 11th Gen Intel(R) Core(TM) i7-1165G7 @ 2.80GHz
fpfh_ransac,hard,25,0.11546158835270447,0.00022167995473358789,True,0.7583,1.0,0.001604,4920,bunny.ply,0.250034,0.0025,10313,6188,50,8x 11th Gen Intel(R) Core(TM) i7-1165G7 @ 2.80GHz
fgr,hard,25,0.11904251093303013,0.00022813867964739472,True,0.5779,1.0,0.001604,4920,bunny.ply,0.250034,0.0025,10313,6188,50,8x 11th Gen Intel(R) Core(TM) i7-1165G7 @ 2.80GHz
icp_pt2pt,hard,26,179.79638792856784,0.24278851398000148,False,0.0595,0.277133,0.002938,1361,bunny.ply,0.250034,0.0025,10313,6188,50,8x 11th Gen Intel(R) Core(TM) i7-1165G7 @ 2.80GHz
icp_pt2pl,hard,26,179.32393205789,0.23488467681660316,False,0.0716,0.283038,0.002909,1390,bunny.ply,0.250034,0.0025,10313,6188,50,8x 11th Gen Intel(R) Core(TM) i7-1165G7 @ 2.80GHz
fpfh_ransac,hard,26,71.38325358240796,0.15085435114900367,False,0.7807,0.355528,0.002653,1746,bunny.ply,0.250034,0.0025,10313,6188,50,8x 11th Gen Intel(R) Core(TM) i7-1165G7 @ 2.80GHz
fgr,hard,26,87.72374137781419,0.21065270805175695,False,0.5619,0.303808,0.002932,1492,bunny.ply,0.250034,0.0025,10313,6188,50,8x 11th Gen Intel(R) Core(TM) i7-1165G7 @ 2.80GHz
icp_pt2pt,hard,27,12.859997502245486,0.1876426875126048,False,0.0823,0.147184,0.003074,724,bunny.ply,0.250034,0.0025,10313,6188,50,8x 11th Gen Intel(R) Core(TM) i7-1165G7 @ 2.80GHz
icp_pt2pl,hard,27,18.757886172545053,0.17484276870306567,False,0.0719,0.171783,0.003041,845,bunny.ply,0.250034,0.0025,10313,6188,50,8x 11th Gen Intel(R) Core(TM) i7-1165G7 @ 2.80GHz
fpfh_ransac,hard,27,0.04679657353149744,0.00010883618872592395,True,0.8447,1.0,0.001605,4919,bunny.ply,0.250034,0.0025,10313,6188,50,8x 11th Gen Intel(R) Core(TM) i7-1165G7 @ 2.80GHz
fgr,hard,27,0.04762086911334045,0.00012692962490461963,True,0.5844,1.0,0.001605,4919,bunny.ply,0.250034,0.0025,10313,6188,50,8x 11th Gen Intel(R) Core(TM) i7-1165G7 @ 2.80GHz
icp_pt2pt,hard,28,131.93708332005988,0.26456809722296815,False,0.082,0.101112,0.003006,500,bunny.ply,0.250034,0.0025,10313,6188,50,8x 11th Gen Intel(R) Core(TM) i7-1165G7 @ 2.80GHz
icp_pt2pl,hard,28,143.19963668416426,0.25354752431360533,False,0.0785,0.118301,0.002928,585,bunny.ply,0.250034,0.0025,10313,6188,50,8x 11th Gen Intel(R) Core(TM) i7-1165G7 @ 2.80GHz
fpfh_ransac,hard,28,0.10263962704441495,0.0002114403629013499,True,0.8255,0.999798,0.001632,4944,bunny.ply,0.250034,0.0025,10313,6188,50,8x 11th Gen Intel(R) Core(TM) i7-1165G7 @ 2.80GHz
fgr,hard,28,174.56082921105127,0.21777302633184323,False,0.5771,0.267745,0.002839,1324,bunny.ply,0.250034,0.0025,10313,6188,50,8x 11th Gen Intel(R) Core(TM) i7-1165G7 @ 2.80GHz
icp_pt2pt,hard,29,162.32206050721757,0.4250626533675856,False,0.0605,0.060495,0.002653,296,bunny.ply,0.250034,0.0025,10313,6188,50,8x 11th Gen Intel(R) Core(TM) i7-1165G7 @ 2.80GHz
icp_pt2pl,hard,29,163.55901945544264,0.5125721655718823,False,0.0942,0.095034,0.002846,465,bunny.ply,0.250034,0.0025,10313,6188,50,8x 11th Gen Intel(R) Core(TM) i7-1165G7 @ 2.80GHz
fpfh_ransac,hard,29,0.13918484913410986,0.0008232030995143695,True,0.7718,1.0,0.001623,4893,bunny.ply,0.250034,0.0025,10313,6188,50,8x 11th Gen Intel(R) Core(TM) i7-1165G7 @ 2.80GHz
fgr,hard,29,110.92167768715926,0.790660119571395,False,0.6155,0.247905,0.002902,1213,bunny.ply,0.250034,0.0025,10313,6188,50,8x 11th Gen Intel(R) Core(TM) i7-1165G7 @ 2.80GHz
icp_pt2pt,hard,30,91.7515219127048,0.29422031660528797,False,0.0544,0.178996,0.002805,888,bunny.ply,0.250034,0.0025,10313,6188,50,8x 11th Gen Intel(R) Core(TM) i7-1165G7 @ 2.80GHz
icp_pt2pl,hard,30,86.01264528859747,0.3173567734711017,False,0.159,0.240476,0.002894,1193,bunny.ply,0.250034,0.0025,10313,6188,50,8x 11th Gen Intel(R) Core(TM) i7-1165G7 @ 2.80GHz
fpfh_ransac,hard,30,153.44166027333415,0.164170466101115,False,0.8768,0.524894,0.002697,2604,bunny.ply,0.250034,0.0025,10313,6188,50,8x 11th Gen Intel(R) Core(TM) i7-1165G7 @ 2.80GHz
fgr,hard,30,63.43829662204906,0.14046463289360864,False,0.6392,0.463818,0.002874,2301,bunny.ply,0.250034,0.0025,10313,6188,50,8x 11th Gen Intel(R) Core(TM) i7-1165G7 @ 2.80GHz
icp_pt2pt,hard,31,149.44883491148488,0.21567813401149213,False,0.0959,0.148336,0.002801,731,bunny.ply,0.250034,0.0025,10313,6188,50,8x 11th Gen Intel(R) Core(TM) i7-1165G7 @ 2.80GHz
icp_pt2pl,hard,31,131.69543355631652,0.2062059390709147,False,0.1764,0.189529,0.00284,934,bunny.ply,0.250034,0.0025,10313,6188,50,8x 11th Gen Intel(R) Core(TM) i7-1165G7 @ 2.80GHz
fpfh_ransac,hard,31,90.30340972625426,0.20933053747938432,False,0.8561,0.351867,0.00288,1734,bunny.ply,0.250034,0.0025,10313,6188,50,8x 11th Gen Intel(R) Core(TM) i7-1165G7 @ 2.80GHz
fgr,hard,31,53.398757915804055,0.14172952491885513,False,0.8883,0.5,0.002817,2464,bunny.ply,0.250034,0.0025,10313,6188,50,8x 11th Gen Intel(R) Core(TM) i7-1165G7 @ 2.80GHz
icp_pt2pt,hard,32,129.58564085476547,0.41017195293322034,False,0.0989,0.09844,0.002963,486,bunny.ply,0.250034,0.0025,10313,6188,50,8x 11th Gen Intel(R) Core(TM) i7-1165G7 @ 2.80GHz
icp_pt2pl,hard,32,136.72167487054892,0.4936876340936326,False,0.1202,0.104314,0.002956,515,bunny.ply,0.250034,0.0025,10313,6188,50,8x 11th Gen Intel(R) Core(TM) i7-1165G7 @ 2.80GHz
fpfh_ransac,hard,32,48.06996844996671,0.23376666158902742,False,1.0547,0.555195,0.002579,2741,bunny.ply,0.250034,0.0025,10313,6188,50,8x 11th Gen Intel(R) Core(TM) i7-1165G7 @ 2.80GHz
fgr,hard,32,25.521050441148923,0.1582668167423588,False,0.6591,0.440956,0.002858,2177,bunny.ply,0.250034,0.0025,10313,6188,50,8x 11th Gen Intel(R) Core(TM) i7-1165G7 @ 2.80GHz
icp_pt2pt,hard,33,126.02880042519877,0.4548989239540474,False,0.1068,0.088301,0.002748,437,bunny.ply,0.250034,0.0025,10313,6188,50,8x 11th Gen Intel(R) Core(TM) i7-1165G7 @ 2.80GHz
icp_pt2pl,hard,33,145.68819173155447,0.6560584744137212,False,0.1817,0.095777,0.002714,474,bunny.ply,0.250034,0.0025,10313,6188,50,8x 11th Gen Intel(R) Core(TM) i7-1165G7 @ 2.80GHz
fpfh_ransac,hard,33,85.95821253248586,0.6615500731848886,False,1.1071,0.352192,0.002852,1743,bunny.ply,0.250034,0.0025,10313,6188,50,8x 11th Gen Intel(R) Core(TM) i7-1165G7 @ 2.80GHz
fgr,hard,33,11.851105270119255,0.0678126387742541,False,1.4246,0.532431,0.002863,2635,bunny.ply,0.250034,0.0025,10313,6188,50,8x 11th Gen Intel(R) Core(TM) i7-1165G7 @ 2.80GHz
icp_pt2pt,hard,34,136.0958649013069,0.46432302459996416,False,0.5182,0.084541,0.002699,420,bunny.ply,0.250034,0.0025,10313,6188,50,8x 11th Gen Intel(R) Core(TM) i7-1165G7 @ 2.80GHz
icp_pt2pl,hard,34,132.0902068583536,0.5463494755768905,False,1.0255,0.095008,0.002693,472,bunny.ply,0.250034,0.0025,10313,6188,50,8x 11th Gen Intel(R) Core(TM) i7-1165G7 @ 2.80GHz
fpfh_ransac,hard,34,0.06363945118347605,0.0005989993891727138,True,1.4971,0.999799,0.001624,4967,bunny.ply,0.250034,0.0025,10313,6188,50,8x 11th Gen Intel(R) Core(TM) i7-1165G7 @ 2.80GHz
fgr,hard,34,0.05534229507619164,0.0005366389782530195,True,1.2725,0.999799,0.001624,4967,bunny.ply,0.250034,0.0025,10313,6188,50,8x 11th Gen Intel(R) Core(TM) i7-1165G7 @ 2.80GHz
icp_pt2pt,hard,35,63.69834727453569,0.07549388140945525,False,0.6617,0.219245,0.00285,1080,bunny.ply,0.250034,0.0025,10313,6188,50,8x 11th Gen Intel(R) Core(TM) i7-1165G7 @ 2.80GHz
icp_pt2pl,hard,35,39.24793170927805,0.0600253402876903,False,0.8675,0.389769,0.002565,1920,bunny.ply,0.250034,0.0025,10313,6188,50,8x 11th Gen Intel(R) Core(TM) i7-1165G7 @ 2.80GHz
fpfh_ransac,hard,35,0.047288260475698916,0.00048735491756306433,True,2.1667,0.999797,0.001611,4925,bunny.ply,0.250034,0.0025,10313,6188,50,8x 11th Gen Intel(R) Core(TM) i7-1165G7 @ 2.80GHz
fgr,hard,35,57.77060641178179,0.19616228539035455,False,2.8109,0.314251,0.002941,1548,bunny.ply,0.250034,0.0025,10313,6188,50,8x 11th Gen Intel(R) Core(TM) i7-1165G7 @ 2.80GHz
icp_pt2pt,hard,36,171.33529763894683,0.5886893911694829,False,0.8582,0.080926,0.002968,395,bunny.ply,0.250034,0.0025,10313,6188,50,8x 11th Gen Intel(R) Core(TM) i7-1165G7 @ 2.80GHz
icp_pt2pl,hard,36,144.7477028707372,0.6427996941311521,False,0.9798,0.216349,0.002679,1056,bunny.ply,0.250034,0.0025,10313,6188,50,8x 11th Gen Intel(R) Core(TM) i7-1165G7 @ 2.80GHz
fpfh_ransac,hard,36,0.0800552630196375,0.0007577359687780161,True,1.9074,1.0,0.001596,4881,bunny.ply,0.250034,0.0025,10313,6188,50,8x 11th Gen Intel(R) Core(TM) i7-1165G7 @ 2.80GHz
fgr,hard,36,141.65910613471544,0.7889416747874518,False,1.8021,0.25548,0.003013,1247,bunny.ply,0.250034,0.0025,10313,6188,50,8x 11th Gen Intel(R) Core(TM) i7-1165G7 @ 2.80GHz
icp_pt2pt,hard,37,79.2170360862788,0.14722956028681888,False,0.328,0.174684,0.002857,857,bunny.ply,0.250034,0.0025,10313,6188,50,8x 11th Gen Intel(R) Core(TM) i7-1165G7 @ 2.80GHz
icp_pt2pl,hard,37,72.81796685014636,0.13921243765340519,False,0.5874,0.216062,0.002846,1060,bunny.ply,0.250034,0.0025,10313,6188,50,8x 11th Gen Intel(R) Core(TM) i7-1165G7 @ 2.80GHz
fpfh_ransac,hard,37,0.05883513848516578,0.00048665813497639123,True,1.1612,1.0,0.001625,4906,bunny.ply,0.250034,0.0025,10313,6188,50,8x 11th Gen Intel(R) Core(TM) i7-1165G7 @ 2.80GHz
fgr,hard,37,49.724161920725116,0.09045707714282523,False,1.2101,0.573176,0.002571,2812,bunny.ply,0.250034,0.0025,10313,6188,50,8x 11th Gen Intel(R) Core(TM) i7-1165G7 @ 2.80GHz
icp_pt2pt,hard,38,68.39593289283499,0.6512699027216675,False,0.4159,0.066653,0.002782,328,bunny.ply,0.250034,0.0025,10313,6188,50,8x 11th Gen Intel(R) Core(TM) i7-1165G7 @ 2.80GHz
icp_pt2pl,hard,38,133.45429222679107,0.8761893572540006,False,0.6404,0.094696,0.002719,466,bunny.ply,0.250034,0.0025,10313,6188,50,8x 11th Gen Intel(R) Core(TM) i7-1165G7 @ 2.80GHz
fpfh_ransac,hard,38,158.5102298136083,0.8880672052551949,False,1.6526,0.575086,0.002726,2830,bunny.ply,0.250034,0.0025,10313,6188,50,8x 11th Gen Intel(R) Core(TM) i7-1165G7 @ 2.80GHz
fgr,hard,38,61.61549833404923,0.4829340040420052,False,1.4426,0.351555,0.002874,1730,bunny.ply,0.250034,0.0025,10313,6188,50,8x 11th Gen Intel(R) Core(TM) i7-1165G7 @ 2.80GHz
icp_pt2pt,hard,39,12.627179248845689,0.4730674377156549,False,0.0278,0.0,0.0,0,bunny.ply,0.250034,0.0025,10313,6188,50,8x 11th Gen Intel(R) Core(TM) i7-1165G7 @ 2.80GHz
icp_pt2pl,hard,39,12.627179248845689,0.4730674377156549,False,0.0503,0.0,0.0,0,bunny.ply,0.250034,0.0025,10313,6188,50,8x 11th Gen Intel(R) Core(TM) i7-1165G7 @ 2.80GHz
fpfh_ransac,hard,39,173.4987509889588,0.8885054792467867,False,2.0967,0.677733,0.002743,3348,bunny.ply,0.250034,0.0025,10313,6188,50,8x 11th Gen Intel(R) Core(TM) i7-1165G7 @ 2.80GHz
fgr,hard,39,160.62068091735705,0.8476124440850978,False,1.4218,0.417004,0.00294,2060,bunny.ply,0.250034,0.0025,10313,6188,50,8x 11th Gen Intel(R) Core(TM) i7-1165G7 @ 2.80GHz
icp_pt2pt,hard,40,56.62019288760178,0.5203735385938694,False,0.3212,0.153893,0.002781,755,bunny.ply,0.250034,0.0025,10313,6188,50,8x 11th Gen Intel(R) Core(TM) i7-1165G7 @ 2.80GHz
icp_pt2pl,hard,40,59.43452545028817,0.5560296540109003,False,0.4183,0.164289,0.002727,806,bunny.ply,0.250034,0.0025,10313,6188,50,8x 11th Gen Intel(R) Core(TM) i7-1165G7 @ 2.80GHz
fpfh_ransac,hard,40,31.371474941726305,0.08725093849735467,False,1.7708,0.588871,0.002675,2889,bunny.ply,0.250034,0.0025,10313,6188,50,8x 11th Gen Intel(R) Core(TM) i7-1165G7 @ 2.80GHz
fgr,hard,40,60.54606334711353,0.24336283785861917,False,1.6908,0.360171,0.00289,1767,bunny.ply,0.250034,0.0025,10313,6188,50,8x 11th Gen Intel(R) Core(TM) i7-1165G7 @ 2.80GHz
icp_pt2pt,hard,41,88.09813847283864,0.15420342648145208,False,0.4949,0.171649,0.00292,844,bunny.ply,0.250034,0.0025,10313,6188,50,8x 11th Gen Intel(R) Core(TM) i7-1165G7 @ 2.80GHz
icp_pt2pl,hard,41,79.15505743842643,0.13006340013413514,False,0.4795,0.191377,0.002948,941,bunny.ply,0.250034,0.0025,10313,6188,50,8x 11th Gen Intel(R) Core(TM) i7-1165G7 @ 2.80GHz
fpfh_ransac,hard,41,157.3946823030533,0.26798005155719756,False,2.0825,0.463087,0.002739,2277,bunny.ply,0.250034,0.0025,10313,6188,50,8x 11th Gen Intel(R) Core(TM) i7-1165G7 @ 2.80GHz
fgr,hard,41,0.11876411142146132,0.0006884967779249037,True,1.0196,1.0,0.001637,4917,bunny.ply,0.250034,0.0025,10313,6188,50,8x 11th Gen Intel(R) Core(TM) i7-1165G7 @ 2.80GHz
icp_pt2pt,hard,42,64.60496400329805,0.2111817158050799,False,0.287,0.081391,0.00283,398,bunny.ply,0.250034,0.0025,10313,6188,50,8x 11th Gen Intel(R) Core(TM) i7-1165G7 @ 2.80GHz
icp_pt2pl,hard,42,92.34939167824132,0.1735083008013162,False,0.6528,0.144172,0.002844,705,bunny.ply,0.250034,0.0025,10313,6188,50,8x 11th Gen Intel(R) Core(TM) i7-1165G7 @ 2.80GHz
fpfh_ransac,hard,42,175.06082580419493,0.3408158289873171,False,1.7467,0.387526,0.002847,1895,bunny.ply,0.250034,0.0025,10313,6188,50,8x 11th Gen Intel(R) Core(TM) i7-1165G7 @ 2.80GHz
fgr,hard,42,47.91355115373476,0.1594743498824956,False,1.4754,0.464417,0.00276,2271,bunny.ply,0.250034,0.0025,10313,6188,50,8x 11th Gen Intel(R) Core(TM) i7-1165G7 @ 2.80GHz
icp_pt2pt,hard,43,7.351071545805655,0.3265055376350858,False,0.2726,0.126481,0.002953,619,bunny.ply,0.250034,0.0025,10313,6188,50,8x 11th Gen Intel(R) Core(TM) i7-1165G7 @ 2.80GHz
icp_pt2pl,hard,43,22.162471406052855,0.3557614016529002,False,0.4314,0.129751,0.00289,635,bunny.ply,0.250034,0.0025,10313,6188,50,8x 11th Gen Intel(R) Core(TM) i7-1165G7 @ 2.80GHz
fpfh_ransac,hard,43,0.08808000412744041,0.0005732171165322047,True,1.5463,1.0,0.001625,4894,bunny.ply,0.250034,0.0025,10313,6188,50,8x 11th Gen Intel(R) Core(TM) i7-1165G7 @ 2.80GHz
fgr,hard,43,0.08918385865560881,0.0006029478041054225,True,0.9614,1.0,0.001625,4894,bunny.ply,0.250034,0.0025,10313,6188,50,8x 11th Gen Intel(R) Core(TM) i7-1165G7 @ 2.80GHz
icp_pt2pt,hard,44,155.4669856971881,0.19243385180344572,False,0.3729,0.121902,0.002843,600,bunny.ply,0.250034,0.0025,10313,6188,50,8x 11th Gen Intel(R) Core(TM) i7-1165G7 @ 2.80GHz
icp_pt2pl,hard,44,148.62116782726616,0.2408051866787792,False,0.8647,0.186916,0.002862,920,bunny.ply,0.250034,0.0025,10313,6188,50,8x 11th Gen Intel(R) Core(TM) i7-1165G7 @ 2.80GHz
fpfh_ransac,hard,44,0.04180334053569979,0.00023373997591266064,True,1.553,0.999797,0.001593,4921,bunny.ply,0.250034,0.0025,10313,6188,50,8x 11th Gen Intel(R) Core(TM) i7-1165G7 @ 2.80GHz
fgr,hard,44,158.3130853843765,0.45176211741636596,False,1.1225,0.315928,0.00277,1555,bunny.ply,0.250034,0.0025,10313,6188,50,8x 11th Gen Intel(R) Core(TM) i7-1165G7 @ 2.80GHz
icp_pt2pt,hard,45,157.72857358363436,0.5322434167682871,False,0.3092,0.139258,0.002976,691,bunny.ply,0.250034,0.0025,10313,6188,50,8x 11th Gen Intel(R) Core(TM) i7-1165G7 @ 2.80GHz
icp_pt2pl,hard,45,170.17111778623553,0.5329743429540105,False,0.4467,0.14611,0.002968,725,bunny.ply,0.250034,0.0025,10313,6188,50,8x 11th Gen Intel(R) Core(TM) i7-1165G7 @ 2.80GHz
fpfh_ransac,hard,45,0.05249360111013393,0.0003432506082848042,True,1.0682,0.999798,0.001597,4961,bunny.ply,0.250034,0.0025,10313,6188,50,8x 11th Gen Intel(R) Core(TM) i7-1165G7 @ 2.80GHz
fgr,hard,45,0.058068383101714416,0.0003858335235798441,True,0.7675,0.999798,0.001598,4961,bunny.ply,0.250034,0.0025,10313,6188,50,8x 11th Gen Intel(R) Core(TM) i7-1165G7 @ 2.80GHz
icp_pt2pt,hard,46,0.24002603712488316,0.0006267657269311445,True,0.1859,0.999798,0.001629,4938,bunny.ply,0.250034,0.0025,10313,6188,50,8x 11th Gen Intel(R) Core(TM) i7-1165G7 @ 2.80GHz
icp_pt2pl,hard,46,0.11953212918303598,0.00012530690147247373,True,0.1491,0.999798,0.001629,4938,bunny.ply,0.250034,0.0025,10313,6188,50,8x 11th Gen Intel(R) Core(TM) i7-1165G7 @ 2.80GHz
fpfh_ransac,hard,46,0.12805969061633038,0.00012913719359393362,True,1.2351,0.999798,0.001629,4938,bunny.ply,0.250034,0.0025,10313,6188,50,8x 11th Gen Intel(R) Core(TM) i7-1165G7 @ 2.80GHz
fgr,hard,46,29.059595432129104,0.007126996827393292,False,0.9353,0.582709,0.002757,2878,bunny.ply,0.250034,0.0025,10313,6188,50,8x 11th Gen Intel(R) Core(TM) i7-1165G7 @ 2.80GHz
icp_pt2pt,hard,47,63.507083038425044,0.4551867259815346,False,0.012,0.0,0.0,0,bunny.ply,0.250034,0.0025,10313,6188,50,8x 11th Gen Intel(R) Core(TM) i7-1165G7 @ 2.80GHz
icp_pt2pl,hard,47,63.507083038425044,0.4551867259815346,False,0.0279,0.0,0.0,0,bunny.ply,0.250034,0.0025,10313,6188,50,8x 11th Gen Intel(R) Core(TM) i7-1165G7 @ 2.80GHz
fpfh_ransac,hard,47,171.3496658070574,0.43628854100131936,False,1.2315,0.331843,0.002951,1633,bunny.ply,0.250034,0.0025,10313,6188,50,8x 11th Gen Intel(R) Core(TM) i7-1165G7 @ 2.80GHz
fgr,hard,47,0.06299123792011345,0.0004729035368070675,True,0.7322,1.0,0.001612,4921,bunny.ply,0.250034,0.0025,10313,6188,50,8x 11th Gen Intel(R) Core(TM) i7-1165G7 @ 2.80GHz
icp_pt2pt,hard,48,130.23193830724958,0.32171676518516484,False,0.2816,0.121526,0.002898,599,bunny.ply,0.250034,0.0025,10313,6188,50,8x 11th Gen Intel(R) Core(TM) i7-1165G7 @ 2.80GHz
icp_pt2pl,hard,48,126.98955769928855,0.3311059580804813,False,0.2138,0.124569,0.002964,614,bunny.ply,0.250034,0.0025,10313,6188,50,8x 11th Gen Intel(R) Core(TM) i7-1165G7 @ 2.80GHz
fpfh_ransac,hard,48,142.92519147950333,0.3553286725088555,False,1.4698,0.402313,0.002809,1983,bunny.ply,0.250034,0.0025,10313,6188,50,8x 11th Gen Intel(R) Core(TM) i7-1165G7 @ 2.80GHz
fgr,hard,48,155.76564145271135,0.5486233966502884,False,1.2464,0.296409,0.002906,1461,bunny.ply,0.250034,0.0025,10313,6188,50,8x 11th Gen Intel(R) Core(TM) i7-1165G7 @ 2.80GHz
icp_pt2pt,hard,49,8.232453297253963,0.10852929237293255,False,0.1727,0.281724,0.002969,1392,bunny.ply,0.250034,0.0025,10313,6188,50,8x 11th Gen Intel(R) Core(TM) i7-1165G7 @ 2.80GHz
icp_pt2pl,hard,49,0.04593814888096875,0.00034699523344875334,True,0.3078,1.0,0.001613,4941,bunny.ply,0.250034,0.0025,10313,6188,50,8x 11th Gen Intel(R) Core(TM) i7-1165G7 @ 2.80GHz
fpfh_ransac,hard,49,0.04556066947321107,0.00034981935220444147,True,1.1717,1.0,0.001613,4941,bunny.ply,0.250034,0.0025,10313,6188,50,8x 11th Gen Intel(R) Core(TM) i7-1165G7 @ 2.80GHz
fgr,hard,49,0.04641714297175273,0.0003488760016510554,True,0.7597,1.0,0.001613,4941,bunny.ply,0.250034,0.0025,10313,6188,50,8x 11th Gen Intel(R) Core(TM) i7-1165G7 @ 2.80GHz
