method,severity,trial,rre_deg,rte,success,time_s,fitness,inlier_rmse,n_inliers,template,d,voxel,n_target,n_source,n_trials,cpu
icp_pt2pt,easy,0,0.5239951481748839,0.008316793927272303,True,0.0509,1.0,0.000468,5216,itodd_bracket_screw.ply,0.094265,0.000943,6287,6287,50,8x 11th Gen Intel(R) Core(TM) i7-1165G7 @ 2.80GHz
icp_pt2pl,easy,0,0.024969384909614024,1.8512240799481935e-05,True,0.025,1.0,0.000214,5216,itodd_bracket_screw.ply,0.094265,0.000943,6287,6287,50,8x 11th Gen Intel(R) Core(TM) i7-1165G7 @ 2.80GHz
fpfh_ransac,easy,0,0.023204506622038747,2.525701952023276e-05,True,0.5505,1.0,0.000214,5216,itodd_bracket_screw.ply,0.094265,0.000943,6287,6287,50,8x 11th Gen Intel(R) Core(TM) i7-1165G7 @ 2.80GHz
fgr,easy,0,0.02375038143867111,2.9407834072739662e-05,True,0.5392,1.0,0.000214,5216,itodd_bracket_screw.ply,0.094265,0.000943,6287,6287,50,8x 11th Gen Intel(R) Core(TM) i7-1165G7 @ 2.80GHz
icp_pt2pt,easy,1,0.013323598196820144,9.256687142851327e-05,True,0.0342,1.0,0.00021,5266,itodd_bracket_screw.ply,0.094265,0.000943,6287,6287,50,8x 11th Gen Intel(R) Core(TM) i7-1165G7 @ 2.80GHz
icp_pt2pl,easy,1,0.017094230764699594,8.594656783603677e-05,True,0.0168,1.0,0.00021,5266,itodd_bracket_screw.ply,0.094265,0.000943,6287,6287,50,8x 11th Gen Intel(R) Core(TM) i7-1165G7 @ 2.80GHz
fpfh_ransac,easy,1,0.020489567505706054,7.606648955705126e-05,True,0.5904,1.0,0.00021,5266,itodd_bracket_screw.ply,0.094265,0.000943,6287,6287,50,8x 11th Gen Intel(R) Core(TM) i7-1165G7 @ 2.80GHz
fgr,easy,1,0.01872814167859607,7.717697386644172e-05,True,0.6271,1.0,0.00021,5266,itodd_bracket_screw.ply,0.094265,0.000943,6287,6287,50,8x 11th Gen Intel(R) Core(TM) i7-1165G7 @ 2.80GHz
icp_pt2pt,easy,2,0.48936367316205737,0.0091759576247825,True,0.0529,1.0,0.000464,5232,itodd_bracket_screw.ply,0.094265,0.000943,6287,6287,50,8x 11th Gen Intel(R) Core(TM) i7-1165G7 @ 2.80GHz
icp_pt2pl,easy,2,0.023682927542201533,0.00011324845239771578,True,0.0792,1.0,0.000211,5232,itodd_bracket_screw.ply,0.094265,0.000943,6287,6287,50,8x 11th Gen Intel(R) Core(TM) i7-1165G7 @ 2.80GHz
fpfh_ransac,easy,2,0.023570098771615356,8.697697416283501e-05,True,0.5753,1.0,0.000211,5232,itodd_bracket_screw.ply,0.094265,0.000943,6287,6287,50,8x 11th Gen Intel(R) Core(TM) i7-1165G7 @ 2.80GHz
fgr,easy,2,0.023039532737412015,0.00010472556647905913,True,0.5716,1.0,0.000211,5232,itodd_bracket_screw.ply,0.094265,0.000943,6287,6287,50,8x 11th Gen Intel(R) Core(TM) i7-1165G7 @ 2.80GHz
icp_pt2pt,easy,3,0.03813625394181771,4.3326466237571606e-05,True,0.0232,1.0,0.000212,5239,itodd_bracket_screw.ply,0.094265,0.000943,6287,6287,50,8x 11th Gen Intel(R) Core(TM) i7-1165G7 @ 2.80GHz
icp_pt2pl,easy,3,0.01662165807861647,0.00010648524538169545,True,0.0309,1.0,0.000212,5239,itodd_bracket_screw.ply,0.094265,0.000943,6287,6287,50,8x 11th Gen Intel(R) Core(TM) i7-1165G7 @ 2.80GHz
fpfh_ransac,easy,3,0.01760339149093336,0.00011863153839167546,True,0.6051,1.0,0.000212,5239,itodd_bracket_screw.ply,0.094265,0.000943,6287,6287,50,8x 11th Gen Intel(R) Core(TM) i7-1165G7 @ 2.80GHz
fgr,easy,3,0.017714687323263846,0.00012025005039831217,True,0.5869,1.0,0.000212,5239,itodd_bracket_screw.ply,0.094265,0.000943,6287,6287,50,8x 11th Gen Intel(R) Core(TM) i7-1165G7 @ 2.80GHz
icp_pt2pt,easy,4,0.014396553436856115,7.667358846785266e-05,True,0.0523,1.0,0.00021,5268,itodd_bracket_screw.ply,0.094265,0.000943,6287,6287,50,8x 11th Gen Intel(R) Core(TM) i7-1165G7 @ 2.80GHz
icp_pt2pl,easy,4,0.021249494243235564,3.890718844363949e-05,True,0.0162,1.0,0.00021,5268,itodd_bracket_screw.ply,0.094265,0.000943,6287,6287,50,8x 11th Gen Intel(R) Core(TM) i7-1165G7 @ 2.80GHz
fpfh_ransac,easy,4,0.0206701366367129,4.282226296768543e-05,True,0.6091,1.0,0.00021,5268,itodd_bracket_screw.ply,0.094265,0.000943,6287,6287,50,8x 11th Gen Intel(R) Core(TM) i7-1165G7 @ 2.80GHz
fgr,easy,4,0.022736154927550666,3.317857458661173e-05,True,0.3993,1.0,0.00021,5268,itodd_bracket_screw.ply,0.094265,0.000943,6287,6287,50,8x 11th Gen Intel(R) Core(TM) i7-1165G7 @ 2.80GHz
icp_pt2pt,easy,5,0.010824961162313101,0.00014010525603303095,True,0.0121,1.0,0.000201,5482,itodd_bracket_screw.ply,0.094265,0.000943,6287,6287,50,8x 11th Gen Intel(R) Core(TM) i7-1165G7 @ 2.80GHz
icp_pt2pl,easy,5,0.019216636648085803,3.175552807382208e-05,True,0.0126,1.0,0.000201,5482,itodd_bracket_screw.ply,0.094265,0.000943,6287,6287,50,8x 11th Gen Intel(R) Core(TM) i7-1165G7 @ 2.80GHz
fpfh_ransac,easy,5,0.020131973956157567,1.793938765789426e-05,True,0.5311,1.0,0.000201,5482,itodd_bracket_screw.ply,0.094265,0.000943,6287,6287,50,8x 11th Gen Intel(R) Core(TM) i7-1165G7 @ 2.80GHz
fgr,easy,5,0.016627630561040243,1.5205695184260351e-05,True,0.4711,1.0,0.000201,5482,itodd_bracket_screw.ply,0.094265,0.000943,6287,6287,50,8x 11th Gen Intel(R) Core(TM) i7-1165G7 @ 2.80GHz
icp_pt2pt,easy,6,0.024003915917333536,4.415670829790068e-05,True,0.0243,1.0,0.000211,5273,itodd_bracket_screw.ply,0.094265,0.000943,6287,6287,50,8x 11th Gen Intel(R) Core(TM) i7-1165G7 @ 2.80GHz
icp_pt2pl,easy,6,0.029134280203566718,8.393003564942069e-05,True,0.0256,1.0,0.000211,5273,itodd_bracket_screw.ply,0.094265,0.000943,6287,6287,50,8x 11th Gen Intel(R) Core(TM) i7-1165G7 @ 2.80GHz
fpfh_ransac,easy,6,0.0267230762544818,8.285074899866999e-05,True,0.4989,1.0,0.000211,5273,itodd_bracket_screw.ply,0.094265,0.000943,6287,6287,50,8x 11th Gen Intel(R) Core(TM) i7-1165G7 @ 2.80GHz
fgr,easy,6,0.02560031599531106,6.564524006729276e-05,True,0.4727,1.0,0.000211,5273,itodd_bracket_screw.ply,0.094265,0.000943,6287,6287,50,8x 11th Gen Intel(R) Core(TM) i7-1165G7 @ 2.80GHz
icp_pt2pt,easy,7,1.6546843848778112,0.014240561900151704,False,0.0437,0.994668,0.000524,5223,itodd_bracket_screw.ply,0.094265,0.000943,6287,6287,50,8x 11th Gen Intel(R) Core(TM) i7-1165G7 @ 2.80GHz
icp_pt2pl,easy,7,0.02489369773499384,4.2208420681335226e-05,True,0.0171,1.0,0.000208,5251,itodd_bracket_screw.ply,0.094265,0.000943,6287,6287,50,8x 11th Gen Intel(R) Core(TM) i7-1165G7 @ 2.80GHz
fpfh_ransac,easy,7,0.02805753487046474,6.368651231129227e-05,True,0.5137,1.0,0.000208,5251,itodd_bracket_screw.ply,0.094265,0.000943,6287,6287,50,8x 11th Gen Intel(R) Core(TM) i7-1165G7 @ 2.80GHz
fgr,easy,7,0.025486043386517443,5.187195044124376e-05,True,0.4515,1.0,0.000208,5251,itodd_bracket_screw.ply,0.094265,0.000943,6287,6287,50,8x 11th Gen Intel(R) Core(TM) i7-1165G7 @ 2.80GHz
icp_pt2pt,easy,8,1.7353403729379862,0.014574628387125326,False,0.045,0.994104,0.00052,5227,itodd_bracket_screw.ply,0.094265,0.000943,6287,6287,50,8x 11th Gen Intel(R) Core(TM) i7-1165G7 @ 2.80GHz
icp_pt2pl,easy,8,0.009867525929229641,3.667095819417208e-05,True,0.0187,1.0,0.000211,5258,itodd_bracket_screw.ply,0.094265,0.000943,6287,6287,50,8x 11th Gen Intel(R) Core(TM) i7-1165G7 @ 2.80GHz
fpfh_ransac,easy,8,0.009591579969423567,2.6781681665055047e-05,True,0.5602,1.0,0.000211,5258,itodd_bracket_screw.ply,0.094265,0.000943,6287,6287,50,8x 11th Gen Intel(R) Core(TM) i7-1165G7 @ 2.80GHz
fgr,easy,8,0.009526022081090817,5.201952489862705e-05,True,0.4134,1.0,0.000211,5258,itodd_bracket_screw.ply,0.094265,0.000943,6287,6287,50,8x 11th Gen Intel(R) Core(TM) i7-1165G7 @ 2.80GHz
icp_pt2pt,easy,9,1.3669818865794872,0.012762571073222415,False,0.0342,0.999442,0.000514,5372,itodd_bracket_screw.ply,0.094265,0.000943,6287,6287,50,8x 11th Gen Intel(R) Core(TM) i7-1165G7 @ 2.80GHz
icp_pt2pl,easy,9,0.015577748530819387,8.886269048666775e-05,True,0.0159,1.0,0.000201,5375,itodd_bracket_screw.ply,0.094265,0.000943,6287,6287,50,8x 11th Gen Intel(R) Core(TM) i7-1165G7 @ 2.80GHz
fpfh_ransac,easy,9,0.01570458342545161,8.864287016922533e-05,True,0.5907,1.0,0.000201,5375,itodd_bracket_screw.ply,0.094265,0.000943,6287,6287,50,8x 11th Gen Intel(R) Core(TM) i7-1165G7 @ 2.80GHz
fgr,easy,9,0.014811486523283507,8.202943817396938e-05,True,0.437,1.0,0.000201,5375,itodd_bracket_screw.ply,0.094265,0.000943,6287,6287,50,8x 11th Gen Intel(R) Core(TM) i7-1165G7 @ 2.80GHz
icp_pt2pt,easy,10,0.012367139599364384,6.639515393343829e-05,True,0.019,1.0,0.00021,5276,itodd_bracket_screw.ply,0.094265,0.000943,6287,6287,50,8x 11th Gen Intel(R) Core(TM) i7-1165G7 @ 2.80GHz
icp_pt2pl,easy,10,0.03428906594254225,7.180588185728004e-05,True,0.0195,1.0,0.00021,5276,itodd_bracket_screw.ply,0.094265,0.000943,6287,6287,50,8x 11th Gen Intel(R) Core(TM) i7-1165G7 @ 2.80GHz
fpfh_ransac,easy,10,0.034388085970253744,7.314852683091105e-05,True,0.6891,1.0,0.00021,5276,itodd_bracket_screw.ply,0.094265,0.000943,6287,6287,50,8x 11th Gen Intel(R) Core(TM) i7-1165G7 @ 2.80GHz
fgr,easy,10,0.03302404799924956,7.024917168675209e-05,True,0.4865,1.0,0.00021,5276,itodd_bracket_screw.ply,0.094265,0.000943,6287,6287,50,8x 11th Gen Intel(R) Core(TM) i7-1165G7 @ 2.80GHz
icp_pt2pt,easy,11,0.5476196314033966,0.009548024426567155,True,0.049,1.0,0.000461,5299,itodd_bracket_screw.ply,0.094265,0.000943,6287,6287,50,8x 11th Gen Intel(R) Core(TM) i7-1165G7 @ 2.80GHz
icp_pt2pl,easy,11,0.008708816130293161,4.6725739752467755e-05,True,0.0436,1.0,0.000209,5299,itodd_bracket_screw.ply,0.094265,0.000943,6287,6287,50,8x 11th Gen Intel(R) Core(TM) i7-1165G7 @ 2.80GHz
fpfh_ransac,easy,11,0.014215302018231589,6.134579141439695e-05,True,0.6465,1.0,0.000209,5299,itodd_bracket_screw.ply,0.094265,0.000943,6287,6287,50,8x 11th Gen Intel(R) Core(TM) i7-1165G7 @ 2.80GHz
fgr,easy,11,0.01185991107310943,4.1680076405319e-05,True,0.6505,1.0,0.000209,5299,itodd_bracket_screw.ply,0.094265,0.000943,6287,6287,50,8x 11th Gen Intel(R) Core(TM) i7-1165G7 @ 2.80GHz
icp_pt2pt,easy,12,0.017513285000724448,0.00010325588902827371,True,0.0085,1.0,0.000209,5296,itodd_bracket_screw.ply,0.094265,0.000943,6287,6287,50,8x 11th Gen Intel(R) Core(TM) i7-1165G7 @ 2.80GHz
icp_pt2pl,easy,12,0.02424037534485379,5.8345395015805484e-05,True,0.0502,1.0,0.000209,5296,itodd_bracket_screw.ply,0.094265,0.000943,6287,6287,50,8x 11th Gen Intel(R) Core(TM) i7-1165G7 @ 2.80GHz
fpfh_ransac,easy,12,0.021616994295951562,5.110940030008005e-05,True,0.6417,1.0,0.000209,5296,itodd_bracket_screw.ply,0.094265,0.000943,6287,6287,50,8x 11th Gen Intel(R) Core(TM) i7-1165G7 @ 2.80GHz
fgr,easy,12,0.02356397471589383,5.768548092744577e-05,True,0.425,1.0,0.000209,5296,itodd_bracket_screw.ply,0.094265,0.000943,6287,6287,50,8x 11th Gen Intel(R) Core(TM) i7-1165G7 @ 2.80GHz
icp_pt2pt,easy,13,0.010131829250624112,4.5914637538831536e-05,True,0.027,1.0,0.00021,5248,itodd_bracket_screw.ply,0.094265,0.000943,6287,6287,50,8x 11th Gen Intel(R) Core(TM) i7-1165G7 @ 2.80GHz
icp_pt2pl,easy,13,0.02801636745604114,7.232679015615983e-05,True,0.0153,1.0,0.00021,5248,itodd_bracket_screw.ply,0.094265,0.000943,6287,6287,50,8x 11th Gen Intel(R) Core(TM) i7-1165G7 @ 2.80GHz
fpfh_ransac,easy,13,0.02551799795101762,3.861556992761036e-05,True,0.5336,1.0,0.00021,5248,itodd_bracket_screw.ply,0.094265,0.000943,6287,6287,50,8x 11th Gen Intel(R) Core(TM) i7-1165G7 @ 2.80GHz
fgr,easy,13,0.028575543230768195,5.0358201375252514e-05,True,0.5104,1.0,0.00021,5248,itodd_bracket_screw.ply,0.094265,0.000943,6287,6287,50,8x 11th Gen Intel(R) Core(TM) i7-1165G7 @ 2.80GHz
icp_pt2pt,easy,14,0.3969419853416343,0.009191093589437838,True,0.0264,1.0,0.000465,5324,itodd_bracket_screw.ply,0.094265,0.000943,6287,6287,50,8x 11th Gen Intel(R) Core(TM) i7-1165G7 @ 2.80GHz
icp_pt2pl,easy,14,0.010982975528422933,8.176197349483431e-05,True,0.0226,1.0,0.000208,5324,itodd_bracket_screw.ply,0.094265,0.000943,6287,6287,50,8x 11th Gen Intel(R) Core(TM) i7-1165G7 @ 2.80GHz
fpfh_ransac,easy,14,0.015051876589301495,0.00010959604591053321,True,0.5989,1.0,0.000208,5324,itodd_bracket_screw.ply,0.094265,0.000943,6287,6287,50,8x 11th Gen Intel(R) Core(TM) i7-1165G7 @ 2.80GHz
fgr,easy,14,0.012364950461151578,9.74826298705074e-05,True,0.4081,1.0,0.000208,5324,itodd_bracket_screw.ply,0.094265,0.000943,6287,6287,50,8x 11th Gen Intel(R) Core(TM) i7-1165G7 @ 2.80GHz
icp_pt2pt,easy,15,0.029402132400551353,4.5468452530734326e-05,True,0.0212,1.0,0.000211,5254,itodd_bracket_screw.ply,0.094265,0.000943,6287,6287,50,8x 11th Gen Intel(R) Core(TM) i7-1165G7 @ 2.80GHz
icp_pt2pl,easy,15,0.014430387949195921,8.002430933525472e-05,True,0.0295,1.0,0.000211,5254,itodd_bracket_screw.ply,0.094265,0.000943,6287,6287,50,8x 11th Gen Intel(R) Core(TM) i7-1165G7 @ 2.80GHz
fpfh_ransac,easy,15,0.01794107937648767,0.0001113310456247561,True,0.5789,1.0,0.000211,5254,itodd_bracket_screw.ply,0.094265,0.000943,6287,6287,50,8x 11th Gen Intel(R) Core(TM) i7-1165G7 @ 2.80GHz
fgr,easy,15,0.0159594848354017,9.262152260311208e-05,True,0.4097,1.0,0.000211,5254,itodd_bracket_screw.ply,0.094265,0.000943,6287,6287,50,8x 11th Gen Intel(R) Core(TM) i7-1165G7 @ 2.80GHz
icp_pt2pt,easy,16,0.4120907974929075,0.008628809891971416,True,0.0532,1.0,0.00046,5413,itodd_bracket_screw.ply,0.094265,0.000943,6287,6287,50,8x 11th Gen Intel(R) Core(TM) i7-1165G7 @ 2.80GHz
icp_pt2pl,easy,16,0.016486056657997666,9.278058283599506e-05,True,0.0162,1.0,0.000201,5413,itodd_bracket_screw.ply,0.094265,0.000943,6287,6287,50,8x 11th Gen Intel(R) Core(TM) i7-1165G7 @ 2.80GHz
fpfh_ransac,easy,16,0.016840909679767015,9.731410425686225e-05,True,0.6079,1.0,0.000201,5413,itodd_bracket_screw.ply,0.094265,0.000943,6287,6287,50,8x 11th Gen Intel(R) Core(TM) i7-1165G7 @ 2.80GHz
fgr,easy,16,0.01577421972138838,8.956579860849883e-05,True,0.5311,1.0,0.000201,5413,itodd_bracket_screw.ply,0.094265,0.000943,6287,6287,50,8x 11th Gen Intel(R) Core(TM) i7-1165G7 @ 2.80GHz
icp_pt2pt,easy,17,0.010668974132750525,7.843890242803003e-05,True,0.1574,1.0,0.000212,5251,itodd_bracket_screw.ply,0.094265,0.000943,6287,6287,50,8x 11th Gen Intel(R) Core(TM) i7-1165G7 @ 2.80GHz
icp_pt2pl,easy,17,0.026389025644048228,4.866704382833708e-05,True,0.1003,1.0,0.000213,5251,itodd_bracket_screw.ply,0.094265,0.000943,6287,6287,50,8x 11th Gen Intel(R) Core(TM) i7-1165G7 @ 2.80GHz
fpfh_ransac,easy,17,0.02540598738019506,3.7748941783475125e-05,True,0.6892,1.0,0.000213,5251,itodd_bracket_screw.ply,0.094265,0.000943,6287,6287,50,8x 11th Gen Intel(R) Core(TM) i7-1165G7 @ 2.80GHz
fgr,easy,17,0.025230428010544235,2.877265324578236e-05,True,0.6046,1.0,0.000213,5251,itodd_bracket_screw.ply,0.094265,0.000943,6287,6287,50,8x 11th Gen Intel(R) Core(TM) i7-1165G7 @ 2.80GHz
icp_pt2pt,easy,18,0.013490584265194928,9.344596321927918e-05,True,0.0683,1.0,0.00021,5269,itodd_bracket_screw.ply,0.094265,0.000943,6287,6287,50,8x 11th Gen Intel(R) Core(TM) i7-1165G7 @ 2.80GHz
icp_pt2pl,easy,18,0.024467027297954202,6.429158671917782e-05,True,0.0532,1.0,0.00021,5269,itodd_bracket_screw.ply,0.094265,0.000943,6287,6287,50,8x 11th Gen Intel(R) Core(TM) i7-1165G7 @ 2.80GHz
fpfh_ransac,easy,18,0.023801843045360736,6.60567921574706e-05,True,0.5613,1.0,0.00021,5269,itodd_bracket_screw.ply,0.094265,0.000943,6287,6287,50,8x 11th Gen Intel(R) Core(TM) i7-1165G7 @ 2.80GHz
fgr,easy,18,0.02387531867777243,6.761548656542762e-05,True,0.3971,1.0,0.00021,5269,itodd_bracket_screw.ply,0.094265,0.000943,6287,6287,50,8x 11th Gen Intel(R) Core(TM) i7-1165G7 @ 2.80GHz
icp_pt2pt,easy,19,0.036329023885358386,7.801655514852266e-05,True,0.1127,1.0,0.000208,5309,itodd_bracket_screw.ply,0.094265,0.000943,6287,6287,50,8x 11th Gen Intel(R) Core(TM) i7-1165G7 @ 2.80GHz
icp_pt2pl,easy,19,0.03216268301603016,9.599756039150815e-05,True,0.0916,1.0,0.000208,5309,itodd_bracket_screw.ply,0.094265,0.000943,6287,6287,50,8x 11th Gen Intel(R) Core(TM) i7-1165G7 @ 2.80GHz
fpfh_ransac,easy,19,0.03062791661318915,8.800260420365257e-05,True,0.5675,1.0,0.000208,5309,itodd_bracket_screw.ply,0.094265,0.000943,6287,6287,50,8x 11th Gen Intel(R) Core(TM) i7-1165G7 @ 2.80GHz
fgr,easy,19,0.03377128893242095,9.958076717622708e-05,True,0.5288,1.0,0.000208,5309,itodd_bracket_screw.ply,0.094265,0.000943,6287,6287,50,8x 11th Gen Intel(R) Core(TM) i7-1165G7 @ 2.80GHz
icp_pt2pt,easy,20,0.009639593210870127,3.962288478482666e-05,True,0.0245,1.0,0.000205,5342,itodd_bracket_screw.ply,0.094265,0.000943,6287,6287,50,8x 11th Gen Intel(R) Core(TM) i7-1165G7 @ 2.80GHz
icp_pt2pl,easy,20,0.01162719158128984,4.955213498384007e-05,True,0.049,1.0,0.000205,5342,itodd_bracket_screw.ply,0.094265,0.000943,6287,6287,50,8x 11th Gen Intel(R) Core(TM) i7-1165G7 @ 2.80GHz
fpfh_ransac,easy,20,0.012125136982828603,4.0882371916107326e-05,True,0.6511,1.0,0.000205,5342,itodd_bracket_screw.ply,0.094265,0.000943,6287,6287,50,8x 11th Gen Intel(R) Core(TM) i7-1165G7 @ 2.80GHz
fgr,easy,20,0.011401907040026514,4.3024873873642726e-05,True,0.4756,1.0,0.000205,5342,itodd_bracket_screw.ply,0.094265,0.000943,6287,6287,50,8x 11th Gen Intel(R) Core(TM) i7-1165G7 @ 2.80GHz
icp_pt2pt,easy,21,0.4069371434939273,0.009146561959751888,True,0.0612,1.0,0.000456,5666,itodd_bracket_screw.ply,0.094265,0.000943,6287,6287,50,8x 11th Gen Intel(R) Core(TM) i7-1165G7 @ 2.80GHz
icp_pt2pl,easy,21,0.01979872614091605,5.548331999311072e-05,True,0.0921,1.0,0.00019,5666,itodd_bracket_screw.ply,0.094265,0.000943,6287,6287,50,8x 11th Gen Intel(R) Core(TM) i7-1165G7 @ 2.80GHz
fpfh_ransac,easy,21,0.019652517256829732,5.300569491400402e-05,True,0.7508,1.0,0.00019,5666,itodd_bracket_screw.ply,0.094265,0.000943,6287,6287,50,8x 11th Gen Intel(R) Core(TM) i7-1165G7 @ 2.80GHz
fgr,easy,21,0.01947748852325713,5.975071146451313e-05,True,0.4332,1.0,0.00019,5666,itodd_bracket_screw.ply,0.094265,0.000943,6287,6287,50,8x 11th Gen Intel(R) Core(TM) i7-1165G7 @ 2.80GHz
icp_pt2pt,easy,22,0.02612966873007858,1.1684659773594448e-05,True,0.072,1.0,0.000199,5435,itodd_bracket_screw.ply,0.094265,0.000943,6287,6287,50,8x 11th Gen Intel(R) Core(TM) i7-1165G7 @ 2.80GHz
icp_pt2pl,easy,22,0.012395732514481143,7.67673025910534e-05,True,0.0948,1.0,0.000199,5435,itodd_bracket_screw.ply,0.094265,0.000943,6287,6287,50,8x 11th Gen Intel(R) Core(TM) i7-1165G7 @ 2.80GHz
fpfh_ransac,easy,22,0.012878178165531886,7.359359741198686e-05,True,0.5636,1.0,0.000199,5435,itodd_bracket_screw.ply,0.094265,0.000943,6287,6287,50,8x 11th Gen Intel(R) Core(TM) i7-1165G7 @ 2.80GHz
fgr,easy,22,0.013264981187719823,7.09319709702694e-05,True,0.4329,1.0,0.000199,5435,itodd_bracket_screw.ply,0.094265,0.000943,6287,6287,50,8x 11th Gen Intel(R) Core(TM) i7-1165G7 @ 2.80GHz
icp_pt2pt,easy,23,0.017671293276051277,3.3053816375358885e-05,True,0.0412,1.0,0.000209,5260,itodd_bracket_screw.ply,0.094265,0.000943,6287,6287,50,8x 11th Gen Intel(R) Core(TM) i7-1165G7 @ 2.80GHz
icp_pt2pl,easy,23,0.01338352036916103,9.559841432694377e-05,True,0.0177,1.0,0.000209,5260,itodd_bracket_screw.ply,0.094265,0.000943,6287,6287,50,8x 11th Gen Intel(R) Core(TM) i7-1165G7 @ 2.80GHz
fpfh_ransac,easy,23,0.013693696863860698,9.961874037881694e-05,True,0.5557,1.0,0.000209,5260,itodd_bracket_screw.ply,0.094265,0.000943,6287,6287,50,8x 11th Gen Intel(R) Core(TM) i7-1165G7 @ 2.80GHz
fgr,easy,23,0.01463084467649393,8.551103049527016e-05,True,0.4505,1.0,0.000209,5260,itodd_bracket_screw.ply,0.094265,0.000943,6287,6287,50,8x 11th Gen Intel(R) Core(TM) i7-1165G7 @ 2.80GHz
icp_pt2pt,easy,24,0.0075809277036401656,4.6467580444188205e-05,True,0.0285,1.0,0.000205,5342,itodd_bracket_screw.ply,0.094265,0.000943,6287,6287,50,8x 11th Gen Intel(R) Core(TM) i7-1165G7 @ 2.80GHz
icp_pt2pl,easy,24,0.014536677484812232,8.459149604702922e-06,True,0.0228,1.0,0.000205,5342,itodd_bracket_screw.ply,0.094265,0.000943,6287,6287,50,8x 11th Gen Intel(R) Core(TM) i7-1165G7 @ 2.80GHz
fpfh_ransac,easy,24,0.014340340967377053,3.2474847346620286e-05,True,0.6361,1.0,0.000205,5342,itodd_bracket_screw.ply,0.094265,0.000943,6287,6287,50,8x 11th Gen Intel(R) Core(TM) i7-1165G7 @ 2.80GHz
fgr,easy,24,0.014393008137405074,1.2336180884625022e-05,True,0.4975,1.0,0.000205,5342,itodd_bracket_screw.ply,0.094265,0.000943,6287,6287,50,8x 11th Gen Intel(R) Core(TM) i7-1165G7 @ 2.80GHz
icp_pt2pt,easy,25,0.009964982897801716,9.121462106589917e-05,True,0.026,1.0,0.000197,5503,itodd_bracket_screw.ply,0.094265,0.000943,6287,6287,50,8x 11th Gen Intel(R) Core(TM) i7-1165G7 @ 2.80GHz
icp_pt2pl,easy,25,0.012428202201724586,2.516054248560747e-05,True,0.0155,1.0,0.000197,5503,itodd_bracket_screw.ply,0.094265,0.000943,6287,6287,50,8x 11th Gen Intel(R) Core(TM) i7-1165G7 @ 2.80GHz
fpfh_ransac,easy,25,0.01179563957371836,2.192209555628564e-05,True,0.6025,1.0,0.000197,5503,itodd_bracket_screw.ply,0.094265,0.000943,6287,6287,50,8x 11th Gen Intel(R) Core(TM) i7-1165G7 @ 2.80GHz
fgr,easy,25,0.01244513846503153,2.4923809909358666e-05,True,0.6576,1.0,0.000197,5503,itodd_bracket_screw.ply,0.094265,0.000943,6287,6287,50,8x 11th Gen Intel(R) Core(TM) i7-1165G7 @ 2.80GHz
icp_pt2pt,easy,26,0.00932058571009992,3.822158535761715e-05,True,0.0091,1.0,0.000208,5280,itodd_bracket_screw.ply,0.094265,0.000943,6287,6287,50,8x 11th Gen Intel(R) Core(TM) i7-1165G7 @ 2.80GHz
icp_pt2pl,easy,26,0.018632007271342045,7.707732004391535e-05,True,0.0134,1.0,0.000208,5280,itodd_bracket_screw.ply,0.094265,0.000943,6287,6287,50,8x 11th Gen Intel(R) Core(TM) i7-1165G7 @ 2.80GHz
fpfh_ransac,easy,26,0.01459001390289978,5.5425891305872945e-05,True,0.555,1.0,0.000208,5280,itodd_bracket_screw.ply,0.094265,0.000943,6287,6287,50,8x 11th Gen Intel(R) Core(TM) i7-1165G7 @ 2.80GHz
fgr,easy,26,0.016435204484387768,6.334972934193184e-05,True,0.4432,1.0,0.000208,5280,itodd_bracket_screw.ply,0.094265,0.000943,6287,6287,50,8x 11th Gen Intel(R) Core(TM) i7-1165G7 @ 2.80GHz
icp_pt2pt,easy,27,0.1783925848678954,0.00042097033137787187,True,0.0498,1.0,0.000212,5305,itodd_bracket_screw.ply,0.094265,0.000943,6287,6287,50,8x 11th Gen Intel(R) Core(TM) i7-1165G7 @ 2.80GHz
icp_pt2pl,easy,27,0.010480692306952581,6.405632441572009e-05,True,0.0453,1.0,0.000207,5305,itodd_bracket_screw.ply,0.094265,0.000943,6287,6287,50,8x 11th Gen Intel(R) Core(TM) i7-1165G7 @ 2.80GHz
fpfh_ransac,easy,27,0.010988069033259655,6.099549431380513e-05,True,0.6528,1.0,0.000207,5305,itodd_bracket_screw.ply,0.094265,0.000943,6287,6287,50,8x 11th Gen Intel(R) Core(TM) i7-1165G7 @ 2.80GHz
fgr,easy,27,0.009264426685732992,7.213045487344271e-05,True,0.4434,1.0,0.000207,5305,itodd_bracket_screw.ply,0.094265,0.000943,6287,6287,50,8x 11th Gen Intel(R) Core(TM) i7-1165G7 @ 2.80GHz
icp_pt2pt,easy,28,0.5573752105398351,0.009515654071091714,True,0.0186,1.0,0.000461,5220,itodd_bracket_screw.ply,0.094265,0.000943,6287,6287,50,8x 11th Gen Intel(R) Core(TM) i7-1165G7 @ 2.80GHz
icp_pt2pl,easy,28,0.01665247085900535,0.00010133916574402773,True,0.034,1.0,0.000213,5220,itodd_bracket_screw.ply,0.094265,0.000943,6287,6287,50,8x 11th Gen Intel(R) Core(TM) i7-1165G7 @ 2.80GHz
fpfh_ransac,easy,28,0.01600616005235539,0.00010779737016806056,True,0.5433,1.0,0.000213,5220,itodd_bracket_screw.ply,0.094265,0.000943,6287,6287,50,8x 11th Gen Intel(R) Core(TM) i7-1165G7 @ 2.80GHz
fgr,easy,28,0.011321290640610597,5.156066009841018e-05,True,0.4397,1.0,0.000213,5220,itodd_bracket_screw.ply,0.094265,0.000943,6287,6287,50,8x 11th Gen Intel(R) Core(TM) i7-1165G7 @ 2.80GHz
icp_pt2pt,easy,29,0.02523838183387456,4.487184849241508e-05,True,0.0412,1.0,0.000208,5277,itodd_bracket_screw.ply,0.094265,0.000943,6287,6287,50,8x 11th Gen Intel(R) Core(TM) i7-1165G7 @ 2.80GHz
icp_pt2pl,easy,29,0.016948507132380854,5.8052017721405234e-05,True,0.0161,1.0,0.000208,5277,itodd_bracket_screw.ply,0.094265,0.000943,6287,6287,50,8x 11th Gen Intel(R) Core(TM) i7-1165G7 @ 2.80GHz
fpfh_ransac,easy,29,0.015180678603441928,6.8323629743049e-05,True,0.513,1.0,0.000208,5277,itodd_bracket_screw.ply,0.094265,0.000943,6287,6287,50,8x 11th Gen Intel(R) Core(TM) i7-1165G7 @ 2.80GHz
fgr,easy,29,0.019289876555817115,7.014521019071024e-05,True,0.3942,1.0,0.000208,5277,itodd_bracket_screw.ply,0.094265,0.000943,6287,6287,50,8x 11th Gen Intel(R) Core(TM) i7-1165G7 @ 2.80GHz
icp_pt2pt,easy,30,0.3835853248029209,0.009295167234852481,True,0.0263,1.0,0.000463,5435,itodd_bracket_screw.ply,0.094265,0.000943,6287,6287,50,8x 11th Gen Intel(R) Core(TM) i7-1165G7 @ 2.80GHz
icp_pt2pl,easy,30,0.00816812864789026,6.066052822603944e-05,True,0.016,1.0,0.000199,5435,itodd_bracket_screw.ply,0.094265,0.000943,6287,6287,50,8x 11th Gen Intel(R) Core(TM) i7-1165G7 @ 2.80GHz
fpfh_ransac,easy,30,0.005225268258827815,6.399717376571086e-05,True,0.4983,1.0,0.000199,5435,itodd_bracket_screw.ply,0.094265,0.000943,6287,6287,50,8x 11th Gen Intel(R) Core(TM) i7-1165G7 @ 2.80GHz
fgr,easy,30,0.008744429218522904,0.00010531318116448913,True,0.6331,1.0,0.000199,5435,itodd_bracket_screw.ply,0.094265,0.000943,6287,6287,50,8x 11th Gen Intel(R) Core(TM) i7-1165G7 @ 2.80GHz
icp_pt2pt,easy,31,0.9345137153295474,0.010369363261114652,False,0.0492,1.0,0.000478,5282,itodd_bracket_screw.ply,0.094265,0.000943,6287,6287,50,8x 11th Gen Intel(R) Core(TM) i7-1165G7 @ 2.80GHz
icp_pt2pl,easy,31,0.004640972186887061,6.088309887718306e-05,True,0.0426,1.0,0.000209,5282,itodd_bracket_screw.ply,0.094265,0.000943,6287,6287,50,8x 11th Gen Intel(R) Core(TM) i7-1165G7 @ 2.80GHz
fpfh_ransac,easy,31,0.005418654693907661,5.5135198746813664e-05,True,0.5009,1.0,0.000209,5282,itodd_bracket_screw.ply,0.094265,0.000943,6287,6287,50,8x 11th Gen Intel(R) Core(TM) i7-1165G7 @ 2.80GHz
fgr,easy,31,0.0019116512434055885,4.251792180084287e-05,True,0.4957,1.0,0.000209,5282,itodd_bracket_screw.ply,0.094265,0.000943,6287,6287,50,8x 11th Gen Intel(R) Core(TM) i7-1165G7 @ 2.80GHz
icp_pt2pt,easy,32,0.016321899830915983,8.617792674462085e-05,True,0.0267,1.0,0.00021,5274,itodd_bracket_screw.ply,0.094265,0.000943,6287,6287,50,8x 11th Gen Intel(R) Core(TM) i7-1165G7 @ 2.80GHz
icp_pt2pl,easy,32,0.0073829698835069825,8.946693918973527e-05,True,0.0153,1.0,0.00021,5274,itodd_bracket_screw.ply,0.094265,0.000943,6287,6287,50,8x 11th Gen Intel(R) Core(TM) i7-1165G7 @ 2.80GHz
fpfh_ransac,easy,32,0.00650253604579024,8.073215530033565e-05,True,0.6132,1.0,0.000209,5274,itodd_bracket_screw.ply,0.094265,0.000943,6287,6287,50,8x 11th Gen Intel(R) Core(TM) i7-1165G7 @ 2.80GHz
fgr,easy,32,0.011269209316624437,6.680416834684924e-05,True,0.4387,1.0,0.000209,5274,itodd_bracket_screw.ply,0.094265,0.000943,6287,6287,50,8x 11th Gen Intel(R) Core(TM) i7-1165G7 @ 2.80GHz
icp_pt2pt,easy,33,0.025841188029974694,0.00011618276399656867,True,0.0329,1.0,0.000208,5302,itodd_bracket_screw.ply,0.094265,0.000943,6287,6287,50,8x 11th Gen Intel(R) Core(TM) i7-1165G7 @ 2.80GHz
icp_pt2pl,easy,33,0.01902901598166638,0.00011208466078613355,True,0.0239,1.0,0.000208,5302,itodd_bracket_screw.ply,0.094265,0.000943,6287,6287,50,8x 11th Gen Intel(R) Core(TM) i7-1165G7 @ 2.80GHz
fpfh_ransac,easy,33,0.01875907026408348,0.0001244101242431715,True,0.6372,1.0,0.000208,5302,itodd_bracket_screw.ply,0.094265,0.000943,6287,6287,50,8x 11th Gen Intel(R) Core(TM) i7-1165G7 @ 2.80GHz
fgr,easy,33,0.026356641629596573,8.431673491402305e-05,True,0.418,1.0,0.000208,5302,itodd_bracket_screw.ply,0.094265,0.000943,6287,6287,50,8x 11th Gen Intel(R) Core(TM) i7-1165G7 @ 2.80GHz
icp_pt2pt,easy,34,0.506332698729299,0.00932697065834518,True,0.0353,1.0,0.000465,5346,itodd_bracket_screw.ply,0.094265,0.000943,6287,6287,50,8x 11th Gen Intel(R) Core(TM) i7-1165G7 @ 2.80GHz
icp_pt2pl,easy,34,0.025174450402304323,5.8585281276364134e-05,True,0.0162,1.0,0.000205,5346,itodd_bracket_screw.ply,0.094265,0.000943,6287,6287,50,8x 11th Gen Intel(R) Core(TM) i7-1165G7 @ 2.80GHz
fpfh_ransac,easy,34,0.02534363838767386,3.8793214631492076e-05,True,0.6028,1.0,0.000205,5346,itodd_bracket_screw.ply,0.094265,0.000943,6287,6287,50,8x 11th Gen Intel(R) Core(TM) i7-1165G7 @ 2.80GHz
fgr,easy,34,0.02536362814564261,4.958201753273091e-05,True,0.3803,1.0,0.000205,5346,itodd_bracket_screw.ply,0.094265,0.000943,6287,6287,50,8x 11th Gen Intel(R) Core(TM) i7-1165G7 @ 2.80GHz
icp_pt2pt,easy,35,0.44714563612662656,0.009084360566589142,True,0.0226,1.0,0.000463,5293,itodd_bracket_screw.ply,0.094265,0.000943,6287,6287,50,8x 11th Gen Intel(R) Core(TM) i7-1165G7 @ 2.80GHz
icp_pt2pl,easy,35,0.014380705538267306,8.985386811942609e-05,True,0.0139,1.0,0.000207,5293,itodd_bracket_screw.ply,0.094265,0.000943,6287,6287,50,8x 11th Gen Intel(R) Core(TM) i7-1165G7 @ 2.80GHz
fpfh_ransac,easy,35,0.013480872865842252,9.90363111927051e-05,True,0.5071,1.0,0.000207,5293,itodd_bracket_screw.ply,0.094265,0.000943,6287,6287,50,8x 11th Gen Intel(R) Core(TM) i7-1165G7 @ 2.80GHz
fgr,easy,35,0.01418595317653136,0.00010720825963739652,True,0.3951,1.0,0.000207,5293,itodd_bracket_screw.ply,0.094265,0.000943,6287,6287,50,8x 11th Gen Intel(R) Core(TM) i7-1165G7 @ 2.80GHz
icp_pt2pt,easy,36,0.0016806685485495066,4.019225023550679e-05,True,0.0258,1.0,0.00021,5261,itodd_bracket_screw.ply,0.094265,0.000943,6287,6287,50,8x 11th Gen Intel(R) Core(TM) i7-1165G7 @ 2.80GHz
icp_pt2pl,easy,36,0.020467775657313524,1.6065843198544376e-05,True,0.014,1.0,0.00021,5261,itodd_bracket_screw.ply,0.094265,0.000943,6287,6287,50,8x 11th Gen Intel(R) Core(TM) i7-1165G7 @ 2.80GHz
fpfh_ransac,easy,36,0.018836975812521663,9.055920066298808e-06,True,0.4989,1.0,0.00021,5261,itodd_bracket_screw.ply,0.094265,0.000943,6287,6287,50,8x 11th Gen Intel(R) Core(TM) i7-1165G7 @ 2.80GHz
fgr,easy,36,0.02352093248046575,5.250559285473351e-05,True,0.4298,1.0,0.00021,5261,itodd_bracket_screw.ply,0.094265,0.000943,6287,6287,50,8x 11th Gen Intel(R) Core(TM) i7-1165G7 @ 2.80GHz
icp_pt2pt,easy,37,0.4926186245348055,0.009218821304304875,True,0.0704,1.0,0.000461,5321,itodd_bracket_screw.ply,0.094265,0.000943,6287,6287,50,8x 11th Gen Intel(R) Core(TM) i7-1165G7 @ 2.80GHz
icp_pt2pl,easy,37,0.01544044198357604,2.3984111385320647e-05,True,0.0309,1.0,0.000205,5321,itodd_bracket_screw.ply,0.094265,0.000943,6287,6287,50,8x 11th Gen Intel(R) Core(TM) i7-1165G7 @ 2.80GHz
fpfh_ransac,easy,37,0.017775025670498372,2.4667980961612307e-05,True,0.6781,1.0,0.000205,5321,itodd_bracket_screw.ply,0.094265,0.000943,6287,6287,50,8x 11th Gen Intel(R) Core(TM) i7-1165G7 @ 2.80GHz
fgr,easy,37,0.015758533179136256,2.7356254057700415e-05,True,0.454,1.0,0.000205,5321,itodd_bracket_screw.ply,0.094265,0.000943,6287,6287,50,8x 11th Gen Intel(R) Core(TM) i7-1165G7 @ 2.80GHz
icp_pt2pt,easy,38,0.01786843296464157,2.778917651073199e-05,True,0.0275,1.0,0.000207,5272,itodd_bracket_screw.ply,0.094265,0.000943,6287,6287,50,8x 11th Gen Intel(R) Core(TM) i7-1165G7 @ 2.80GHz
icp_pt2pl,easy,38,0.02716512221928733,2.12227750502718e-05,True,0.0189,1.0,0.000207,5272,itodd_bracket_screw.ply,0.094265,0.000943,6287,6287,50,8x 11th Gen Intel(R) Core(TM) i7-1165G7 @ 2.80GHz
fpfh_ransac,easy,38,0.028216322365088864,4.058518232971763e-05,True,0.571,1.0,0.000207,5272,itodd_bracket_screw.ply,0.094265,0.000943,6287,6287,50,8x 11th Gen Intel(R) Core(TM) i7-1165G7 @ 2.80GHz
fgr,easy,38,0.027105130031570515,2.151128818696753e-05,True,0.3887,1.0,0.000207,5272,itodd_bracket_screw.ply,0.094265,0.000943,6287,6287,50,8x 11th Gen Intel(R) Core(TM) i7-1165G7 @ 2.80GHz
icp_pt2pt,easy,39,0.43381378897375494,0.009065200517269478,True,0.0083,1.0,0.000459,5416,itodd_bracket_screw.ply,0.094265,0.000943,6287,6287,50,8x 11th Gen Intel(R) Core(TM) i7-1165G7 @ 2.80GHz
icp_pt2pl,easy,39,0.016540445189530333,4.4817782753463176e-05,True,0.029,1.0,0.0002,5416,itodd_bracket_screw.ply,0.094265,0.000943,6287,6287,50,8x 11th Gen Intel(R) Core(TM) i7-1165G7 @ 2.80GHz
fpfh_ransac,easy,39,0.018221673477719906,5.396060189079837e-05,True,0.5941,1.0,0.0002,5416,itodd_bracket_screw.ply,0.094265,0.000943,6287,6287,50,8x 11th Gen Intel(R) Core(TM) i7-1165G7 @ 2.80GHz
fgr,easy,39,0.017761328513728438,5.234599110726862e-05,True,0.4228,1.0,0.0002,5416,itodd_bracket_screw.ply,0.094265,0.000943,6287,6287,50,8x 11th Gen Intel(R) Core(TM) i7-1165G7 @ 2.80GHz
icp_pt2pt,easy,40,0.01109818364541222,0.00014834216865126497,True,0.0186,1.0,0.0002,5476,itodd_bracket_screw.ply,0.094265,0.000943,6287,6287,50,8x 11th Gen Intel(R) Core(TM) i7-1165G7 @ 2.80GHz
icp_pt2pl,easy,40,0.008433666146775983,4.088299244758486e-05,True,0.015,1.0,0.000201,5476,itodd_bracket_screw.ply,0.094265,0.000943,6287,6287,50,8x 11th Gen Intel(R) Core(TM) i7-1165G7 @ 2.80GHz
fpfh_ransac,easy,40,0.007366511808061792,3.948333376511323e-05,True,0.5844,1.0,0.000201,5476,itodd_bracket_screw.ply,0.094265,0.000943,6287,6287,50,8x 11th Gen Intel(R) Core(TM) i7-1165G7 @ 2.80GHz
fgr,easy,40,0.006969213759665159,3.9077047688826465e-05,True,0.4611,1.0,0.000201,5476,itodd_bracket_screw.ply,0.094265,0.000943,6287,6287,50,8x 11th Gen Intel(R) Core(TM) i7-1165G7 @ 2.80GHz
icp_pt2pt,easy,41,0.493528288613218,0.009115849173271809,True,0.0505,1.0,0.000467,5272,itodd_bracket_screw.ply,0.094265,0.000943,6287,6287,50,8x 11th Gen Intel(R) Core(TM) i7-1165G7 @ 2.80GHz
icp_pt2pl,easy,41,0.02307156904606027,6.434549814648764e-05,True,0.0183,1.0,0.000208,5272,itodd_bracket_screw.ply,0.094265,0.000943,6287,6287,50,8x 11th Gen Intel(R) Core(TM) i7-1165G7 @ 2.80GHz
fpfh_ransac,easy,41,0.02481416011150275,7.025709790131268e-05,True,0.5441,1.0,0.000208,5272,itodd_bracket_screw.ply,0.094265,0.000943,6287,6287,50,8x 11th Gen Intel(R) Core(TM) i7-1165G7 @ 2.80GHz
fgr,easy,41,0.023585108021111984,5.508686223201144e-05,True,0.3904,1.0,0.000208,5272,itodd_bracket_screw.ply,0.094265,0.000943,6287,6287,50,8x 11th Gen Intel(R) Core(TM) i7-1165G7 @ 2.80GHz
icp_pt2pt,easy,42,0.3772378559405079,0.009010580068131144,True,0.0184,1.0,0.000462,5298,itodd_bracket_screw.ply,0.094265,0.000943,6287,6287,50,8x 11th Gen Intel(R) Core(TM) i7-1165G7 @ 2.80GHz
icp_pt2pl,easy,42,0.024055249428943836,6.15156096224746e-05,True,0.0174,1.0,0.000206,5298,itodd_bracket_screw.ply,0.094265,0.000943,6287,6287,50,8x 11th Gen Intel(R) Core(TM) i7-1165G7 @ 2.80GHz
fpfh_ransac,easy,42,0.0239901620246271,5.82828722358641e-05,True,0.561,1.0,0.000206,5298,itodd_bracket_screw.ply,0.094265,0.000943,6287,6287,50,8x 11th Gen Intel(R) Core(TM) i7-1165G7 @ 2.80GHz
fgr,easy,42,0.023272617845421548,4.491375337543784e-05,True,0.5665,1.0,0.000206,5298,itodd_bracket_screw.ply,0.094265,0.000943,6287,6287,50,8x 11th Gen Intel(R) Core(TM) i7-1165G7 @ 2.80GHz
icp_pt2pt,easy,43,0.01628625895793931,5.3606606335871555e-05,True,0.1401,1.0,0.000208,5291,itodd_bracket_screw.ply,0.094265,0.000943,6287,6287,50,8x 11th Gen Intel(R) Core(TM) i7-1165G7 @ 2.80GHz
icp_pt2pl,easy,43,0.015230852406947062,7.545353949082742e-05,True,0.1567,1.0,0.000209,5291,itodd_bracket_screw.ply,0.094265,0.000943,6287,6287,50,8x 11th Gen Intel(R) Core(TM) i7-1165G7 @ 2.80GHz
fpfh_ransac,easy,43,0.013502997158872666,8.44050889570968e-05,True,0.7595,1.0,0.000209,5291,itodd_bracket_screw.ply,0.094265,0.000943,6287,6287,50,8x 11th Gen Intel(R) Core(TM) i7-1165G7 @ 2.80GHz
fgr,easy,43,0.017318013567213592,7.887788124715282e-05,True,0.6141,1.0,0.000209,5291,itodd_bracket_screw.ply,0.094265,0.000943,6287,6287,50,8x 11th Gen Intel(R) Core(TM) i7-1165G7 @ 2.80GHz
icp_pt2pt,easy,44,0.007453939363556361,3.426302871808219e-05,True,0.1116,1.0,0.00021,5243,itodd_bracket_screw.ply,0.094265,0.000943,6287,6287,50,8x 11th Gen Intel(R) Core(TM) i7-1165G7 @ 2.80GHz
icp_pt2pl,easy,44,0.022798135883464157,5.768814009980549e-05,True,0.0837,1.0,0.00021,5243,itodd_bracket_screw.ply,0.094265,0.000943,6287,6287,50,8x 11th Gen Intel(R) Core(TM) i7-1165G7 @ 2.80GHz
fpfh_ransac,easy,44,0.023690613764950862,3.581085803901596e-05,True,0.734,1.0,0.00021,5243,itodd_bracket_screw.ply,0.094265,0.000943,6287,6287,50,8x 11th Gen Intel(R) Core(TM) i7-1165G7 @ 2.80GHz
fgr,easy,44,0.023714419856909426,3.767369927333875e-05,True,0.4671,1.0,0.00021,5243,itodd_bracket_screw.ply,0.094265,0.000943,6287,6287,50,8x 11th Gen Intel(R) Core(TM) i7-1165G7 @ 2.80GHz
icp_pt2pt,easy,45,0.5650166190932323,0.009417773939717043,True,0.165,1.0,0.000464,5311,itodd_bracket_screw.ply,0.094265,0.000943,6287,6287,50,8x 11th Gen Intel(R) Core(TM) i7-1165G7 @ 2.80GHz
icp_pt2pl,easy,45,0.028689325226267808,4.439664499631007e-05,True,0.0612,1.0,0.000208,5311,itodd_bracket_screw.ply,0.094265,0.000943,6287,6287,50,8x 11th Gen Intel(R) Core(TM) i7-1165G7 @ 2.80GHz
fpfh_ransac,easy,45,0.028234259242774132,4.390052155402174e-05,True,0.5781,1.0,0.000208,5311,itodd_bracket_screw.ply,0.094265,0.000943,6287,6287,50,8x 11th Gen Intel(R) Core(TM) i7-1165G7 @ 2.80GHz
fgr,easy,45,0.027368593779622336,4.108507640640103e-05,True,0.5807,1.0,0.000208,5311,itodd_bracket_screw.ply,0.094265,0.000943,6287,6287,50,8x 11th Gen Intel(R) Core(TM) i7-1165G7 @ 2.80GHz
icp_pt2pt,easy,46,0.02051273503177815,0.00011255363523987625,True,0.1094,1.0,0.000211,5234,itodd_bracket_screw.ply,0.094265,0.000943,6287,6287,50,8x 11th Gen Intel(R) Core(TM) i7-1165G7 @ 2.80GHz
icp_pt2pl,easy,46,0.01120758601962385,4.663122147356875e-05,True,0.0687,1.0,0.000211,5234,itodd_bracket_screw.ply,0.094265,0.000943,6287,6287,50,8x 11th Gen Intel(R) Core(TM) i7-1165G7 @ 2.80GHz
fpfh_ransac,easy,46,0.013994535328263948,4.331116070529543e-05,True,0.6582,1.0,0.000211,5234,itodd_bracket_screw.ply,0.094265,0.000943,6287,6287,50,8x 11th Gen Intel(R) Core(TM) i7-1165G7 @ 2.80GHz
fgr,easy,46,0.01806706197279859,5.685674496054684e-05,True,0.4733,1.0,0.000211,5234,itodd_bracket_screw.ply,0.094265,0.000943,6287,6287,50,8x 11th Gen Intel(R) Core(TM) i7-1165G7 @ 2.80GHz
icp_pt2pt,easy,47,0.39798690963424677,0.00951129318663417,True,0.1166,1.0,0.000465,5308,itodd_bracket_screw.ply,0.094265,0.000943,6287,6287,50,8x 11th Gen Intel(R) Core(TM) i7-1165G7 @ 2.80GHz
icp_pt2pl,easy,47,0.0277027743433301,0.00013811922270927032,True,0.0685,1.0,0.000208,5308,itodd_bracket_screw.ply,0.094265,0.000943,6287,6287,50,8x 11th Gen Intel(R) Core(TM) i7-1165G7 @ 2.80GHz
fpfh_ransac,easy,47,0.02751508555207669,0.00013846714546717474,True,0.694,1.0,0.000208,5308,itodd_bracket_screw.ply,0.094265,0.000943,6287,6287,50,8x 11th Gen Intel(R) Core(TM) i7-1165G7 @ 2.80GHz
fgr,easy,47,0.026497952397684515,0.00012751679914330667,True,0.4874,1.0,0.000208,5308,itodd_bracket_screw.ply,0.094265,0.000943,6287,6287,50,8x 11th Gen Intel(R) Core(TM) i7-1165G7 @ 2.80GHz
icp_pt2pt,easy,48,0.01626083924663526,6.651632944310668e-05,True,0.1551,1.0,0.000207,5320,itodd_bracket_screw.ply,0.094265,0.000943,6287,6287,50,8x 11th Gen Intel(R) Core(TM) i7-1165G7 @ 2.80GHz
icp_pt2pl,easy,48,0.015809588431286416,4.863844244764108e-05,True,0.0589,1.0,0.000207,5320,itodd_bracket_screw.ply,0.094265,0.000943,6287,6287,50,8x 11th Gen Intel(R) Core(TM) i7-1165G7 @ 2.80GHz
fpfh_ransac,easy,48,0.016791313850786926,4.358033213645592e-05,True,0.6507,1.0,0.000207,5320,itodd_bracket_screw.ply,0.094265,0.000943,6287,6287,50,8x 11th Gen Intel(R) Core(TM) i7-1165G7 @ 2.80GHz
fgr,easy,48,0.0164991218493472,3.322147966005482e-05,True,0.6946,1.0,0.000207,5320,itodd_bracket_screw.ply,0.094265,0.000943,6287,6287,50,8x 11th Gen Intel(R) Core(TM) i7-1165G7 @ 2.80GHz
icp_pt2pt,easy,49,0.3378613723558682,0.006898190371707687,True,0.1078,1.0,0.000487,5276,itodd_bracket_screw.ply,0.094265,0.000943,6287,6287,50,8x 11th Gen Intel(R) Core(TM) i7-1165G7 @ 2.80GHz
icp_pt2pl,easy,49,0.011510160505997583,4.6914391732417444e-05,True,0.0386,1.0,0.000207,5276,itodd_bracket_screw.ply,0.094265,0.000943,6287,6287,50,8x 11th Gen Intel(R) Core(TM) i7-1165G7 @ 2.80GHz
fpfh_ransac,easy,49,0.01231425420643694,4.5035222190540115e-05,True,0.5807,1.0,0.000207,5276,itodd_bracket_screw.ply,0.094265,0.000943,6287,6287,50,8x 11th Gen Intel(R) Core(TM) i7-1165G7 @ 2.80GHz
fgr,easy,49,0.013412026627780604,4.497859146890605e-05,True,0.6951,1.0,0.000207,5276,itodd_bracket_screw.ply,0.094265,0.000943,6287,6287,50,8x 11th Gen Intel(R) Core(TM) i7-1165G7 @ 2.80GHz
icp_pt2pt,medium,0,91.39075874380295,0.33443985916549196,False,0.0603,0.40407,0.000775,1767,itodd_bracket_screw.ply,0.094265,0.000943,6287,5344,50,8x 11th Gen Intel(R) Core(TM) i7-1165G7 @ 2.80GHz
icp_pt2pl,medium,0,90.41494193024882,0.2835171425037279,False,0.0465,0.47153,0.000664,2062,itodd_bracket_screw.ply,0.094265,0.000943,6287,5344,50,8x 11th Gen Intel(R) Core(TM) i7-1165G7 @ 2.80GHz
fpfh_ransac,medium,0,179.8607263653753,0.3753164457090937,False,0.5575,0.942374,0.000542,4121,itodd_bracket_screw.ply,0.094265,0.000943,6287,5344,50,8x 11th Gen Intel(R) Core(TM) i7-1165G7 @ 2.80GHz
fgr,medium,0,0.021447971798143978,0.00010296824180745539,True,0.552,1.0,0.000393,4373,itodd_bracket_screw.ply,0.094265,0.000943,6287,5344,50,8x 11th Gen Intel(R) Core(TM) i7-1165G7 @ 2.80GHz
icp_pt2pt,medium,1,21.19049198580861,0.1197711248969575,False,0.0764,0.308489,0.0009,1341,itodd_bracket_screw.ply,0.094265,0.000943,6287,5344,50,8x 11th Gen Intel(R) Core(TM) i7-1165G7 @ 2.80GHz
icp_pt2pl,medium,1,0.0815980567341399,0.00020785766032000396,True,0.1043,1.0,0.00039,4347,itodd_bracket_screw.ply,0.094265,0.000943,6287,5344,50,8x 11th Gen Intel(R) Core(TM) i7-1165G7 @ 2.80GHz
fpfh_ransac,medium,1,0.08966701591321265,0.00020698365603314257,True,0.5523,1.0,0.00039,4347,itodd_bracket_screw.ply,0.094265,0.000943,6287,5344,50,8x 11th Gen Intel(R) Core(TM) i7-1165G7 @ 2.80GHz
fgr,medium,1,0.09598331323937705,0.00023163013753464755,True,0.4847,1.0,0.00039,4347,itodd_bracket_screw.ply,0.094265,0.000943,6287,5344,50,8x 11th Gen Intel(R) Core(TM) i7-1165G7 @ 2.80GHz
icp_pt2pt,medium,2,27.151092331155496,0.09870140586366667,False,0.1518,0.542904,0.000975,2341,itodd_bracket_screw.ply,0.094265,0.000943,6287,5344,50,8x 11th Gen Intel(R) Core(TM) i7-1165G7 @ 2.80GHz
icp_pt2pl,medium,2,0.07826072881819583,0.00012909870723643068,True,0.1535,1.0,0.000392,4312,itodd_bracket_screw.ply,0.094265,0.000943,6287,5344,50,8x 11th Gen Intel(R) Core(TM) i7-1165G7 @ 2.80GHz
fpfh_ransac,medium,2,0.08141799306519863,0.00011805623301013847,True,0.4908,1.0,0.000392,4312,itodd_bracket_screw.ply,0.094265,0.000943,6287,5344,50,8x 11th Gen Intel(R) Core(TM) i7-1165G7 @ 2.80GHz
fgr,medium,2,0.07774092477203451,0.00013190378957220834,True,0.4395,1.0,0.000392,4312,itodd_bracket_screw.ply,0.094265,0.000943,6287,5344,50,8x 11th Gen Intel(R) Core(TM) i7-1165G7 @ 2.80GHz
icp_pt2pt,medium,3,2.1535466442565516,0.006393688458289707,False,0.0966,1.0,0.000507,4322,itodd_bracket_screw.ply,0.094265,0.000943,6287,5344,50,8x 11th Gen Intel(R) Core(TM) i7-1165G7 @ 2.80GHz
icp_pt2pl,medium,3,0.07697754372534858,0.00045347283660553464,True,0.0496,1.0,0.000393,4322,itodd_bracket_screw.ply,0.094265,0.000943,6287,5344,50,8x 11th Gen Intel(R) Core(TM) i7-1165G7 @ 2.80GHz
fpfh_ransac,medium,3,0.07411449532991866,0.0004425524645820651,True,0.5752,1.0,0.000393,4322,itodd_bracket_screw.ply,0.094265,0.000943,6287,5344,50,8x 11th Gen Intel(R) Core(TM) i7-1165G7 @ 2.80GHz
fgr,medium,3,0.07311738931230136,0.0004103012159940381,True,0.6002,1.0,0.000393,4322,itodd_bracket_screw.ply,0.094265,0.000943,6287,5344,50,8x 11th Gen Intel(R) Core(TM) i7-1165G7 @ 2.80GHz
icp_pt2pt,medium,4,27.297738681860242,0.07200934279796481,False,0.1694,0.494009,0.000977,2144,itodd_bracket_screw.ply,0.094265,0.000943,6287,5344,50,8x 11th Gen Intel(R) Core(TM) i7-1165G7 @ 2.80GHz
icp_pt2pl,medium,4,0.04228614175206057,0.00016416941271044569,True,0.1784,1.0,0.000397,4340,itodd_bracket_screw.ply,0.094265,0.000943,6287,5344,50,8x 11th Gen Intel(R) Core(TM) i7-1165G7 @ 2.80GHz
fpfh_ransac,medium,4,0.04005434803437909,0.00015530664651970978,True,0.5239,1.0,0.000397,4340,itodd_bracket_screw.ply,0.094265,0.000943,6287,5344,50,8x 11th Gen Intel(R) Core(TM) i7-1165G7 @ 2.80GHz
fgr,medium,4,0.0426105124018889,0.00016399964896683758,True,0.3657,1.0,0.000397,4340,itodd_bracket_screw.ply,0.094265,0.000943,6287,5344,50,8x 11th Gen Intel(R) Core(TM) i7-1165G7 @ 2.80GHz
icp_pt2pt,medium,5,4.64057112982129,0.15213606835094795,False,0.0422,0.367515,0.000804,1602,itodd_bracket_screw.ply,0.094265,0.000943,6287,5344,50,8x 11th Gen Intel(R) Core(TM) i7-1165G7 @ 2.80GHz
icp_pt2pl,medium,5,0.05428988250891466,9.30736470514781e-05,True,0.0553,1.0,0.000393,4359,itodd_bracket_screw.ply,0.094265,0.000943,6287,5344,50,8x 11th Gen Intel(R) Core(TM) i7-1165G7 @ 2.80GHz
fpfh_ransac,medium,5,0.0579001873293565,0.0001012509451454875,True,0.4541,1.0,0.000393,4359,itodd_bracket_screw.ply,0.094265,0.000943,6287,5344,50,8x 11th Gen Intel(R) Core(TM) i7-1165G7 @ 2.80GHz
fgr,medium,5,0.053594311407939584,7.540331622840918e-05,True,0.301,1.0,0.000393,4359,itodd_bracket_screw.ply,0.094265,0.000943,6287,5344,50,8x 11th Gen Intel(R) Core(TM) i7-1165G7 @ 2.80GHz
icp_pt2pt,medium,6,2.5603076987655853,0.08415508698724547,False,0.031,0.73021,0.000665,3164,itodd_bracket_screw.ply,0.094265,0.000943,6287,5344,50,8x 11th Gen Intel(R) Core(TM) i7-1165G7 @ 2.80GHz
icp_pt2pl,medium,6,0.04072146855945868,0.000164988791663135,True,0.0261,1.0,0.000391,4333,itodd_bracket_screw.ply,0.094265,0.000943,6287,5344,50,8x 11th Gen Intel(R) Core(TM) i7-1165G7 @ 2.80GHz
fpfh_ransac,medium,6,0.03853846958862017,0.00013870176882378605,True,0.4721,1.0,0.000391,4333,itodd_bracket_screw.ply,0.094265,0.000943,6287,5344,50,8x 11th Gen Intel(R) Core(TM) i7-1165G7 @ 2.80GHz
fgr,medium,6,0.03642434721345288,0.00017450532731789505,True,0.3019,1.0,0.000391,4333,itodd_bracket_screw.ply,0.094265,0.000943,6287,5344,50,8x 11th Gen Intel(R) Core(TM) i7-1165G7 @ 2.80GHz
icp_pt2pt,medium,7,0.7793856956938182,0.015779644920757327,False,0.0257,0.995648,0.000658,4347,itodd_bracket_screw.ply,0.094265,0.000943,6287,5344,50,8x 11th Gen Intel(R) Core(TM) i7-1165G7 @ 2.80GHz
icp_pt2pl,medium,7,0.08273703594112003,0.0001650114420951642,True,0.0143,1.0,0.000394,4366,itodd_bracket_screw.ply,0.094265,0.000943,6287,5344,50,8x 11th Gen Intel(R) Core(TM) i7-1165G7 @ 2.80GHz
fpfh_ransac,medium,7,0.0666646013325441,0.0001355497083157966,True,0.4664,1.0,0.000394,4366,itodd_bracket_screw.ply,0.094265,0.000943,6287,5344,50,8x 11th Gen Intel(R) Core(TM) i7-1165G7 @ 2.80GHz
fgr,medium,7,0.08296770842430347,0.00016289190670556894,True,0.3822,1.0,0.000394,4366,itodd_bracket_screw.ply,0.094265,0.000943,6287,5344,50,8x 11th Gen Intel(R) Core(TM) i7-1165G7 @ 2.80GHz
icp_pt2pt,medium,8,3.3135532283735865,0.08709781759401361,False,0.2008,0.516077,0.000746,2247,itodd_bracket_screw.ply,0.094265,0.000943,6287,5344,50,8x 11th Gen Intel(R) Core(TM) i7-1165G7 @ 2.80GHz
icp_pt2pl,medium,8,0.09437904914594657,8.27214229620585e-05,True,0.2747,1.0,0.000391,4354,itodd_bracket_screw.ply,0.094265,0.000943,6287,5344,50,8x 11th Gen Intel(R) Core(TM) i7-1165G7 @ 2.80GHz
fpfh_ransac,medium,8,0.09760803460160063,7.089241138601911e-05,True,0.6531,1.0,0.000391,4354,itodd_bracket_screw.ply,0.094265,0.000943,6287,5344,50,8x 11th Gen Intel(R) Core(TM) i7-1165G7 @ 2.80GHz
fgr,medium,8,51.711360648367396,0.14111534910522067,False,0.5729,0.60588,0.000696,2638,itodd_bracket_screw.ply,0.094265,0.000943,6287,5344,50,8x 11th Gen Intel(R) Core(TM) i7-1165G7 @ 2.80GHz
icp_pt2pt,medium,9,5.708300853404534,0.16858916031582052,False,0.1189,0.353251,0.000797,1543,itodd_bracket_screw.ply,0.094265,0.000943,6287,5344,50,8x 11th Gen Intel(R) Core(TM) i7-1165G7 @ 2.80GHz
icp_pt2pl,medium,9,0.20451339613103436,0.03270346617324278,False,0.2023,0.790064,0.00081,3451,itodd_bracket_screw.ply,0.094265,0.000943,6287,5344,50,8x 11th Gen Intel(R) Core(TM) i7-1165G7 @ 2.80GHz
fpfh_ransac,medium,9,0.03743331134856224,0.00017365168481325085,True,0.4621,1.0,0.000392,4368,itodd_bracket_screw.ply,0.094265,0.000943,6287,5344,50,8x 11th Gen Intel(R) Core(TM) i7-1165G7 @ 2.80GHz
fgr,medium,9,0.037372072152713647,0.0001733771503790794,True,0.5335,1.0,0.000392,4368,itodd_bracket_screw.ply,0.094265,0.000943,6287,5344,50,8x 11th Gen Intel(R) Core(TM) i7-1165G7 @ 2.80GHz
icp_pt2pt,medium,10,95.11597074431945,0.42473244524956355,False,0.0872,0.141938,0.001119,618,itodd_bracket_screw.ply,0.094265,0.000943,6287,5344,50,8x 11th Gen Intel(R) Core(TM) i7-1165G7 @ 2.80GHz
icp_pt2pl,medium,10,153.5297858481691,0.5169554618436213,False,0.1394,0.406063,0.00086,1768,itodd_bracket_screw.ply,0.094265,0.000943,6287,5344,50,8x 11th Gen Intel(R) Core(TM) i7-1165G7 @ 2.80GHz
fpfh_ransac,medium,10,0.05743233770085793,0.0001544715569598393,True,0.5589,1.0,0.000396,4354,itodd_bracket_screw.ply,0.094265,0.000943,6287,5344,50,8x 11th Gen Intel(R) Core(TM) i7-1165G7 @ 2.80GHz
fgr,medium,10,0.05674950353728802,0.00015805906537473297,True,0.4278,1.0,0.000396,4354,itodd_bracket_screw.ply,0.094265,0.000943,6287,5344,50,8x 11th Gen Intel(R) Core(TM) i7-1165G7 @ 2.80GHz
icp_pt2pt,medium,11,4.69880558495456,0.10121185569432234,False,0.1445,0.515068,0.000755,2239,itodd_bracket_screw.ply,0.094265,0.000943,6287,5344,50,8x 11th Gen Intel(R) Core(TM) i7-1165G7 @ 2.80GHz
icp_pt2pl,medium,11,0.06012165442273357,5.242952456186618e-05,True,0.2515,1.0,0.000391,4347,itodd_bracket_screw.ply,0.094265,0.000943,6287,5344,50,8x 11th Gen Intel(R) Core(TM) i7-1165G7 @ 2.80GHz
fpfh_ransac,medium,11,0.06595452819776902,6.677288240586264e-05,True,0.5563,1.0,0.000391,4347,itodd_bracket_screw.ply,0.094265,0.000943,6287,5344,50,8x 11th Gen Intel(R) Core(TM) i7-1165G7 @ 2.80GHz
fgr,medium,11,0.06915241352213171,6.346925445195207e-05,True,0.4482,1.0,0.000391,4347,itodd_bracket_screw.ply,0.094265,0.000943,6287,5344,50,8x 11th Gen Intel(R) Core(TM) i7-1165G7 @ 2.80GHz
icp_pt2pt,medium,12,3.4096865859763517,0.07027948498001346,False,0.1763,0.568302,0.000714,2467,itodd_bracket_screw.ply,0.094265,0.000943,6287,5344,50,8x 11th Gen Intel(R) Core(TM) i7-1165G7 @ 2.80GHz
icp_pt2pl,medium,12,0.03703718305623655,8.64365050287893e-05,True,0.0287,1.0,0.000397,4341,itodd_bracket_screw.ply,0.094265,0.000943,6287,5344,50,8x 11th Gen Intel(R) Core(TM) i7-1165G7 @ 2.80GHz
fpfh_ransac,medium,12,0.0382717110608486,0.00012111544052721293,True,0.5455,1.0,0.000397,4341,itodd_bracket_screw.ply,0.094265,0.000943,6287,5344,50,8x 11th Gen Intel(R) Core(TM) i7-1165G7 @ 2.80GHz
fgr,medium,12,0.04491657904603083,9.881566035828956e-05,True,0.3678,1.0,0.000397,4341,itodd_bracket_screw.ply,0.094265,0.000943,6287,5344,50,8x 11th Gen Intel(R) Core(TM) i7-1165G7 @ 2.80GHz
icp_pt2pt,medium,13,12.860471470885209,0.07799949610560157,False,0.1784,0.771606,0.000727,3348,itodd_bracket_screw.ply,0.094265,0.000943,6287,5344,50,8x 11th Gen Intel(R) Core(TM) i7-1165G7 @ 2.80GHz
icp_pt2pl,medium,13,0.03508100227372207,0.00019821737587252496,True,0.1783,1.0,0.000395,4339,itodd_bracket_screw.ply,0.094265,0.000943,6287,5344,50,8x 11th Gen Intel(R) Core(TM) i7-1165G7 @ 2.80GHz
fpfh_ransac,medium,13,0.03936290151049178,0.00017950930885423915,True,0.6567,1.0,0.000395,4339,itodd_bracket_screw.ply,0.094265,0.000943,6287,5344,50,8x 11th Gen Intel(R) Core(TM) i7-1165G7 @ 2.80GHz
fgr,medium,13,0.03333329625087424,0.00021620926563741991,True,0.5184,1.0,0.000395,4339,itodd_bracket_screw.ply,0.094265,0.000943,6287,5344,50,8x 11th Gen Intel(R) Core(TM) i7-1165G7 @ 2.80GHz
icp_pt2pt,medium,14,3.0588694424706153,0.18952601337856934,False,0.2578,0.266049,0.000764,1148,itodd_bracket_screw.ply,0.094265,0.000943,6287,5344,50,8x 11th Gen Intel(R) Core(TM) i7-1165G7 @ 2.80GHz
icp_pt2pl,medium,14,0.0354710759865527,0.0002799569269452906,True,0.2865,1.0,0.000394,4315,itodd_bracket_screw.ply,0.094265,0.000943,6287,5344,50,8x 11th Gen Intel(R) Core(TM) i7-1165G7 @ 2.80GHz
fpfh_ransac,medium,14,0.030201795512020235,0.0003305455519919769,True,0.5522,1.0,0.000394,4315,itodd_bracket_screw.ply,0.094265,0.000943,6287,5344,50,8x 11th Gen Intel(R) Core(TM) i7-1165G7 @ 2.80GHz
fgr,medium,14,0.02973585052943978,0.0002852486667354817,True,0.5331,1.0,0.000394,4315,itodd_bracket_screw.ply,0.094265,0.000943,6287,5344,50,8x 11th Gen Intel(R) Core(TM) i7-1165G7 @ 2.80GHz
icp_pt2pt,medium,15,36.33781842750956,0.20268516753321597,False,0.1913,0.244588,0.000789,1062,itodd_bracket_screw.ply,0.094265,0.000943,6287,5344,50,8x 11th Gen Intel(R) Core(TM) i7-1165G7 @ 2.80GHz
icp_pt2pl,medium,15,8.520893319971776,0.011192442210174292,False,0.2473,0.839705,0.000782,3646,itodd_bracket_screw.ply,0.094265,0.000943,6287,5344,50,8x 11th Gen Intel(R) Core(TM) i7-1165G7 @ 2.80GHz
fpfh_ransac,medium,15,0.01012762861934381,0.0001206866066241613,True,0.6846,1.0,0.000393,4342,itodd_bracket_screw.ply,0.094265,0.000943,6287,5344,50,8x 11th Gen Intel(R) Core(TM) i7-1165G7 @ 2.80GHz
fgr,medium,15,0.009682712842865569,0.0001214577690570216,True,0.415,1.0,0.000393,4342,itodd_bracket_screw.ply,0.094265,0.000943,6287,5344,50,8x 11th Gen Intel(R) Core(TM) i7-1165G7 @ 2.80GHz
icp_pt2pt,medium,16,23.268890272521475,0.0618374038975036,False,0.1414,0.637896,0.000683,2801,itodd_bracket_screw.ply,0.094265,0.000943,6287,5344,50,8x 11th Gen Intel(R) Core(TM) i7-1165G7 @ 2.80GHz
icp_pt2pl,medium,16,0.07382021493578332,8.423345578790669e-05,True,0.2082,1.0,0.000394,4391,itodd_bracket_screw.ply,0.094265,0.000943,6287,5344,50,8x 11th Gen Intel(R) Core(TM) i7-1165G7 @ 2.80GHz
fpfh_ransac,medium,16,0.04876918337656854,0.00018926363599349223,True,0.6164,1.0,0.000394,4391,itodd_bracket_screw.ply,0.094265,0.000943,6287,5344,50,8x 11th Gen Intel(R) Core(TM) i7-1165G7 @ 2.80GHz
fgr,medium,16,0.04590068371340225,0.00022176916291908206,True,0.3865,1.0,0.000394,4391,itodd_bracket_screw.ply,0.094265,0.000943,6287,5344,50,8x 11th Gen Intel(R) Core(TM) i7-1165G7 @ 2.80GHz
icp_pt2pt,medium,17,0.9431590659181835,0.0075772333615877555,True,0.1544,1.0,0.00051,4301,itodd_bracket_screw.ply,0.094265,0.000943,6287,5344,50,8x 11th Gen Intel(R) Core(TM) i7-1165G7 @ 2.80GHz
icp_pt2pl,medium,17,0.045574457663464026,6.322211686233251e-05,True,0.0695,1.0,0.000392,4301,itodd_bracket_screw.ply,0.094265,0.000943,6287,5344,50,8x 11th Gen Intel(R) Core(TM) i7-1165G7 @ 2.80GHz
fpfh_ransac,medium,17,0.043683362432748424,7.702046813921636e-05,True,0.5597,1.0,0.000392,4301,itodd_bracket_screw.ply,0.094265,0.000943,6287,5344,50,8x 11th Gen Intel(R) Core(TM) i7-1165G7 @ 2.80GHz
fgr,medium,17,0.04525767962090003,6.536568088905683e-05,True,0.389,1.0,0.000392,4301,itodd_bracket_screw.ply,0.094265,0.000943,6287,5344,50,8x 11th Gen Intel(R) Core(TM) i7-1165G7 @ 2.80GHz
icp_pt2pt,medium,18,0.8539953651682308,0.2176741020817578,False,0.1476,0.355106,0.000726,1544,itodd_bracket_screw.ply,0.094265,0.000943,6287,5344,50,8x 11th Gen Intel(R) Core(TM) i7-1165G7 @ 2.80GHz
icp_pt2pl,medium,18,0.4920546145735011,0.13377983893317716,False,0.3223,0.48873,0.000678,2125,itodd_bracket_screw.ply,0.094265,0.000943,6287,5344,50,8x 11th Gen Intel(R) Core(TM) i7-1165G7 @ 2.80GHz
fpfh_ransac,medium,18,0.03798245226089087,0.00018445906711826954,True,0.5137,1.0,0.000393,4348,itodd_bracket_screw.ply,0.094265,0.000943,6287,5344,50,8x 11th Gen Intel(R) Core(TM) i7-1165G7 @ 2.80GHz
fgr,medium,18,0.030606525662445372,0.0001833776269066996,True,0.5238,1.0,0.000393,4348,itodd_bracket_screw.ply,0.094265,0.000943,6287,5344,50,8x 11th Gen Intel(R) Core(TM) i7-1165G7 @ 2.80GHz
icp_pt2pt,medium,19,34.323252017159284,0.05641569474680838,False,0.2002,0.45902,0.000994,1977,itodd_bracket_screw.ply,0.094265,0.000943,6287,5344,50,8x 11th Gen Intel(R) Core(TM) i7-1165G7 @ 2.80GHz
icp_pt2pl,medium,19,0.03990861011715032,0.00011499499660847283,True,0.2681,1.0,0.000392,4307,itodd_bracket_screw.ply,0.094265,0.000943,6287,5344,50,8x 11th Gen Intel(R) Core(TM) i7-1165G7 @ 2.80GHz
fpfh_ransac,medium,19,0.03972403419805186,0.0001146369311339814,True,0.6606,1.0,0.000392,4307,itodd_bracket_screw.ply,0.094265,0.000943,6287,5344,50,8x 11th Gen Intel(R) Core(TM) i7-1165G7 @ 2.80GHz
fgr,medium,19,0.03988800077903243,0.00010574525555477852,True,0.4309,1.0,0.000392,4307,itodd_bracket_screw.ply,0.094265,0.000943,6287,5344,50,8x 11th Gen Intel(R) Core(TM) i7-1165G7 @ 2.80GHz
icp_pt2pt,medium,20,43.185108942692594,0.2463107267071641,False,0.1439,0.283162,0.001012,1236,itodd_bracket_screw.ply,0.094265,0.000943,6287,5344,50,8x 11th Gen Intel(R) Core(TM) i7-1165G7 @ 2.80GHz
icp_pt2pl,medium,20,43.87714958248107,0.21995444224805616,False,0.2257,0.361283,0.000997,1577,itodd_bracket_screw.ply,0.094265,0.000943,6287,5344,50,8x 11th Gen Intel(R) Core(TM) i7-1165G7 @ 2.80GHz
fpfh_ransac,medium,20,0.0712641737822363,0.0001398836584578542,True,0.5238,1.0,0.000393,4365,itodd_bracket_screw.ply,0.094265,0.000943,6287,5344,50,8x 11th Gen Intel(R) Core(TM) i7-1165G7 @ 2.80GHz
fgr,medium,20,0.07540826877533242,0.00016713732164374756,True,0.4062,1.0,0.000393,4365,itodd_bracket_screw.ply,0.094265,0.000943,6287,5344,50,8x 11th Gen Intel(R) Core(TM) i7-1165G7 @ 2.80GHz
icp_pt2pt,medium,21,6.235604835115484,0.020237920885401356,False,0.0864,0.934313,0.000728,4068,itodd_bracket_screw.ply,0.094265,0.000943,6287,5344,50,8x 11th Gen Intel(R) Core(TM) i7-1165G7 @ 2.80GHz
icp_pt2pl,medium,21,0.010950923155691553,0.0001351610526783146,True,0.0406,1.0,0.000392,4354,itodd_bracket_screw.ply,0.094265,0.000943,6287,5344,50,8x 11th Gen Intel(R) Core(TM) i7-1165G7 @ 2.80GHz
fpfh_ransac,medium,21,0.015032941172352175,0.00011176175119484845,True,0.46,1.0,0.000392,4354,itodd_bracket_screw.ply,0.094265,0.000943,6287,5344,50,8x 11th Gen Intel(R) Core(TM) i7-1165G7 @ 2.80GHz
fgr,medium,21,0.012753529295908853,0.00013207322538221205,True,0.6023,1.0,0.000392,4354,itodd_bracket_screw.ply,0.094265,0.000943,6287,5344,50,8x 11th Gen Intel(R) Core(TM) i7-1165G7 @ 2.80GHz
icp_pt2pt,medium,22,25.877978455730524,0.19718004533803377,False,0.1589,0.230681,0.000995,1003,itodd_bracket_screw.ply,0.094265,0.000943,6287,5344,50,8x 11th Gen Intel(R) Core(TM) i7-1165G7 @ 2.80GHz
icp_pt2pl,medium,22,5.5172506524189275,0.026125674692475405,False,0.1613,0.964121,0.000694,4192,itodd_bracket_screw.ply,0.094265,0.000943,6287,5344,50,8x 11th Gen Intel(R) Core(TM) i7-1165G7 @ 2.80GHz
fpfh_ransac,medium,22,179.92790165105305,0.2613976174037946,False,0.6465,0.925483,0.000557,4024,itodd_bracket_screw.ply,0.094265,0.000943,6287,5344,50,8x 11th Gen Intel(R) Core(TM) i7-1165G7 @ 2.80GHz
fgr,medium,22,0.061918653161286086,0.0002738223103751426,True,0.5374,1.0,0.000395,4348,itodd_bracket_screw.ply,0.094265,0.000943,6287,5344,50,8x 11th Gen Intel(R) Core(TM) i7-1165G7 @ 2.80GHz
icp_pt2pt,medium,23,7.261311932708181,0.15991460021075285,False,0.1346,0.381781,0.000779,1668,itodd_bracket_screw.ply,0.094265,0.000943,6287,5344,50,8x 11th Gen Intel(R) Core(TM) i7-1165G7 @ 2.80GHz
icp_pt2pl,medium,23,0.07252323112757347,0.0002958516812990927,True,0.1912,1.0,0.000392,4369,itodd_bracket_screw.ply,0.094265,0.000943,6287,5344,50,8x 11th Gen Intel(R) Core(TM) i7-1165G7 @ 2.80GHz
fpfh_ransac,medium,23,0.06374699659384295,0.0003286694462186538,True,0.571,1.0,0.000392,4369,itodd_bracket_screw.ply,0.094265,0.000943,6287,5344,50,8x 11th Gen Intel(R) Core(TM) i7-1165G7 @ 2.80GHz
fgr,medium,23,0.07226960371104062,0.0003226295782735034,True,0.3915,1.0,0.000392,4369,itodd_bracket_screw.ply,0.094265,0.000943,6287,5344,50,8x 11th Gen Intel(R) Core(TM) i7-1165G7 @ 2.80GHz
icp_pt2pt,medium,24,17.620546148100832,0.10801328728427217,False,0.1451,0.31182,0.000768,1348,itodd_bracket_screw.ply,0.094265,0.000943,6287,5344,50,8x 11th Gen Intel(R) Core(TM) i7-1165G7 @ 2.80GHz
icp_pt2pl,medium,24,0.056016559401262614,0.00012111693085829225,True,0.2266,1.0,0.000392,4323,itodd_bracket_screw.ply,0.094265,0.000943,6287,5344,50,8x 11th Gen Intel(R) Core(TM) i7-1165G7 @ 2.80GHz
fpfh_ransac,medium,24,53.842752771257885,0.09598173157283482,False,0.6828,0.680777,0.000634,2943,itodd_bracket_screw.ply,0.094265,0.000943,6287,5344,50,8x 11th Gen Intel(R) Core(TM) i7-1165G7 @ 2.80GHz
fgr,medium,24,0.04612075668493994,9.113726367052541e-05,True,0.4403,1.0,0.000391,4323,itodd_bracket_screw.ply,0.094265,0.000943,6287,5344,50,8x 11th Gen Intel(R) Core(TM) i7-1165G7 @ 2.80GHz
icp_pt2pt,medium,25,5.868962296259238,0.017956628643745164,False,0.0778,0.920297,0.000771,3972,itodd_bracket_screw.ply,0.094265,0.000943,6287,5344,50,8x 11th Gen Intel(R) Core(TM) i7-1165G7 @ 2.80GHz
icp_pt2pl,medium,25,0.052359547296926774,0.00011382028122164523,True,0.1122,1.0,0.000394,4316,itodd_bracket_screw.ply,0.094265,0.000943,6287,5344,50,8x 11th Gen Intel(R) Core(TM) i7-1165G7 @ 2.80GHz
fpfh_ransac,medium,25,0.06326005298261139,0.00015020691550101978,True,0.621,1.0,0.000394,4316,itodd_bracket_screw.ply,0.094265,0.000943,6287,5344,50,8x 11th Gen Intel(R) Core(TM) i7-1165G7 @ 2.80GHz
fgr,medium,25,0.050317855732057166,0.00010094712215269929,True,0.3879,1.0,0.000394,4316,itodd_bracket_screw.ply,0.094265,0.000943,6287,5344,50,8x 11th Gen Intel(R) Core(TM) i7-1165G7 @ 2.80GHz
icp_pt2pt,medium,26,1.2065899255231713,0.06758340908756642,False,0.1667,0.780152,0.000641,3286,itodd_bracket_screw.ply,0.094265,0.000943,6287,5344,50,8x 11th Gen Intel(R) Core(TM) i7-1165G7 @ 2.80GHz
icp_pt2pl,medium,26,0.04725753015267697,0.0002885648571150147,True,0.1982,1.0,0.000399,4212,itodd_bracket_screw.ply,0.094265,0.000943,6287,5344,50,8x 11th Gen Intel(R) Core(TM) i7-1165G7 @ 2.80GHz
fpfh_ransac,medium,26,106.85373467712841,0.2604824111783803,False,0.5405,0.470323,0.000612,1981,itodd_bracket_screw.ply,0.094265,0.000943,6287,5344,50,8x 11th Gen Intel(R) Core(TM) i7-1165G7 @ 2.80GHz
fgr,medium,26,0.04854000650487611,0.0002915571748484184,True,0.3294,1.0,0.000399,4212,itodd_bracket_screw.ply,0.094265,0.000943,6287,5344,50,8x 11th Gen Intel(R) Core(TM) i7-1165G7 @ 2.80GHz
icp_pt2pt,medium,27,13.935814179609917,0.037270876611587844,False,0.058,0.86218,0.000772,3741,itodd_bracket_screw.ply,0.094265,0.000943,6287,5344,50,8x 11th Gen Intel(R) Core(TM) i7-1165G7 @ 2.80GHz
icp_pt2pl,medium,27,0.04323441522841748,0.0001616217187917443,True,0.0667,1.0,0.000392,4339,itodd_bracket_screw.ply,0.094265,0.000943,6287,5344,50,8x 11th Gen Intel(R) Core(TM) i7-1165G7 @ 2.80GHz
fpfh_ransac,medium,27,0.04317599443303236,0.0001565482384776314,True,0.6411,1.0,0.000392,4339,itodd_bracket_screw.ply,0.094265,0.000943,6287,5344,50,8x 11th Gen Intel(R) Core(TM) i7-1165G7 @ 2.80GHz
fgr,medium,27,0.04114398979398564,0.00016418722480653216,True,0.3147,1.0,0.000392,4339,itodd_bracket_screw.ply,0.094265,0.000943,6287,5344,50,8x 11th Gen Intel(R) Core(TM) i7-1165G7 @ 2.80GHz
icp_pt2pt,medium,28,5.5059756050901045,0.010544237327005728,False,0.0409,0.969878,0.000723,4218,itodd_bracket_screw.ply,0.094265,0.000943,6287,5344,50,8x 11th Gen Intel(R) Core(TM) i7-1165G7 @ 2.80GHz
icp_pt2pl,medium,28,0.038085029097510846,0.00012215162833324956,True,0.0177,1.0,0.000389,4349,itodd_bracket_screw.ply,0.094265,0.000943,6287,5344,50,8x 11th Gen Intel(R) Core(TM) i7-1165G7 @ 2.80GHz
fpfh_ransac,medium,28,0.2380746804530715,0.0014715493249768028,True,0.529,1.0,0.000401,4349,itodd_bracket_screw.ply,0.094265,0.000943,6287,5344,50,8x 11th Gen Intel(R) Core(TM) i7-1165G7 @ 2.80GHz
fgr,medium,28,0.03490878227448882,0.0002308663016550449,True,0.3457,1.0,0.00039,4349,itodd_bracket_screw.ply,0.094265,0.000943,6287,5344,50,8x 11th Gen Intel(R) Core(TM) i7-1165G7 @ 2.80GHz
icp_pt2pt,medium,29,0.39082801270886863,0.040328305343092515,False,0.0302,0.895628,0.000602,3913,itodd_bracket_screw.ply,0.094265,0.000943,6287,5344,50,8x 11th Gen Intel(R) Core(TM) i7-1165G7 @ 2.80GHz
icp_pt2pl,medium,29,0.029229859409235004,0.00016039772952684066,True,0.0577,1.0,0.000394,4369,itodd_bracket_screw.ply,0.094265,0.000943,6287,5344,50,8x 11th Gen Intel(R) Core(TM) i7-1165G7 @ 2.80GHz
fpfh_ransac,medium,29,0.029289338378189075,0.00017841243968970145,True,0.4414,1.0,0.000394,4369,itodd_bracket_screw.ply,0.094265,0.000943,6287,5344,50,8x 11th Gen Intel(R) Core(TM) i7-1165G7 @ 2.80GHz
fgr,medium,29,0.028944751113106612,0.00021475471686270358,True,0.3389,1.0,0.000394,4369,itodd_bracket_screw.ply,0.094265,0.000943,6287,5344,50,8x 11th Gen Intel(R) Core(TM) i7-1165G7 @ 2.80GHz
icp_pt2pt,medium,30,0.3850307496333889,0.11651844120280108,False,0.0246,0.350781,0.000676,1528,itodd_bracket_screw.ply,0.094265,0.000943,6287,5344,50,8x 11th Gen Intel(R) Core(TM) i7-1165G7 @ 2.80GHz
icp_pt2pl,medium,30,6.259102992325377,0.02479016672351127,False,0.0396,0.908632,0.000773,3958,itodd_bracket_screw.ply,0.094265,0.000943,6287,5344,50,8x 11th Gen Intel(R) Core(TM) i7-1165G7 @ 2.80GHz
fpfh_ransac,medium,30,0.017756312604229312,0.0002490736856184538,True,0.4291,1.0,0.000392,4356,itodd_bracket_screw.ply,0.094265,0.000943,6287,5344,50,8x 11th Gen Intel(R) Core(TM) i7-1165G7 @ 2.80GHz
fgr,medium,30,0.02657577305941925,0.0002303261193418087,True,0.3608,1.0,0.000392,4356,itodd_bracket_screw.ply,0.094265,0.000943,6287,5344,50,8x 11th Gen Intel(R) Core(TM) i7-1165G7 @ 2.80GHz
icp_pt2pt,medium,31,4.379112455625946,0.04548794135631284,False,0.0507,0.826117,0.000828,3606,itodd_bracket_screw.ply,0.094265,0.000943,6287,5344,50,8x 11th Gen Intel(R) Core(TM) i7-1165G7 @ 2.80GHz
icp_pt2pl,medium,31,0.010863965019357073,0.00011704883114207402,True,0.0223,1.0,0.000392,4365,itodd_bracket_screw.ply,0.094265,0.000943,6287,5344,50,8x 11th Gen Intel(R) Core(TM) i7-1165G7 @ 2.80GHz
fpfh_ransac,medium,31,0.008218916478930385,0.0001117503808006977,True,0.6656,1.0,0.000392,4365,itodd_bracket_screw.ply,0.094265,0.000943,6287,5344,50,8x 11th Gen Intel(R) Core(TM) i7-1165G7 @ 2.80GHz
fgr,medium,31,0.005694454919330505,0.0001129360069847241,True,0.3359,1.0,0.000392,4365,itodd_bracket_screw.ply,0.094265,0.000943,6287,5344,50,8x 11th Gen Intel(R) Core(TM) i7-1165G7 @ 2.80GHz
icp_pt2pt,medium,32,28.315958208849615,0.1080034211370046,False,0.0719,0.442903,0.000925,1916,itodd_bracket_screw.ply,0.094265,0.000943,6287,5344,50,8x 11th Gen Intel(R) Core(TM) i7-1165G7 @ 2.80GHz
icp_pt2pl,medium,32,0.03764971085233334,0.00012041754931472948,True,0.0332,1.0,0.000396,4326,itodd_bracket_screw.ply,0.094265,0.000943,6287,5344,50,8x 11th Gen Intel(R) Core(TM) i7-1165G7 @ 2.80GHz
fpfh_ransac,medium,32,0.03801291399076735,0.00012432118261382564,True,0.4866,1.0,0.000396,4326,itodd_bracket_screw.ply,0.094265,0.000943,6287,5344,50,8x 11th Gen Intel(R) Core(TM) i7-1165G7 @ 2.80GHz
fgr,medium,32,0.03954118292998429,0.00012411133833972426,True,0.3216,1.0,0.000396,4326,itodd_bracket_screw.ply,0.094265,0.000943,6287,5344,50,8x 11th Gen Intel(R) Core(TM) i7-1165G7 @ 2.80GHz
icp_pt2pt,medium,33,32.09198599496773,0.11188422610903728,False,0.0616,0.360663,0.000959,1566,itodd_bracket_screw.ply,0.094265,0.000943,6287,5344,50,8x 11th Gen Intel(R) Core(TM) i7-1165G7 @ 2.80GHz
icp_pt2pl,medium,33,0.05434796702485579,0.0002070009002698145,True,0.0663,1.0,0.000397,4342,itodd_bracket_screw.ply,0.094265,0.000943,6287,5344,50,8x 11th Gen Intel(R) Core(TM) i7-1165G7 @ 2.80GHz
fpfh_ransac,medium,33,0.05526018305468275,0.00021174725870172457,True,0.4472,1.0,0.000397,4342,itodd_bracket_screw.ply,0.094265,0.000943,6287,5344,50,8x 11th Gen Intel(R) Core(TM) i7-1165G7 @ 2.80GHz
fgr,medium,33,0.05503063407319818,0.00021090088095876135,True,0.3295,1.0,0.000397,4342,itodd_bracket_screw.ply,0.094265,0.000943,6287,5344,50,8x 11th Gen Intel(R) Core(TM) i7-1165G7 @ 2.80GHz
icp_pt2pt,medium,34,1.8562044184174231,0.048558240334673965,False,0.0305,0.811895,0.000689,3522,itodd_bracket_screw.ply,0.094265,0.000943,6287,5344,50,8x 11th Gen Intel(R) Core(TM) i7-1165G7 @ 2.80GHz
icp_pt2pl,medium,34,0.02409464691728913,6.333294569520561e-05,True,0.0401,1.0,0.000395,4338,itodd_bracket_screw.ply,0.094265,0.000943,6287,5344,50,8x 11th Gen Intel(R) Core(TM) i7-1165G7 @ 2.80GHz
fpfh_ransac,medium,34,0.02609832475920762,5.408723273145342e-05,True,0.4912,1.0,0.000395,4338,itodd_bracket_screw.ply,0.094265,0.000943,6287,5344,50,8x 11th Gen Intel(R) Core(TM) i7-1165G7 @ 2.80GHz
fgr,medium,34,0.02443624865132688,0.0001007519779656321,True,0.3456,1.0,0.000395,4338,itodd_bracket_screw.ply,0.094265,0.000943,6287,5344,50,8x 11th Gen Intel(R) Core(TM) i7-1165G7 @ 2.80GHz
icp_pt2pt,medium,35,11.875759090011302,0.023873069522271615,False,0.0428,0.876171,0.000735,3835,itodd_bracket_screw.ply,0.094265,0.000943,6287,5344,50,8x 11th Gen Intel(R) Core(TM) i7-1165G7 @ 2.80GHz
icp_pt2pl,medium,35,0.023207999263638434,8.115219186294449e-05,True,0.019,1.0,0.000395,4377,itodd_bracket_screw.ply,0.094265,0.000943,6287,5344,50,8x 11th Gen Intel(R) Core(TM) i7-1165G7 @ 2.80GHz
fpfh_ransac,medium,35,0.024800278927971528,9.055992068422414e-05,True,0.6274,1.0,0.000395,4377,itodd_bracket_screw.ply,0.094265,0.000943,6287,5344,50,8x 11th Gen Intel(R) Core(TM) i7-1165G7 @ 2.80GHz
fgr,medium,35,0.02363016231950367,8.658639351928888e-05,True,0.5248,1.0,0.000395,4377,itodd_bracket_screw.ply,0.094265,0.000943,6287,5344,50,8x 11th Gen Intel(R) Core(TM) i7-1165G7 @ 2.80GHz
icp_pt2pt,medium,36,6.284329546775661,0.12770938839754975,False,0.0969,0.103281,0.001059,447,itodd_bracket_screw.ply,0.094265,0.000943,6287,5344,50,8x 11th Gen Intel(R) Core(TM) i7-1165G7 @ 2.80GHz
icp_pt2pl,medium,36,0.09357448193339632,8.1954579543504e-05,True,0.2594,1.0,0.000396,4328,itodd_bracket_screw.ply,0.094265,0.000943,6287,5344,50,8x 11th Gen Intel(R) Core(TM) i7-1165G7 @ 2.80GHz
fpfh_ransac,medium,36,0.09294596937979552,0.00016062748198853184,True,0.5734,1.0,0.000396,4328,itodd_bracket_screw.ply,0.094265,0.000943,6287,5344,50,8x 11th Gen Intel(R) Core(TM) i7-1165G7 @ 2.80GHz
fgr,medium,36,0.09391252158796744,0.00014192135414976644,True,0.3738,1.0,0.000396,4328,itodd_bracket_screw.ply,0.094265,0.000943,6287,5344,50,8x 11th Gen Intel(R) Core(TM) i7-1165G7 @ 2.80GHz
icp_pt2pt,medium,37,36.07119881636404,0.1940605291438867,False,0.0262,0.308173,0.000735,1331,itodd_bracket_screw.ply,0.094265,0.000943,6287,5344,50,8x 11th Gen Intel(R) Core(TM) i7-1165G7 @ 2.80GHz
icp_pt2pl,medium,37,31.49446240471711,0.11743722450022907,False,0.0264,0.396388,0.000723,1712,itodd_bracket_screw.ply,0.094265,0.000943,6287,5344,50,8x 11th Gen Intel(R) Core(TM) i7-1165G7 @ 2.80GHz
fpfh_ransac,medium,37,0.02562466050027152,0.0001249089867283192,True,0.5063,1.0,0.000391,4319,itodd_bracket_screw.ply,0.094265,0.000943,6287,5344,50,8x 11th Gen Intel(R) Core(TM) i7-1165G7 @ 2.80GHz
fgr,medium,37,0.025857655211088685,9.887334236971246e-05,True,0.3616,1.0,0.000391,4319,itodd_bracket_screw.ply,0.094265,0.000943,6287,5344,50,8x 11th Gen Intel(R) Core(TM) i7-1165G7 @ 2.80GHz
icp_pt2pt,medium,38,0.05941150757622749,0.0001015026193131515,True,0.0178,1.0,0.000396,4339,itodd_bracket_screw.ply,0.094265,0.000943,6287,5344,50,8x 11th Gen Intel(R) Core(TM) i7-1165G7 @ 2.80GHz
icp_pt2pl,medium,38,0.04080856011003666,0.00023552075096744531,True,0.0119,1.0,0.000396,4339,itodd_bracket_screw.ply,0.094265,0.000943,6287,5344,50,8x 11th Gen Intel(R) Core(TM) i7-1165G7 @ 2.80GHz
fpfh_ransac,medium,38,0.04617622444408575,0.00035148147517795455,True,0.4716,1.0,0.000396,4339,itodd_bracket_screw.ply,0.094265,0.000943,6287,5344,50,8x 11th Gen Intel(R) Core(TM) i7-1165G7 @ 2.80GHz
fgr,medium,38,0.04388618769052255,0.00021961748200490164,True,0.3478,1.0,0.000396,4339,itodd_bracket_screw.ply,0.094265,0.000943,6287,5344,50,8x 11th Gen Intel(R) Core(TM) i7-1165G7 @ 2.80GHz
icp_pt2pt,medium,39,28.13913698040422,0.12206250169438242,False,0.0397,0.373447,0.000981,1623,itodd_bracket_screw.ply,0.094265,0.000943,6287,5344,50,8x 11th Gen Intel(R) Core(TM) i7-1165G7 @ 2.80GHz
icp_pt2pl,medium,39,0.0593575790285015,0.00029800293816747357,True,0.0353,1.0,0.000395,4346,itodd_bracket_screw.ply,0.094265,0.000943,6287,5344,50,8x 11th Gen Intel(R) Core(TM) i7-1165G7 @ 2.80GHz
fpfh_ransac,medium,39,179.99651076926648,0.16149317701469235,False,0.9554,0.874137,0.000546,3799,itodd_bracket_screw.ply,0.094265,0.000943,6287,5344,50,8x 11th Gen Intel(R) Core(TM) i7-1165G7 @ 2.80GHz
fgr,medium,39,0.05894485499174889,0.000314594888556583,True,0.4634,1.0,0.000395,4346,itodd_bracket_screw.ply,0.094265,0.000943,6287,5344,50,8x 11th Gen Intel(R) Core(TM) i7-1165G7 @ 2.80GHz
icp_pt2pt,medium,40,1.3695690925447017,0.13776590234537628,False,0.2584,0.481115,0.000711,2089,itodd_bracket_screw.ply,0.094265,0.000943,6287,5344,50,8x 11th Gen Intel(R) Core(TM) i7-1165G7 @ 2.80GHz
icp_pt2pl,medium,40,0.2176296747506247,0.06336512727776082,False,0.453,0.627591,0.000659,2725,itodd_bracket_screw.ply,0.094265,0.000943,6287,5344,50,8x 11th Gen Intel(R) Core(TM) i7-1165G7 @ 2.80GHz
fpfh_ransac,medium,40,0.0724326931078162,0.0001388780229402974,True,0.6716,1.0,0.000397,4342,itodd_bracket_screw.ply,0.094265,0.000943,6287,5344,50,8x 11th Gen Intel(R) Core(TM) i7-1165G7 @ 2.80GHz
fgr,medium,40,0.0785999425889762,0.00010900748160158413,True,0.4417,1.0,0.000397,4342,itodd_bracket_screw.ply,0.094265,0.000943,6287,5344,50,8x 11th Gen Intel(R) Core(TM) i7-1165G7 @ 2.80GHz
icp_pt2pt,medium,41,34.65886372710487,0.021789394770951143,False,0.2837,0.495396,0.000965,2152,itodd_bracket_screw.ply,0.094265,0.000943,6287,5344,50,8x 11th Gen Intel(R) Core(TM) i7-1165G7 @ 2.80GHz
icp_pt2pl,medium,41,0.06193820709586626,0.00010095464076460404,True,0.3675,1.0,0.000397,4344,itodd_bracket_screw.ply,0.094265,0.000943,6287,5344,50,8x 11th Gen Intel(R) Core(TM) i7-1165G7 @ 2.80GHz
fpfh_ransac,medium,41,0.059460729356089086,9.04119388799024e-05,True,0.8474,1.0,0.000397,4344,itodd_bracket_screw.ply,0.094265,0.000943,6287,5344,50,8x 11th Gen Intel(R) Core(TM) i7-1165G7 @ 2.80GHz
fgr,medium,41,0.05784885405336045,5.8588902138250715e-05,True,0.512,1.0,0.000397,4344,itodd_bracket_screw.ply,0.094265,0.000943,6287,5344,50,8x 11th Gen Intel(R) Core(TM) i7-1165G7 @ 2.80GHz
icp_pt2pt,medium,42,10.624547432627736,0.030995896410688163,False,0.2635,0.770665,0.000896,3347,itodd_bracket_screw.ply,0.094265,0.000943,6287,5344,50,8x 11th Gen Intel(R) Core(TM) i7-1165G7 @ 2.80GHz
icp_pt2pl,medium,42,0.162728032342248,0.0002429470544275223,True,0.1122,1.0,0.000394,4343,itodd_bracket_screw.ply,0.094265,0.000943,6287,5344,50,8x 11th Gen Intel(R) Core(TM) i7-1165G7 @ 2.80GHz
fpfh_ransac,medium,42,0.15659520207587,0.00020666154474537825,True,0.5928,1.0,0.000393,4343,itodd_bracket_screw.ply,0.094265,0.000943,6287,5344,50,8x 11th Gen Intel(R) Core(TM) i7-1165G7 @ 2.80GHz
fgr,medium,42,0.16007268092177623,0.00021526763679880113,True,0.5216,1.0,0.000393,4343,itodd_bracket_screw.ply,0.094265,0.000943,6287,5344,50,8x 11th Gen Intel(R) Core(TM) i7-1165G7 @ 2.80GHz
icp_pt2pt,medium,43,11.887113452639317,0.13605473486442213,False,0.2776,0.28099,0.000818,1215,itodd_bracket_screw.ply,0.094265,0.000943,6287,5344,50,8x 11th Gen Intel(R) Core(TM) i7-1165G7 @ 2.80GHz
icp_pt2pl,medium,43,0.07199325508745874,0.00014636318609272987,True,0.3598,1.0,0.000395,4324,itodd_bracket_screw.ply,0.094265,0.000943,6287,5344,50,8x 11th Gen Intel(R) Core(TM) i7-1165G7 @ 2.80GHz
fpfh_ransac,medium,43,0.06913487722672074,0.00011412590503041045,True,0.7319,1.0,0.000395,4324,itodd_bracket_screw.ply,0.094265,0.000943,6287,5344,50,8x 11th Gen Intel(R) Core(TM) i7-1165G7 @ 2.80GHz
fgr,medium,43,0.05867721353157498,0.00012480563358208672,True,0.5035,1.0,0.000395,4324,itodd_bracket_screw.ply,0.094265,0.000943,6287,5344,50,8x 11th Gen Intel(R) Core(TM) i7-1165G7 @ 2.80GHz
icp_pt2pt,medium,44,0.02337636372602972,0.00018620299398245098,True,0.1977,1.0,0.000395,4351,itodd_bracket_screw.ply,0.094265,0.000943,6287,5344,50,8x 11th Gen Intel(R) Core(TM) i7-1165G7 @ 2.80GHz
icp_pt2pl,medium,44,0.017513096662357404,0.00018651008728760987,True,0.1983,1.0,0.000395,4351,itodd_bracket_screw.ply,0.094265,0.000943,6287,5344,50,8x 11th Gen Intel(R) Core(TM) i7-1165G7 @ 2.80GHz
fpfh_ransac,medium,44,0.023335521510843303,0.00020507050959747645,True,0.9896,1.0,0.000395,4351,itodd_bracket_screw.ply,0.094265,0.000943,6287,5344,50,8x 11th Gen Intel(R) Core(TM) i7-1165G7 @ 2.80GHz
fgr,medium,44,0.01866837145320623,0.0002012217814056982,True,0.5522,1.0,0.000395,4351,itodd_bracket_screw.ply,0.094265,0.000943,6287,5344,50,8x 11th Gen Intel(R) Core(TM) i7-1165G7 @ 2.80GHz
icp_pt2pt,medium,45,0.3932430145342423,0.06322748500392768,False,0.127,0.809535,0.000621,3549,itodd_bracket_screw.ply,0.094265,0.000943,6287,5344,50,8x 11th Gen Intel(R) Core(TM) i7-1165G7 @ 2.80GHz
icp_pt2pl,medium,45,0.021174544473671758,0.00013443486998773648,True,0.0741,1.0,0.000393,4384,itodd_bracket_screw.ply,0.094265,0.000943,6287,5344,50,8x 11th Gen Intel(R) Core(TM) i7-1165G7 @ 2.80GHz
fpfh_ransac,medium,45,0.019645060609415642,0.0001336158636083921,True,0.7274,1.0,0.000393,4384,itodd_bracket_screw.ply,0.094265,0.000943,6287,5344,50,8x 11th Gen Intel(R) Core(TM) i7-1165G7 @ 2.80GHz
fgr,medium,45,0.03419473158314019,0.00013957756325844387,True,0.5491,1.0,0.000393,4384,itodd_bracket_screw.ply,0.094265,0.000943,6287,5344,50,8x 11th Gen Intel(R) Core(TM) i7-1165G7 @ 2.80GHz
icp_pt2pt,medium,46,8.080761905556324,0.21528352869965076,False,0.2679,0.240582,0.000767,1041,itodd_bracket_screw.ply,0.094265,0.000943,6287,5344,50,8x 11th Gen Intel(R) Core(TM) i7-1165G7 @ 2.80GHz
icp_pt2pl,medium,46,0.5177820885150516,0.11258691493446216,False,0.5255,0.421077,0.000652,1822,itodd_bracket_screw.ply,0.094265,0.000943,6287,5344,50,8x 11th Gen Intel(R) Core(TM) i7-1165G7 @ 2.80GHz
fpfh_ransac,medium,46,179.94049472098953,0.41373355276035717,False,0.6805,0.91657,0.000545,3966,itodd_bracket_screw.ply,0.094265,0.000943,6287,5344,50,8x 11th Gen Intel(R) Core(TM) i7-1165G7 @ 2.80GHz
fgr,medium,46,0.029474791350374962,0.00020609259574127609,True,0.3863,1.0,0.000399,4327,itodd_bracket_screw.ply,0.094265,0.000943,6287,5344,50,8x 11th Gen Intel(R) Core(TM) i7-1165G7 @ 2.80GHz
icp_pt2pt,medium,47,7.488488929461817,0.02512914332984998,False,0.0262,0.998155,0.000686,4328,itodd_bracket_screw.ply,0.094265,0.000943,6287,5344,50,8x 11th Gen Intel(R) Core(TM) i7-1165G7 @ 2.80GHz
icp_pt2pl,medium,47,0.026564476708508446,0.0002073712840913994,True,0.0142,1.0,0.000394,4336,itodd_bracket_screw.ply,0.094265,0.000943,6287,5344,50,8x 11th Gen Intel(R) Core(TM) i7-1165G7 @ 2.80GHz
fpfh_ransac,medium,47,0.02835856671997009,0.00019771905690199777,True,0.6723,1.0,0.000394,4336,itodd_bracket_screw.ply,0.094265,0.000943,6287,5344,50,8x 11th Gen Intel(R) Core(TM) i7-1165G7 @ 2.80GHz
fgr,medium,47,0.031811431038271394,0.00029147807764685164,True,0.4408,1.0,0.000394,4336,itodd_bracket_screw.ply,0.094265,0.000943,6287,5344,50,8x 11th Gen Intel(R) Core(TM) i7-1165G7 @ 2.80GHz
icp_pt2pt,medium,48,0.09777419295100902,0.00011103526662701597,True,0.0774,1.0,0.000392,4376,itodd_bracket_screw.ply,0.094265,0.000943,6287,5344,50,8x 11th Gen Intel(R) Core(TM) i7-1165G7 @ 2.80GHz
icp_pt2pl,medium,48,0.06631046021305449,0.00015834318426083464,True,0.0133,1.0,0.000392,4376,itodd_bracket_screw.ply,0.094265,0.000943,6287,5344,50,8x 11th Gen Intel(R) Core(TM) i7-1165G7 @ 2.80GHz
fpfh_ransac,medium,48,0.06663855688474732,0.00016266716682888842,True,0.7122,1.0,0.000392,4376,itodd_bracket_screw.ply,0.094265,0.000943,6287,5344,50,8x 11th Gen Intel(R) Core(TM) i7-1165G7 @ 2.80GHz
fgr,medium,48,0.06794079518161941,0.00014921337833630403,True,0.5091,1.0,0.000392,4376,itodd_bracket_screw.ply,0.094265,0.000943,6287,5344,50,8x 11th Gen Intel(R) Core(TM) i7-1165G7 @ 2.80GHz
icp_pt2pt,medium,49,8.104909875771218,0.041496405234899794,False,0.1175,0.891516,0.000825,3846,itodd_bracket_screw.ply,0.094265,0.000943,6287,5344,50,8x 11th Gen Intel(R) Core(TM) i7-1165G7 @ 2.80GHz
icp_pt2pl,medium,49,0.05116413636472747,0.00019829997796103123,True,0.0437,1.0,0.000393,4314,itodd_bracket_screw.ply,0.094265,0.000943,6287,5344,50,8x 11th Gen Intel(R) Core(TM) i7-1165G7 @ 2.80GHz
fpfh_ransac,medium,49,0.05123851671384652,0.00019878268679734666,True,0.5462,1.0,0.000393,4314,itodd_bracket_screw.ply,0.094265,0.000943,6287,5344,50,8x 11th Gen Intel(R) Core(TM) i7-1165G7 @ 2.80GHz
fgr,medium,49,0.04891176295399083,0.0002151110695349635,True,0.3762,1.0,0.000393,4314,itodd_bracket_screw.ply,0.094265,0.000943,6287,5344,50,8x 11th Gen Intel(R) Core(TM) i7-1165G7 @ 2.80GHz
icp_pt2pt,hard,0,59.881866007246295,0.3320298395873201,False,0.0343,0.286223,0.001006,885,itodd_bracket_screw.ply,0.094265,0.000943,6287,3772,50,8x 11th Gen Intel(R) Core(TM) i7-1165G7 @ 2.80GHz
icp_pt2pl,hard,0,2.8019198902801254,0.2114313450607396,False,0.1126,0.394243,0.000723,1219,itodd_bracket_screw.ply,0.094265,0.000943,6287,3772,50,8x 11th Gen Intel(R) Core(TM) i7-1165G7 @ 2.80GHz
fpfh_ransac,hard,0,0.1551440449091585,0.0003694151649612439,True,0.7524,0.999677,0.000608,3091,itodd_bracket_screw.ply,0.094265,0.000943,6287,3772,50,8x 11th Gen Intel(R) Core(TM) i7-1165G7 @ 2.80GHz
fgr,hard,0,0.131027379834188,0.0009181003221683956,True,0.4553,0.999677,0.000607,3091,itodd_bracket_screw.ply,0.094265,0.000943,6287,3772,50,8x 11th Gen Intel(R) Core(TM) i7-1165G7 @ 2.80GHz
icp_pt2pt,hard,1,81.73362890385343,0.10905773762693376,False,0.0966,0.400976,0.000859,1233,itodd_bracket_screw.ply,0.094265,0.000943,6287,3772,50,8x 11th Gen Intel(R) Core(TM) i7-1165G7 @ 2.80GHz
icp_pt2pl,hard,1,90.33926859856047,0.14341912957031752,False,0.1132,0.431545,0.000835,1327,itodd_bracket_screw.ply,0.094265,0.000943,6287,3772,50,8x 11th Gen Intel(R) Core(TM) i7-1165G7 @ 2.80GHz
fpfh_ransac,hard,1,179.34020391181147,0.3876429196610919,False,1.0139,0.980488,0.000678,3015,itodd_bracket_screw.ply,0.094265,0.000943,6287,3772,50,8x 11th Gen Intel(R) Core(TM) i7-1165G7 @ 2.80GHz
fgr,hard,1,106.69031939452744,0.2934559224115156,False,0.7617,0.417561,0.000968,1284,itodd_bracket_screw.ply,0.094265,0.000943,6287,3772,50,8x 11th Gen Intel(R) Core(TM) i7-1165G7 @ 2.80GHz
icp_pt2pt,hard,2,1.0033266942409094,0.040287286132054644,False,0.2846,0.933463,0.000671,2890,itodd_bracket_screw.ply,0.094265,0.000943,6287,3772,50,8x 11th Gen Intel(R) Core(TM) i7-1165G7 @ 2.80GHz
icp_pt2pl,hard,2,0.11155978841535051,0.0016503770952753763,True,0.2029,1.0,0.000619,3096,itodd_bracket_screw.ply,0.094265,0.000943,6287,3772,50,8x 11th Gen Intel(R) Core(TM) i7-1165G7 @ 2.80GHz
fpfh_ransac,hard,2,93.43710511043479,0.20823088452837113,False,0.9308,0.669897,0.00075,2074,itodd_bracket_screw.ply,0.094265,0.000943,6287,3772,50,8x 11th Gen Intel(R) Core(TM) i7-1165G7 @ 2.80GHz
fgr,hard,2,0.09978378081630035,0.0012946775774007378,True,0.4834,1.0,0.000619,3096,itodd_bracket_screw.ply,0.094265,0.000943,6287,3772,50,8x 11th Gen Intel(R) Core(TM) i7-1165G7 @ 2.80GHz
icp_pt2pt,hard,3,95.63073057299853,0.24607638569048254,False,0.0366,0.0,0.0,0,itodd_bracket_screw.ply,0.094265,0.000943,6287,3772,50,8x 11th Gen Intel(R) Core(TM) i7-1165G7 @ 2.80GHz
icp_pt2pl,hard,3,95.63073057299853,0.24607638569048254,False,0.0717,0.0,0.0,0,itodd_bracket_screw.ply,0.094265,0.000943,6287,3772,50,8x 11th Gen Intel(R) Core(TM) i7-1165G7 @ 2.80GHz
fpfh_ransac,hard,3,163.26671766022355,0.5868658274831121,False,0.5448,0.619586,0.000825,1917,itodd_bracket_screw.ply,0.094265,0.000943,6287,3772,50,8x 11th Gen Intel(R) Core(TM) i7-1165G7 @ 2.80GHz
fgr,hard,3,125.36418965977197,0.2505647109040372,False,0.6667,0.337104,0.000951,1043,itodd_bracket_screw.ply,0.094265,0.000943,6287,3772,50,8x 11th Gen Intel(R) Core(TM) i7-1165G7 @ 2.80GHz
icp_pt2pt,hard,4,45.51640998949494,0.2911369193580897,False,0.0341,0.0,0.0,0,itodd_bracket_screw.ply,0.094265,0.000943,6287,3772,50,8x 11th Gen Intel(R) Core(TM) i7-1165G7 @ 2.80GHz
icp_pt2pl,hard,4,45.51640998949494,0.2911369193580897,False,0.0507,0.0,0.0,0,itodd_bracket_screw.ply,0.094265,0.000943,6287,3772,50,8x 11th Gen Intel(R) Core(TM) i7-1165G7 @ 2.80GHz
fpfh_ransac,hard,4,0.15474437743489633,0.0021337773917233754,True,0.8976,0.999678,0.000597,3104,itodd_bracket_screw.ply,0.094265,0.000943,6287,3772,50,8x 11th Gen Intel(R) Core(TM) i7-1165G7 @ 2.80GHz
fgr,hard,4,0.13467318328241704,0.001338367547236348,True,0.5179,0.999678,0.000597,3104,itodd_bracket_screw.ply,0.094265,0.000943,6287,3772,50,8x 11th Gen Intel(R) Core(TM) i7-1165G7 @ 2.80GHz
icp_pt2pt,hard,5,60.045137818194334,0.1855743595434253,False,0.3379,0.405657,0.000768,1262,itodd_bracket_screw.ply,0.094265,0.000943,6287,3772,50,8x 11th Gen Intel(R) Core(TM) i7-1165G7 @ 2.80GHz
icp_pt2pl,hard,5,70.41086374105647,0.2569403885147287,False,0.5953,0.702347,0.000782,2185,itodd_bracket_screw.ply,0.094265,0.000943,6287,3772,50,8x 11th Gen Intel(R) Core(TM) i7-1165G7 @ 2.80GHz
fpfh_ransac,hard,5,179.99611279643452,0.3350662306870825,False,1.1249,0.705882,0.000785,2196,itodd_bracket_screw.ply,0.094265,0.000943,6287,3772,50,8x 11th Gen Intel(R) Core(TM) i7-1165G7 @ 2.80GHz
fgr,hard,5,14.975600474770427,0.0656082524237455,False,1.0839,0.945998,0.000728,2943,itodd_bracket_screw.ply,0.094265,0.000943,6287,3772,50,8x 11th Gen Intel(R) Core(TM) i7-1165G7 @ 2.80GHz
icp_pt2pt,hard,6,175.6314979213311,0.4012630425565612,False,0.0835,0.072332,0.001052,223,itodd_bracket_screw.ply,0.094265,0.000943,6287,3772,50,8x 11th Gen Intel(R) Core(TM) i7-1165G7 @ 2.80GHz
icp_pt2pl,hard,6,161.8601069914989,0.45512710675991913,False,0.0372,0.257217,0.000997,793,itodd_bracket_screw.ply,0.094265,0.000943,6287,3772,50,8x 11th Gen Intel(R) Core(TM) i7-1165G7 @ 2.80GHz
fpfh_ransac,hard,6,179.71162079189992,0.6710191974056606,False,1.2929,0.718132,0.000854,2214,itodd_bracket_screw.ply,0.094265,0.000943,6287,3772,50,8x 11th Gen Intel(R) Core(TM) i7-1165G7 @ 2.80GHz
fgr,hard,6,157.6381697047842,0.7429290224357482,False,0.5119,0.346091,0.000985,1067,itodd_bracket_screw.ply,0.094265,0.000943,6287,3772,50,8x 11th Gen Intel(R) Core(TM) i7-1165G7 @ 2.80GHz
icp_pt2pt,hard,7,45.34521150092416,0.24666200872691774,False,0.1224,0.220366,0.00099,686,itodd_bracket_screw.ply,0.094265,0.000943,6287,3772,50,8x 11th Gen Intel(R) Core(TM) i7-1165G7 @ 2.80GHz
icp_pt2pl,hard,7,64.76168720815136,0.24780544417049402,False,0.2177,0.256023,0.000987,797,itodd_bracket_screw.ply,0.094265,0.000943,6287,3772,50,8x 11th Gen Intel(R) Core(TM) i7-1165G7 @ 2.80GHz
fpfh_ransac,hard,7,50.791248030711245,0.16322020485768382,False,1.2885,0.441696,0.00096,1375,itodd_bracket_screw.ply,0.094265,0.000943,6287,3772,50,8x 11th Gen Intel(R) Core(TM) i7-1165G7 @ 2.80GHz
fgr,hard,7,12.891317000302136,0.03587676899134824,False,0.9427,0.863797,0.000763,2689,itodd_bracket_screw.ply,0.094265,0.000943,6287,3772,50,8x 11th Gen Intel(R) Core(TM) i7-1165G7 @ 2.80GHz
icp_pt2pt,hard,8,133.03459264570475,0.4177456611555229,False,0.0227,0.0,0.0,0,itodd_bracket_screw.ply,0.094265,0.000943,6287,3772,50,8x 11th Gen Intel(R) Core(TM) i7-1165G7 @ 2.80GHz
icp_pt2pl,hard,8,133.03459264570475,0.4177456611555229,False,0.0366,0.0,0.0,0,itodd_bracket_screw.ply,0.094265,0.000943,6287,3772,50,8x 11th Gen Intel(R) Core(TM) i7-1165G7 @ 2.80GHz
fpfh_ransac,hard,8,179.95244340754306,0.7943214516980729,False,0.8556,0.631011,0.000744,1929,itodd_bracket_screw.ply,0.094265,0.000943,6287,3772,50,8x 11th Gen Intel(R) Core(TM) i7-1165G7 @ 2.80GHz
fgr,hard,8,90.40413012461089,0.3154184129409554,False,0.7115,0.714753,0.000731,2185,itodd_bracket_screw.ply,0.094265,0.000943,6287,3772,50,8x 11th Gen Intel(R) Core(TM) i7-1165G7 @ 2.80GHz
icp_pt2pt,hard,9,34.18017091599416,0.14638260426283822,False,0.198,0.23518,0.001021,726,itodd_bracket_screw.ply,0.094265,0.000943,6287,3772,50,8x 11th Gen Intel(R) Core(TM) i7-1165G7 @ 2.80GHz
icp_pt2pl,hard,9,6.378521532425019,0.17283026360676904,False,0.522,0.427924,0.000801,1321,itodd_bracket_screw.ply,0.094265,0.000943,6287,3772,50,8x 11th Gen Intel(R) Core(TM) i7-1165G7 @ 2.80GHz
fpfh_ransac,hard,9,0.08823290494861623,0.001255089488861021,True,0.8298,1.0,0.000603,3087,itodd_bracket_screw.ply,0.094265,0.000943,6287,3772,50,8x 11th Gen Intel(R) Core(TM) i7-1165G7 @ 2.80GHz
fgr,hard,9,0.09510045220369313,0.0010067711030249346,True,0.4929,1.0,0.000603,3087,itodd_bracket_screw.ply,0.094265,0.000943,6287,3772,50,8x 11th Gen Intel(R) Core(TM) i7-1165G7 @ 2.80GHz
icp_pt2pt,hard,10,7.076095809974505,0.08090752310957201,False,0.2452,0.827787,0.000778,2562,itodd_bracket_screw.ply,0.094265,0.000943,6287,3772,50,8x 11th Gen Intel(R) Core(TM) i7-1165G7 @ 2.80GHz
icp_pt2pl,hard,10,0.23024616855873098,0.0014310404612605332,True,0.5161,1.0,0.000609,3095,itodd_bracket_screw.ply,0.094265,0.000943,6287,3772,50,8x 11th Gen Intel(R) Core(TM) i7-1165G7 @ 2.80GHz
fpfh_ransac,hard,10,0.18297010667089847,0.0011332105097503408,True,1.0396,1.0,0.000608,3095,itodd_bracket_screw.ply,0.094265,0.000943,6287,3772,50,8x 11th Gen Intel(R) Core(TM) i7-1165G7 @ 2.80GHz
fgr,hard,10,0.19599968434125703,0.0013187853809800837,True,0.6195,1.0,0.000608,3095,itodd_bracket_screw.ply,0.094265,0.000943,6287,3772,50,8x 11th Gen Intel(R) Core(TM) i7-1165G7 @ 2.80GHz
icp_pt2pt,hard,11,7.193186471563767,0.017452382922962615,False,0.2576,0.93486,0.000759,2899,itodd_bracket_screw.ply,0.094265,0.000943,6287,3772,50,8x 11th Gen Intel(R) Core(TM) i7-1165G7 @ 2.80GHz
icp_pt2pl,hard,11,0.08580821578032492,0.0008062212057676445,True,0.1878,1.0,0.000608,3101,itodd_bracket_screw.ply,0.094265,0.000943,6287,3772,50,8x 11th Gen Intel(R) Core(TM) i7-1165G7 @ 2.80GHz
fpfh_ransac,hard,11,0.23061834298877662,0.046221385270171424,False,1.2308,0.953563,0.000679,2957,itodd_bracket_screw.ply,0.094265,0.000943,6287,3772,50,8x 11th Gen Intel(R) Core(TM) i7-1165G7 @ 2.80GHz
fgr,hard,11,0.10514007042384975,0.04357133298369778,False,0.4056,0.953886,0.000676,2958,itodd_bracket_screw.ply,0.094265,0.000943,6287,3772,50,8x 11th Gen Intel(R) Core(TM) i7-1165G7 @ 2.80GHz
icp_pt2pt,hard,12,124.1110064946593,0.4527573846935828,False,0.1209,0.103245,0.000679,315,itodd_bracket_screw.ply,0.094265,0.000943,6287,3772,50,8x 11th Gen Intel(R) Core(TM) i7-1165G7 @ 2.80GHz
icp_pt2pl,hard,12,105.97591038286744,0.4394464224766488,False,0.5638,0.141921,0.000651,433,itodd_bracket_screw.ply,0.094265,0.000943,6287,3772,50,8x 11th Gen Intel(R) Core(TM) i7-1165G7 @ 2.80GHz
fpfh_ransac,hard,12,0.24260531398657767,0.0009727712719514559,True,1.0047,1.0,0.000609,3051,itodd_bracket_screw.ply,0.094265,0.000943,6287,3772,50,8x 11th Gen Intel(R) Core(TM) i7-1165G7 @ 2.80GHz
fgr,hard,12,121.52689036616982,0.4242591179704013,False,0.7354,0.674861,0.000753,2059,itodd_bracket_screw.ply,0.094265,0.000943,6287,3772,50,8x 11th Gen Intel(R) Core(TM) i7-1165G7 @ 2.80GHz
icp_pt2pt,hard,13,120.87106846462328,0.43042472112003033,False,0.0297,0.0,0.0,0,itodd_bracket_screw.ply,0.094265,0.000943,6287,3772,50,8x 11th Gen Intel(R) Core(TM) i7-1165G7 @ 2.80GHz
icp_pt2pl,hard,13,120.87106846462328,0.43042472112003033,False,0.0404,0.0,0.0,0,itodd_bracket_screw.ply,0.094265,0.000943,6287,3772,50,8x 11th Gen Intel(R) Core(TM) i7-1165G7 @ 2.80GHz
fpfh_ransac,hard,13,179.49489994952168,0.769336485310352,False,0.7086,0.660813,0.000925,2032,itodd_bracket_screw.ply,0.094265,0.000943,6287,3772,50,8x 11th Gen Intel(R) Core(TM) i7-1165G7 @ 2.80GHz
fgr,hard,13,167.86249378356223,0.5043046786031358,False,0.3354,0.797724,0.000871,2453,itodd_bracket_screw.ply,0.094265,0.000943,6287,3772,50,8x 11th Gen Intel(R) Core(TM) i7-1165G7 @ 2.80GHz
icp_pt2pt,hard,14,179.725162966202,0.7300193346249481,False,0.0326,0.316949,0.00073,993,itodd_bracket_screw.ply,0.094265,0.000943,6287,3772,50,8x 11th Gen Intel(R) Core(TM) i7-1165G7 @ 2.80GHz
icp_pt2pl,hard,14,28.47793989887874,0.26394114960327075,False,0.0586,0.231088,0.000812,724,itodd_bracket_screw.ply,0.094265,0.000943,6287,3772,50,8x 11th Gen Intel(R) Core(TM) i7-1165G7 @ 2.80GHz
fpfh_ransac,hard,14,173.2616910533711,0.7281104787772334,False,0.7846,0.350144,0.000997,1097,itodd_bracket_screw.ply,0.094265,0.000943,6287,3772,50,8x 11th Gen Intel(R) Core(TM) i7-1165G7 @ 2.80GHz
fgr,hard,14,0.22656860342436083,0.001663802603577727,True,0.3818,0.999681,0.000612,3132,itodd_bracket_screw.ply,0.094265,0.000943,6287,3772,50,8x 11th Gen Intel(R) Core(TM) i7-1165G7 @ 2.80GHz
icp_pt2pt,hard,15,90.86396220961088,0.47569828296452116,False,0.0317,0.176164,0.001115,541,itodd_bracket_screw.ply,0.094265,0.000943,6287,3772,50,8x 11th Gen Intel(R) Core(TM) i7-1165G7 @ 2.80GHz
icp_pt2pl,hard,15,90.41815329887918,0.5863952575591457,False,0.0463,0.17649,0.001104,542,itodd_bracket_screw.ply,0.094265,0.000943,6287,3772,50,8x 11th Gen Intel(R) Core(TM) i7-1165G7 @ 2.80GHz
fpfh_ransac,hard,15,135.50921329281118,0.752492024812624,False,0.8076,0.380332,0.000994,1168,itodd_bracket_screw.ply,0.094265,0.000943,6287,3772,50,8x 11th Gen Intel(R) Core(TM) i7-1165G7 @ 2.80GHz
fgr,hard,15,47.41406749667991,0.27513349164196366,False,0.2295,0.429502,0.000962,1319,itodd_bracket_screw.ply,0.094265,0.000943,6287,3772,50,8x 11th Gen Intel(R) Core(TM) i7-1165G7 @ 2.80GHz
icp_pt2pt,hard,16,37.35007901450769,0.13665295444775538,False,0.0231,0.415803,0.000976,1284,itodd_bracket_screw.ply,0.094265,0.000943,6287,3772,50,8x 11th Gen Intel(R) Core(TM) i7-1165G7 @ 2.80GHz
icp_pt2pl,hard,16,0.13329017817378502,0.001872376814854275,True,0.0226,1.0,0.000607,3088,itodd_bracket_screw.ply,0.094265,0.000943,6287,3772,50,8x 11th Gen Intel(R) Core(TM) i7-1165G7 @ 2.80GHz
fpfh_ransac,hard,16,0.31332421967387364,0.0018989675371661734,True,0.7866,1.0,0.000606,3088,itodd_bracket_screw.ply,0.094265,0.000943,6287,3772,50,8x 11th Gen Intel(R) Core(TM) i7-1165G7 @ 2.80GHz
fgr,hard,16,0.2825377467840537,0.001959669268127264,True,0.2196,1.0,0.000606,3088,itodd_bracket_screw.ply,0.094265,0.000943,6287,3772,50,8x 11th Gen Intel(R) Core(TM) i7-1165G7 @ 2.80GHz
icp_pt2pt,hard,17,151.74703268482614,0.2367648434425429,False,0.0356,0.21984,0.000978,687,itodd_bracket_screw.ply,0.094265,0.000943,6287,3772,50,8x 11th Gen Intel(R) Core(TM) i7-1165G7 @ 2.80GHz
icp_pt2pl,hard,17,166.35184989503318,0.2126068943313202,False,0.0418,0.36,0.000983,1125,itodd_bracket_screw.ply,0.094265,0.000943,6287,3772,50,8x 11th Gen Intel(R) Core(TM) i7-1165G7 @ 2.80GHz
fpfh_ransac,hard,17,179.6695797154222,0.426721572997977,False,0.5733,0.96256,0.000648,3008,itodd_bracket_screw.ply,0.094265,0.000943,6287,3772,50,8x 11th Gen Intel(R) Core(TM) i7-1165G7 @ 2.80GHz
fgr,hard,17,179.8374028870695,0.4294883265359929,False,0.1934,0.96352,0.000658,3011,itodd_bracket_screw.ply,0.094265,0.000943,6287,3772,50,8x 11th Gen Intel(R) Core(TM) i7-1165G7 @ 2.80GHz
icp_pt2pt,hard,18,98.0675323724531,0.42955790155731727,False,0.0035,0.0,0.0,0,itodd_bracket_screw.ply,0.094265,0.000943,6287,3772,50,8x 11th Gen Intel(R) Core(TM) i7-1165G7 @ 2.80GHz
icp_pt2pl,hard,18,98.0675323724531,0.42955790155731727,False,0.0071,0.0,0.0,0,itodd_bracket_screw.ply,0.094265,0.000943,6287,3772,50,8x 11th Gen Intel(R) Core(TM) i7-1165G7 @ 2.80GHz
fpfh_ransac,hard,18,177.1644075269052,0.38966220644346605,False,0.5433,0.986766,0.000687,3057,itodd_bracket_screw.ply,0.094265,0.000943,6287,3772,50,8x 11th Gen Intel(R) Core(TM) i7-1165G7 @ 2.80GHz
fgr,hard,18,89.82063738891743,0.8007101301826791,False,0.2076,0.720788,0.000671,2233,itodd_bracket_screw.ply,0.094265,0.000943,6287,3772,50,8x 11th Gen Intel(R) Core(TM) i7-1165G7 @ 2.80GHz
icp_pt2pt,hard,19,90.28239170565675,0.8455993957360362,False,0.0419,0.331511,0.000703,1031,itodd_bracket_screw.ply,0.094265,0.000943,6287,3772,50,8x 11th Gen Intel(R) Core(TM) i7-1165G7 @ 2.80GHz
icp_pt2pl,hard,19,70.70137967189727,0.6133157493755818,False,0.0656,0.336977,0.001041,1048,itodd_bracket_screw.ply,0.094265,0.000943,6287,3772,50,8x 11th Gen Intel(R) Core(TM) i7-1165G7 @ 2.80GHz
fpfh_ransac,hard,19,0.16202346942719326,0.0027353134266846343,True,0.6076,1.0,0.0006,3110,itodd_bracket_screw.ply,0.094265,0.000943,6287,3772,50,8x 11th Gen Intel(R) Core(TM) i7-1165G7 @ 2.80GHz
fgr,hard,19,0.15138142087036152,0.002783144042457598,True,0.1764,1.0,0.0006,3110,itodd_bracket_screw.ply,0.094265,0.000943,6287,3772,50,8x 11th Gen Intel(R) Core(TM) i7-1165G7 @ 2.80GHz
icp_pt2pt,hard,20,106.35627328609276,0.12006049565779034,False,0.0142,0.61307,0.000708,1895,itodd_bracket_screw.ply,0.094265,0.000943,6287,3772,50,8x 11th Gen Intel(R) Core(TM) i7-1165G7 @ 2.80GHz
icp_pt2pl,hard,20,91.0082082452858,0.11497686492389922,False,0.0146,0.649628,0.000719,2008,itodd_bracket_screw.ply,0.094265,0.000943,6287,3772,50,8x 11th Gen Intel(R) Core(TM) i7-1165G7 @ 2.80GHz
fpfh_ransac,hard,20,0.3312236457231486,0.0016566499423110723,True,0.5684,0.999676,0.000608,3090,itodd_bracket_screw.ply,0.094265,0.000943,6287,3772,50,8x 11th Gen Intel(R) Core(TM) i7-1165G7 @ 2.80GHz
fgr,hard,20,158.02660167729601,0.40206750998409657,False,0.2807,0.416047,0.000944,1286,itodd_bracket_screw.ply,0.094265,0.000943,6287,3772,50,8x 11th Gen Intel(R) Core(TM) i7-1165G7 @ 2.80GHz
icp_pt2pt,hard,21,159.3710270011356,0.4089813483400094,False,0.0299,0.30947,0.000748,964,itodd_bracket_screw.ply,0.094265,0.000943,6287,3772,50,8x 11th Gen Intel(R) Core(TM) i7-1165G7 @ 2.80GHz
icp_pt2pl,hard,21,45.35932155022008,176.4171781542631,False,0.015,0.0,0.0,0,itodd_bracket_screw.ply,0.094265,0.000943,6287,3772,50,8x 11th Gen Intel(R) Core(TM) i7-1165G7 @ 2.80GHz
fpfh_ransac,hard,21,178.82505640975506,0.6104974053240826,False,0.5244,0.794543,0.000824,2475,itodd_bracket_screw.ply,0.094265,0.000943,6287,3772,50,8x 11th Gen Intel(R) Core(TM) i7-1165G7 @ 2.80GHz
fgr,hard,21,103.38197300132492,0.3373816094746695,False,0.2919,0.662921,0.00072,2065,itodd_bracket_screw.ply,0.094265,0.000943,6287,3772,50,8x 11th Gen Intel(R) Core(TM) i7-1165G7 @ 2.80GHz
icp_pt2pt,hard,22,11.045507316432872,0.34116424724274824,False,0.0339,0.090527,0.000878,280,itodd_bracket_screw.ply,0.094265,0.000943,6287,3772,50,8x 11th Gen Intel(R) Core(TM) i7-1165G7 @ 2.80GHz
icp_pt2pl,hard,22,38.41362457964743,0.3590804691026143,False,0.0294,0.311672,0.000763,964,itodd_bracket_screw.ply,0.094265,0.000943,6287,3772,50,8x 11th Gen Intel(R) Core(TM) i7-1165G7 @ 2.80GHz
fpfh_ransac,hard,22,179.1476050056861,0.7526366979551635,False,0.5297,0.985774,0.000679,3049,itodd_bracket_screw.ply,0.094265,0.000943,6287,3772,50,8x 11th Gen Intel(R) Core(TM) i7-1165G7 @ 2.80GHz
fgr,hard,22,179.33537396307722,0.7536337826472898,False,0.2589,0.984804,0.000677,3046,itodd_bracket_screw.ply,0.094265,0.000943,6287,3772,50,8x 11th Gen Intel(R) Core(TM) i7-1165G7 @ 2.80GHz
icp_pt2pt,hard,23,130.38978311783433,0.16267873132258578,False,0.0812,0.158756,0.001091,495,itodd_bracket_screw.ply,0.094265,0.000943,6287,3772,50,8x 11th Gen Intel(R) Core(TM) i7-1165G7 @ 2.80GHz
icp_pt2pl,hard,23,173.30796324269787,0.6128560148341552,False,0.032,0.524695,0.000952,1636,itodd_bracket_screw.ply,0.094265,0.000943,6287,3772,50,8x 11th Gen Intel(R) Core(TM) i7-1165G7 @ 2.80GHz
fpfh_ransac,hard,23,179.89437642621905,0.5809535466575905,False,0.4549,0.987813,0.000627,3080,itodd_bracket_screw.ply,0.094265,0.000943,6287,3772,50,8x 11th Gen Intel(R) Core(TM) i7-1165G7 @ 2.80GHz
fgr,hard,23,125.34169473473278,0.42940079437138257,False,0.2249,0.695638,0.000802,2169,itodd_bracket_screw.ply,0.094265,0.000943,6287,3772,50,8x 11th Gen Intel(R) Core(TM) i7-1165G7 @ 2.80GHz
icp_pt2pt,hard,24,134.96805492101868,0.08170429089018048,False,0.0312,0.370238,0.000961,1137,itodd_bracket_screw.ply,0.094265,0.000943,6287,3772,50,8x 11th Gen Intel(R) Core(TM) i7-1165G7 @ 2.80GHz
icp_pt2pl,hard,24,148.65073838435944,0.11672474590974495,False,0.0505,0.518072,0.000801,1591,itodd_bracket_screw.ply,0.094265,0.000943,6287,3772,50,8x 11th Gen Intel(R) Core(TM) i7-1165G7 @ 2.80GHz
fpfh_ransac,hard,24,148.25709947884076,0.17574975777243307,False,0.5307,0.730707,0.000736,2244,itodd_bracket_screw.ply,0.094265,0.000943,6287,3772,50,8x 11th Gen Intel(R) Core(TM) i7-1165G7 @ 2.80GHz
fgr,hard,24,144.68909715361835,0.1448412949055308,False,0.2395,0.62618,0.000786,1923,itodd_bracket_screw.ply,0.094265,0.000943,6287,3772,50,8x 11th Gen Intel(R) Core(TM) i7-1165G7 @ 2.80GHz
icp_pt2pt,hard,25,66.537915390114,0.35950053821197564,False,0.005,0.0,0.0,0,itodd_bracket_screw.ply,0.094265,0.000943,6287,3772,50,8x 11th Gen Intel(R) Core(TM) i7-1165G7 @ 2.80GHz
icp_pt2pl,hard,25,66.537915390114,0.35950053821197564,False,0.0108,0.0,0.0,0,itodd_bracket_screw.ply,0.094265,0.000943,6287,3772,50,8x 11th Gen Intel(R) Core(TM) i7-1165G7 @ 2.80GHz
fpfh_ransac,hard,25,0.162934546928269,0.0015572335886915765,True,0.6091,1.0,0.000603,3082,itodd_bracket_screw.ply,0.094265,0.000943,6287,3772,50,8x 11th Gen Intel(R) Core(TM) i7-1165G7 @ 2.80GHz
fgr,hard,25,7.508597594988668,0.060360056994297154,False,0.1935,0.875406,0.000842,2698,itodd_bracket_screw.ply,0.094265,0.000943,6287,3772,50,8x 11th Gen Intel(R) Core(TM) i7-1165G7 @ 2.80GHz
icp_pt2pt,hard,26,81.51632431112098,0.2955197942718797,False,0.0211,0.253148,0.000728,784,itodd_bracket_screw.ply,0.094265,0.000943,6287,3772,50,8x 11th Gen Intel(R) Core(TM) i7-1165G7 @ 2.80GHz
icp_pt2pl,hard,26,95.66521360366129,0.36249544203674383,False,0.0239,0.565386,0.000674,1751,itodd_bracket_screw.ply,0.094265,0.000943,6287,3772,50,8x 11th Gen Intel(R) Core(TM) i7-1165G7 @ 2.80GHz
fpfh_ransac,hard,26,178.32502308689487,0.8606492955388102,False,0.4049,0.512108,0.000905,1586,itodd_bracket_screw.ply,0.094265,0.000943,6287,3772,50,8x 11th Gen Intel(R) Core(TM) i7-1165G7 @ 2.80GHz
fgr,hard,26,0.16050411414832372,0.003008367421823913,True,0.2554,1.0,0.000603,3097,itodd_bracket_screw.ply,0.094265,0.000943,6287,3772,50,8x 11th Gen Intel(R) Core(TM) i7-1165G7 @ 2.80GHz
icp_pt2pt,hard,27,177.2918836378213,0.19473744284983402,False,0.027,0.345643,0.000984,1067,itodd_bracket_screw.ply,0.094265,0.000943,6287,3772,50,8x 11th Gen Intel(R) Core(TM) i7-1165G7 @ 2.80GHz
icp_pt2pl,hard,27,179.0906241749104,0.12565887763753691,False,0.0297,0.748623,0.000713,2311,itodd_bracket_screw.ply,0.094265,0.000943,6287,3772,50,8x 11th Gen Intel(R) Core(TM) i7-1165G7 @ 2.80GHz
fpfh_ransac,hard,27,178.26159927890785,0.4933349074642349,False,0.5535,0.449304,0.000966,1387,itodd_bracket_screw.ply,0.094265,0.000943,6287,3772,50,8x 11th Gen Intel(R) Core(TM) i7-1165G7 @ 2.80GHz
fgr,hard,27,161.4107146577462,0.33042277833959544,False,0.2712,0.376741,0.000995,1163,itodd_bracket_screw.ply,0.094265,0.000943,6287,3772,50,8x 11th Gen Intel(R) Core(TM) i7-1165G7 @ 2.80GHz
icp_pt2pt,hard,28,33.6748739749336,0.2397179092988868,False,0.0352,0.324307,0.000965,994,itodd_bracket_screw.ply,0.094265,0.000943,6287,3772,50,8x 11th Gen Intel(R) Core(TM) i7-1165G7 @ 2.80GHz
icp_pt2pl,hard,28,0.9557738733609923,0.0032242539933475616,True,0.0693,1.0,0.000619,3065,itodd_bracket_screw.ply,0.094265,0.000943,6287,3772,50,8x 11th Gen Intel(R) Core(TM) i7-1165G7 @ 2.80GHz
fpfh_ransac,hard,28,177.52919256252466,0.5526034882402078,False,0.7012,0.650571,0.000871,1994,itodd_bracket_screw.ply,0.094265,0.000943,6287,3772,50,8x 11th Gen Intel(R) Core(TM) i7-1165G7 @ 2.80GHz
fgr,hard,28,47.54781470642415,0.33940748649294317,False,0.2368,0.191191,0.000948,586,itodd_bracket_screw.ply,0.094265,0.000943,6287,3772,50,8x 11th Gen Intel(R) Core(TM) i7-1165G7 @ 2.80GHz
icp_pt2pt,hard,29,98.08447857861334,0.024271238007310132,False,0.0392,0.246218,0.000993,765,itodd_bracket_screw.ply,0.094265,0.000943,6287,3772,50,8x 11th Gen Intel(R) Core(TM) i7-1165G7 @ 2.80GHz
icp_pt2pl,hard,29,17.424191935305224,0.042415340449093675,False,0.0268,0.798198,0.000765,2480,itodd_bracket_screw.ply,0.094265,0.000943,6287,3772,50,8x 11th Gen Intel(R) Core(TM) i7-1165G7 @ 2.80GHz
fpfh_ransac,hard,29,179.4116317505971,0.05493528058172037,False,0.5648,0.902478,0.00064,2804,itodd_bracket_screw.ply,0.094265,0.000943,6287,3772,50,8x 11th Gen Intel(R) Core(TM) i7-1165G7 @ 2.80GHz
fgr,hard,29,42.978230756833774,0.05746387730722496,False,0.2222,0.614741,0.000892,1910,itodd_bracket_screw.ply,0.094265,0.000943,6287,3772,50,8x 11th Gen Intel(R) Core(TM) i7-1165G7 @ 2.80GHz
icp_pt2pt,hard,30,15.153698874523677,0.07451121835781546,False,0.0215,0.69305,0.000844,2154,itodd_bracket_screw.ply,0.094265,0.000943,6287,3772,50,8x 11th Gen Intel(R) Core(TM) i7-1165G7 @ 2.80GHz
icp_pt2pl,hard,30,0.07617103589921695,0.0007827129918633409,True,0.037,1.0,0.00061,3108,itodd_bracket_screw.ply,0.094265,0.000943,6287,3772,50,8x 11th Gen Intel(R) Core(TM) i7-1165G7 @ 2.80GHz
fpfh_ransac,hard,30,0.10179493063088352,0.0008349714453336882,True,0.6018,1.0,0.00061,3108,itodd_bracket_screw.ply,0.094265,0.000943,6287,3772,50,8x 11th Gen Intel(R) Core(TM) i7-1165G7 @ 2.80GHz
fgr,hard,30,0.0702097998277299,0.0008036505814064094,True,0.2509,1.0,0.00061,3108,itodd_bracket_screw.ply,0.094265,0.000943,6287,3772,50,8x 11th Gen Intel(R) Core(TM) i7-1165G7 @ 2.80GHz
icp_pt2pt,hard,31,0.21164770264903027,0.4714918300611441,False,0.0061,0.0,0.0,0,itodd_bracket_screw.ply,0.094265,0.000943,6287,3772,50,8x 11th Gen Intel(R) Core(TM) i7-1165G7 @ 2.80GHz
icp_pt2pl,hard,31,0.21164770264903027,0.4714918300611441,False,0.0087,0.0,0.0,0,itodd_bracket_screw.ply,0.094265,0.000943,6287,3772,50,8x 11th Gen Intel(R) Core(TM) i7-1165G7 @ 2.80GHz
fpfh_ransac,hard,31,171.73130942773736,0.4280919208200321,False,0.5566,0.455334,0.000975,1417,itodd_bracket_screw.ply,0.094265,0.000943,6287,3772,50,8x 11th Gen Intel(R) Core(TM) i7-1165G7 @ 2.80GHz
fgr,hard,31,0.16264171210443676,0.0005513617327210585,True,0.1809,1.0,0.000613,3112,itodd_bracket_screw.ply,0.094265,0.000943,6287,3772,50,8x 11th Gen Intel(R) Core(TM) i7-1165G7 @ 2.80GHz
icp_pt2pt,hard,32,49.03266653617239,0.06971480825339202,False,0.034,0.275884,0.000994,850,itodd_bracket_screw.ply,0.094265,0.000943,6287,3772,50,8x 11th Gen Intel(R) Core(TM) i7-1165G7 @ 2.80GHz
icp_pt2pl,hard,32,0.16199275489513223,0.0021415761500624343,True,0.0221,1.0,0.000604,3081,itodd_bracket_screw.ply,0.094265,0.000943,6287,3772,50,8x 11th Gen Intel(R) Core(TM) i7-1165G7 @ 2.80GHz
fpfh_ransac,hard,32,0.1867808790544771,0.0021807599979151333,True,0.5032,1.0,0.000604,3081,itodd_bracket_screw.ply,0.094265,0.000943,6287,3772,50,8x 11th Gen Intel(R) Core(TM) i7-1165G7 @ 2.80GHz
fgr,hard,32,0.17983227825000872,0.0021893991501065104,True,0.1807,1.0,0.000604,3081,itodd_bracket_screw.ply,0.094265,0.000943,6287,3772,50,8x 11th Gen Intel(R) Core(TM) i7-1165G7 @ 2.80GHz
icp_pt2pt,hard,33,14.62472337494623,0.46598191510490533,False,0.007,0.0,0.0,0,itodd_bracket_screw.ply,0.094265,0.000943,6287,3772,50,8x 11th Gen Intel(R) Core(TM) i7-1165G7 @ 2.80GHz
icp_pt2pl,hard,33,14.62472337494623,0.46598191510490533,False,0.0097,0.0,0.0,0,itodd_bracket_screw.ply,0.094265,0.000943,6287,3772,50,8x 11th Gen Intel(R) Core(TM) i7-1165G7 @ 2.80GHz
fpfh_ransac,hard,33,179.03706400946356,0.44300550797989147,False,0.5724,0.907963,0.00069,2782,itodd_bracket_screw.ply,0.094265,0.000943,6287,3772,50,8x 11th Gen Intel(R) Core(TM) i7-1165G7 @ 2.80GHz
fgr,hard,33,0.14539642795026606,0.001153206365756543,True,0.2322,1.0,0.000605,3064,itodd_bracket_screw.ply,0.094265,0.000943,6287,3772,50,8x 11th Gen Intel(R) Core(TM) i7-1165G7 @ 2.80GHz
icp_pt2pt,hard,34,75.90863886615104,0.06547750933156314,False,0.0227,0.261548,0.000972,804,itodd_bracket_screw.ply,0.094265,0.000943,6287,3772,50,8x 11th Gen Intel(R) Core(TM) i7-1165G7 @ 2.80GHz
icp_pt2pl,hard,34,92.25784642651307,0.0917303458895009,False,0.0266,0.283344,0.000948,871,itodd_bracket_screw.ply,0.094265,0.000943,6287,3772,50,8x 11th Gen Intel(R) Core(TM) i7-1165G7 @ 2.80GHz
fpfh_ransac,hard,34,152.0722257663084,0.1647662315882171,False,0.6272,0.512687,0.000965,1576,itodd_bracket_screw.ply,0.094265,0.000943,6287,3772,50,8x 11th Gen Intel(R) Core(TM) i7-1165G7 @ 2.80GHz
fgr,hard,34,16.568932216880036,0.03423019468865848,False,0.2244,0.77391,0.000823,2379,itodd_bracket_screw.ply,0.094265,0.000943,6287,3772,50,8x 11th Gen Intel(R) Core(TM) i7-1165G7 @ 2.80GHz
icp_pt2pt,hard,35,62.804809625386994,0.11343405531479825,False,0.0254,0.323406,0.000981,999,itodd_bracket_screw.ply,0.094265,0.000943,6287,3772,50,8x 11th Gen Intel(R) Core(TM) i7-1165G7 @ 2.80GHz
icp_pt2pl,hard,35,0.19489911477623617,0.013430004791747347,False,0.0265,0.992554,0.000668,3066,itodd_bracket_screw.ply,0.094265,0.000943,6287,3772,50,8x 11th Gen Intel(R) Core(TM) i7-1165G7 @ 2.80GHz
fpfh_ransac,hard,35,90.60021206396652,0.4611680435529134,False,0.6322,0.776627,0.000675,2399,itodd_bracket_screw.ply,0.094265,0.000943,6287,3772,50,8x 11th Gen Intel(R) Core(TM) i7-1165G7 @ 2.80GHz
fgr,hard,35,72.77237824977018,0.10288376937758624,False,0.2282,0.415992,0.000992,1285,itodd_bracket_screw.ply,0.094265,0.000943,6287,3772,50,8x 11th Gen Intel(R) Core(TM) i7-1165G7 @ 2.80GHz
icp_pt2pt,hard,36,147.07093368283225,0.37228450787208045,False,0.0277,0.199935,0.001059,617,itodd_bracket_screw.ply,0.094265,0.000943,6287,3772,50,8x 11th Gen Intel(R) Core(TM) i7-1165G7 @ 2.80GHz
icp_pt2pl,hard,36,142.49678527925522,0.5950519481106405,False,0.036,0.29326,0.001037,905,itodd_bracket_screw.ply,0.094265,0.000943,6287,3772,50,8x 11th Gen Intel(R) Core(TM) i7-1165G7 @ 2.80GHz
fpfh_ransac,hard,36,179.69406288632607,0.7775925126611272,False,0.362,0.660402,0.000712,2038,itodd_bracket_screw.ply,0.094265,0.000943,6287,3772,50,8x 11th Gen Intel(R) Core(TM) i7-1165G7 @ 2.80GHz
fgr,hard,36,131.43877315271055,0.5894862313401112,False,0.2042,0.347051,0.000988,1071,itodd_bracket_screw.ply,0.094265,0.000943,6287,3772,50,8x 11th Gen Intel(R) Core(TM) i7-1165G7 @ 2.80GHz
icp_pt2pt,hard,37,12.926424800998015,0.4741773086410298,False,0.0038,0.0,0.0,0,itodd_bracket_screw.ply,0.094265,0.000943,6287,3772,50,8x 11th Gen Intel(R) Core(TM) i7-1165G7 @ 2.80GHz
icp_pt2pl,hard,37,12.926424800998015,0.4741773086410298,False,0.0066,0.0,0.0,0,itodd_bracket_screw.ply,0.094265,0.000943,6287,3772,50,8x 11th Gen Intel(R) Core(TM) i7-1165G7 @ 2.80GHz
fpfh_ransac,hard,37,0.5980844146213206,0.02771547498765238,False,0.7265,0.989244,0.000682,3035,itodd_bracket_screw.ply,0.094265,0.000943,6287,3772,50,8x 11th Gen Intel(R) Core(TM) i7-1165G7 @ 2.80GHz
fgr,hard,37,0.25715617243411487,0.0035138637666507822,True,0.2196,1.0,0.000607,3068,itodd_bracket_screw.ply,0.094265,0.000943,6287,3772,50,8x 11th Gen Intel(R) Core(TM) i7-1165G7 @ 2.80GHz
icp_pt2pt,hard,38,26.828955027974438,0.2532454930796007,False,0.0315,0.225996,0.000777,692,itodd_bracket_screw.ply,0.094265,0.000943,6287,3772,50,8x 11th Gen Intel(R) Core(TM) i7-1165G7 @ 2.80GHz
icp_pt2pl,hard,38,36.2741508067305,0.16712035343773454,False,0.0268,0.861202,0.000796,2637,itodd_bracket_screw.ply,0.094265,0.000943,6287,3772,50,8x 11th Gen Intel(R) Core(TM) i7-1165G7 @ 2.80GHz
fpfh_ransac,hard,38,156.77967682221666,0.6689608803123287,False,0.5451,0.487263,0.000877,1492,itodd_bracket_screw.ply,0.094265,0.000943,6287,3772,50,8x 11th Gen Intel(R) Core(TM) i7-1165G7 @ 2.80GHz
fgr,hard,38,84.8968326707544,0.54432500631569,False,0.2321,0.194317,0.000952,595,itodd_bracket_screw.ply,0.094265,0.000943,6287,3772,50,8x 11th Gen Intel(R) Core(TM) i7-1165G7 @ 2.80GHz
icp_pt2pt,hard,39,136.9588147596206,0.23003247266813137,False,0.0041,0.0,0.0,0,itodd_bracket_screw.ply,0.094265,0.000943,6287,3772,50,8x 11th Gen Intel(R) Core(TM) i7-1165G7 @ 2.80GHz
icp_pt2pl,hard,39,136.9588147596206,0.23003247266813137,False,0.0073,0.0,0.0,0,itodd_bracket_screw.ply,0.094265,0.000943,6287,3772,50,8x 11th Gen Intel(R) Core(TM) i7-1165G7 @ 2.80GHz
fpfh_ransac,hard,39,177.9481707862815,0.5605019885994307,False,0.6158,0.646029,0.000891,1993,itodd_bracket_screw.ply,0.094265,0.000943,6287,3772,50,8x 11th Gen Intel(R) Core(TM) i7-1165G7 @ 2.80GHz
fgr,hard,39,132.8727739246146,0.2905849648683983,False,0.2087,0.407131,0.000965,1256,itodd_bracket_screw.ply,0.094265,0.000943,6287,3772,50,8x 11th Gen Intel(R) Core(TM) i7-1165G7 @ 2.80GHz
icp_pt2pt,hard,40,176.78155898515803,0.10326722838096554,False,0.03,0.280484,0.001021,858,itodd_bracket_screw.ply,0.094265,0.000943,6287,3772,50,8x 11th Gen Intel(R) Core(TM) i7-1165G7 @ 2.80GHz
icp_pt2pl,hard,40,179.58834607060092,0.101679307984909,False,0.0281,0.628637,0.000922,1923,itodd_bracket_screw.ply,0.094265,0.000943,6287,3772,50,8x 11th Gen Intel(R) Core(TM) i7-1165G7 @ 2.80GHz
fpfh_ransac,hard,40,70.5592570135971,0.0986156763394295,False,0.661,0.409284,0.000958,1252,itodd_bracket_screw.ply,0.094265,0.000943,6287,3772,50,8x 11th Gen Intel(R) Core(TM) i7-1165G7 @ 2.80GHz
fgr,hard,40,153.52959109945112,0.1459358711723067,False,0.265,0.428898,0.000935,1312,itodd_bracket_screw.ply,0.094265,0.000943,6287,3772,50,8x 11th Gen Intel(R) Core(TM) i7-1165G7 @ 2.80GHz
icp_pt2pt,hard,41,5.724360347531498,0.152453225953575,False,0.0218,0.37375,0.00079,1159,itodd_bracket_screw.ply,0.094265,0.000943,6287,3772,50,8x 11th Gen Intel(R) Core(TM) i7-1165G7 @ 2.80GHz
icp_pt2pl,hard,41,0.11076146665703065,0.0007851325442589615,True,0.0201,1.0,0.00062,3101,itodd_bracket_screw.ply,0.094265,0.000943,6287,3772,50,8x 11th Gen Intel(R) Core(TM) i7-1165G7 @ 2.80GHz
fpfh_ransac,hard,41,179.59795985065625,0.20800980900098534,False,0.6433,0.516608,0.000711,1602,itodd_bracket_screw.ply,0.094265,0.000943,6287,3772,50,8x 11th Gen Intel(R) Core(TM) i7-1165G7 @ 2.80GHz
fgr,hard,41,0.276189886204887,0.0025523365311486287,True,0.2276,1.0,0.00062,3101,itodd_bracket_screw.ply,0.094265,0.000943,6287,3772,50,8x 11th Gen Intel(R) Core(TM) i7-1165G7 @ 2.80GHz
icp_pt2pt,hard,42,173.52452921902804,0.07063540818227657,False,0.0353,0.233954,0.001041,729,itodd_bracket_screw.ply,0.094265,0.000943,6287,3772,50,8x 11th Gen Intel(R) Core(TM) i7-1165G7 @ 2.80GHz
icp_pt2pl,hard,42,178.35690599238936,0.058614745096936795,False,0.0266,0.447689,0.000958,1395,itodd_bracket_screw.ply,0.094265,0.000943,6287,3772,50,8x 11th Gen Intel(R) Core(TM) i7-1165G7 @ 2.80GHz
fpfh_ransac,hard,42,49.98852443660378,0.1303748994399318,False,0.6646,0.479461,0.000836,1494,itodd_bracket_screw.ply,0.094265,0.000943,6287,3772,50,8x 11th Gen Intel(R) Core(TM) i7-1165G7 @ 2.80GHz
fgr,hard,42,158.39145303050333,0.21144912949734737,False,0.2666,0.345315,0.001011,1076,itodd_bracket_screw.ply,0.094265,0.000943,6287,3772,50,8x 11th Gen Intel(R) Core(TM) i7-1165G7 @ 2.80GHz
icp_pt2pt,hard,43,59.11363446159913,0.11684813985749919,False,0.0213,0.469775,0.000736,1461,itodd_bracket_screw.ply,0.094265,0.000943,6287,3772,50,8x 11th Gen Intel(R) Core(TM) i7-1165G7 @ 2.80GHz
icp_pt2pl,hard,43,96.46096427705372,0.28944857086386494,False,0.0235,0.648875,0.0007,2018,itodd_bracket_screw.ply,0.094265,0.000943,6287,3772,50,8x 11th Gen Intel(R) Core(TM) i7-1165G7 @ 2.80GHz
fpfh_ransac,hard,43,179.8300003434493,0.1953741331943392,False,0.5874,0.760772,0.000656,2366,itodd_bracket_screw.ply,0.094265,0.000943,6287,3772,50,8x 11th Gen Intel(R) Core(TM) i7-1165G7 @ 2.80GHz
fgr,hard,43,10.134850525508348,0.03686041414479096,False,0.2752,0.964309,0.000713,2999,itodd_bracket_screw.ply,0.094265,0.000943,6287,3772,50,8x 11th Gen Intel(R) Core(TM) i7-1165G7 @ 2.80GHz
icp_pt2pt,hard,44,97.34107432020814,0.3211507288381969,False,0.0401,0.199674,0.000931,612,itodd_bracket_screw.ply,0.094265,0.000943,6287,3772,50,8x 11th Gen Intel(R) Core(TM) i7-1165G7 @ 2.80GHz
icp_pt2pl,hard,44,155.55706657226514,0.4490249983293459,False,0.0412,0.507341,0.000752,1555,itodd_bracket_screw.ply,0.094265,0.000943,6287,3772,50,8x 11th Gen Intel(R) Core(TM) i7-1165G7 @ 2.80GHz
fpfh_ransac,hard,44,179.73934408576505,0.4103303711948518,False,0.5484,0.693638,0.000882,2126,itodd_bracket_screw.ply,0.094265,0.000943,6287,3772,50,8x 11th Gen Intel(R) Core(TM) i7-1165G7 @ 2.80GHz
fgr,hard,44,33.307463746418186,0.12775062418750105,False,0.2713,0.835563,0.000801,2561,itodd_bracket_screw.ply,0.094265,0.000943,6287,3772,50,8x 11th Gen Intel(R) Core(TM) i7-1165G7 @ 2.80GHz
icp_pt2pt,hard,45,161.8938900732177,0.49553216622202895,False,0.0048,0.0,0.0,0,itodd_bracket_screw.ply,0.094265,0.000943,6287,3772,50,8x 11th Gen Intel(R) Core(TM) i7-1165G7 @ 2.80GHz
icp_pt2pl,hard,45,161.8938900732177,0.49553216622202895,False,0.0093,0.0,0.0,0,itodd_bracket_screw.ply,0.094265,0.000943,6287,3772,50,8x 11th Gen Intel(R) Core(TM) i7-1165G7 @ 2.80GHz
fpfh_ransac,hard,45,177.8028930946206,0.9944234630716844,False,0.5993,0.986016,0.000687,3032,itodd_bracket_screw.ply,0.094265,0.000943,6287,3772,50,8x 11th Gen Intel(R) Core(TM) i7-1165G7 @ 2.80GHz
fgr,hard,45,175.41450137244271,1.0061010577990854,False,0.1866,0.510894,0.000673,1571,itodd_bracket_screw.ply,0.094265,0.000943,6287,3772,50,8x 11th Gen Intel(R) Core(TM) i7-1165G7 @ 2.80GHz
icp_pt2pt,hard,46,16.591793660581835,0.17202539704628866,False,0.0384,0.146491,0.001016,455,itodd_bracket_screw.ply,0.094265,0.000943,6287,3772,50,8x 11th Gen Intel(R) Core(TM) i7-1165G7 @ 2.80GHz
icp_pt2pl,hard,46,0.23682346020683798,0.0012768300245459925,True,0.0262,0.999678,0.000608,3105,itodd_bracket_screw.ply,0.094265,0.000943,6287,3772,50,8x 11th Gen Intel(R) Core(TM) i7-1165G7 @ 2.80GHz
fpfh_ransac,hard,46,52.435730786686044,0.04442571751807299,False,0.656,0.863812,0.000724,2683,itodd_bracket_screw.ply,0.094265,0.000943,6287,3772,50,8x 11th Gen Intel(R) Core(TM) i7-1165G7 @ 2.80GHz
fgr,hard,46,0.2409608087480288,0.0013761484637436145,True,0.1959,0.999678,0.000609,3105,itodd_bracket_screw.ply,0.094265,0.000943,6287,3772,50,8x 11th Gen Intel(R) Core(TM) i7-1165G7 @ 2.80GHz
icp_pt2pt,hard,47,71.79641990380028,0.31980980853308366,False,0.0209,0.137387,0.00105,427,itodd_bracket_screw.ply,0.094265,0.000943,6287,3772,50,8x 11th Gen Intel(R) Core(TM) i7-1165G7 @ 2.80GHz
icp_pt2pl,hard,47,123.71350707098875,0.22069357750579818,False,0.0262,0.402831,0.000954,1252,itodd_bracket_screw.ply,0.094265,0.000943,6287,3772,50,8x 11th Gen Intel(R) Core(TM) i7-1165G7 @ 2.80GHz
fpfh_ransac,hard,47,179.0852273298747,0.6582723635174407,False,0.6534,0.815959,0.000697,2536,itodd_bracket_screw.ply,0.094265,0.000943,6287,3772,50,8x 11th Gen Intel(R) Core(TM) i7-1165G7 @ 2.80GHz
fgr,hard,47,0.30079765638744926,0.0006929210527840344,True,0.1953,1.0,0.000613,3108,itodd_bracket_screw.ply,0.094265,0.000943,6287,3772,50,8x 11th Gen Intel(R) Core(TM) i7-1165G7 @ 2.80GHz
icp_pt2pt,hard,48,11.233702714921595,0.36681613824525305,False,0.0116,0.073802,0.000984,231,itodd_bracket_screw.ply,0.094265,0.000943,6287,3772,50,8x 11th Gen Intel(R) Core(TM) i7-1165G7 @ 2.80GHz
icp_pt2pl,hard,48,72.0786952134218,0.3070062717820285,False,0.0981,0.403195,0.000958,1262,itodd_bracket_screw.ply,0.094265,0.000943,6287,3772,50,8x 11th Gen Intel(R) Core(TM) i7-1165G7 @ 2.80GHz
fpfh_ransac,hard,48,0.06457710124545654,0.0010272139866302453,True,0.6323,1.0,0.000604,3130,itodd_bracket_screw.ply,0.094265,0.000943,6287,3772,50,8x 11th Gen Intel(R) Core(TM) i7-1165G7 @ 2.80GHz
fgr,hard,48,3.93853434559168,0.01085334315032384,False,0.2323,0.95623,0.000841,2993,itodd_bracket_screw.ply,0.094265,0.000943,6287,3772,50,8x 11th Gen Intel(R) Core(TM) i7-1165G7 @ 2.80GHz
icp_pt2pt,hard,49,165.59171453306504,0.03517217736559472,False,0.0256,0.25227,0.001013,778,itodd_bracket_screw.ply,0.094265,0.000943,6287,3772,50,8x 11th Gen Intel(R) Core(TM) i7-1165G7 @ 2.80GHz
icp_pt2pl,hard,49,149.8134999707915,0.04807732945316711,False,0.0279,0.29118,0.001016,898,itodd_bracket_screw.ply,0.094265,0.000943,6287,3772,50,8x 11th Gen Intel(R) Core(TM) i7-1165G7 @ 2.80GHz
fpfh_ransac,hard,49,0.3694892262882628,0.002397263415244329,True,0.9892,1.0,0.000607,3084,itodd_bracket_screw.ply,0.094265,0.000943,6287,3772,50,8x 11th Gen Intel(R) Core(TM) i7-1165G7 @ 2.80GHz
fgr,hard,49,74.21654076523633,0.015861571164333517,False,0.4489,0.505188,0.000923,1558,itodd_bracket_screw.ply,0.094265,0.000943,6287,3772,50,8x 11th Gen Intel(R) Core(TM) i7-1165G7 @ 2.80GHz
