part,symmetry_class,method,severity,trial,rre_deg,rte,success,rre_sym_deg,rte_sym,success_sym,theta_deg,template,d,voxel,n_target,n_source,est_qx,est_qy,est_qz,est_qw,est_tx,est_ty,est_tz,gt_qx,gt_qy,gt_qz,gt_qw,gt_tx,gt_ty,gt_tz,fold_order,rre_dsym_deg,rte_dsym,success_dsym,theta_dsym_deg
bracket_screw,asymmetric,icp_pt2pt,easy,0,0.0175483507758626,0.000108520133025,True,0.0175483507758626,0.000108520133025,True,0.0,itodd_bracket_screw.ply,0.094265,0.000943,6287,6287,-0.039941187,-0.0200624,-0.016436102,0.998865384,0.000274763,0.002846286,0.001391486,-0.039953684,-0.020097723,-0.016584541,0.998861721,0.000284948,0.002845486,0.00139097,1,0.01754839559567975,0.00010851740298885006,True,0.0
bracket_screw,asymmetric,icp_pt2pl,easy,0,0.0064258209341517,0.0001848168948761,True,0.0064258209341517,0.0001848168948761,True,0.0,itodd_bracket_screw.ply,0.094265,0.000943,6287,6287,-0.039942684,-0.020051328,-0.016555086,0.998863582,0.000267601,0.002847094,0.001390852,-0.039953684,-0.020097723,-0.016584541,0.998861721,0.000284948,0.002845486,0.00139097,1,0.00642587549738589,0.00018481693000419795,True,0.0
bracket_screw,asymmetric,fpfh_ransac,easy,0,0.0081239765330705,0.0002066950285419,True,0.0081239765330705,0.0002066950285419,True,0.0,itodd_bracket_screw.ply,0.094265,0.000943,6287,6287,-0.039942793,-0.020041063,-0.016543405,0.998863977,0.000265529,0.002847077,0.001391016,-0.039953684,-0.020097723,-0.016584541,0.998861721,0.000284948,0.002845486,0.00139097,1,0.008124072180098526,0.00020669517490833842,True,0.0
bracket_screw,asymmetric,fgr,easy,0,0.0064237947333351,0.0001858684874938,True,0.0064237947333351,0.0001858684874938,True,0.0,itodd_bracket_screw.ply,0.094265,0.000943,6287,6287,-0.039944181,-0.020042505,-0.016583541,0.998863227,0.000267486,0.002846914,0.001390837,-0.039953684,-0.020097723,-0.016584541,0.998861721,0.000284948,0.002845486,0.00139097,1,0.006423878703057569,0.00018586746618492604,True,0.0
bracket_screw,asymmetric,icp_pt2pt,easy,1,0.018275465936977,3.711141045228352e-05,True,0.018275465936977,3.711141045228352e-05,True,0.0,itodd_bracket_screw.ply,0.094265,0.000943,6287,6287,0.013356632,0.007413754,0.006890477,0.999859569,5.448e-05,-0.000458277,-0.000315156,0.013327278,0.007272484,0.006958413,0.999860528,5.4759e-05,-0.000459172,-0.000318526,1,0.01827549991954786,3.710779165538571e-05,True,0.0
bracket_screw,asymmetric,icp_pt2pl,easy,1,0.0209665519930699,4.4818975594387465e-05,True,0.0209665519930699,4.4818975594387465e-05,True,0.0,itodd_bracket_screw.ply,0.094265,0.000943,6287,6287,0.013420249,0.007412631,0.007030416,0.999857751,5.2808e-05,-0.000462546,-0.000316894,0.013327278,0.007272484,0.006958413,0.999860528,5.4759e-05,-0.000459172,-0.000318526,1,0.020966476619594176,4.482431451745559e-05,True,0.0
bracket_screw,asymmetric,fpfh_ransac,easy,1,0.0229471529500147,5.136310096970294e-05,True,0.0229471529500147,5.136310096970294e-05,True,0.0,itodd_bracket_screw.ply,0.094265,0.000943,6287,6287,0.013439802,0.007422444,0.007028707,0.999857428,5.3177e-05,-0.000463321,-0.000316596,0.013327278,0.007272484,0.006958413,0.999860528,5.4759e-05,-0.000459172,-0.000318526,1,0.022947087290481775,5.136239162184718e-05,True,0.0
bracket_screw,asymmetric,fgr,easy,1,0.0245263121977814,5.695134139868975e-05,True,0.0245263121977814,5.695134139868975e-05,True,0.0,itodd_bracket_screw.ply,0.094265,0.000943,6287,6287,0.013448726,0.007426785,0.007043501,0.999857172,5.1773e-05,-0.000463137,-0.00031648,0.013327278,0.007272484,0.006958413,0.999860528,5.4759e-05,-0.000459172,-0.000318526,1,0.024526246813024923,5.6953860166923374e-05,True,0.0
bracket_screw,asymmetric,icp_pt2pt,easy,2,0.3901954267228539,0.0093378764650264,True,0.3901954267228539,0.0093378764650264,True,0.0,itodd_bracket_screw.ply,0.094265,0.000943,6287,6287,-0.029148431,0.062765555,-0.013077327,0.997516836,0.002117048,-0.001487168,-0.001029627,-0.028972927,0.0593848,-0.012781097,0.997732759,0.002996945,-0.00148492,-0.001005234,1,0.3901954849299875,0.009337908278126989,True,0.0
bracket_screw,asymmetric,icp_pt2pl,easy,2,0.0210832119394922,4.4614892833972685e-05,True,0.0210832119394922,4.4614892833972685e-05,True,0.0,itodd_bracket_screw.ply,0.094265,0.000943,6287,6287,-0.029064578,0.059353159,-0.012624737,0.997733967,0.003000969,-0.001483834,-0.001004667,-0.028972927,0.0593848,-0.012781097,0.997732759,0.002996945,-0.00148492,-0.001005234,1,0.021083279704282618,4.46227082157138e-05,True,0.0
bracket_screw,asymmetric,fpfh_ransac,easy,2,0.0226785150076092,5.316761058526033e-05,True,0.0226785150076092,5.316761058526033e-05,True,0.0,itodd_bracket_screw.ply,0.094265,0.000943,6287,6287,-0.029073319,0.059343395,-0.012615653,0.997734408,0.003001805,-0.001483708,-0.001005049,-0.028972927,0.0593848,-0.012781097,0.997732759,0.002996945,-0.00148492,-0.001005234,1,0.022678524778729923,5.317203484503978e-05,True,0.0
bracket_screw,asymmetric,fgr,easy,2,0.0201249484293844,3.917823571304237e-05,True,0.0201249484293844,3.917823571304237e-05,True,0.0,itodd_bracket_screw.ply,0.094265,0.000943,6287,6287,-0.029047461,0.059316101,-0.012637728,0.997736505,0.00300052,-0.001484205,-0.001004641,-0.028972927,0.0593848,-0.012781097,0.997732759,0.002996945,-0.00148492,-0.001005234,1,0.020124957158448357,3.918432860374452e-05,True,0.0
bracket_screw,asymmetric,icp_pt2pt,easy,3,0.400746952143604,0.009087891462736,True,0.400746952143604,0.009087891462736,True,0.0,itodd_bracket_screw.ply,0.094265,0.000943,6287,6287,-0.016631741,-0.007448991,-0.022027307,0.999591264,-0.000987278,9.6397e-05,0.000497596,-0.017082828,-0.004029493,-0.022605051,0.999590392,-0.001843795,0.000112705,0.000496468,1,0.4007469718627516,0.009087922133633866,True,0.0
bracket_screw,asymmetric,icp_pt2pl,easy,3,0.0042698588362487,1.916078570014564e-05,True,0.0042698588362487,1.916078570014564e-05,True,0.0,itodd_bracket_screw.ply,0.094265,0.000943,6287,6287,-0.017053489,-0.004052331,-0.02260749,0.999590746,-0.00184296,0.000113292,0.000494977,-0.017082828,-0.004029493,-0.022605051,0.999590392,-0.001843795,0.000112705,0.000496468,1,0.004269862591979654,1.916826511000852e-05,True,0.0
bracket_screw,asymmetric,fpfh_ransac,easy,3,0.0053002785080847,1.604389006937571e-05,True,0.0053002785080847,1.604389006937571e-05,True,0.0,itodd_bracket_screw.ply,0.094265,0.000943,6287,6287,-0.01705241,-0.004062598,-0.022594196,0.999591023,-0.001844121,0.000113294,0.000495114,-0.017082828,-0.004029493,-0.022605051,0.999590392,-0.001843795,0.000112705,0.000496468,1,0.005300308763856978,1.6041181975134886e-05,True,0.0
bracket_screw,asymmetric,fgr,easy,3,0.0054856311518662,1.4301694114699246e-05,True,0.0054856311518662,1.4301694114699246e-05,True,0.0,itodd_bracket_screw.ply,0.094265,0.000943,6287,6287,-0.01705253,-0.004063934,-0.022591375,0.999591079,-0.001843865,0.000113448,0.000495345,-0.017082828,-0.004029493,-0.022605051,0.999590392,-0.001843795,0.000112705,0.000496468,1,0.00548564085208133,1.4303943431441044e-05,True,0.0
bracket_screw,asymmetric,icp_pt2pt,easy,4,0.4781562431460038,0.0092617093614519,True,0.4781562431460038,0.0092617093614519,True,0.0,itodd_bracket_screw.ply,0.094265,0.000943,6287,6287,0.011078027,0.01730766,0.013868918,0.99969264,-0.000689894,-0.00092699,2.9454e-05,0.011287978,0.021466089,0.013607207,0.999613241,-0.001562762,-0.00092375,4.7358e-05,1,0.4781563083021201,0.009261736735338083,True,0.0
bracket_screw,asymmetric,icp_pt2pl,easy,4,0.0026830067428514,9.27784061362422e-05,True,0.0026830067428514,9.27784061362422e-05,True,0.0,itodd_bracket_screw.ply,0.094265,0.000943,6287,6287,0.011301306,0.021450347,0.013596133,0.999613579,-0.001554092,-0.000924473,4.6471e-05,0.011287978,0.021466089,0.013607207,0.999613241,-0.001562762,-0.00092375,4.7358e-05,1,0.0026829934303127796,9.277242720980815e-05,True,0.0
bracket_screw,asymmetric,fpfh_ransac,easy,4,0.0050726452340291,8.20790372665763e-05,True,0.0050726452340291,8.20790372665763e-05,True,0.0,itodd_bracket_screw.ply,0.094265,0.000943,6287,6287,0.011306146,0.021428481,0.013592561,0.999614042,-0.001555076,-0.000924517,4.691e-05,0.011287978,0.021466089,0.013607207,0.999613241,-0.001562762,-0.00092375,4.7358e-05,1,0.0050726471021039716,8.207878204832776e-05,True,0.0
bracket_screw,asymmetric,fgr,easy,4,0.0037606078552951,6.25507960625406e-05,True,0.0037606078552951,6.25507960625406e-05,True,0.0,itodd_bracket_screw.ply,0.094265,0.000943,6287,6287,0.011307465,0.021440257,0.013601745,0.99961365,-0.001556955,-0.000924581,4.6769e-05,0.011287978,0.021466089,0.013607207,0.999613241,-0.001562762,-0.00092375,4.7358e-05,1,0.0037606913963372244,6.254339965543741e-05,True,0.0
bracket_screw,asymmetric,icp_pt2pt,easy,5,0.5168163895530468,0.0094246867756464,True,0.5168163895530468,0.0094246867756464,True,0.0,itodd_bracket_screw.ply,0.094265,0.000943,6287,6287,-0.004490424,-0.003067594,0.007470203,0.99995731,-0.001125465,-0.000182501,-0.002228754,-0.004901582,0.001413857,0.007173109,0.99996126,-0.002013832,-0.000172758,-0.002228879,1,0.51681642895091,0.009424711552095245,True,0.0
bracket_screw,asymmetric,icp_pt2pl,easy,5,0.0117696470670651,0.0001187519911529,True,0.0117696470670651,0.0001187519911529,True,0.0,itodd_bracket_screw.ply,0.094265,0.000943,6287,6287,-0.004936745,0.001371361,0.007086468,0.999961764,-0.002002835,-0.000170779,-0.002228211,-0.004901582,0.001413857,0.007173109,0.99996126,-0.002013832,-0.000172758,-0.002228879,1,0.011769654127423954,0.00011874608485766791,True,0.0
bracket_screw,asymmetric,fpfh_ransac,easy,5,0.009458709053209,7.22547808677746e-05,True,0.009458709053209,7.22547808677746e-05,True,0.0,itodd_bracket_screw.ply,0.094265,0.000943,6287,6287,-0.004933092,0.001399559,0.00709817,0.99996166,-0.002007301,-0.000170973,-0.002228143,-0.004901582,0.001413857,0.007173109,0.99996126,-0.002013832,-0.000172758,-0.002228879,1,0.00945871706790004,7.224764769033711e-05,True,0.0
bracket_screw,asymmetric,fgr,easy,5,0.0070336614206263,5.873549725338474e-05,True,0.0070336614206263,5.873549725338474e-05,True,0.0,itodd_bracket_screw.ply,0.094265,0.000943,6287,6287,-0.004924572,0.001408945,0.00711641,0.999961559,-0.002008733,-0.000170977,-0.002227663,-0.004901582,0.001413857,0.007173109,0.99996126,-0.002013832,-0.000172758,-0.002228879,1,0.00703365727524817,5.873104508951185e-05,True,0.0
bracket_screw,asymmetric,icp_pt2pt,easy,6,1.4437711216323124,0.0213745157951855,False,1.4437711216323124,0.0213745157951855,False,0.0,itodd_bracket_screw.ply,0.094265,0.000943,6287,6287,0.029521287,-0.04914145,-0.015605471,0.99823348,-0.002231634,0.00084622,0.000340975,0.029560265,-0.03657436,-0.014894868,0.998782584,-0.004243702,0.00083258,0.000446419,1,1.4437710721277448,0.021374584552598126,False,0.0
bracket_screw,asymmetric,icp_pt2pl,easy,6,0.0123481977200852,8.794628682029695e-05,True,0.0123481977200852,8.794628682029695e-05,True,0.0,itodd_bracket_screw.ply,0.094265,0.000943,6287,6287,0.029584465,-0.036481399,-0.014846156,0.998785992,-0.004236152,0.000829758,0.000448359,0.029560265,-0.03657436,-0.014894868,0.998782584,-0.004243702,0.00083258,0.000446419,1,0.012348196716554058,8.794720008051721e-05,True,0.0
bracket_screw,asymmetric,fpfh_ransac,easy,6,179.99607197366936,0.0974240888158698,False,179.99607197366936,0.0974240888158698,False,0.0,itodd_bracket_screw.ply,0.094265,0.000943,6287,6287,0.015649022,0.727280928,0.685197787,0.036353154,0.004258767,0.003306893,-0.00198799,0.029560265,-0.03657436,-0.014894868,0.998782584,-0.004243702,0.00083258,0.000446419,1,179.99607194499865,0.09742440124375294,False,0.0
bracket_screw,asymmetric,fgr,easy,6,0.012407817669131,6.416004074905003e-05,True,0.012407817669131,6.416004074905003e-05,True,0.0,itodd_bracket_screw.ply,0.094265,0.000943,6287,6287,0.029589188,-0.036476006,-0.014860176,0.998785841,-0.004238823,0.000829688,0.00044852,0.029560265,-0.03657436,-0.014894868,0.998782584,-0.004243702,0.00083258,0.000446419,1,0.01240778012936123,6.4163235321595e-05,True,0.0
bracket_screw,asymmetric,icp_pt2pt,easy,7,1.1961132560069618,0.0110516406111919,False,1.1961132560069618,0.0110516406111919,False,0.0,itodd_bracket_screw.ply,0.094265,0.000943,6287,6287,-0.012697818,-0.046660597,-0.029492268,0.998394591,0.002174076,0.001094526,0.000293205,-0.012248627,-0.056958996,-0.031029147,0.99781904,0.003212958,0.001075062,0.000368463,1,1.1961132568772699,0.011051675276027826,False,0.0
bracket_screw,asymmetric,icp_pt2pl,easy,7,0.0168570847433052,7.734151242599873e-05,True,0.0168570847433052,7.734151242599873e-05,True,0.0,itodd_bracket_screw.ply,0.094265,0.000943,6287,6287,-0.012139108,-0.056892303,-0.031101183,0.99782194,0.003207934,0.001069857,0.000367554,-0.012248627,-0.056958996,-0.031029147,0.99781904,0.003212958,0.001075062,0.000368463,1,0.016857023210216048,7.734592673955773e-05,True,0.0
bracket_screw,asymmetric,fpfh_ransac,easy,7,0.0155393682918025,7.277865758529644e-05,True,0.0155393682918025,7.277865758529644e-05,True,0.0,itodd_bracket_screw.ply,0.094265,0.000943,6287,6287,-0.012156536,-0.056905716,-0.031113213,0.997820588,0.003208247,0.001070199,0.000367352,-0.012248627,-0.056958996,-0.031029147,0.99781904,0.003212958,0.001075062,0.000368463,1,0.015539308061089989,7.278671571398384e-05,True,0.0
bracket_screw,asymmetric,fgr,easy,7,0.0170188044548161,7.230657144116023e-05,True,0.0170188044548161,7.230657144116023e-05,True,0.0,itodd_bracket_screw.ply,0.094265,0.000943,6287,6287,-0.012144627,-0.056893131,-0.031112195,0.997821483,0.003208479,0.00107002,0.00036747,-0.012248627,-0.056958996,-0.031029147,0.99781904,0.003212958,0.001075062,0.000368463,1,0.017018731813580528,7.23156640281602e-05,True,0.0
bracket_screw,asymmetric,icp_pt2pt,easy,8,0.0201089259903726,6.48039185510906e-05,True,0.0201089259903726,6.48039185510906e-05,True,0.0,itodd_bracket_screw.ply,0.094265,0.000943,6287,6287,0.032399555,0.044983707,0.060926334,0.996601584,5.16e-06,-2.1225e-05,9.15e-07,0.032524011,0.045063225,0.061020157,0.996588197,-6.45e-07,-2.1382e-05,-9.81e-07,1,0.020108900616021934,6.480458602863264e-05,True,0.0
bracket_screw,asymmetric,icp_pt2pl,easy,8,0.0242643674327629,5.496191614627845e-05,True,0.0242643674327629,5.496191614627845e-05,True,0.0,itodd_bracket_screw.ply,0.094265,0.000943,6287,6287,0.03240794,0.044901282,0.060950141,0.996603572,-5.743e-06,-2.2302e-05,-9.32e-07,0.032524011,0.045063225,0.061020157,0.996588197,-6.45e-07,-2.1382e-05,-9.81e-07,1,0.024264378608067568,5.4957615241906076e-05,True,0.0
bracket_screw,asymmetric,fpfh_ransac,easy,8,0.0229299585060205,4.071565447982622e-05,True,0.0229299585060205,4.071565447982622e-05,True,0.0,itodd_bracket_screw.ply,0.094265,0.000943,6287,6287,0.032420537,0.044899188,0.060972841,0.996601869,-4.233e-06,-2.2743e-05,-9.47e-07,0.032524011,0.045063225,0.061020157,0.996588197,-6.45e-07,-2.1382e-05,-9.81e-07,1,0.02292997821543564,4.071082750632299e-05,True,0.0
bracket_screw,asymmetric,fgr,easy,8,0.0217659507812579,7.778606457010979e-05,True,0.0217659507812579,7.778606457010979e-05,True,0.0,itodd_bracket_screw.ply,0.094265,0.000943,6287,6287,0.032420123,0.044913083,0.060969488,0.996601461,-7.868e-06,-2.2562e-05,-5.32e-07,0.032524011,0.045063225,0.061020157,0.996588197,-6.45e-07,-2.1382e-05,-9.81e-07,1,0.021765947365335044,7.778615443619257e-05,True,0.0
bracket_screw,asymmetric,icp_pt2pt,easy,9,0.5122087337484623,0.0089477545601019,True,0.5122087337484623,0.0089477545601019,True,0.0,itodd_bracket_screw.ply,0.094265,0.000943,6287,6287,-0.056092145,-0.017865219,0.009772784,0.998217911,0.000642291,-0.001501136,0.002558461,-0.055687048,-0.02231614,0.009791649,0.998150823,0.001485349,-0.001512204,0.002582123,1,0.5122087755429157,0.008947781409881178,True,0.0
bracket_screw,asymmetric,icp_pt2pl,easy,9,0.0275183505495414,5.861804765373094e-05,True,0.0275183505495414,5.861804765373094e-05,True,0.0,itodd_bracket_screw.ply,0.094265,0.000943,6287,6287,-0.055749331,-0.022339389,0.01002232,0.998144537,0.001487845,-0.001508594,0.002578766,-0.055687048,-0.02231614,0.009791649,0.998150823,0.001485349,-0.001512204,0.002582123,1,0.027518277731595712,5.861706391993539e-05,True,0.0
bracket_screw,asymmetric,fpfh_ransac,easy,9,0.0269335873016088,6.337393438424709e-05,True,0.0269335873016088,6.337393438424709e-05,True,0.0,itodd_bracket_screw.ply,0.094265,0.000943,6287,6287,-0.055742338,-0.022349359,0.010017583,0.998144752,0.001488909,-0.00150882,0.002578723,-0.055687048,-0.02231614,0.009791649,0.998150823,0.001485349,-0.001512204,0.002582123,1,0.026933530358981782,6.337131504522825e-05,True,0.0
bracket_screw,asymmetric,fgr,easy,9,0.0276295042587784,6.021365668226352e-05,True,0.0276295042587784,6.021365668226352e-05,True,0.0,itodd_bracket_screw.ply,0.094265,0.000943,6287,6287,-0.055769651,-0.022364755,0.010012752,0.99814293,0.001486492,-0.001507911,0.00257859,-0.055687048,-0.02231614,0.009791649,0.998150823,0.001485349,-0.001512204,0.002582123,1,0.02762952209319763,6.021454722237867e-05,True,0.0
bracket_screw,asymmetric,icp_pt2pt,easy,10,0.0298209766721766,0.0001390779977988,True,0.0298209766721766,0.0001390779977988,True,0.0,itodd_bracket_screw.ply,0.094265,0.000943,6287,6287,0.001917023,0.00149636,-0.003200023,0.999991923,-0.000557547,-0.002517126,-0.000627103,0.001996425,0.001522033,-0.003446516,0.99999091,-0.000568733,-0.002523956,-0.000627427,1,0.029821031718920192,0.00013907939632267795,True,0.0
bracket_screw,asymmetric,icp_pt2pl,easy,10,0.0209618388912513,4.938426143029001e-05,True,0.0209618388912513,4.938426143029001e-05,True,0.0,itodd_bracket_screw.ply,0.094265,0.000943,6287,6287,0.001952167,0.001528962,-0.003269161,0.999991582,-0.000564263,-0.002524513,-0.000628604,0.001996425,0.001522033,-0.003446516,0.99999091,-0.000568733,-0.002523956,-0.000627427,1,0.02096180919413366,4.939055289060797e-05,True,0.0
bracket_screw,asymmetric,fpfh_ransac,easy,10,0.0154164874886838,2.990425387224376e-05,True,0.0154164874886838,2.990425387224376e-05,True,0.0,itodd_bracket_screw.ply,0.094265,0.000943,6287,6287,0.001956272,0.001529994,-0.003318361,0.99999141,-0.000566656,-0.002525666,-0.000628269,0.001996425,0.001522033,-0.003446516,0.99999091,-0.000568733,-0.002523956,-0.000627427,1,0.015416544936765308,2.9905491423577625e-05,True,0.0
bracket_screw,asymmetric,fgr,easy,10,0.0169714572165617,2.303572580506009e-05,True,0.0169714572165617,2.303572580506009e-05,True,0.0,itodd_bracket_screw.ply,0.094265,0.000943,6287,6287,0.001957681,0.001525874,-0.003303622,0.999991463,-0.000567312,-0.00252542,-0.000628172,0.001996425,0.001522033,-0.003446516,0.99999091,-0.000568733,-0.002523956,-0.000627427,1,0.016971490245322542,2.3041372041981436e-05,True,0.0
bracket_screw,asymmetric,icp_pt2pt,easy,11,0.0122942499344046,7.259914474620484e-05,True,0.0122942499344046,7.259914474620484e-05,True,0.0,itodd_bracket_screw.ply,0.094265,0.000943,6287,6287,0.025601542,-0.026590441,0.058826507,0.997585561,-0.001167063,0.001193903,-0.001931329,0.025644606,-0.026522034,0.058896968,0.997582118,-0.001173616,0.001192281,-0.0019302,1,0.012294255151947651,7.260925297445021e-05,True,0.0
bracket_screw,asymmetric,icp_pt2pl,easy,11,0.0134643447913142,5.610100706998375e-05,True,0.0134643447913142,5.610100706998375e-05,True,0.0,itodd_bracket_screw.ply,0.094265,0.000943,6287,6287,0.025615369,-0.026497583,0.058786107,0.997590058,-0.001168859,0.001191992,-0.001932493,0.025644606,-0.026522034,0.058896968,0.997582118,-0.001173616,0.001192281,-0.0019302,1,0.013464317289304846,5.6104670256490246e-05,True,0.0
bracket_screw,asymmetric,fpfh_ransac,easy,11,0.0133674084541405,5.163696786634461e-05,True,0.0133674084541405,5.163696786634461e-05,True,0.0,itodd_bracket_screw.ply,0.094265,0.000943,6287,6287,0.025612983,-0.026483534,0.058791797,0.997590157,-0.001169304,0.001191883,-0.001932424,0.025644606,-0.026522034,0.058896968,0.997582118,-0.001173616,0.001192281,-0.0019302,1,0.013367403219225997,5.164219334346904e-05,True,0.0
bracket_screw,asymmetric,fgr,easy,11,0.0140889349257134,4.4822311376489336e-05,True,0.0140889349257134,4.4822311376489336e-05,True,0.0,itodd_bracket_screw.ply,0.094265,0.000943,6287,6287,0.025613917,-0.026478151,0.058786617,0.997590582,-0.001170046,0.001192146,-0.001932457,0.025644606,-0.026522034,0.058896968,0.997582118,-0.001173616,0.001192281,-0.0019302,1,0.014088944704140172,4.482867404140906e-05,True,0.0
bracket_screw,asymmetric,icp_pt2pt,easy,12,0.2573753524727789,0.0215358009121479,False,0.2573753524727789,0.0215358009121479,False,0.0,itodd_bracket_screw.ply,0.094265,0.000943,6287,6287,0.014895113,-0.080261319,0.033768305,0.996090336,-0.002043256,-0.001160145,-0.001128843,0.014910704,-0.078775506,0.03209303,0.996264085,-0.004073218,-0.001144261,-0.001113932,1,0.2573753077442444,0.021535871267943114,False,0.0
bracket_screw,asymmetric,icp_pt2pl,easy,12,0.024384296986944,7.161759500094058e-05,True,0.024384296986944,7.161759500094058e-05,True,0.0,itodd_bracket_screw.ply,0.094265,0.000943,6287,6287,0.015025496,-0.078945941,0.032145657,0.996247173,-0.004068591,-0.001148829,-0.001115751,0.014910704,-0.078775506,0.03209303,0.996264085,-0.004073218,-0.001144261,-0.001113932,1,0.02438429465525899,7.162393751388062e-05,True,0.0
bracket_screw,asymmetric,fpfh_ransac,easy,12,0.0215897075452303,6.367465417388137e-05,True,0.0215897075452303,6.367465417388137e-05,True,0.0,itodd_bracket_screw.ply,0.094265,0.000943,6287,6287,0.015000321,-0.078925046,0.03216278,0.996248655,-0.004071002,-0.001149293,-0.00111634,0.014910704,-0.078775506,0.03209303,0.996264085,-0.004073218,-0.001144261,-0.001113932,1,0.021589659703258296,6.367699012756414e-05,True,0.0
bracket_screw,asymmetric,fgr,easy,12,0.0236207311533938,6.694837347403547e-05,True,0.0236207311533938,6.694837347403547e-05,True,0.0,itodd_bracket_screw.ply,0.094265,0.000943,6287,6287,0.015009541,-0.078950417,0.032136014,0.99624737,-0.004068616,-0.001147942,-0.001116189,0.014910704,-0.078775506,0.03209303,0.996264085,-0.004073218,-0.001144261,-0.001113932,1,0.023620771703048354,6.694408794886895e-05,True,0.0
bracket_screw,asymmetric,icp_pt2pt,easy,13,0.928678574585586,0.0032128829786469,True,0.928678574585586,0.0032128829786469,True,0.0,itodd_bracket_screw.ply,0.094265,0.000943,6287,6287,0.01704597,0.044678295,0.048160697,0.997694258,-0.001395577,0.003205867,0.000963836,0.017289356,0.05206252,0.051449358,0.997167757,-0.00169735,0.003193975,0.000986582,1,0.9286786526915084,0.003212884763380424,True,0.0
bracket_screw,asymmetric,icp_pt2pl,easy,13,0.0188945749071863,4.342550321220555e-05,True,0.0188945749071863,4.342550321220555e-05,True,0.0,itodd_bracket_screw.ply,0.094265,0.000943,6287,6287,0.017202732,0.052020673,0.051583231,0.997164523,-0.001701411,0.003194392,0.000986883,0.017289356,0.05206252,0.051449358,0.997167757,-0.00169735,0.003193975,0.000986582,1,0.018894521128304986,4.342476115235403e-05,True,0.0
bracket_screw,asymmetric,fpfh_ransac,easy,13,0.0192066625167212,6.66178168285594e-05,True,0.0192066625167212,6.66178168285594e-05,True,0.0,itodd_bracket_screw.ply,0.094265,0.000943,6287,6287,0.017210181,0.052071938,0.051596634,0.997161025,-0.001703581,0.003194165,0.000987346,0.017289356,0.05206252,0.051449358,0.997167757,-0.00169735,0.003193975,0.000986582,1,0.019206625323817228,6.662640380486916e-05,True,0.0
bracket_screw,asymmetric,fgr,easy,13,0.0177764232716808,0.0001079322678741,True,0.0177764232716808,0.0001079322678741,True,0.0,itodd_bracket_screw.ply,0.094265,0.000943,6287,6287,0.017212381,0.052090131,0.051580999,0.997160846,-0.001707457,0.003194435,0.000987659,0.017289356,0.05206252,0.051449358,0.997167757,-0.00169735,0.003193975,0.000986582,1,0.0177763359299518,0.00010793639441049144,True,0.0
bracket_screw,asymmetric,icp_pt2pt,easy,14,0.4352565191205741,0.0090408709763342,True,0.4352565191205741,0.0090408709763342,True,0.0,itodd_bracket_screw.ply,0.094265,0.000943,6287,6287,0.044249052,0.028911281,-0.01543061,0.998482877,-0.000548327,-0.002079356,-0.000694566,0.044999564,0.032627265,-0.015611499,0.998332,-0.001399617,-0.002103622,-0.000662464,1,0.43525650514998965,0.0090409017193025,True,0.0
bracket_screw,asymmetric,icp_pt2pl,easy,14,0.0149530058198186,3.772856507995154e-05,True,0.0149530058198186,3.772856507995154e-05,True,0.0,itodd_bracket_screw.ply,0.094265,0.000943,6287,6287,0.045035729,0.032623783,-0.015486171,0.998332435,-0.001398546,-0.00210584,-0.000665029,0.044999564,0.032627265,-0.015611499,0.998332,-0.001399617,-0.002103622,-0.000662464,1,0.014952915538210513,3.7724414746367966e-05,True,0.0
bracket_screw,asymmetric,fpfh_ransac,easy,14,0.0138045073661383,3.777627206958242e-05,True,0.0138045073661383,3.777627206958242e-05,True,0.0,itodd_bracket_screw.ply,0.094265,0.000943,6287,6287,0.045032422,0.032620547,-0.015495796,0.99833254,-0.001399152,-0.002105814,-0.000665231,0.044999564,0.032627265,-0.015611499,0.998332,-0.001399617,-0.002103622,-0.000662464,1,0.01380448091144546,3.777150138905467e-05,True,0.0
bracket_screw,asymmetric,fgr,easy,14,0.0137307810878728,3.7516286016018925e-05,True,0.0137307810878728,3.7516286016018925e-05,True,0.0,itodd_bracket_screw.ply,0.094265,0.000943,6287,6287,0.045033678,0.032619188,-0.01549692,0.998332511,-0.001399229,-0.002105844,-0.000665188,0.044999564,0.032627265,-0.015611499,0.998332,-0.001399617,-0.002103622,-0.000662464,1,0.013730732990737614,3.7518333011464774e-05,True,0.0
bracket_screw,asymmetric,icp_pt2pt,easy,15,0.0099576890196078,8.227576135758427e-05,True,0.0099576890196078,8.227576135758427e-05,True,0.0,itodd_bracket_screw.ply,0.094265,0.000943,6287,6287,-0.008493565,0.009255467,-0.00365485,0.999914415,-0.000599593,0.000659629,0.00087948,-0.00853512,0.00924309,-0.003730155,0.999913898,-0.000604223,0.000655581,0.000874754,1,0.009957682431365175,8.228055899103103e-05,True,0.0
bracket_screw,asymmetric,icp_pt2pl,easy,15,0.0089757655158854,6.294423122986587e-05,True,0.0089757655158854,6.294423122986587e-05,True,0.0,itodd_bracket_screw.ply,0.094265,0.000943,6287,6287,-0.008517005,0.009167021,-0.003725701,0.999914769,-0.000598649,0.000657576,0.000875149,-0.00853512,0.00924309,-0.003730155,0.999913898,-0.000604223,0.000655581,0.000874754,1,0.008975703714224712,6.29440882082995e-05,True,0.0
bracket_screw,asymmetric,fpfh_ransac,easy,15,0.0089718652488756,2.6967944209641596e-05,True,0.0089718652488756,2.6967944209641596e-05,True,0.0,itodd_bracket_screw.ply,0.094265,0.000943,6287,6287,-0.008500353,0.009176491,-0.003752182,0.999914725,-0.00060238,0.000657055,0.0008757,-0.00853512,0.00924309,-0.003730155,0.999913898,-0.000604223,0.000655581,0.000874754,1,0.008971899778419746,2.6971698595546205e-05,True,0.0
bracket_screw,asymmetric,fgr,easy,15,0.0079958016613799,2.320940962926596e-05,True,0.0079958016613799,2.320940962926596e-05,True,0.0,itodd_bracket_screw.ply,0.094265,0.000943,6287,6287,-0.00849199,0.009189537,-0.003718331,0.999914803,-0.000603417,0.000657231,0.000875944,-0.00853512,0.00924309,-0.003730155,0.999913898,-0.000604223,0.000655581,0.000874754,1,0.007995787257451403,2.3213322332024288e-05,True,0.0
bracket_screw,asymmetric,icp_pt2pt,easy,16,0.0274714786087441,9.92674486114414e-05,True,0.0274714786087441,9.92674486114414e-05,True,0.0,itodd_bracket_screw.ply,0.094265,0.000943,6287,6287,-0.019647941,0.037704006,0.006205042,0.999076505,-0.000691429,0.000297374,0.000564537,-0.019578485,0.037685034,0.006433708,0.999077138,-0.000700767,0.000297815,0.000564957,1,0.027471545952069416,9.927160265371338e-05,True,0.0
bracket_screw,asymmetric,icp_pt2pl,easy,16,0.0115724917177535,7.607413851911236e-05,True,0.0115724917177535,7.607413851911236e-05,True,0.0,itodd_bracket_screw.ply,0.094265,0.000943,6287,6287,-0.019607848,0.037588467,0.006432262,0.99908021,-0.000694245,0.000295223,0.000563482,-0.019578485,0.037685034,0.006433708,0.999077138,-0.000700767,0.000297815,0.000564957,1,0.011572555713501867,7.607819665357187e-05,True,0.0
bracket_screw,asymmetric,fpfh_ransac,easy,16,0.0112546544584076,6.053857821246057e-05,True,0.0112546544584076,6.053857821246057e-05,True,0.0,itodd_bracket_screw.ply,0.094265,0.000943,6287,6287,-0.019617851,0.037595196,0.006429378,0.999079779,-0.000695567,0.00029607,0.000563382,-0.019578485,0.037685034,0.006433708,0.999077138,-0.000700767,0.000297815,0.000564957,1,0.011254659898828654,6.0538186035041696e-05,True,0.0
bracket_screw,asymmetric,fgr,easy,16,0.0106276371198728,6.706781517377702e-05,True,0.0106276371198728,6.706781517377702e-05,True,0.0,itodd_bracket_screw.ply,0.094265,0.000943,6287,6287,-0.019607969,0.037597679,0.006424036,0.999079914,-0.000694992,0.000295714,0.000563474,-0.019578485,0.037685034,0.006433708,0.999077138,-0.000700767,0.000297815,0.000564957,1,0.01062768348532765,6.70632549241906e-05,True,0.0
bracket_screw,asymmetric,icp_pt2pt,easy,17,0.3742998175773324,0.0089442820952678,True,0.3742998175773324,0.0089442820952678,True,0.0,itodd_bracket_screw.ply,0.094265,0.000943,6287,6287,-0.071044322,0.029425049,0.009555986,0.996993257,0.001123999,-0.002694197,0.002244714,-0.070967248,0.026162691,0.009661898,0.997088668,0.001966839,-0.002700684,0.00226608,1,0.37429978541889314,0.008944313649377884,True,0.0
bracket_screw,asymmetric,icp_pt2pl,easy,17,0.0184189195893116,3.676311863201402e-05,True,0.0184189195893116,3.676311863201402e-05,True,0.0,itodd_bracket_screw.ply,0.094265,0.000943,6287,6287,-0.070908528,0.026055231,0.009765842,0.997094646,0.001967989,-0.002703685,0.002267376,-0.070967248,0.026162691,0.009661898,0.997088668,0.001966839,-0.002700684,0.00226608,1,0.0184188889582064,3.676097178292958e-05,True,0.0
bracket_screw,asymmetric,fpfh_ransac,easy,17,0.0189778571879703,3.57232299079932e-05,True,0.0189778571879703,3.57232299079932e-05,True,0.0,itodd_bracket_screw.ply,0.094265,0.000943,6287,6287,-0.070908866,0.026055738,0.009773907,0.99709453,0.00196815,-0.002703565,0.002267229,-0.070967248,0.026162691,0.009661898,0.997088668,0.001966839,-0.002700684,0.00226608,1,0.0189778917180532,3.572222447980343e-05,True,0.0
bracket_screw,asymmetric,fgr,easy,17,0.019105004819012,3.007015504668192e-05,True,0.019105004819012,3.007015504668192e-05,True,0.0,itodd_bracket_screw.ply,0.094265,0.000943,6287,6287,-0.070911054,0.026062065,0.009782244,0.997094127,0.001967112,-0.002703236,0.002267283,-0.070967248,0.026162691,0.009661898,0.997088668,0.001966839,-0.002700684,0.00226608,1,0.019104965711277705,3.0069581802145502e-05,True,0.0
bracket_screw,asymmetric,icp_pt2pt,easy,18,0.0254121569706946,8.367779652485029e-05,True,0.0254121569706946,8.367779652485029e-05,True,0.0,itodd_bracket_screw.ply,0.094265,0.000943,6287,6287,-0.008267739,0.042386745,-0.011629701,0.998999379,0.000215169,4.4984e-05,4.653e-06,-0.00821786,0.042602426,-0.011619811,0.998990731,0.000207483,4.6501e-05,5.572e-06,1,0.025412162764918842,8.367892418214609e-05,True,0.0
bracket_screw,asymmetric,icp_pt2pl,easy,18,0.0087913640819851,6.021052205908345e-05,True,0.0087913640819851,6.021052205908345e-05,True,0.0,itodd_bracket_screw.ply,0.094265,0.000943,6287,6287,-0.008239772,0.042651779,-0.011674231,0.99898781,0.000212292,4.3784e-05,4.264e-06,-0.00821786,0.042602426,-0.011619811,0.998990731,0.000207483,4.6501e-05,5.572e-06,1,0.008791437792452702,6.021552560963793e-05,True,0.0
bracket_screw,asymmetric,fpfh_ransac,easy,18,0.008811085918814,6.616561084710832e-05,True,0.008811085918814,6.616561084710832e-05,True,0.0,itodd_bracket_screw.ply,0.094265,0.000943,6287,6287,-0.008248384,0.042653111,-0.011668828,0.998987745,0.000213059,4.4116e-05,4.115e-06,-0.00821786,0.042602426,-0.011619811,0.998990731,0.000207483,4.6501e-05,5.572e-06,1,0.008811089641603516,6.616681613902504e-05,True,0.0
bracket_screw,asymmetric,fgr,easy,18,0.0088457560569494,6.510372607792046e-05,True,0.0088457560569494,6.510372607792046e-05,True,0.0,itodd_bracket_screw.ply,0.094265,0.000943,6287,6287,-0.00825255,0.042650415,-0.011669249,0.998987821,0.00021299,4.4246e-05,4.067e-06,-0.00821786,0.042602426,-0.011619811,0.998990731,0.000207483,4.6501e-05,5.572e-06,1,0.008845788524233341,6.511608123398755e-05,True,0.0
bracket_screw,asymmetric,icp_pt2pt,easy,19,0.6239157377996618,0.009703341901098,True,0.6239157377996618,0.009703341901098,True,0.0,itodd_bracket_screw.ply,0.094265,0.000943,6287,6287,-0.00941958,-0.062128046,0.043180184,0.997089188,-0.002279028,-0.000910457,-0.001551754,-0.009174083,-0.056712475,0.04280656,0.997430263,-0.003192512,-0.000893837,-0.001507886,1,0.6239158220332492,0.009703365303822731,True,0.0
bracket_screw,asymmetric,icp_pt2pl,easy,19,0.0086637518724777,5.5712911138889656e-05,True,0.0086637518724777,5.5712911138889656e-05,True,0.0,itodd_bracket_screw.ply,0.094265,0.000943,6287,6287,-0.009128524,-0.056771592,0.042794735,0.997427825,-0.003187418,-0.000894994,-0.001508425,-0.009174083,-0.056712475,0.04280656,0.997430263,-0.003192512,-0.000893837,-0.001507886,1,0.008663771055359646,5.570971786204506e-05,True,0.0
bracket_screw,asymmetric,fpfh_ransac,easy,19,0.0093961520260633,5.231102018098931e-05,True,0.0093961520260633,5.231102018098931e-05,True,0.0,itodd_bracket_screw.ply,0.094265,0.000943,6287,6287,-0.009135899,-0.056783846,0.04279384,0.997427099,-0.003187735,-0.000894903,-0.001508481,-0.009174083,-0.056712475,0.04280656,0.997430263,-0.003192512,-0.000893837,-0.001507886,1,0.00939626102173772,5.230497394846671e-05,True,0.0
bracket_screw,asymmetric,fgr,easy,19,0.008928898442479,2.7726679650626453e-05,True,0.008928898442479,2.7726679650626453e-05,True,0.0,itodd_bracket_screw.ply,0.094265,0.000943,6287,6287,-0.009164417,-0.056786846,0.042785669,0.997427017,-0.003190186,-0.00089434,-0.001508966,-0.009174083,-0.056712475,0.04280656,0.997430263,-0.003192512,-0.000893837,-0.001507886,1,0.008928916320987685,2.7723615368162004e-05,True,0.0
bracket_screw,asymmetric,icp_pt2pt,medium,0,19.25060336489123,0.1665756309165007,False,19.25060336489123,0.1665756309165007,False,0.0,itodd_bracket_screw.ply,0.094265,0.000943,6287,5344,0.148586597,-0.065277859,0.015469537,0.986621264,0.00323305,0.003818272,0.000536141,0.192990116,-0.214190332,-0.040322872,0.956687714,0.017685105,0.007931328,0.005094996,1,19.25060333744231,0.166576160983632,False,0.0
bracket_screw,asymmetric,icp_pt2pl,medium,0,0.0289866435296415,0.0002214297873017,True,0.0289866435296415,0.0002214297873017,True,0.0,itodd_bracket_screw.ply,0.094265,0.000943,6287,5344,0.192955933,-0.214323705,-0.040111137,0.95667364,0.017670466,0.007931138,0.005109874,0.192990116,-0.214190332,-0.040322872,0.956687714,0.017685105,0.007931328,0.005094996,1,0.028986596303385136,0.00022143128207005177,True,0.0
bracket_screw,asymmetric,fpfh_ransac,medium,0,0.0285924573065459,0.0002178931083895,True,0.0285924573065459,0.0002178931083895,True,0.0,itodd_bracket_screw.ply,0.094265,0.000943,6287,5344,0.19296129,-0.214310709,-0.040106559,0.956675663,0.017670571,0.007931195,0.005109508,0.192990116,-0.214190332,-0.040322872,0.956687714,0.017685105,0.007931328,0.005094996,1,0.028592396911746133,0.00021788638498630117,True,0.0
bracket_screw,asymmetric,fgr,medium,0,0.0256161803616873,0.0001648918260141,True,0.0256161803616873,0.0001648918260141,True,0.0,itodd_bracket_screw.ply,0.094265,0.000943,6287,5344,0.192913808,-0.214298954,-0.040143016,0.956686343,0.017676797,0.007931802,0.005108124,0.192990116,-0.214190332,-0.040322872,0.956687714,0.017685105,0.007931328,0.005094996,1,0.025616201732000625,0.00016488863939689868,True,0.0
bracket_screw,asymmetric,icp_pt2pt,medium,1,23.75908703667392,0.162268311347469,False,23.75908703667392,0.162268311347469,False,0.0,itodd_bracket_screw.ply,0.094265,0.000943,6287,5344,-0.075122683,-0.095066487,0.080543649,0.98935922,0.002657254,-0.002940828,-0.00043317,-0.098393125,-0.296015037,0.067132221,0.947727364,0.008428475,-0.002820495,-0.014598424,1,23.759087004414848,0.16226882247115557,False,0.0
bracket_screw,asymmetric,icp_pt2pl,medium,1,1.182772990021906,0.0605332656195191,False,1.182772990021906,0.0605332656195191,False,0.0,itodd_bracket_screw.ply,0.094265,0.000943,6287,5344,-0.096951545,-0.286289694,0.067698587,0.950818337,0.007618907,-0.002819319,-0.008949959,-0.098393125,-0.296015037,0.067132221,0.947727364,0.008428475,-0.002820495,-0.014598424,1,1.1827729714912585,0.060533453486686525,False,0.0
bracket_screw,asymmetric,fpfh_ransac,medium,1,0.0399569413002598,5.880217134036232e-05,True,0.0399569413002598,5.880217134036232e-05,True,0.0,itodd_bracket_screw.ply,0.094265,0.000943,6287,5344,-0.098241285,-0.296065595,0.066823193,0.947749162,0.008431864,-0.002822937,-0.014602068,-0.098393125,-0.296015037,0.067132221,0.947727364,0.008428475,-0.002820495,-0.014598424,1,0.03995697008750676,5.880477377048401e-05,True,0.0
bracket_screw,asymmetric,fgr,medium,1,0.0365510356226261,0.0001554785367196,True,0.0365510356226261,0.0001554785367196,True,0.0,itodd_bracket_screw.ply,0.094265,0.000943,6287,5344,-0.098196381,-0.295923732,0.066907509,0.947792172,0.00841481,-0.002822252,-0.014603421,-0.098393125,-0.296015037,0.067132221,0.947727364,0.008428475,-0.002820495,-0.014598424,1,0.036551000902218876,0.0001554733055442337,True,0.0
bracket_screw,asymmetric,icp_pt2pt,medium,2,52.96264323489205,0.220456764712639,False,52.96264323489205,0.220456764712639,False,0.0,itodd_bracket_screw.ply,0.094265,0.000943,6287,5344,0.102257788,-0.035234226,0.028184546,0.993734132,6.7131e-05,0.00092637,-0.000823289,-0.321380948,0.063601113,-0.104510314,0.939013727,0.000101353,-0.006346906,0.018643755,1,52.962643217887155,0.2204574593025945,False,0.0
bracket_screw,asymmetric,icp_pt2pl,medium,2,88.4040799560593,0.1637446988053136,False,88.4040799560593,0.1637446988053136,False,0.0,itodd_bracket_screw.ply,0.094265,0.000943,6287,5344,0.40413442,-0.046501811,0.059744297,0.911561063,-0.000751999,-0.000314777,0.004461438,-0.321380948,0.063601113,-0.104510314,0.939013727,0.000101353,-0.006346906,0.018643755,1,88.40407987271855,0.16374521991394267,False,0.0
bracket_screw,asymmetric,fpfh_ransac,medium,2,0.0843754165040099,0.000248798022599,True,0.0843754165040099,0.000248798022599,True,0.0,itodd_bracket_screw.ply,0.094265,0.000943,6287,5344,-0.32165574,0.063427275,-0.103849748,0.939004683,0.000124173,-0.006345948,0.018638425,-0.321380948,0.063601113,-0.104510314,0.939013727,0.000101353,-0.006346906,0.018643755,1,0.0843754661357639,0.00024880670862659953,True,0.0
bracket_screw,asymmetric,fgr,medium,2,0.0786716908910783,0.0001982123477744,True,0.0786716908910783,0.0001982123477744,True,0.0,itodd_bracket_screw.ply,0.094265,0.000943,6287,5344,-0.321651963,0.06347929,-0.10389161,0.938997832,0.000119011,-0.006345515,0.018637806,-0.321380948,0.063601113,-0.104510314,0.939013727,0.000101353,-0.006346906,0.018643755,1,0.07867169817373218,0.0001982181368826104,True,0.0
bracket_screw,asymmetric,icp_pt2pt,medium,3,10.004210251489022,0.0206683065619109,False,10.004210251489022,0.0206683065619109,False,0.0,itodd_bracket_screw.ply,0.094265,0.000943,6287,5344,0.134631293,-0.037692289,-0.140518775,0.980157222,-0.000938814,0.000991362,-0.001066944,0.141497103,-0.063766119,-0.221666781,0.962692209,0.000989925,0.000729601,-0.000981285,1,10.004210195058484,0.020668376360681893,False,0.0
bracket_screw,asymmetric,icp_pt2pl,medium,3,0.0594788892230947,0.0002070380814792,True,0.0594788892230947,0.0002070380814792,True,0.0,itodd_bracket_screw.ply,0.094265,0.000943,6287,5344,0.141469542,-0.064283593,-0.221660526,0.962663285,0.001008983,0.000728067,-0.0009852,0.141497103,-0.063766119,-0.221666781,0.962692209,0.000989925,0.000729601,-0.000981285,1,0.059478944702655065,0.0002070370294931896,True,0.0
bracket_screw,asymmetric,fpfh_ransac,medium,3,174.34910528638218,0.0353133073635849,False,174.34910528638218,0.0353133073635849,False,0.0,itodd_bracket_screw.ply,0.094265,0.000943,6287,5344,-0.149218925,0.766557162,0.570094327,0.255178932,-0.000611959,0.001916147,-0.003647202,0.141497103,-0.063766119,-0.221666781,0.962692209,0.000989925,0.000729601,-0.000981285,1,174.34910531510027,0.035313416343441345,False,0.0
bracket_screw,asymmetric,fgr,medium,3,56.78722548733806,0.113409030736606,False,56.78722548733806,0.113409030736606,False,0.0,itodd_bracket_screw.ply,0.094265,0.000943,6287,5344,0.149318331,0.010492086,0.263028445,0.953105445,-0.008658146,-0.003874787,-0.001024897,0.141497103,-0.063766119,-0.221666781,0.962692209,0.000989925,0.000729601,-0.000981285,1,56.78722543459967,0.11340939086477916,False,0.0
bracket_screw,asymmetric,icp_pt2pt,medium,4,4.3533038124192736,0.0873539288528627,False,4.3533038124192736,0.0873539288528627,False,0.0,itodd_bracket_screw.ply,0.094265,0.000943,6287,5344,-0.002143594,-0.011327848,-0.003455279,0.99992757,0.002339528,-0.001093091,-0.002520828,0.003117021,-0.011897435,0.034157274,0.999340791,0.009503114,-0.00515363,-0.002487297,1,4.353303793678797,0.08735420208623702,False,0.0
bracket_screw,asymmetric,icp_pt2pl,medium,4,0.0923382498526477,0.0001848150066754,True,0.0923382498526477,0.0001848150066754,True,0.0,itodd_bracket_screw.ply,0.094265,0.000943,6287,5344,0.003015429,-0.012485262,0.034698391,0.999315289,0.009503098,-0.005139427,-0.002477208,0.003117021,-0.011897435,0.034157274,0.999340791,0.009503114,-0.00515363,-0.002487297,1,0.09233829570961277,0.00018481552614329127,True,0.0
bracket_screw,asymmetric,fpfh_ransac,medium,4,0.0907841078370194,0.0001828649584204,True,0.0907841078370194,0.0001828649584204,True,0.0,itodd_bracket_screw.ply,0.094265,0.000943,6287,5344,0.003015863,-0.012477309,0.034686928,0.999315785,0.00950202,-0.005139676,-0.002477236,0.003117021,-0.011897435,0.034157274,0.999340791,0.009503114,-0.00515363,-0.002487297,1,0.09078410868009237,0.00018286314917318144,True,0.0
bracket_screw,asymmetric,fgr,medium,4,0.0942325387810659,0.0001914356690095,True,0.0942325387810659,0.0001914356690095,True,0.0,itodd_bracket_screw.ply,0.094265,0.000943,6287,5344,0.003003655,-0.012485264,0.034720435,0.999314559,0.009505192,-0.005138775,-0.002477265,0.003117021,-0.011897435,0.034157274,0.999340791,0.009503114,-0.00515363,-0.002487297,1,0.09423253810034755,0.00019143080315252122,True,0.0
bracket_screw,asymmetric,icp_pt2pt,medium,5,14.429919353791307,0.2564098852587559,False,14.429919353791307,0.2564098852587559,False,0.0,itodd_bracket_screw.ply,0.094265,0.000943,6287,5344,-0.164145388,0.019082692,0.005515563,0.986236139,-0.000755979,-0.003039795,-0.002069473,-0.04066501,0.019318414,0.026368563,0.998638,-0.003854018,0.019995805,-0.00870114,1,14.429919423340177,0.2564107019348172,False,0.0
bracket_screw,asymmetric,icp_pt2pl,medium,5,109.39098395797107,0.3239480094452826,False,109.39098395797107,0.3239480094452826,False,0.0,itodd_bracket_screw.ply,0.094265,0.000943,6287,5344,-0.306149533,-0.338901322,0.695720144,0.554429291,0.002320171,-0.009560805,-0.004140658,-0.04066501,0.019318414,0.026368563,0.998638,-0.003854018,0.019995805,-0.00870114,1,109.39098392054758,0.3239490392729852,False,0.0
bracket_screw,asymmetric,fpfh_ransac,medium,5,0.0268671925177433,5.894243591320743e-05,True,0.0268671925177433,5.894243591320743e-05,True,0.0,itodd_bracket_screw.ply,0.094265,0.000943,6287,5344,-0.040575938,0.019192286,0.026544993,0.998639381,-0.003855652,0.019999662,-0.00869749,-0.04066501,0.019318414,0.026368563,0.998638,-0.003854018,0.019995805,-0.00870114,1,0.026867150085078197,5.8940001184169714e-05,True,0.0
bracket_screw,asymmetric,fgr,medium,5,0.02643567129827,0.0001180282344601,True,0.02643567129827,0.0001180282344601,True,0.0,itodd_bracket_screw.ply,0.094265,0.000943,6287,5344,-0.040554229,0.01923445,0.026552672,0.998639247,-0.003862355,0.019999744,-0.008694914,-0.04066501,0.019318414,0.026368563,0.998638,-0.003854018,0.019995805,-0.00870114,1,0.026435669671421254,0.00011802728754311898,True,0.0
bracket_screw,asymmetric,icp_pt2pt,medium,6,23.64507756796595,0.1878058804898053,False,23.64507756796595,0.1878058804898053,False,0.0,itodd_bracket_screw.ply,0.094265,0.000943,6287,5344,0.05918915,-0.009230001,0.022946589,0.997940332,0.003015251,-0.001551279,9.8848e-05,0.151004717,-0.143443218,-0.100961544,0.972845509,0.002286903,-0.009092733,0.016099243,1,23.6450775434493,0.1878064773518675,False,0.0
bracket_screw,asymmetric,icp_pt2pl,medium,6,25.31164485375559,0.1475981310241891,False,25.31164485375559,0.1475981310241891,False,0.0,itodd_bracket_screw.ply,0.094265,0.000943,6287,5344,0.096528037,0.063034635,-0.049760995,0.992085085,0.012905782,-0.004578918,0.008324471,0.151004717,-0.143443218,-0.100961544,0.972845509,0.002286903,-0.009092733,0.016099243,1,25.31164488281239,0.1475985989470242,False,0.0
bracket_screw,asymmetric,fpfh_ransac,medium,6,0.0341494461569081,0.0001284549192496,True,0.0341494461569081,0.0001284549192496,True,0.0,itodd_bracket_screw.ply,0.094265,0.000943,6287,5344,0.151077185,-0.14368062,-0.101114304,0.972783358,0.002274893,-0.009092233,0.016100698,0.151004717,-0.143443218,-0.100961544,0.972845509,0.002286903,-0.009092733,0.016099243,1,0.03414937772387266,0.00012844791726718757,True,0.0
bracket_screw,asymmetric,fgr,medium,6,0.033425475796022,0.0001979788692023,True,0.033425475796022,0.0001979788692023,True,0.0,itodd_bracket_screw.ply,0.094265,0.000943,6287,5344,0.151091869,-0.14364231,-0.101145934,0.972783447,0.002268274,-0.009093792,0.016099548,0.151004717,-0.143443218,-0.100961544,0.972845509,0.002286903,-0.009092733,0.016099243,1,0.03342548761574041,0.00019796922206072578,True,0.0
bracket_screw,asymmetric,icp_pt2pt,medium,7,46.54325897329779,0.2344722160922185,False,46.54325897329779,0.2344722160922185,False,0.0,itodd_bracket_screw.ply,0.094265,0.000943,6287,5344,0.30018345,-0.165079232,-0.049789223,0.938168309,0.005552105,0.004751127,0.006221332,-0.016062886,0.069504032,0.014810492,0.99734238,-0.004790174,-0.007239508,-0.009198998,1,46.54325895596053,0.2344729593306597,False,0.0
bracket_screw,asymmetric,icp_pt2pl,medium,7,0.261162175752236,0.0039027951275283,True,0.261162175752236,0.0039027951275283,True,0.0,itodd_bracket_screw.ply,0.094265,0.000943,6287,5344,-0.01642534,0.067289996,0.014439118,0.997493748,-0.004422888,-0.00723446,-0.009219599,-0.016062886,0.069504032,0.014810492,0.99734238,-0.004790174,-0.007239508,-0.009198998,1,0.26116221989640404,0.003902805211536252,True,0.0
bracket_screw,asymmetric,fpfh_ransac,medium,7,0.047483557922306,8.076763660242784e-05,True,0.047483557922306,8.076763660242784e-05,True,0.0,itodd_bracket_screw.ply,0.094265,0.000943,6287,5344,-0.016173232,0.069509524,0.015209781,0.997334204,-0.004793163,-0.007239133,-0.00920599,-0.016062886,0.069504032,0.014810492,0.99734238,-0.004790174,-0.007239508,-0.009198998,1,0.04748364439552843,8.076519462388168e-05,True,0.0
bracket_screw,asymmetric,fgr,medium,7,0.0494537325670394,8.340114292020456e-05,True,0.0494537325670394,8.340114292020456e-05,True,0.0,itodd_bracket_screw.ply,0.094265,0.000943,6287,5344,-0.016182648,0.069435453,0.015219383,0.997339065,-0.004791152,-0.007239313,-0.009206796,-0.016062886,0.069504032,0.014810492,0.99734238,-0.004790174,-0.007239508,-0.009198998,1,0.049453773661100035,8.33979559310288e-05,True,0.0
bracket_screw,asymmetric,icp_pt2pt,medium,8,2.2458420552425684,0.1936168847631402,False,2.2458420552425684,0.1936168847631402,False,0.0,itodd_bracket_screw.ply,0.094265,0.000943,6287,5344,-0.00958631,-0.044257234,0.020472429,0.998764376,-0.001658473,0.002695942,0.006081459,-0.017407945,-0.04597843,0.03834562,0.998054388,-0.006057145,0.020402823,0.005601919,1,2.2458420280731284,0.19361749974491196,False,0.0
bracket_screw,asymmetric,icp_pt2pl,medium,8,0.939006340570091,0.0628540780855434,False,0.939006340570091,0.0628540780855434,False,0.0,itodd_bracket_screw.ply,0.094265,0.000943,6287,5344,-0.010507388,-0.046017878,0.033933878,0.998308791,-0.005939147,0.014490337,0.005967595,-0.017407945,-0.04597843,0.03834562,0.998054388,-0.006057145,0.020402823,0.005601919,1,0.9390063846009651,0.06285427777866852,False,0.0
bracket_screw,asymmetric,fpfh_ransac,medium,8,0.0304865298269729,0.0001335692061047,True,0.0304865298269729,0.0001335692061047,True,0.0,itodd_bracket_screw.ply,0.094265,0.000943,6287,5344,-0.017334597,-0.045978216,0.038601211,0.998045822,-0.006062913,0.020393512,0.005595708,-0.017407945,-0.04597843,0.03834562,0.998054388,-0.006057145,0.020402823,0.005601919,1,0.03048654763983333,0.00013357353360842866,True,0.0
bracket_screw,asymmetric,fgr,medium,8,0.0299905723889473,0.0001640375947392,True,0.0299905723889473,0.0001640375947392,True,0.0,itodd_bracket_screw.ply,0.094265,0.000943,6287,5344,-0.017367764,-0.045888465,0.03858804,0.998049885,-0.006067711,0.020394511,0.005594278,-0.017407945,-0.04597843,0.03834562,0.998054388,-0.006057145,0.020402823,0.005601919,1,0.029990593996339764,0.00016404105663890808,True,0.0
bracket_screw,asymmetric,icp_pt2pt,medium,9,31.398342597592283,0.0065450909433468,False,31.398342597592283,0.0065450909433468,False,0.0,itodd_bracket_screw.ply,0.094265,0.000943,6287,5344,-0.012841039,0.094749088,0.024479631,0.995117313,-0.000326406,0.000570083,0.000583815,-0.051257575,0.191340408,0.271394552,0.941863316,0.000221839,0.000397497,0.000359541,1,31.398342612856702,0.006545105167399748,False,0.0
bracket_screw,asymmetric,icp_pt2pl,medium,9,0.0382854745668237,0.0001058735682319,True,0.0382854745668237,0.0001058735682319,True,0.0,itodd_bracket_screw.ply,0.094265,0.000943,6287,5344,-0.051363425,0.191143939,0.271640458,0.941826553,0.000213246,0.000402564,0.000359843,-0.051257575,0.191340408,0.271394552,0.941863316,0.000221839,0.000397497,0.000359541,1,0.03828551321662869,0.00010587437110400603,True,0.0
bracket_screw,asymmetric,fpfh_ransac,medium,9,0.0375000830513595,0.0001073852565428,True,0.0375000830513595,0.0001073852565428,True,0.0,itodd_bracket_screw.ply,0.094265,0.000943,6287,5344,-0.051353524,0.191148595,0.271638979,0.941826574,0.000213067,0.000402491,0.000360304,-0.051257575,0.191340408,0.271394552,0.941863316,0.000221839,0.000397497,0.000359541,1,0.03750015924854288,0.00010738615603081444,True,0.0
bracket_screw,asymmetric,fgr,medium,9,0.040934800337427,0.0001191407163409,True,0.040934800337427,0.0001191407163409,True,0.0,itodd_bracket_screw.ply,0.094265,0.000943,6287,5344,-0.051357892,0.191148651,0.271674793,0.941815994,0.000211789,0.000402425,0.000360453,-0.051257575,0.191340408,0.271394552,0.941863316,0.000221839,0.000397497,0.000359541,1,0.04093479930461609,0.0001191353168862607,True,0.0
bracket_screw,asymmetric,icp_pt2pt,medium,10,17.684877602840402,0.0348859832215388,False,17.684877602840402,0.0348859832215388,False,0.0,itodd_bracket_screw.ply,0.094265,0.000943,6287,5344,-0.120931801,-0.108847484,-0.029344848,0.986238614,0.000346181,-0.004132772,0.004005761,-0.084675005,-0.149782336,-0.172564061,0.969854134,-0.000874369,-0.007177981,0.003778952,1,17.68487760909108,0.03488609818912813,False,0.0
bracket_screw,asymmetric,icp_pt2pl,medium,10,0.0244779124792541,0.0003290039747636,True,0.0244779124792541,0.0003290039747636,True,0.0,itodd_bracket_screw.ply,0.094265,0.000943,6287,5344,-0.08449871,-0.149888414,-0.172507364,0.969863207,-0.000843901,-0.007182674,0.00378234,-0.084675005,-0.149782336,-0.172564061,0.969854134,-0.000874369,-0.007177981,0.003778952,1,0.024477931388956074,0.00032899729311829296,True,0.0
bracket_screw,asymmetric,fpfh_ransac,medium,10,0.0245543116146347,0.0003223799770779,True,0.0245543116146347,0.0003223799770779,True,0.0,itodd_bracket_screw.ply,0.094265,0.000943,6287,5344,-0.084501165,-0.149901872,-0.172526722,0.96985747,-0.000844406,-0.007181993,0.003782052,-0.084675005,-0.149782336,-0.172564061,0.969854134,-0.000874369,-0.007177981,0.003778952,1,0.02455430823038335,0.00032237773665395967,True,0.0
bracket_screw,asymmetric,fgr,medium,10,0.0256486291260525,0.0003153048106169,True,0.0256486291260525,0.0003153048106169,True,0.0,itodd_bracket_screw.ply,0.094265,0.000943,6287,5344,-0.084487498,-0.149894645,-0.172516415,0.969861611,-0.000845272,-0.007183162,0.003782097,-0.084675005,-0.149782336,-0.172564061,0.969854134,-0.000874369,-0.007177981,0.003778952,1,0.025648609999505526,0.0003152975915501736,True,0.0
bracket_screw,asymmetric,icp_pt2pt,medium,11,0.3629890297214715,0.012280976951444,False,0.3629890297214715,0.012280976951444,False,0.0,itodd_bracket_screw.ply,0.094265,0.000943,6287,5344,-0.032429179,-0.08784962,0.125982735,0.987602725,0.000779123,0.000826406,0.001903566,-0.031819691,-0.085667653,0.128195505,0.98752948,0.001936691,0.000812047,0.001898084,1,0.3629890880118685,0.01228101664551629,False,0.0
bracket_screw,asymmetric,icp_pt2pl,medium,11,0.037361667153665,3.729440879425055e-05,True,0.037361667153665,3.729440879425055e-05,True,0.0,itodd_bracket_screw.ply,0.094265,0.000943,6287,5344,-0.031717427,-0.085436237,0.128401128,0.987526103,0.00193596,0.000815084,0.001896469,-0.031819691,-0.085667653,0.128195505,0.98752948,0.001936691,0.000812047,0.001898084,1,0.037361683620177465,3.7304683440808145e-05,True,0.0
bracket_screw,asymmetric,fpfh_ransac,medium,11,0.0269564099774812,6.344645900756762e-05,True,0.0269564099774812,6.344645900756762e-05,True,0.0,itodd_bracket_screw.ply,0.094265,0.000943,6287,5344,-0.031735049,-0.085505914,0.128343853,0.987526952,0.001941746,0.000814728,0.001896342,-0.031819691,-0.085667653,0.128195505,0.98752948,0.001936691,0.000812047,0.001898084,1,0.026956380664973682,6.345143870348035e-05,True,0.0
bracket_screw,asymmetric,fgr,medium,11,0.0296658837366702,5.571830425396924e-05,True,0.0296658837366702,5.571830425396924e-05,True,0.0,itodd_bracket_screw.ply,0.094265,0.000943,6287,5344,-0.031711304,-0.085496097,0.128356238,0.987526955,0.001941385,0.00081421,0.001897149,-0.031819691,-0.085667653,0.128195505,0.98752948,0.001936691,0.000812047,0.001898084,1,0.02966586597161157,5.5718225780103175e-05,True,0.0
bracket_screw,asymmetric,icp_pt2pt,medium,12,27.497180053807945,0.1177484444845628,False,27.497180053807945,0.1177484444845628,False,0.0,itodd_bracket_screw.ply,0.094265,0.000943,6287,5344,-0.25820893,0.023231019,-0.007334403,0.965781898,0.001905897,0.00845943,0.003705937,-0.257757974,0.252166614,0.053459169,0.931190068,0.0127531,0.008692745,0.001363994,1,27.497180159069273,0.11774881607072779,False,0.0
bracket_screw,asymmetric,icp_pt2pl,medium,12,0.0609479637674853,0.0003172474336602,True,0.0609479637674853,0.0003172474336602,True,0.0,itodd_bracket_screw.ply,0.094265,0.000943,6287,5344,-0.257606612,0.251895342,0.053050321,0.931328746,0.012760146,0.008671136,0.001383429,-0.257757974,0.252166614,0.053459169,0.931190068,0.0127531,0.008692745,0.001363994,1,0.06094797815520436,0.0003172448617376361,True,0.0
bracket_screw,asymmetric,fpfh_ransac,medium,12,179.87092101830888,0.2787196944302548,False,179.87092101830888,0.2787196944302548,False,0.0,itodd_bracket_screw.ply,0.094265,0.000943,6287,5344,-0.14098424,0.475954693,0.841053188,-0.214988626,-0.012747305,0.004240614,0.005859511,-0.257757974,0.252166614,0.053459169,0.931190068,0.0127531,0.008692745,0.001363994,1,179.8709209843779,0.27872057587892857,False,0.0
bracket_screw,asymmetric,fgr,medium,12,0.0585573191712776,0.0003146708618146,True,0.0585573191712776,0.0003146708618146,True,0.0,itodd_bracket_screw.ply,0.094265,0.000943,6287,5344,-0.25759595,0.251882988,0.053092949,0.931332608,0.012758802,0.008671653,0.001384055,-0.257757974,0.252166614,0.053459169,0.931190068,0.0127531,0.008692745,0.001363994,1,0.05855732153642369,0.00031466516117878245,True,0.0
bracket_screw,asymmetric,icp_pt2pt,medium,13,24.89108444135807,0.1464554290988698,False,24.89108444135807,0.1464554290988698,False,0.0,itodd_bracket_screw.ply,0.094265,0.000943,6287,5344,-0.001850622,0.076312839,-0.293966663,0.952762576,-0.003513627,-4.6835e-05,-0.001653773,0.057047747,-0.132141848,-0.287616888,0.946868846,0.006196468,2.3358e-05,-0.01146731,1,24.891084440161343,0.1464558934328473,False,0.0
bracket_screw,asymmetric,icp_pt2pl,medium,13,0.031692449629647,0.0004184982904747,True,0.031692449629647,0.0004184982904747,True,0.0,itodd_bracket_screw.ply,0.094265,0.000943,6287,5344,0.056877599,-0.131957511,-0.287733333,0.946869412,0.006157704,1.989e-05,-0.011473763,0.057047747,-0.132141848,-0.287616888,0.946868846,0.006196468,2.3358e-05,-0.01146731,1,0.03169243525458198,0.0004185028398920208,True,0.0
bracket_screw,asymmetric,fpfh_ransac,medium,13,0.0225089355437615,0.000347190255782,True,0.0225089355437615,0.000347190255782,True,0.0,itodd_bracket_screw.ply,0.094265,0.000943,6287,5344,0.056920292,-0.132021235,-0.287705128,0.946866534,0.006164344,2.0652e-05,-0.011472951,0.057047747,-0.132141848,-0.287616888,0.946868846,0.006196468,2.3358e-05,-0.01146731,1,0.022508978096302486,0.000347187005365469,True,0.0
bracket_screw,asymmetric,fgr,medium,13,0.0242647970173811,0.0003348787033637,True,0.0242647970173811,0.0003348787033637,True,0.0,itodd_bracket_screw.ply,0.094265,0.000943,6287,5344,0.056918804,-0.13202266,-0.287734685,0.946857443,0.006165558,2.0479e-05,-0.011473033,0.057047747,-0.132141848,-0.287616888,0.946868846,0.006196468,2.3358e-05,-0.01146731,1,0.024264810205208164,0.00033487407482049586,True,0.0
bracket_screw,asymmetric,icp_pt2pt,medium,14,9.573220497860833,0.0410169165760682,False,9.573220497860833,0.0410169165760682,False,0.0,itodd_bracket_screw.ply,0.094265,0.000943,6287,5344,-0.16287383,-0.022418322,0.042276532,0.985485783,-0.001165637,0.002927828,0.002851054,-0.234687262,-0.009780155,0.079411396,0.968772454,-0.002498044,0.006202006,0.001284513,1,9.573220551946594,0.041017040780543745,False,0.0
bracket_screw,asymmetric,icp_pt2pl,medium,14,0.027387561680319,0.0001170576934517,True,0.027387561680319,0.0001170576934517,True,0.0,itodd_bracket_screw.ply,0.094265,0.000943,6287,5344,-0.234721489,-0.009611449,0.079245745,0.968779415,-0.002503776,0.006198031,0.001293064,-0.234687262,-0.009780155,0.079411396,0.968772454,-0.002498044,0.006202006,0.001284513,1,0.027387601124235356,0.0001170659165161969,True,0.0
bracket_screw,asymmetric,fpfh_ransac,medium,14,0.0265098113056658,0.0001032447380605,True,0.0265098113056658,0.0001032447380605,True,0.0,itodd_bracket_screw.ply,0.094265,0.000943,6287,5344,-0.234765007,-0.009599967,0.079289093,0.968765437,-0.002504022,0.006199561,0.001291794,-0.234687262,-0.009780155,0.079411396,0.968772454,-0.002498044,0.006202006,0.001284513,1,0.026509875510130346,0.00010324939065185398,True,0.0
bracket_screw,asymmetric,fgr,medium,14,179.93461568139907,0.0614643497211548,False,179.93461568139907,0.0614643497211548,False,0.0,itodd_bracket_screw.ply,0.094265,0.000943,6287,5344,0.06272645,0.519039297,0.850983337,-0.049909529,0.002505621,0.004177599,0.003390463,-0.234687262,-0.009780155,0.079411396,0.968772454,-0.002498044,0.006202006,0.001284513,1,179.93461569099782,0.06146453961617416,False,0.0
bracket_screw,asymmetric,icp_pt2pt,medium,15,0.5717310817106848,0.0014467371246691,True,0.5717310817106848,0.0014467371246691,True,0.0,itodd_bracket_screw.ply,0.094265,0.000943,6287,5344,-0.120573227,-0.026773912,0.094520822,0.987831498,0.002022199,-0.00147678,0.002973882,-0.120997365,-0.028758999,0.099045075,0.987280422,0.002157651,-0.001462082,0.002979833,1,0.5717310975547706,0.0014467407188101735,True,0.0
bracket_screw,asymmetric,icp_pt2pl,medium,15,0.0476959278231117,0.0001826002155877,True,0.0476959278231117,0.0001826002155877,True,0.0,itodd_bracket_screw.ply,0.094265,0.000943,6287,5344,-0.120813769,-0.028923108,0.098713393,0.987331329,0.002171513,-0.001472049,0.002982021,-0.120997365,-0.028758999,0.099045075,0.987280422,0.002157651,-0.001462082,0.002979833,1,0.04769593751243517,0.00018260103904462608,True,0.0
bracket_screw,asymmetric,fpfh_ransac,medium,15,0.0385335062801137,0.0001358814577467,True,0.0385335062801137,0.0001358814577467,True,0.0,itodd_bracket_screw.ply,0.094265,0.000943,6287,5344,-0.120841673,-0.028903747,0.098787715,0.987321047,0.002166923,-0.001470744,0.002981587,-0.120997365,-0.028758999,0.099045075,0.987280422,0.002157651,-0.001462082,0.002979833,1,0.03853353838185992,0.00013588547683877143,True,0.0
bracket_screw,asymmetric,fgr,medium,15,0.0448490167218962,0.0001567205852931,True,0.0448490167218962,0.0001567205852931,True,0.0,itodd_bracket_screw.ply,0.094265,0.000943,6287,5344,-0.120785907,-0.028902044,0.098752836,0.98733141,0.00216765,-0.00147276,0.002981899,-0.120997365,-0.028758999,0.099045075,0.987280422,0.002157651,-0.001462082,0.002979833,1,0.04484905878455078,0.00015672728250586552,True,0.0
bracket_screw,asymmetric,icp_pt2pt,medium,16,13.964696709390518,0.1361486948005688,False,13.964696709390518,0.1361486948005688,False,0.0,itodd_bracket_screw.ply,0.094265,0.000943,6287,5344,-0.016892823,-0.012569482,0.004074776,0.999769992,0.001449382,-6.2335e-05,0.000505632,-0.015764329,0.108834012,0.011675123,0.993866357,0.006294497,0.005907366,-0.009770631,1,13.964696690209186,0.13614912415279876,False,0.0
bracket_screw,asymmetric,icp_pt2pl,medium,16,0.062510563653574,0.0003902075289088,True,0.062510563653574,0.0003902075289088,True,0.0,itodd_bracket_screw.ply,0.094265,0.000943,6287,5344,-0.015657397,0.108979732,0.012189411,0.993845905,0.006259845,0.005914734,-0.009780527,-0.015764329,0.108834012,0.011675123,0.993866357,0.006294497,0.005907366,-0.009770631,1,0.06251063646420643,0.00039020704963322895,True,0.0
bracket_screw,asymmetric,fpfh_ransac,medium,16,0.0577289504054618,0.0003467774178307,True,0.0577289504054618,0.0003467774178307,True,0.0,itodd_bracket_screw.ply,0.094265,0.000943,6287,5344,-0.015649013,0.108978647,0.012143303,0.99384672,0.006263911,0.005913686,-0.009780281,-0.015764329,0.108834012,0.011675123,0.993866357,0.006294497,0.005907366,-0.009770631,1,0.057729038426533964,0.0003467773076750728,True,0.0
bracket_screw,asymmetric,fgr,medium,16,0.0625233604640083,0.0003603681398312,True,0.0625233604640083,0.0003603681398312,True,0.0,itodd_bracket_screw.ply,0.094265,0.000943,6287,5344,-0.015650398,0.108980703,0.012187749,0.993845929,0.006262736,0.005914677,-0.00978021,-0.015764329,0.108834012,0.011675123,0.993866357,0.006294497,0.005907366,-0.009770631,1,0.06252345316079844,0.0003603683280570318,True,0.0
bracket_screw,asymmetric,icp_pt2pt,medium,17,13.266083286946238,0.0350401598053687,False,13.266083286946238,0.0350401598053687,False,0.0,itodd_bracket_screw.ply,0.094265,0.000943,6287,5344,-0.146184072,-0.175316153,0.106151634,0.967794552,0.000870075,-4.114e-06,-0.000626487,-0.181830311,-0.209924864,0.206376216,0.938231393,-0.001081262,0.002170341,-0.002167366,1,13.2660833426529,0.03504027057111191,False,0.0
bracket_screw,asymmetric,icp_pt2pl,medium,17,0.049039930244294,6.019263389101384e-05,True,0.049039930244294,6.019263389101384e-05,True,0.0,itodd_bracket_screw.ply,0.094265,0.000943,6287,5344,-0.181694884,-0.210077668,0.206741773,0.938142943,-0.001084353,0.002167708,-0.002163403,-0.181830311,-0.209924864,0.206376216,0.938231393,-0.001081262,0.002170341,-0.002167366,1,0.04903994741221116,6.019020109862559e-05,True,0.0
bracket_screw,asymmetric,fpfh_ransac,medium,17,179.9308892370738,0.0323402366783224,False,179.9308892370738,0.0323402366783224,False,0.0,itodd_bracket_screw.ply,0.094265,0.000943,6287,5344,0.294678567,0.534614562,0.792053248,0.001861297,0.001090172,0.000679476,-0.000632463,-0.181830311,-0.209924864,0.206376216,0.938231393,-0.001081262,0.002170341,-0.002167366,1,179.93088922688514,0.032340340175673714,False,0.0
bracket_screw,asymmetric,fgr,medium,17,0.0429688075588324,8.408928273982308e-05,True,0.0429688075588324,8.408928273982308e-05,True,0.0,itodd_bracket_screw.ply,0.094265,0.000943,6287,5344,-0.181751435,-0.210106546,0.206680891,0.938138937,-0.00108806,0.00216756,-0.002164386,-0.181830311,-0.209924864,0.206376216,0.938231393,-0.001081262,0.002170341,-0.002167366,1,0.04296873926109048,8.40859160243534e-05,True,0.0
bracket_screw,asymmetric,icp_pt2pt,medium,18,90.3353644234746,0.3316341376882328,False,90.3353644234746,0.3316341376882328,False,0.0,itodd_bracket_screw.ply,0.094265,0.000943,6287,5344,0.65666137,0.012567917,0.06993427,0.750830934,0.00350979,0.007798105,-0.011948627,-0.063710302,0.042499946,-0.02839582,0.996658632,0.015134873,-0.010589524,0.0105022,1,90.3353644898451,0.331635190770733,False,0.0
bracket_screw,asymmetric,icp_pt2pl,medium,18,90.04579867936344,0.321968204094766,False,90.04579867936344,0.321968204094766,False,0.0,itodd_bracket_screw.ply,0.094265,0.000943,6287,5344,0.659989805,0.05050829,0.009857671,0.749509971,0.015104626,0.007497328,-0.013870191,-0.063710302,0.042499946,-0.02839582,0.996658632,0.015134873,-0.010589524,0.0105022,1,90.04579876355338,0.3219692307759899,False,0.0
bracket_screw,asymmetric,fpfh_ransac,medium,18,179.9941266974717,0.4820640788465545,False,179.9941266974717,0.4820640788465545,False,0.0,itodd_bracket_screw.ply,0.094265,0.000943,6287,5344,-0.050576273,0.659285958,0.750123719,-0.009923372,-0.015145487,0.013438634,-0.013387443,-0.063710302,0.042499946,-0.02839582,0.996658632,0.015134873,-0.010589524,0.0105022,1,179.99412663535549,0.4820656108457738,False,0.0
bracket_screw,asymmetric,fgr,medium,18,0.0719264933938357,0.0003386092604238,True,0.0719264933938357,0.0003386092604238,True,0.0,itodd_bracket_screw.ply,0.094265,0.000943,6287,5344,-0.063531554,0.042584898,-0.028991406,0.99664927,0.015118974,-0.010617089,0.010504702,-0.063710302,0.042499946,-0.02839582,0.996658632,0.015134873,-0.010589524,0.0105022,1,0.07192645101189181,0.00033861669601118263,True,0.0
bracket_screw,asymmetric,icp_pt2pt,medium,19,37.7951083024012,0.1159371468430586,False,37.7951083024012,0.1159371468430586,False,0.0,itodd_bracket_screw.ply,0.094265,0.000943,6287,5344,0.002147049,0.017278026,-0.028145382,0.999452199,-0.000897833,0.002060244,-0.002733055,-0.105856414,-0.288979072,-0.025238828,0.951130126,0.00530969,0.003127414,-0.011664324,1,37.795108243154075,0.11593751523233407,False,0.0
bracket_screw,asymmetric,icp_pt2pl,medium,19,1.9837873279521765,0.007356143678364,True,1.9837873279521765,0.007356143678364,True,0.0,itodd_bracket_screw.ply,0.094265,0.000943,6287,5344,-0.106845153,-0.272409994,-0.024151012,0.95592554,0.004621803,0.003121168,-0.01157705,-0.105856414,-0.288979072,-0.025238828,0.951130126,0.00530969,0.003127414,-0.011664324,1,1.983787327232211,0.007356170030959109,True,0.0
bracket_screw,asymmetric,fpfh_ransac,medium,19,0.0348034302852293,0.0003119172770055,True,0.0348034302852293,0.0003119172770055,True,0.0,itodd_bracket_screw.ply,0.094265,0.000943,6287,5344,-0.106088607,-0.288789896,-0.025200361,0.951162733,0.005281147,0.003132267,-0.011669452,-0.105856414,-0.288979072,-0.025238828,0.951130126,0.00530969,0.003127414,-0.011664324,1,0.03480341572901768,0.0003119211312058019,True,0.0
bracket_screw,asymmetric,fgr,medium,19,0.0364517356105886,0.0003084145492589,True,0.0364517356105886,0.0003084145492589,True,0.0,itodd_bracket_screw.ply,0.094265,0.000943,6287,5344,-0.106091899,-0.288772406,-0.025198691,0.951167721,0.005281465,0.00313225,-0.011669344,-0.105856414,-0.288979072,-0.025238828,0.951130126,0.00530969,0.003127414,-0.011664324,1,0.036451714413642346,0.0003084175015656117,True,0.0
bracket_screw,asymmetric,icp_pt2pt,hard,0,42.42012651352101,0.0868913204492338,False,42.42012651352101,0.0868913204492338,False,0.0,itodd_bracket_screw.ply,0.094265,0.000943,6287,3772,-0.214552433,0.179191265,-0.075220085,0.957183202,-0.002478401,0.00024912,0.007420635,-0.549041957,0.208525709,-0.065242754,0.80673003,-0.004973554,0.007908504,0.00593812,1,42.42012648095728,0.08689159809479452,False,0.0
bracket_screw,asymmetric,icp_pt2pl,hard,0,88.11987472799893,0.1879076648632598,False,88.11987472799893,0.1879076648632598,False,0.0,itodd_bracket_screw.ply,0.094265,0.000943,6287,3772,0.171269268,0.192418943,0.072929363,0.96349525,-0.005277531,-0.009796382,0.005489702,-0.549041957,0.208525709,-0.065242754,0.80673003,-0.004973554,0.007908504,0.00593812,1,88.11987474172768,0.18790826063609278,False,0.0
bracket_screw,asymmetric,fpfh_ransac,hard,0,150.01795157683074,0.2027057480140874,False,150.01795157683074,0.2027057480140874,False,0.0,itodd_bracket_screw.ply,0.094265,0.000943,6287,3772,0.50021806,0.807683098,-0.23290688,-0.207808301,-0.004956571,-0.009474028,0.013873323,-0.549041957,0.208525709,-0.065242754,0.80673003,-0.004973554,0.007908504,0.00593812,1,150.01795159640065,0.20270638608794633,False,0.0
bracket_screw,asymmetric,fgr,hard,0,88.95909804331673,0.2539794762462866,False,88.95909804331673,0.2539794762462866,False,0.0,itodd_bracket_screw.ply,0.094265,0.000943,6287,3772,0.177431,0.192480133,0.079373805,0.961857286,-0.005193922,-0.016025655,0.005389874,-0.549041957,0.208525709,-0.065242754,0.80673003,-0.004973554,0.007908504,0.00593812,1,88.9590980724055,0.25398028493460806,False,0.0
bracket_screw,asymmetric,icp_pt2pt,hard,1,135.14833332944232,0.4972721919367779,False,135.14833332944232,0.4972721919367779,False,0.0,itodd_bracket_screw.ply,0.094265,0.000943,6287,3772,0.0,0.0,0.0,1.0,0.0,0.0,0.0,0.90035302,-0.116585333,0.173896003,-0.381487194,0.024622089,-0.03319125,0.022122552,1,135.14833330862572,0.49727377358346025,False,0.0
bracket_screw,asymmetric,icp_pt2pl,hard,1,135.14833332944232,0.4972721919367779,False,135.14833332944232,0.4972721919367779,False,0.0,itodd_bracket_screw.ply,0.094265,0.000943,6287,3772,0.0,0.0,0.0,1.0,0.0,0.0,0.0,0.90035302,-0.116585333,0.173896003,-0.381487194,0.024622089,-0.03319125,0.022122552,1,135.14833330862572,0.49727377358346025,False,0.0
bracket_screw,asymmetric,fpfh_ransac,hard,1,179.91704632364517,1.060935887468342,False,179.91704632364517,1.060935887468342,False,0.0,itodd_bracket_screw.ply,0.094265,0.000943,6287,3772,0.117355295,0.902785406,-0.376188113,-0.172304236,-0.024775277,0.053767247,0.022211075,0.90035302,-0.116585333,0.173896003,-0.381487194,0.024622089,-0.03319125,0.022122552,1,179.91704631986667,1.0609392518682306,False,0.0
bracket_screw,asymmetric,fgr,hard,1,89.30789840816507,0.6157168170137683,False,89.30789840816507,0.6157168170137683,False,0.0,itodd_bracket_screw.ply,0.094265,0.000943,6287,3772,-0.374440826,0.201737899,-0.032663555,0.904449545,0.025249373,-0.039556482,-0.03556468,0.90035302,-0.116585333,0.173896003,-0.381487194,0.024622089,-0.03319125,0.022122552,1,89.30789833639278,0.61571877707901,False,0.0
bracket_screw,asymmetric,icp_pt2pt,hard,2,100.37743019204036,0.3184525655265944,False,100.37743019204036,0.3184525655265944,False,0.0,itodd_bracket_screw.ply,0.094265,0.000943,6287,3772,0.551743632,-0.039138724,0.406563602,0.727154153,0.011761117,-0.002560439,-0.01968227,0.954540041,0.098720085,0.281227967,0.00429942,-0.013480636,0.005137587,-0.005373663,1,100.37743014776075,0.31845357433731536,False,0.0
bracket_screw,asymmetric,icp_pt2pl,hard,2,111.29382194774634,0.3331774845875282,False,111.29382194774634,0.3331774845875282,False,0.0,itodd_bracket_screw.ply,0.094265,0.000943,6287,3772,0.458337203,-0.192485929,0.507655274,0.703677695,0.010364145,-0.00255137,-0.024313323,0.954540041,0.098720085,0.281227967,0.00429942,-0.013480636,0.005137587,-0.005373663,1,111.29382190780613,0.33317853948558707,False,0.0
bracket_screw,asymmetric,fpfh_ransac,hard,2,101.27827674581047,0.4398521131661845,False,101.27827674581047,0.4398521131661845,False,0.0,itodd_bracket_screw.ply,0.094265,0.000943,6287,3772,0.732159311,-0.430245798,-0.070936237,-0.523258394,0.007054316,0.024132454,0.025231464,0.954540041,0.098720085,0.281227967,0.00429942,-0.013480636,0.005137587,-0.005373663,1,101.27827675523663,0.4398535070836477,False,0.0
bracket_screw,asymmetric,fgr,hard,2,179.92312401319992,0.389997142074931,False,179.92312401319992,0.389997142074931,False,0.0,itodd_bracket_screw.ply,0.094265,0.000943,6287,3772,-0.001013198,0.283132244,-0.108133017,0.952965034,-0.013981267,-0.020754494,0.020720057,0.954540041,0.098720085,0.281227967,0.00429942,-0.013480636,0.005137587,-0.005373663,1,179.92312400960628,0.38999838552768434,False,0.0
bracket_screw,asymmetric,icp_pt2pt,hard,3,123.54373324012626,0.403828169174783,False,123.54373324012626,0.403828169174783,False,0.0,itodd_bracket_screw.ply,0.094265,0.000943,6287,3772,0.0,0.0,0.0,1.0,0.0,0.0,0.0,0.726839391,0.306802729,0.392254058,0.472983446,-0.010542089,-0.028180831,-0.023319526,1,123.54373322045483,0.40382944533772086,False,0.0
bracket_screw,asymmetric,icp_pt2pl,hard,3,123.54373324012626,0.403828169174783,False,123.54373324012626,0.403828169174783,False,0.0,itodd_bracket_screw.ply,0.094265,0.000943,6287,3772,0.0,0.0,0.0,1.0,0.0,0.0,0.0,0.726839391,0.306802729,0.392254058,0.472983446,-0.010542089,-0.028180831,-0.023319526,1,123.54373322045483,0.40382944533772086,False,0.0
bracket_screw,asymmetric,fpfh_ransac,hard,3,179.80892173484636,0.25210606230659,False,179.80892173484636,0.25210606230659,False,0.0,itodd_bracket_screw.ply,0.094265,0.000943,6287,3772,0.059199592,0.847474234,-0.178021262,-0.496579561,0.010478978,-0.020378738,-0.031194191,0.726839391,0.306802729,0.392254058,0.472983446,-0.010542089,-0.028180831,-0.023319526,1,179.80892178019897,0.2521068636257605,False,0.0
bracket_screw,asymmetric,fgr,hard,3,171.80654302484314,0.8159070784502006,False,171.80654302484314,0.8159070784502006,False,0.0,itodd_bracket_screw.ply,0.094265,0.000943,6287,3772,-0.430584912,0.32772248,-0.246001888,0.80416272,-0.021088716,0.016831967,0.038146156,0.726839391,0.306802729,0.392254058,0.472983446,-0.010542089,-0.028180831,-0.023319526,1,171.80654303469134,0.8159096658324788,False,0.0
bracket_screw,asymmetric,icp_pt2pt,hard,4,52.841215716533526,0.1439943722960773,False,52.841215716533526,0.1439943722960773,False,0.0,itodd_bracket_screw.ply,0.094265,0.000943,6287,3772,-0.089330408,0.009660737,-0.020727589,0.995739482,0.000876053,0.001989653,-0.000144552,-0.105440653,0.451909464,0.010186605,0.885751849,0.008761538,0.002151526,-0.011191611,1,52.84121566433891,0.14399482995890434,False,0.0
bracket_screw,asymmetric,icp_pt2pl,hard,4,1.7816150502738912,0.0077739809725782,True,1.7816150502738912,0.0077739809725782,True,0.0,itodd_bracket_screw.ply,0.094265,0.000943,6287,3772,-0.10548889,0.438808998,0.005036412,0.892352728,0.008030349,0.002127297,-0.011149233,-0.105440653,0.451909464,0.010186605,0.885751849,0.008761538,0.002151526,-0.011191611,1,1.7816149940244836,0.0077740060942632725,True,0.0
bracket_screw,asymmetric,fpfh_ransac,hard,4,0.1443673043309309,0.0012960633960253,True,0.1443673043309309,0.0012960633960253,True,0.0,itodd_bracket_screw.ply,0.094265,0.000943,6287,3772,-0.105174365,0.452238284,0.009006374,0.885628462,0.008640626,0.00214253,-0.01117658,-0.105440653,0.451909464,0.010186605,0.885751849,0.008761538,0.002151526,-0.011191611,1,0.1443672498709355,0.0012960732572288836,True,0.0
bracket_screw,asymmetric,fgr,hard,4,0.1838949791231262,0.0021448733507526,True,0.1838949791231262,0.0021448733507526,True,0.0,itodd_bracket_screw.ply,0.094265,0.000943,6287,3772,-0.105243388,0.451284537,0.008765938,0.886109053,0.008560105,0.002143467,-0.011176132,-0.105440653,0.451909464,0.010186605,0.885751849,0.008761538,0.002151526,-0.011191611,1,0.18389489770975195,0.0021448845035194554,True,0.0
bracket_screw,asymmetric,icp_pt2pt,hard,5,164.2744702385555,0.2765908770563057,False,164.2744702385555,0.2765908770563057,False,0.0,itodd_bracket_screw.ply,0.094265,0.000943,6287,3772,-0.049279028,-5.3834e-05,-0.059706308,0.996998862,-0.003254353,0.005837009,0.000362575,0.10158444,0.648260086,0.731313614,0.18606413,0.020882455,-0.003513363,0.003490237,1,164.27447025912218,0.27659175014657494,False,0.0
bracket_screw,asymmetric,icp_pt2pl,hard,5,179.98535474116565,0.4659763332620705,False,179.98535474116565,0.4659763332620705,False,0.0,itodd_bracket_screw.ply,0.094265,0.000943,6287,3772,-0.063130231,-0.202924673,-0.059675257,0.975333284,-0.020703616,0.00654815,-0.006449845,0.10158444,0.648260086,0.731313614,0.18606413,0.020882455,-0.003513363,0.003490237,1,179.98535473469522,0.46597780552773976,False,0.0
bracket_screw,asymmetric,fpfh_ransac,hard,5,0.0655393962385951,0.000181582410415,True,0.0655393962385951,0.000181582410415,True,0.0,itodd_bracket_screw.ply,0.094265,0.000943,6287,3772,0.102146509,0.648289629,0.731213484,0.186047005,0.02088737,-0.003497042,0.003491798,0.10158444,0.648260086,0.731313614,0.18606413,0.020882455,-0.003513363,0.003490237,1,0.06553932367858382,0.00018157679780668535,True,0.0
bracket_screw,asymmetric,fgr,hard,5,179.9207001589937,0.4668989001022143,False,179.9207001589937,0.4668989001022143,False,0.0,itodd_bracket_screw.ply,0.094265,0.000943,6287,3772,-0.062581496,-0.203429148,-0.060052183,0.975240418,-0.02079999,0.006538129,-0.006441,0.10158444,0.648260086,0.731313614,0.18606413,0.020882455,-0.003513363,0.003490237,1,179.92070008340733,0.4669003761261605,False,0.0
bracket_screw,asymmetric,icp_pt2pt,hard,6,145.5623411977213,0.0829343750049403,False,145.5623411977213,0.0829343750049403,False,0.0,itodd_bracket_screw.ply,0.094265,0.000943,6287,3772,0.016394095,-0.020522313,0.036646248,0.998983043,0.000685462,0.000172981,6.521e-05,-0.433617888,0.684651969,-0.480534858,0.335132001,0.002705332,0.006265203,-0.004398363,1,145.5623412083673,0.0829346411513145,False,0.0
bracket_screw,asymmetric,icp_pt2pl,hard,6,166.42465008751878,0.1716999857911228,False,166.42465008751878,0.1716999857911228,False,0.0,itodd_bracket_screw.ply,0.094265,0.000943,6287,3772,-0.014449091,-0.501876705,0.139206993,0.8535411,0.001242936,-0.000469958,0.010246245,-0.433617888,0.684651969,-0.480534858,0.335132001,0.002705332,0.006265203,-0.004398363,1,166.42465012538105,0.17170052007113146,False,0.0
bracket_screw,asymmetric,fpfh_ransac,hard,6,165.85765268056545,0.1753054884662911,False,165.85765268056545,0.1753054884662911,False,0.0,itodd_bracket_screw.ply,0.094265,0.000943,6287,3772,0.797974313,0.208767688,-0.512909981,0.237857939,-0.00671469,-0.00479809,0.003472455,-0.433617888,0.684651969,-0.480534858,0.335132001,0.002705332,0.006265203,-0.004398363,1,165.8576526921879,0.1753060460441375,False,0.0
bracket_screw,asymmetric,fgr,hard,6,162.0323018713488,0.1786969917233344,False,162.0323018713488,0.1786969917233344,False,0.0,itodd_bracket_screw.ply,0.094265,0.000943,6287,3772,0.015298174,-0.279472578,-0.069150857,0.957538095,-0.00150344,-0.005882653,0.006485908,-0.433617888,0.684651969,-0.480534858,0.335132001,0.002705332,0.006265203,-0.004398363,1,162.03230186494747,0.17869756235154144,False,0.0
bracket_screw,asymmetric,icp_pt2pt,hard,7,120.95380657086058,0.2068418095353018,False,120.95380657086058,0.2068418095353018,False,0.0,itodd_bracket_screw.ply,0.094265,0.000943,6287,3772,0.052638608,-0.020697118,-0.176489145,0.982676136,-0.004154461,0.005031459,-0.001128069,-0.558374147,0.420203529,0.376935765,0.607920007,-0.007639382,0.008816178,0.017678936,1,120.95380652769839,0.20684246821257132,False,0.0
bracket_screw,asymmetric,icp_pt2pl,hard,7,121.97062716928042,0.1819304222798157,False,121.97062716928042,0.1819304222798157,False,0.0,itodd_bracket_screw.ply,0.094265,0.000943,6287,3772,0.052023714,0.008838617,-0.217786329,0.974568893,-0.020428944,0.005771784,0.006666586,-0.558374147,0.420203529,0.376935765,0.607920007,-0.007639382,0.008816178,0.017678936,1,121.97062710196472,0.18193099734069904,False,0.0
bracket_screw,asymmetric,fpfh_ransac,hard,7,0.2445727202428942,0.0009643543941796,True,0.2445727202428942,0.0009643543941796,True,0.0,itodd_bracket_screw.ply,0.094265,0.000943,6287,3772,-0.559932976,0.418917656,0.376260966,0.607791695,-0.007562867,0.008848329,0.017641848,-0.558374147,0.420203529,0.376935765,0.607920007,-0.007639382,0.008816178,0.017678936,1,0.2445727677807338,0.0009643577160709259,True,0.0
bracket_screw,asymmetric,fgr,hard,7,97.52064392636836,0.2966936662437799,False,97.52064392636836,0.2966936662437799,False,0.0,itodd_bracket_screw.ply,0.094265,0.000943,6287,3772,0.033027178,0.028606585,0.181442617,0.982430377,-0.016168039,-0.015556279,0.00693418,-0.558374147,0.420203529,0.376935765,0.607920007,-0.007639382,0.008816178,0.017678936,1,97.52064389115162,0.2966946152335008,False,0.0
bracket_screw,asymmetric,icp_pt2pt,hard,8,74.79034973658136,0.2601037861891065,False,74.79034973658136,0.2601037861891065,False,0.0,itodd_bracket_screw.ply,0.094265,0.000943,6287,3772,-0.214805444,0.010592505,-0.009552487,0.976552697,-0.00333845,0.004251809,0.004553447,0.295254898,0.228636765,0.296763289,0.878909168,-0.001751576,-0.019548039,0.010229603,1,74.79034975284299,0.26010461797249446,False,0.0
bracket_screw,asymmetric,icp_pt2pl,hard,8,91.57173273551052,0.3589001868886544,False,91.57173273551052,0.3589001868886544,False,0.0,itodd_bracket_screw.ply,0.094265,0.000943,6287,3772,-0.223699501,-0.211640418,-0.073791018,0.948536637,-0.021540028,0.005013391,-0.002007483,0.295254898,0.228636765,0.296763289,0.878909168,-0.001751576,-0.019548039,0.010229603,1,91.57173282321811,0.3589013247947926,False,0.0
bracket_screw,asymmetric,fpfh_ransac,hard,8,121.79269634887476,0.3770975415521207,False,121.79269634887476,0.3770975415521207,False,0.0,itodd_bracket_screw.ply,0.094265,0.000943,6287,3772,0.343743003,-0.424942107,-0.455933193,0.702417167,-0.017512152,0.009046103,-0.003826841,0.295254898,0.228636765,0.296763289,0.878909168,-0.001751576,-0.019548039,0.010229603,1,121.79269633721928,0.3770987396864191,False,0.0
bracket_screw,asymmetric,fgr,hard,8,13.597584538367526,0.0170189403246128,False,13.597584538367526,0.0170189403246128,False,0.0,itodd_bracket_screw.ply,0.094265,0.000943,6287,3772,0.256987953,0.123596561,0.330422838,0.899723196,-0.003167612,-0.019511325,0.010982769,0.295254898,0.228636765,0.296763289,0.878909168,-0.001751576,-0.019548039,0.010229603,1,13.597584517696701,0.01701899711275948,False,0.0
bracket_screw,asymmetric,icp_pt2pt,hard,9,99.4315671778602,0.0438338164091675,False,99.4315671778602,0.0438338164091675,False,0.0,itodd_bracket_screw.ply,0.094265,0.000943,6287,3772,-0.040468342,-0.134023117,0.148405076,0.978966828,0.001975514,-0.001437946,-0.001381126,0.278598918,-0.388180017,0.714928414,0.510466728,-0.000891915,-0.000390045,0.001403339,1,99.431567134953,0.04383395848730277,False,0.0
bracket_screw,asymmetric,icp_pt2pl,hard,9,57.57454333473007,0.1062453389311059,False,57.57454333473007,0.1062453389311059,False,0.0,itodd_bracket_screw.ply,0.094265,0.000943,6287,3772,0.053388471,-0.473970687,0.382817426,0.791171459,0.008084461,-0.004831872,0.001395746,0.278598918,-0.388180017,0.714928414,0.510466728,-0.000891915,-0.000390045,0.001403339,1,57.57454334240533,0.10624567883918827,False,0.0
bracket_screw,asymmetric,fpfh_ransac,hard,9,101.24359203289411,0.1336237291315236,False,101.24359203289411,0.1336237291315236,False,0.0,itodd_bracket_screw.ply,0.094265,0.000943,6287,3772,0.064317115,0.838349761,-0.531305264,0.103671135,-0.000943953,0.000759724,0.013946727,0.278598918,-0.388180017,0.714928414,0.510466728,-0.000891915,-0.000390045,0.001403339,1,101.24359200469067,0.13362415642982917,False,0.0
bracket_screw,asymmetric,fgr,hard,9,84.69776359431894,0.0863673439781355,False,84.69776359431894,0.0863673439781355,False,0.0,itodd_bracket_screw.ply,0.094265,0.000943,6287,3772,-0.058759665,-0.367005957,0.212037509,0.903821899,0.005930959,-0.002116138,-0.002689594,0.278598918,-0.388180017,0.714928414,0.510466728,-0.000891915,-0.000390045,0.001403339,1,84.69776356591338,0.08636762110634912,False,0.0
bracket_screw,asymmetric,icp_pt2pt,hard,10,153.47491038275925,0.118597468202001,False,153.47491038275925,0.118597468202001,False,0.0,itodd_bracket_screw.ply,0.094265,0.000943,6287,3772,-0.432851611,0.304824203,0.034115085,0.847677916,-0.005253817,-0.008555503,0.001344656,-0.195264313,-0.488889188,0.819205704,-0.227510933,0.000182425,0.001212383,0.00120431,1,153.4749102833258,0.11859783866404068,False,0.0
bracket_screw,asymmetric,icp_pt2pl,hard,10,161.98317231624563,0.2099436773053504,False,161.98317231624563,0.2099436773053504,False,0.0,itodd_bracket_screw.ply,0.094265,0.000943,6287,3772,-0.450849491,0.27319179,0.098833543,0.843998171,-0.005020795,-0.017881748,0.001231335,-0.195264313,-0.488889188,0.819205704,-0.227510933,0.000182425,0.001212383,0.00120431,1,161.98317222324658,0.20994434218323896,False,0.0
bracket_screw,asymmetric,fpfh_ransac,hard,10,74.76906302053365,0.1516144676391991,False,74.76906302053365,0.1516144676391991,False,0.0,itodd_bracket_screw.ply,0.094265,0.000943,6287,3772,-0.141401566,0.508817062,-0.511797218,0.677624086,-0.011545354,-0.006955749,0.001244214,-0.195264313,-0.488889188,0.819205704,-0.227510933,0.000182425,0.001212383,0.00120431,1,74.76906293458336,0.15161494533018643,False,0.0
bracket_screw,asymmetric,fgr,hard,10,173.2498962467449,0.1542357091147848,False,173.2498962467449,0.1542357091147848,False,0.0,itodd_bracket_screw.ply,0.094265,0.000943,6287,3772,0.112051559,-0.045112551,0.198065969,0.972717419,0.000880218,0.01160145,-0.008942862,-0.195264313,-0.488889188,0.819205704,-0.227510933,0.000182425,0.001212383,0.00120431,1,173.2498961614098,0.15423620529562526,False,0.0
bracket_screw,asymmetric,icp_pt2pt,hard,11,113.88391772737432,0.4569198463384581,False,113.88391772737432,0.4569198463384581,False,0.0,itodd_bracket_screw.ply,0.094265,0.000943,6287,3772,-0.584856926,0.435572228,-0.279457262,0.62459815,-0.004930257,-0.0027813,-0.002354369,-0.061591915,-0.162801412,0.11027443,0.97854059,-0.022564661,0.019952936,-0.034406708,1,113.88391771380131,0.4569212952896899,False,0.0
bracket_screw,asymmetric,icp_pt2pl,hard,11,90.1561071478906,0.5553858371386192,False,90.1561071478906,0.5553858371386192,False,0.0,itodd_bracket_screw.ply,0.094265,0.000943,6287,3772,0.65390873,-0.176455199,-0.018215613,0.735482921,-0.018661349,0.011780623,0.017157603,-0.061591915,-0.162801412,0.11027443,0.97854059,-0.022564661,0.019952936,-0.034406708,1,90.15610711364427,0.5553876012016813,False,0.0
bracket_screw,asymmetric,fpfh_ransac,hard,11,104.18623700677716,0.3844574080006285,False,104.18623700677716,0.3844574080006285,False,0.0,itodd_bracket_screw.ply,0.094265,0.000943,6287,3772,0.104006157,-0.29495087,0.811327229,0.493897592,-0.00866071,-0.012961629,-0.040466501,-0.061591915,-0.162801412,0.11027443,0.97854059,-0.022564661,0.019952936,-0.034406708,1,104.18623700460351,0.3844586267425129,False,0.0
bracket_screw,asymmetric,fgr,hard,11,0.207441096471251,0.0012561952913156,True,0.207441096471251,0.0012561952913156,True,0.0,itodd_bracket_screw.ply,0.094265,0.000943,6287,3772,-0.06015836,-0.161793647,0.110676824,0.978751464,-0.022600374,0.019980751,-0.034297286,-0.061591915,-0.162801412,0.11027443,0.97854059,-0.022564661,0.019952936,-0.034406708,1,0.20744110545985348,0.0012561995668214515,True,0.0
bracket_screw,asymmetric,icp_pt2pt,hard,12,91.57983248178768,0.3271613385320075,False,91.57983248178768,0.3271613385320075,False,0.0,itodd_bracket_screw.ply,0.094265,0.000943,6287,3772,0.0,0.0,0.0,1.0,0.0,0.0,0.0,-0.277294186,0.183678546,0.634944894,0.697291265,0.013793125,5.933e-05,0.027583499,1,91.5798324454201,0.3271623789014741,False,0.0
bracket_screw,asymmetric,icp_pt2pl,hard,12,91.57983248178768,0.3271613385320075,False,91.57983248178768,0.3271613385320075,False,0.0,itodd_bracket_screw.ply,0.094265,0.000943,6287,3772,0.0,0.0,0.0,1.0,0.0,0.0,0.0,-0.277294186,0.183678546,0.634944894,0.697291265,0.013793125,5.933e-05,0.027583499,1,91.5798324454201,0.3271623789014741,False,0.0
bracket_screw,asymmetric,fpfh_ransac,hard,12,0.2007972542410755,0.0165413931531239,False,0.2007972542410755,0.0165413931531239,False,0.0,itodd_bracket_screw.ply,0.094265,0.000943,6287,3772,-0.276133096,0.18426174,0.634244123,0.698235288,0.015349388,-3.6671e-05,0.027570019,-0.277294186,0.183678546,0.634944894,0.697291265,0.013793125,5.933e-05,0.027583499,1,0.2007971586655748,0.016541446537070764,False,0.0
bracket_screw,asymmetric,fgr,hard,12,53.8261648740016,0.3582894706150771,False,53.8261648740016,0.3582894706150771,False,0.0,itodd_bracket_screw.ply,0.094265,0.000943,6287,3772,-0.135777856,-0.031745168,0.328288688,0.934228642,-0.005389707,-0.027733421,0.027051608,-0.277294186,0.183678546,0.634944894,0.697291265,0.013793125,5.933e-05,0.027583499,1,53.82616485891989,0.35829061427626735,False,0.0
bracket_screw,asymmetric,icp_pt2pt,hard,13,147.26102413693377,0.3404782698734168,False,147.26102413693377,0.3404782698734168,False,0.0,itodd_bracket_screw.ply,0.094265,0.000943,6287,3772,-0.06304297,-0.03739627,-0.017872059,0.997149784,0.003061627,-0.00232472,-0.002278577,0.754751473,0.280507113,0.552865529,-0.214489349,-0.005440121,-0.027860877,0.015206625,1,147.2610241285186,0.34047934067595814,False,0.0
bracket_screw,asymmetric,icp_pt2pl,hard,13,129.60467634633497,0.32263367006127,False,129.60467634633497,0.32263367006127,False,0.0,itodd_bracket_screw.ply,0.094265,0.000943,6287,3772,-0.112557664,-0.075836089,-0.201600552,0.970019009,0.00801785,-0.006219315,-0.001391147,0.754751473,0.280507113,0.552865529,-0.214489349,-0.005440121,-0.027860877,0.015206625,1,129.60467632245772,0.3226346866909717,False,0.0
bracket_screw,asymmetric,fpfh_ransac,hard,13,0.3976366275331995,0.0012472680468976,True,0.3976366275331995,0.0012472680468976,True,0.0,itodd_bracket_screw.ply,0.094265,0.000943,6287,3772,0.754179725,0.28277744,0.551615916,-0.21672504,-0.005350291,-0.027936416,0.015213546,0.754751473,0.280507113,0.552865529,-0.214489349,-0.005440121,-0.027860877,0.015206625,1,0.39763666337532566,0.0012472630597126916,True,0.0
bracket_screw,asymmetric,fgr,hard,13,61.62613189090642,0.1947368582289329,False,61.62613189090642,0.1947368582289329,False,0.0,itodd_bracket_screw.ply,0.094265,0.000943,6287,3772,0.507983597,0.627582759,0.360282696,-0.467214004,0.012438872,-0.023699745,0.015264878,0.754751473,0.280507113,0.552865529,-0.214489349,-0.005440121,-0.027860877,0.015206625,1,61.62613190621044,0.1947374735729051,False,0.0
bracket_screw,asymmetric,icp_pt2pt,hard,14,13.561173843625156,0.0266364751719797,False,13.561173843625156,0.0266364751719797,False,0.0,itodd_bracket_screw.ply,0.094265,0.000943,6287,3772,0.150409412,-0.038532183,0.025660424,0.987539276,0.002137589,0.004525392,0.000522401,0.156148131,-0.031402199,0.143091094,0.976809399,-0.000117604,0.005624276,0.000628012,1,13.561173881201599,0.026636559674352026,False,0.0
bracket_screw,asymmetric,icp_pt2pl,hard,14,0.2019265538879978,0.0005429989881746,True,0.2019265538879978,0.0005429989881746,True,0.0,itodd_bracket_screw.ply,0.094265,0.000943,6287,3772,0.155873903,-0.030687262,0.144669465,0.976643417,-0.000157173,0.00564266,0.000601246,0.156148131,-0.031402199,0.143091094,0.976809399,-0.000117604,0.005624276,0.000628012,1,0.20192651198087816,0.000543010375574683,True,0.0
bracket_screw,asymmetric,fpfh_ransac,hard,14,0.1836981837405086,0.0005882216363532,True,0.1836981837405086,0.0005882216363532,True,0.0,itodd_bracket_screw.ply,0.094265,0.000943,6287,3772,0.155995187,-0.03062746,0.144477519,0.976654343,-0.000156497,0.005656321,0.000604881,0.156148131,-0.031402199,0.143091094,0.976809399,-0.000117604,0.005624276,0.000628012,1,0.18369815312670174,0.0005882245933198104,True,0.0
bracket_screw,asymmetric,fgr,hard,14,0.1426847762903312,0.0005591274319936,True,0.1426847762903312,0.0005591274319936,True,0.0,itodd_bracket_screw.ply,0.094265,0.000943,6287,3772,0.156041133,-0.030721629,0.144122143,0.976696552,-0.000142157,0.005666077,0.000607328,0.156148131,-0.031402199,0.143091094,0.976809399,-0.000117604,0.005624276,0.000628012,1,0.14268470402299208,0.0005591338017532135,True,0.0
bracket_screw,asymmetric,icp_pt2pt,hard,15,112.22015353597176,0.6173590300099548,False,112.22015353597176,0.6173590300099548,False,0.0,itodd_bracket_screw.ply,0.094265,0.000943,6287,3772,0.661496046,-0.349302669,0.340106568,-0.569858007,-0.013630862,-0.022445002,0.007944559,0.001084741,-0.05214319,-0.022316834,0.998389638,0.030217528,0.011914522,-0.008891768,1,112.2201534718446,0.6173609860553104,False,0.0
bracket_screw,asymmetric,icp_pt2pl,hard,15,94.5470977040917,0.5593121693222096,False,94.5470977040917,0.5593121693222096,False,0.0,itodd_bracket_screw.ply,0.094265,0.000943,6287,3772,-0.064328331,0.692127408,0.052487686,0.716984351,-0.020869405,-0.001117324,-0.008595386,0.001084741,-0.05214319,-0.022316834,0.998389638,0.030217528,0.011914522,-0.008891768,1,94.5470977861898,0.5593139423297484,False,0.0
bracket_screw,asymmetric,fpfh_ransac,hard,15,177.76340970549523,0.4781838004598054,False,177.76340970549523,0.4781838004598054,False,0.0,itodd_bracket_screw.ply,0.094265,0.000943,6287,3772,0.995749032,-0.068828142,-0.055658678,-0.025468882,0.02637355,-0.019538642,0.02316725,0.001084741,-0.05214319,-0.022316834,0.998389638,0.030217528,0.011914522,-0.008891768,1,177.7634096374419,0.4781853203931984,False,0.0
bracket_screw,asymmetric,fgr,hard,15,1.9215859355217932,0.0177108967297047,False,1.9215859355217932,0.0177108967297047,False,0.0,itodd_bracket_screw.ply,0.094265,0.000943,6287,3772,0.015395152,-0.055507812,-0.01425078,0.998237841,0.03003983,0.013504537,-0.00841471,0.001084741,-0.05214319,-0.022316834,0.998389638,0.030217528,0.011914522,-0.008891768,1,1.921585997296711,0.017710958143263348,False,0.0
bracket_screw,asymmetric,icp_pt2pt,hard,16,28.44331476762164,0.0047832795385015,False,28.44331476762164,0.0047832795385015,False,0.0,itodd_bracket_screw.ply,0.094265,0.000943,6287,3772,-0.069244579,0.113687229,0.048343972,0.989920837,2.1189e-05,-0.000915776,0.004308395,-0.058022032,0.120881604,0.291813801,0.947029982,-2.3567e-05,-0.00070948,0.004706826,1,28.443314803392564,0.004783295269417008,False,0.0
bracket_screw,asymmetric,icp_pt2pl,hard,16,0.0928145747213099,0.000246082417304,True,0.0928145747213099,0.000246082417304,True,0.0,itodd_bracket_screw.ply,0.094265,0.000943,6287,3772,-0.058280136,0.12019081,0.292147379,0.94699921,-3.4518e-05,-0.000689334,0.004703315,-0.058022032,0.120881604,0.291813801,0.947029982,-2.3567e-05,-0.00070948,0.004706826,1,0.09281458323462616,0.0002460856020555684,True,0.0
bracket_screw,asymmetric,fpfh_ransac,hard,16,43.62225948900785,0.0635744816722552,False,43.62225948900785,0.0635744816722552,False,0.0,itodd_bracket_screw.ply,0.094265,0.000943,6287,3772,-0.011275178,0.132866797,-0.081264008,0.987732477,0.003831415,-0.005297688,0.004750745,-0.058022032,0.120881604,0.291813801,0.947029982,-2.3567e-05,-0.00070948,0.004706826,1,43.6222594398342,0.06357468916156392,False,0.0
bracket_screw,asymmetric,fgr,hard,16,0.132754601719157,0.0003437203631996,True,0.132754601719157,0.0003437203631996,True,0.0,itodd_bracket_screw.ply,0.094265,0.000943,6287,3772,-0.058341668,0.119804922,0.29209631,0.94706007,-3.72e-07,-0.000687503,0.004701459,-0.058022032,0.120881604,0.291813801,0.947029982,-2.3567e-05,-0.00070948,0.004706826,1,0.13275460919763793,0.00034371862790853557,True,0.0
bracket_screw,asymmetric,icp_pt2pt,hard,17,70.41013960639134,0.2892410169290735,False,70.41013960639134,0.2892410169290735,False,0.0,itodd_bracket_screw.ply,0.094265,0.000943,6287,3772,0.281737246,-0.034669036,0.611943711,0.738205308,0.017374598,-0.003079307,-0.007138497,-0.121827369,-0.45438684,0.662746941,0.582629543,-0.007935545,-0.00311325,0.00300039,1,70.410139562319,0.289241929917123,False,0.0
bracket_screw,asymmetric,icp_pt2pl,hard,17,62.82905968120472,0.1930345448539808,False,62.82905968120472,0.1930345448539808,False,0.0,itodd_bracket_screw.ply,0.094265,0.000943,6287,3772,0.240831214,-0.083159312,0.630111281,0.733515254,0.010192723,-0.003032194,0.001428624,-0.121827369,-0.45438684,0.662746941,0.582629543,-0.007935545,-0.00311325,0.00300039,1,62.829059661457656,0.1930351559097878,False,0.0
bracket_screw,asymmetric,fpfh_ransac,hard,17,178.5428578369221,0.2184550598464296,False,178.5428578369221,0.2184550598464296,False,0.0,itodd_bracket_screw.ply,0.094265,0.000943,6287,3772,0.781687759,0.340555559,0.497719305,-0.158939144,0.007833875,0.006781127,-0.005802295,-0.121827369,-0.45438684,0.662746941,0.582629543,-0.007935545,-0.00311325,0.00300039,1,178.5428578595907,0.21845574620097713,False,0.0
bracket_screw,asymmetric,fgr,hard,17,110.83454879983812,0.1584335432331078,False,110.83454879983812,0.1584335432331078,False,0.0,itodd_bracket_screw.ply,0.094265,0.000943,6287,3772,-0.005072333,-0.0001481,-0.023464936,0.999711782,-0.003686542,-0.002032173,0.017277121,-0.121827369,-0.45438684,0.662746941,0.582629543,-0.007935545,-0.00311325,0.00300039,1,110.83454882143336,0.15843404198087394,False,0.0
bracket_screw,asymmetric,icp_pt2pt,hard,18,176.92095669493423,0.2419799863156179,False,176.92095669493423,0.2419799863156179,False,0.0,itodd_bracket_screw.ply,0.094265,0.000943,6287,3772,-0.554415726,-0.183397849,0.044393279,0.810566264,0.001373023,-0.008169801,0.008562372,0.634573735,0.538156349,0.216276202,0.510811632,-0.020926001,-0.003484863,0.00750626,1,176.92095666359728,0.24198074985641257,False,0.0
bracket_screw,asymmetric,icp_pt2pl,hard,18,179.8686620909416,0.2158006013347864,False,179.8686620909416,0.2158006013347864,False,0.0,itodd_bracket_screw.ply,0.094265,0.000943,6287,3772,-0.530727001,-0.160704028,-0.003063713,0.832162051,-0.002094397,-0.011175624,0.007707543,0.634573735,0.538156349,0.216276202,0.510811632,-0.020926001,-0.003484863,0.00750626,1,179.86866213009438,0.21580128285604203,False,0.0
bracket_screw,asymmetric,fpfh_ransac,hard,18,178.8475694951951,0.1330140173164397,False,178.8475694951951,0.1330140173164397,False,0.0,itodd_bracket_screw.ply,0.094265,0.000943,6287,3772,-0.495370027,0.232744199,-0.556196571,0.625367132,-0.010454054,0.003410946,0.007558945,0.634573735,0.538156349,0.216276202,0.510811632,-0.020926001,-0.003484863,0.00750626,1,178.8475695338346,0.13301443422221357,False,0.0
bracket_screw,asymmetric,fgr,hard,18,124.199599895055,0.3544088191497547,False,124.199599895055,0.3544088191497547,False,0.0,itodd_bracket_screw.ply,0.094265,0.000943,6287,3772,0.194512715,-0.223252563,-0.096099665,0.950309398,0.000531964,0.00957763,-0.01451763,0.634573735,0.538156349,0.216276202,0.510811632,-0.020926001,-0.003484863,0.00750626,1,124.19959994469298,0.3544099375532863,False,0.0
bracket_screw,asymmetric,icp_pt2pt,hard,19,78.9856710977827,0.0558912173131882,False,78.9856710977827,0.0558912173131882,False,0.0,itodd_bracket_screw.ply,0.094265,0.000943,6287,3772,0.085215977,0.13330392,-0.093621488,0.982956418,-0.002805203,0.001208964,-0.000269104,0.479123018,0.008996249,-0.541498431,0.690752959,-0.001112607,0.005448759,0.002360997,1,78.98567116241269,0.0558913984354945,False,0.0
bracket_screw,asymmetric,icp_pt2pl,hard,19,88.26079150931976,0.1320528394009689,False,88.26079150931976,0.1320528394009689,False,0.0,itodd_bracket_screw.ply,0.094265,0.000943,6287,3772,0.335921791,0.340519165,0.091519767,0.873399898,-0.008992749,-0.00418681,0.002469997,0.479123018,0.008996249,-0.541498431,0.690752959,-0.001112607,0.005448759,0.002360997,1,88.2607915028332,0.13205325620935393,False,0.0
bracket_screw,asymmetric,fpfh_ransac,hard,19,47.13865499128562,0.1420563644337368,False,47.13865499128562,0.1420563644337368,False,0.0,itodd_bracket_screw.ply,0.094265,0.000943,6287,3772,0.421638269,0.200105131,-0.225321157,0.855224814,-0.012701395,-0.001260817,0.002370426,0.479123018,0.008996249,-0.541498431,0.690752959,-0.001112607,0.005448759,0.002360997,1,47.138654991250284,0.14205681864747038,False,0.0
bracket_screw,asymmetric,fgr,hard,19,88.04504518654169,0.133836585008578,False,88.04504518654169,0.133836585008578,False,0.0,itodd_bracket_screw.ply,0.094265,0.000943,6287,3772,0.337996273,0.340145557,0.090262018,0.872875872,-0.009149235,-0.00427598,0.002456891,0.479123018,0.008996249,-0.541498431,0.690752959,-0.001112607,0.005448759,0.002360997,1,88.04504526010925,0.13383701015210867,False,0.0
injection_pump,asymmetric,icp_pt2pt,easy,0,0.006571131866115,4.5449629228708456e-05,True,0.006571131866115,4.5449629228708456e-05,True,0.0,itodd_injection_pump.ply,0.145244,0.001452,13103,13103,-0.032426039,0.020836877,-0.019260768,0.999071268,0.000304994,0.005164632,0.003651367,-0.032482342,0.020833105,-0.019250683,0.999069712,0.000305294,0.005167098,0.003657484,1,0.006571188217832759,4.5455818248145175e-05,True,0.0
injection_pump,asymmetric,icp_pt2pl,easy,0,0.0118325364313729,4.321269538684151e-05,True,0.0118325364313729,4.321269538684151e-05,True,0.0,itodd_injection_pump.ply,0.145244,0.001452,13103,13103,-0.032578163,0.020799135,-0.019268545,0.999066956,0.000303445,0.005165691,0.003651653,-0.032482342,0.020833105,-0.019250683,0.999069712,0.000305294,0.005167098,0.003657484,1,0.011832526759569263,4.321598929866355e-05,True,0.0
injection_pump,asymmetric,fpfh_ransac,easy,0,0.0153879763741494,4.5332208993284896e-05,True,0.0153879763741494,4.5332208993284896e-05,True,0.0,itodd_injection_pump.ply,0.145244,0.001452,13103,13103,-0.032608902,0.020793956,-0.019272328,0.999065988,0.000303605,0.005165977,0.003651219,-0.032482342,0.020833105,-0.019250683,0.999069712,0.000305294,0.005167098,0.003657484,1,0.015387923651176331,4.53361219274665e-05,True,0.0
injection_pump,asymmetric,fgr,easy,0,0.0174618701822543,4.810817467534665e-05,True,0.0174618701822543,4.810817467534665e-05,True,0.0,itodd_injection_pump.ply,0.145244,0.001452,13103,13103,-0.032629555,0.02080034,-0.019229197,0.999066012,0.000302561,0.005168241,0.003651156,-0.032482342,0.020833105,-0.019250683,0.999069712,0.000305294,0.005167098,0.003657484,1,0.017461795126263488,4.810582543780836e-05,True,0.0
injection_pump,asymmetric,icp_pt2pt,easy,1,0.0382181692808724,4.7231915863727376e-05,True,0.0382181692808724,4.7231915863727376e-05,True,0.0,itodd_injection_pump.ply,0.145244,0.001452,13103,13103,0.002120425,-0.010453919,0.00642414,0.999922472,0.000221731,0.000196274,-0.000377208,0.002195027,-0.010388072,0.006742463,0.999920901,0.000220721,0.000200314,-0.000371757,1,0.038218181086966105,4.7228608938822796e-05,True,0.0
injection_pump,asymmetric,icp_pt2pl,easy,1,0.0184958588262742,3.045198405758508e-05,True,0.0184958588262742,3.045198405758508e-05,True,0.0,itodd_injection_pump.ply,0.145244,0.001452,13103,13103,0.002071423,-0.010393922,0.006638833,0.999921798,0.000216811,0.000198249,-0.000371875,0.002195027,-0.010388072,0.006742463,0.999920901,0.000220721,0.000200314,-0.000371757,1,0.018495855988724264,3.045478845909601e-05,True,0.0
injection_pump,asymmetric,fpfh_ransac,easy,1,0.0163131195810684,2.402262596963644e-05,True,0.0163131195810684,2.402262596963644e-05,True,0.0,itodd_injection_pump.ply,0.145244,0.001452,13103,13103,0.00210398,-0.010364618,0.006635574,0.999922056,0.000217984,0.000198286,-0.000372513,0.002195027,-0.010388072,0.006742463,0.999920901,0.000220721,0.000200314,-0.000371757,1,0.016313201530645575,2.402398264815234e-05,True,0.0
injection_pump,asymmetric,fgr,easy,1,0.0156907467974708,3.992714626888513e-05,True,0.0156907467974708,3.992714626888513e-05,True,0.0,itodd_injection_pump.ply,0.145244,0.001452,13103,13103,0.002072019,-0.010374024,0.006683979,0.999921702,0.000214991,0.000199694,-0.000372403,0.002195027,-0.010388072,0.006742463,0.999920901,0.000220721,0.000200314,-0.000371757,1,0.015690816852973532,3.992960703021436e-05,True,0.0
injection_pump,asymmetric,icp_pt2pt,easy,2,0.0244763915553567,3.783042237252888e-05,True,0.0244763915553567,3.783042237252888e-05,True,0.0,itodd_injection_pump.ply,0.145244,0.001452,13103,13103,-0.069426902,0.013351531,-0.0215498,0.997264884,-0.002085096,-0.001490173,-0.000427491,-0.069637463,0.013331006,-0.021575151,0.997249929,-0.00208567,-0.001484743,-0.000428108,1,0.02447637484825489,3.783291316454588e-05,True,0.0
injection_pump,asymmetric,icp_pt2pl,easy,2,0.0048870659811863,5.536576969601193e-05,True,0.0048870659811863,5.536576969601193e-05,True,0.0,itodd_injection_pump.ply,0.145244,0.001452,13103,13103,-0.069657704,0.013296958,-0.021590905,0.997248629,-0.002090842,-0.001490886,-0.000428533,-0.069637463,0.013331006,-0.021575151,0.997249929,-0.00208567,-0.001484743,-0.000428108,1,0.004887088205203806,5.536585457810685e-05,True,0.0
injection_pump,asymmetric,fpfh_ransac,easy,2,0.0082142788518933,5.305301833102478e-05,True,0.0082142788518933,5.305301833102478e-05,True,0.0,itodd_injection_pump.ply,0.145244,0.001452,13103,13103,-0.069695429,0.013291126,-0.021588324,0.997246127,-0.002090456,-0.001490782,-0.000428065,-0.069637463,0.013331006,-0.021575151,0.997249929,-0.00208567,-0.001484743,-0.000428108,1,0.008214268380648038,5.305319359883216e-05,True,0.0
injection_pump,asymmetric,fgr,easy,2,0.0085778359165926,4.586882299622607e-05,True,0.0085778359165926,4.586882299622607e-05,True,0.0,itodd_injection_pump.ply,0.145244,0.001452,13103,13103,-0.069702838,0.013294793,-0.021573912,0.997245872,-0.002090291,-0.00148953,-0.000428444,-0.069637463,0.013331006,-0.021575151,0.997249929,-0.00208567,-0.001484743,-0.000428108,1,0.008577747283825205,4.5867468757363065e-05,True,0.0
injection_pump,asymmetric,icp_pt2pt,easy,3,0.0248298361780148,5.556328370313358e-05,True,0.0248298361780148,5.556328370313358e-05,True,0.0,itodd_injection_pump.ply,0.145244,0.001452,13103,13103,0.012003373,0.002184965,0.013792515,0.999830441,0.000171702,4.9326e-05,-7.9327e-05,0.011822333,0.002131163,0.013898722,0.999831244,0.00017856,5.0759e-05,-8.3333e-05,1,0.024829827547055837,5.556542459128288e-05,True,0.0
injection_pump,asymmetric,icp_pt2pl,easy,3,0.0040576936061357,2.643742651893283e-05,True,0.0040576936061357,2.643742651893283e-05,True,0.0,itodd_injection_pump.ply,0.145244,0.001452,13103,13103,0.011852592,0.002136078,0.013881,0.999831121,0.00017867,4.7861e-05,-8.0816e-05,0.011822333,0.002131163,0.013898722,0.999831244,0.00017856,5.0759e-05,-8.3333e-05,1,0.004057655162710938,2.64384424150127e-05,True,0.0
injection_pump,asymmetric,fpfh_ransac,easy,3,0.0022580045246885,2.503150311328806e-05,True,0.0022580045246885,2.503150311328806e-05,True,0.0,itodd_injection_pump.ply,0.145244,0.001452,13103,13103,0.011841954,0.002132446,0.013897458,0.999831026,0.000177874,4.8481e-05,-8.0583e-05,0.011822333,0.002131163,0.013898722,0.999831244,0.00017856,5.0759e-05,-8.3333e-05,1,0.002257990966200084,2.503551999861115e-05,True,0.0
injection_pump,asymmetric,fgr,easy,3,0.0052287120978073,2.25345809755369e-05,True,0.0052287120978073,2.25345809755369e-05,True,0.0,itodd_injection_pump.ply,0.145244,0.001452,13103,13103,0.011867558,0.002136261,0.013901936,0.999830652,0.000177868,4.8785e-05,-8.0816e-05,0.011822333,0.002131163,0.013898722,0.999831244,0.00017856,5.0759e-05,-8.3333e-05,1,0.0052286539639379735,2.253270557899487e-05,True,0.0
injection_pump,asymmetric,icp_pt2pt,easy,4,0.0237048038871064,0.0001591768513178,True,0.0237048038871064,0.0001591768513178,True,0.0,itodd_injection_pump.ply,0.145244,0.001452,13103,13103,0.000707616,-0.001558174,0.000633861,0.999998335,-0.000825252,0.001413086,-0.002049338,0.000656531,-0.001753181,0.000680283,0.999998016,-0.000837136,0.001412257,-0.002069152,1,0.02370481197442989,0.0001591769730642316,True,0.0
injection_pump,asymmetric,icp_pt2pl,easy,4,0.0107053018646838,3.610418734152073e-05,True,0.0107053018646838,3.610418734152073e-05,True,0.0,itodd_injection_pump.ply,0.145244,0.001452,13103,13103,0.000651673,-0.001711036,0.00059705,0.999998146,-0.000837333,0.001411367,-0.002063988,0.000656531,-0.001753181,0.000680283,0.999998016,-0.000837136,0.001412257,-0.002069152,1,0.010705299141063163,3.610362529010399e-05,True,0.0
injection_pump,asymmetric,fpfh_ransac,easy,4,0.0107859085766863,3.493940183700732e-05,True,0.0107859085766863,3.493940183700732e-05,True,0.0,itodd_injection_pump.ply,0.145244,0.001452,13103,13103,0.000652907,-0.001708694,0.000597414,0.999998149,-0.000837577,0.00141153,-0.002064149,0.000656531,-0.001753181,0.000680283,0.999998016,-0.000837136,0.001412257,-0.002069152,1,0.010785930337954022,3.493943463920428e-05,True,0.0
injection_pump,asymmetric,fgr,easy,4,0.0105657297147637,3.5376988353960694e-05,True,0.0105657297147637,3.5376988353960694e-05,True,0.0,itodd_injection_pump.ply,0.145244,0.001452,13103,13103,0.000654325,-0.001708134,0.000599863,0.999998147,-0.0008376,0.001411446,-0.0020641,0.000656531,-0.001753181,0.000680283,0.999998016,-0.000837136,0.001412257,-0.002069152,1,0.01056574703123366,3.537272875278032e-05,True,0.0
injection_pump,asymmetric,icp_pt2pt,easy,5,0.0330687382605923,6.187286052416883e-05,True,0.0330687382605923,6.187286052416883e-05,True,0.0,itodd_injection_pump.ply,0.145244,0.001452,13103,13103,-0.045319509,0.052639306,-0.01069572,0.997527367,-0.000905358,-0.000782965,-0.000660762,-0.045601069,0.052651947,-0.010635081,0.997514516,-0.000904732,-0.000784974,-0.000669499,1,0.03306876241955516,6.18740237001545e-05,True,0.0
injection_pump,asymmetric,icp_pt2pl,easy,5,0.0099088728220096,3.6875417849061695e-05,True,0.0099088728220096,3.6875417849061695e-05,True,0.0,itodd_injection_pump.ply,0.145244,0.001452,13103,13103,-0.045672746,0.052636292,-0.010680753,0.997511575,-0.000909763,-0.000783174,-0.000669875,-0.045601069,0.052651947,-0.010635081,0.997514516,-0.000904732,-0.000784974,-0.000669499,1,0.009908858992098521,3.687947761027041e-05,True,0.0
injection_pump,asymmetric,fpfh_ransac,easy,5,0.0077522126222268,3.858928573922336e-05,True,0.0077522126222268,3.858928573922336e-05,True,0.0,itodd_injection_pump.ply,0.145244,0.001452,13103,13103,-0.04564977,0.052642722,-0.010681067,0.997512284,-0.000909831,-0.000782988,-0.000670712,-0.045601069,0.052651947,-0.010635081,0.997514516,-0.000904732,-0.000784974,-0.000669499,1,0.007752169368965529,3.858982961701862e-05,True,0.0
injection_pump,asymmetric,fgr,easy,5,0.0104116126314426,4.670470495824552e-05,True,0.0104116126314426,4.670470495824552e-05,True,0.0,itodd_injection_pump.ply,0.145244,0.001452,13103,13103,-0.045688648,0.052639977,-0.010655789,0.997510919,-0.000910211,-0.000781245,-0.000670949,-0.045601069,0.052651947,-0.010635081,0.997514516,-0.000904732,-0.000784974,-0.000669499,1,0.010411525677175274,4.671000737127741e-05,True,0.0
injection_pump,asymmetric,icp_pt2pt,easy,6,0.0197454296334927,4.900704279112767e-05,True,0.0197454296334927,4.900704279112767e-05,True,0.0,itodd_injection_pump.ply,0.145244,0.001452,13103,13103,-0.012273112,-0.00328771,-0.009057325,0.999878256,0.000234781,-4.551e-06,0.000229443,-0.012273777,-0.0033451,-0.009219788,0.999876572,0.000240114,-1.195e-06,0.000232753,1,0.01974539792231121,4.90041897863606e-05,True,0.0
injection_pump,asymmetric,icp_pt2pl,easy,6,0.0136185256664184,4.1211058382517376e-05,True,0.0136185256664184,4.1211058382517376e-05,True,0.0,itodd_injection_pump.ply,0.145244,0.001452,13103,13103,-0.012178933,-0.003318175,-0.009286146,0.999877208,0.000240211,-6.776e-06,0.000230593,-0.012273777,-0.0033451,-0.009219788,0.999876572,0.000240114,-1.195e-06,0.000232753,1,0.013618631109950662,4.1207870226835986e-05,True,0.0
injection_pump,asymmetric,fpfh_ransac,easy,6,0.0150878760836524,4.570121792777056e-05,True,0.0150878760836524,4.570121792777056e-05,True,0.0,itodd_injection_pump.ply,0.145244,0.001452,13103,13103,-0.012159361,-0.003324518,-0.0092816,0.999877467,0.000239772,-7.72e-06,0.000231581,-0.012273777,-0.0033451,-0.009219788,0.999876572,0.000240114,-1.195e-06,0.000232753,1,0.015087911641436583,4.5704026908349824e-05,True,0.0
injection_pump,asymmetric,fgr,easy,6,0.0120721281829731,3.655580018969716e-05,True,0.0120721281829731,3.655580018969716e-05,True,0.0,itodd_injection_pump.ply,0.145244,0.001452,13103,13103,-0.012194458,-0.003309832,-0.009279478,0.999877108,0.0002396,-5.689e-06,0.000229973,-0.012273777,-0.0033451,-0.009219788,0.999876572,0.000240114,-1.195e-06,0.000232753,1,0.012072164290869767,3.65543275586247e-05,True,0.0
injection_pump,asymmetric,icp_pt2pt,easy,7,0.0242122217918549,6.19726139043784e-05,True,0.0242122217918549,6.19726139043784e-05,True,0.0,itodd_injection_pump.ply,0.145244,0.001452,13103,13103,0.009227633,-0.002954127,-0.012352527,0.999876762,-0.001579496,0.00411692,0.003085315,0.009241055,-0.002778039,-0.012468526,0.999875703,-0.001572682,0.004122248,0.003082825,1,0.024212202192940204,6.197168556542747e-05,True,0.0
injection_pump,asymmetric,icp_pt2pl,easy,7,0.0113104720831002,3.782383671085268e-05,True,0.0113104720831002,3.782383671085268e-05,True,0.0,itodd_injection_pump.ply,0.145244,0.001452,13103,13103,0.009304071,-0.00272533,-0.012523223,0.99987458,-0.001575679,0.004117847,0.003081474,0.009241055,-0.002778039,-0.012468526,0.999875703,-0.001572682,0.004122248,0.003082825,1,0.011310528152116627,3.78209744241308e-05,True,0.0
injection_pump,asymmetric,fpfh_ransac,easy,7,0.0096472786356143,3.1823175217777574e-05,True,0.0096472786356143,3.1823175217777574e-05,True,0.0,itodd_injection_pump.ply,0.145244,0.001452,13103,13103,0.009306987,-0.00272623,-0.012476021,0.99987514,-0.001576604,0.004119872,0.003082248,0.009241055,-0.002778039,-0.012468526,0.999875703,-0.001572682,0.004122248,0.003082825,1,0.0096472842269075,3.182045445812419e-05,True,0.0
injection_pump,asymmetric,fgr,easy,7,0.0081358007733503,2.4070597042521093e-05,True,0.0081358007733503,2.4070597042521093e-05,True,0.0,itodd_injection_pump.ply,0.145244,0.001452,13103,13103,0.009283089,-0.002736825,-0.012428835,0.999875921,-0.001576004,0.004123014,0.003082051,0.009241055,-0.002778039,-0.012468526,0.999875703,-0.001572682,0.004122248,0.003082825,1,0.008135898790008792,2.4069348743983713e-05,True,0.0
injection_pump,asymmetric,icp_pt2pt,easy,8,0.0203367778570551,3.654767468532776e-05,True,0.0203367778570551,3.654767468532776e-05,True,0.0,itodd_injection_pump.ply,0.145244,0.001452,13103,13103,-0.025642091,-0.025774632,-0.015988613,0.999210947,-0.002996154,0.004543451,0.00280583,-0.02578603,-0.025746735,-0.015888624,0.999209557,-0.002995349,0.004547678,0.002802722,1,0.02033682534886563,3.654562905034838e-05,True,0.0
injection_pump,asymmetric,icp_pt2pl,easy,8,0.0172436091827673,6.526918875424092e-05,True,0.0172436091827673,6.526918875424092e-05,True,0.0,itodd_injection_pump.ply,0.145244,0.001452,13103,13103,-0.025639424,-0.02572533,-0.015862741,0.999214292,-0.003003308,0.004544334,0.002806638,-0.02578603,-0.025746735,-0.015888624,0.999209557,-0.002995349,0.004547678,0.002802722,1,0.01724359032924838,6.526681685285277e-05,True,0.0
injection_pump,asymmetric,fpfh_ransac,easy,8,0.0135842046278715,6.005550768952601e-05,True,0.0135842046278715,6.005550768952601e-05,True,0.0,itodd_injection_pump.ply,0.145244,0.001452,13103,13103,-0.025674603,-0.025732886,-0.015850804,0.999213383,-0.003003207,0.00454573,0.002805967,-0.02578603,-0.025746735,-0.015888624,0.999209557,-0.002995349,0.004547678,0.002802722,1,0.013584181232058458,6.005051902582694e-05,True,0.0
injection_pump,asymmetric,fgr,easy,8,0.0140822278613575,6.10201079531458e-05,True,0.0140822278613575,6.10201079531458e-05,True,0.0,itodd_injection_pump.ply,0.145244,0.001452,13103,13103,-0.025676282,-0.025735476,-0.015834636,0.99921353,-0.003003635,0.004547441,0.002805857,-0.02578603,-0.025746735,-0.015888624,0.999209557,-0.002995349,0.004547678,0.002802722,1,0.014082121799868168,6.1017344420113654e-05,True,0.0
injection_pump,asymmetric,icp_pt2pt,easy,9,0.0346056146687078,3.661620441144442e-05,True,0.0346056146687078,3.661620441144442e-05,True,0.0,itodd_injection_pump.ply,0.145244,0.001452,13103,13103,-0.045397235,-0.003667171,-0.019856987,0.998764909,0.000179528,0.000277806,-0.000174428,-0.045659484,-0.003665555,-0.020005981,0.998749987,0.000178504,0.000280681,-0.000170073,1,0.03460570753935359,3.6613667821685115e-05,True,0.0
injection_pump,asymmetric,icp_pt2pl,easy,9,0.0104637620489061,4.7124577187016746e-05,True,0.0104637620489061,4.7124577187016746e-05,True,0.0,itodd_injection_pump.ply,0.145244,0.001452,13103,13103,-0.045568911,-0.003655088,-0.020003267,0.998754216,0.000174671,0.000285863,-0.000172375,-0.045659484,-0.003665555,-0.020005981,0.998749987,0.000178504,0.000280681,-0.000170073,1,0.0104638324075648,4.712265929848245e-05,True,0.0
injection_pump,asymmetric,fpfh_ransac,easy,9,0.009511357402007,5.015015048202168e-05,True,0.009511357402007,5.015015048202168e-05,True,0.0,itodd_injection_pump.ply,0.145244,0.001452,13103,13103,-0.045577227,-0.003657302,-0.01999967,0.9987539,0.000174136,0.000285909,-0.000172652,-0.045659484,-0.003665555,-0.020005981,0.998749987,0.000178504,0.000280681,-0.000170073,1,0.009511421317711845,5.015292452351259e-05,True,0.0
injection_pump,asymmetric,fgr,easy,9,0.0081786692932119,5.0522520529343866e-05,True,0.0081786692932119,5.0522520529343866e-05,True,0.0,itodd_injection_pump.ply,0.145244,0.001452,13103,13103,-0.045589006,-0.003658474,-0.019997908,0.998753394,0.000174518,0.000286116,-0.000172975,-0.045659484,-0.003665555,-0.020005981,0.998749987,0.000178504,0.000280681,-0.000170073,1,0.008178715014556666,5.05231850582691e-05,True,0.0
injection_pump,asymmetric,icp_pt2pt,easy,10,0.0184223579434779,2.993520304054977e-05,True,0.0184223579434779,2.993520304054977e-05,True,0.0,itodd_injection_pump.ply,0.145244,0.001452,13103,13103,-0.039976246,0.015861083,0.048474144,0.997898083,-0.002062048,-0.00611633,0.003073154,-0.039989471,0.015893442,0.048630823,0.997889415,-0.002062136,-0.006114999,0.003077293,1,0.0184223345985484,2.9940203782854518e-05,True,0.0
injection_pump,asymmetric,icp_pt2pl,easy,10,0.001081829251203,3.2623559849908595e-05,True,0.001081829251203,3.2623559849908595e-05,True,0.0,itodd_injection_pump.ply,0.145244,0.001452,13103,13103,-0.039988041,0.015885133,0.04863507,0.997889397,-0.002063741,-0.006118947,0.003075221,-0.039989471,0.015893442,0.048630823,0.997889415,-0.002062136,-0.006114999,0.003077293,1,0.0010817928657460933,3.262624985357748e-05,True,0.0
injection_pump,asymmetric,fpfh_ransac,easy,10,0.0009553082362545,3.2742822905014576e-05,True,0.0009553082362545,3.2742822905014576e-05,True,0.0,itodd_injection_pump.ply,0.145244,0.001452,13103,13103,-0.039989658,0.015887902,0.048637046,0.997889192,-0.002063374,-0.006119215,0.003075473,-0.039989471,0.015893442,0.048630823,0.997889415,-0.002062136,-0.006114999,0.003077293,1,0.0009553242597633095,3.274501694629563e-05,True,0.0
injection_pump,asymmetric,fgr,easy,10,0.0009453483636857,2.9749371670695027e-05,True,0.0009453483636857,2.9749371670695027e-05,True,0.0,itodd_injection_pump.ply,0.145244,0.001452,13103,13103,-0.039991266,0.01589477,0.048638751,0.997888935,-0.002063506,-0.006118786,0.003075725,-0.039989471,0.015893442,0.048630823,0.997889415,-0.002062136,-0.006114999,0.003077293,1,0.0009454254675071502,2.975459988029571e-05,True,0.0
injection_pump,asymmetric,icp_pt2pt,easy,11,0.0178415835925562,5.987641405461181e-05,True,0.0178415835925562,5.987641405461181e-05,True,0.0,itodd_injection_pump.ply,0.145244,0.001452,13103,13103,0.027578788,-0.014121005,0.034276438,0.998931996,8.0757e-05,0.000157025,-0.000900978,0.02773415,-0.01412989,0.034278698,0.998927492,8.3067e-05,0.000162693,-0.0008948,1,0.0178416105164077,5.9875461295827734e-05,True,0.0
injection_pump,asymmetric,icp_pt2pl,easy,11,0.00994458348572,2.8306874063313216e-05,True,0.00994458348572,2.8306874063313216e-05,True,0.0,itodd_injection_pump.ply,0.145244,0.001452,13103,13103,0.027802547,-0.014081191,0.034256759,0.998927031,8.2852e-05,0.000158627,-0.000894231,0.02773415,-0.01412989,0.034278698,0.998927492,8.3067e-05,0.000162693,-0.0008948,1,0.009944589496247895,2.830578747894958e-05,True,0.0
injection_pump,asymmetric,fpfh_ransac,easy,11,0.0138403760668937,1.553817571154653e-05,True,0.0138403760668937,1.553817571154653e-05,True,0.0,itodd_injection_pump.ply,0.145244,0.001452,13103,13103,0.027840552,-0.01408182,0.034309434,0.998924156,8.2012e-05,0.000160885,-0.000893957,0.02773415,-0.01412989,0.034278698,0.998927492,8.3067e-05,0.000162693,-0.0008948,1,0.013840431419675505,1.553706341603199e-05,True,0.0
injection_pump,asymmetric,fgr,easy,11,0.012291046241366,1.4752401414935992e-05,True,0.012291046241366,1.4752401414935992e-05,True,0.0,itodd_injection_pump.ply,0.145244,0.001452,13103,13103,0.027829132,-0.014087145,0.034304144,0.99892458,8.2568e-05,0.000160619,-0.000894599,0.02773415,-0.01412989,0.034278698,0.998927492,8.3067e-05,0.000162693,-0.0008948,1,0.01229108330739017,1.4751958266207983e-05,True,0.0
injection_pump,asymmetric,icp_pt2pt,easy,12,0.005068149658927,3.3931392623318505e-05,True,0.005068149658927,3.3931392623318505e-05,True,0.0,itodd_injection_pump.ply,0.145244,0.001452,13103,13103,0.061236172,0.00297747,-0.024004583,0.997830169,-0.00254979,0.002932737,0.001896453,0.061279442,0.002985872,-0.024006969,0.99782743,-0.002554268,0.002934424,0.001897635,1,0.00506811082587834,3.393637170405521e-05,True,0.0
injection_pump,asymmetric,icp_pt2pl,easy,12,0.0096251738927429,4.093466995855728e-05,True,0.0096251738927429,4.093466995855728e-05,True,0.0,itodd_injection_pump.ply,0.145244,0.001452,13103,13103,0.061222687,0.002943178,-0.023962367,0.997832113,-0.002548918,0.002932219,0.001899003,0.061279442,0.002985872,-0.024006969,0.99782743,-0.002554268,0.002934424,0.001897635,1,0.009625129211018374,4.0938605825268824e-05,True,0.0
injection_pump,asymmetric,fpfh_ransac,easy,12,0.0075019841305493,4.330528535729737e-05,True,0.0075019841305493,4.330528535729737e-05,True,0.0,itodd_injection_pump.ply,0.145244,0.001452,13103,13103,0.061247114,0.00294491,-0.023967553,0.997830484,-0.002548494,0.002932297,0.001898939,0.061279442,0.002985872,-0.024006969,0.99782743,-0.002554268,0.002934424,0.001897635,1,0.00750196994446237,4.330617391130304e-05,True,0.0
injection_pump,asymmetric,fgr,easy,12,0.0098281536244494,3.70658814629028e-05,True,0.0098281536244494,3.70658814629028e-05,True,0.0,itodd_injection_pump.ply,0.145244,0.001452,13103,13103,0.061231188,0.002942338,-0.023951178,0.997831862,-0.002549305,0.00293316,0.001899296,0.061279442,0.002985872,-0.024006969,0.99782743,-0.002554268,0.002934424,0.001897635,1,0.009828145911027954,3.7068995756699336e-05,True,0.0
injection_pump,asymmetric,icp_pt2pt,easy,13,0.012254055742625,3.5669526896987995e-05,True,0.012254055742625,3.5669526896987995e-05,True,0.0,itodd_injection_pump.ply,0.145244,0.001452,13103,13103,-0.0206315,0.067731785,-0.001115502,0.9974896,-0.000713239,-3.2936e-05,0.005951571,-0.02052834,0.067745257,-0.001090796,0.997490841,-0.000708505,-3.2768e-05,0.005953668,1,0.012254015828292662,3.566677469844229e-05,True,0.0
injection_pump,asymmetric,icp_pt2pl,easy,13,0.0120774698909902,3.967979651057726e-05,True,0.0120774698909902,3.967979651057726e-05,True,0.0,itodd_injection_pump.ply,0.145244,0.001452,13103,13103,-0.020632899,0.067743957,-0.001103824,0.997488757,-0.000712779,-2.9133e-05,0.005952355,-0.02052834,0.067745257,-0.001090796,0.997490841,-0.000708505,-3.2768e-05,0.005953668,1,0.01207750797460859,3.967334030390942e-05,True,0.0
injection_pump,asymmetric,fpfh_ransac,easy,13,0.010349348859338,2.867633854224831e-05,True,0.010349348859338,2.867633854224831e-05,True,0.0,itodd_injection_pump.ply,0.145244,0.001452,13103,13103,-0.020613677,0.06772994,-0.00111608,0.997490093,-0.000711544,-2.9943e-05,0.005953311,-0.02052834,0.067745257,-0.001090796,0.997490841,-0.000708505,-3.2768e-05,0.005953668,1,0.010349371468112616,2.8672882892861948e-05,True,0.0
injection_pump,asymmetric,fgr,easy,13,0.0146467518302307,4.273611841632212e-05,True,0.0146467518302307,4.273611841632212e-05,True,0.0,itodd_injection_pump.ply,0.145244,0.001452,13103,13103,-0.020654043,0.067767778,-0.001087349,0.99748672,-0.000712941,-2.8817e-05,0.00595187,-0.02052834,0.067745257,-0.001090796,0.997490841,-0.000708505,-3.2768e-05,0.005953668,1,0.014646802443498159,4.273190678538094e-05,True,0.0
injection_pump,asymmetric,icp_pt2pt,easy,14,0.0277320515615636,1.4701306084241712e-05,True,0.0277320515615636,1.4701306084241712e-05,True,0.0,itodd_injection_pump.ply,0.145244,0.001452,13103,13103,-0.049287968,-0.026901994,0.050050925,0.997166929,-0.001743282,-0.00031494,0.004149085,-0.049506747,-0.026908991,0.050152874,0.99715078,-0.001741964,-0.000315564,0.004147526,1,0.027732009059123888,1.4697396417238824e-05,True,0.0
injection_pump,asymmetric,icp_pt2pl,easy,14,0.0106367228055808,2.425959660030969e-05,True,0.0106367228055808,2.425959660030969e-05,True,0.0,itodd_injection_pump.ply,0.145244,0.001452,13103,13103,-0.049451967,-0.026927143,0.050080409,0.99715665,-0.001743211,-0.000312921,0.004145556,-0.049506747,-0.026908991,0.050152874,0.99715078,-0.001741964,-0.000315564,0.004147526,1,0.010636650232578109,2.426533763737787e-05,True,0.0
injection_pump,asymmetric,fpfh_ransac,easy,14,0.0100576167816015,2.767739918284248e-05,True,0.0100576167816015,2.767739918284248e-05,True,0.0,itodd_injection_pump.ply,0.145244,0.001452,13103,13103,-0.049477001,-0.026949895,0.050081253,0.997154751,-0.001742989,-0.000311872,0.004146309,-0.049506747,-0.026908991,0.050152874,0.99715078,-0.001741964,-0.000315564,0.004147526,1,0.010057521548521617,2.7679428316458693e-05,True,0.0
injection_pump,asymmetric,fgr,easy,14,0.0100950327479724,2.537240420717578e-05,True,0.0100950327479724,2.537240420717578e-05,True,0.0,itodd_injection_pump.ply,0.145244,0.001452,13103,13103,-0.04947384,-0.026943905,0.05007912,0.997155177,-0.001743783,-0.000312765,0.004145965,-0.049506747,-0.026908991,0.050152874,0.99715078,-0.001741964,-0.000315564,0.004147526,1,0.010095018089992788,2.5371714355065798e-05,True,0.0
injection_pump,asymmetric,icp_pt2pt,easy,15,0.0233206400650096,1.3704315737621511e-05,True,0.0233206400650096,1.3704315737621511e-05,True,0.0,itodd_injection_pump.ply,0.145244,0.001452,13103,13103,0.030365447,-0.015671847,-0.064573342,0.997327738,-0.000247179,0.000254629,-0.000645451,0.030385059,-0.015620445,-0.064768878,0.997315267,-0.000247511,0.000256402,-0.000644608,1,0.02332062087330345,1.3708522287499297e-05,True,0.0
injection_pump,asymmetric,icp_pt2pl,easy,15,0.0080255458508454,4.001272959731134e-05,True,0.0080255458508454,4.001272959731134e-05,True,0.0,itodd_injection_pump.ply,0.145244,0.001452,13103,13103,0.03043502,-0.015604506,-0.064722489,0.997317005,-0.000249208,0.000251748,-0.000641569,0.030385059,-0.015620445,-0.064768878,0.997315267,-0.000247511,0.000256402,-0.000644608,1,0.00802559317113079,4.001287651125595e-05,True,0.0
injection_pump,asymmetric,fpfh_ransac,easy,15,0.0097993660747116,3.361018729740528e-05,True,0.0097993660747116,3.361018729740528e-05,True,0.0,itodd_injection_pump.ply,0.145244,0.001452,13103,13103,0.030432613,-0.015602124,-0.064700284,0.997318556,-0.000249399,0.000252818,-0.000641885,0.030385059,-0.015620445,-0.064768878,0.997315267,-0.000247511,0.000256402,-0.000644608,1,0.009799418516255069,3.36056374759564e-05,True,0.0
injection_pump,asymmetric,fgr,easy,15,0.0091525258131647,3.588675561488188e-05,True,0.0091525258131647,3.588675561488188e-05,True,0.0,itodd_injection_pump.ply,0.145244,0.001452,13103,13103,0.030432032,-0.015610438,-0.064705124,0.99731813,-0.000249202,0.000252647,-0.000641413,0.030385059,-0.015620445,-0.064768878,0.997315267,-0.000247511,0.000256402,-0.000644608,1,0.009152539033799381,3.5886151382327614e-05,True,0.0
injection_pump,asymmetric,icp_pt2pt,easy,16,0.0094103468972482,0.0001211332644543,True,0.0094103468972482,0.0001211332644543,True,0.0,itodd_injection_pump.ply,0.145244,0.001452,13103,13103,-0.03163957,0.002488594,0.002210375,0.999493801,-0.000384679,-0.006734837,-0.001086753,-0.031583086,0.002503426,0.00215267,0.999495677,-0.000400382,-0.006736078,-0.001094591,1,0.00941034410867268,0.00012113598911598035,True,0.0
injection_pump,asymmetric,icp_pt2pl,easy,16,0.0147143446020332,3.447886705599919e-05,True,0.0147143446020332,3.447886705599919e-05,True,0.0,itodd_injection_pump.ply,0.145244,0.001452,13103,13103,-0.031705989,0.002515536,0.002187605,0.999491679,-0.000400877,-0.006734232,-0.001089961,-0.031583086,0.002503426,0.00215267,0.999495677,-0.000400382,-0.006736078,-0.001094591,1,0.014714304723328792,3.448649223971673e-05,True,0.0
injection_pump,asymmetric,fpfh_ransac,easy,16,0.0147676952327079,3.462242066368276e-05,True,0.0147676952327079,3.462242066368276e-05,True,0.0,itodd_injection_pump.ply,0.145244,0.001452,13103,13103,-0.031708222,0.002516543,0.002180248,0.999491622,-0.000400426,-0.006734157,-0.001089943,-0.031583086,0.002503426,0.00215267,0.999495677,-0.000400382,-0.006736078,-0.001094591,1,0.014767674797765615,3.4628080687280446e-05,True,0.0
injection_pump,asymmetric,fgr,easy,16,0.0149926303082238,3.221159508728263e-05,True,0.0149926303082238,3.221159508728263e-05,True,0.0,itodd_injection_pump.ply,0.145244,0.001452,13103,13103,-0.031707843,0.002518461,0.002188876,0.99949161,-0.000400825,-0.006734219,-0.00109032,-0.031583086,0.002503426,0.00215267,0.999495677,-0.000400382,-0.006736078,-0.001094591,1,0.014992576924265087,3.221514579391093e-05,True,0.0
injection_pump,asymmetric,icp_pt2pt,easy,17,0.0316609627229597,3.5561388558899954e-05,True,0.0316609627229597,3.5561388558899954e-05,True,0.0,itodd_injection_pump.ply,0.145244,0.001452,13103,13103,0.030856528,0.022448714,0.038119991,0.998544339,-0.000170175,-0.000177856,0.000115758,0.031113939,0.022408754,0.038211474,0.998533752,-0.000173578,-0.000175896,0.000119112,1,0.03166097556977582,3.555691674997001e-05,True,0.0
injection_pump,asymmetric,icp_pt2pl,easy,17,0.0100574647271372,3.0102642924424315e-05,True,0.0100574647271372,3.0102642924424315e-05,True,0.0,itodd_injection_pump.ply,0.145244,0.001452,13103,13103,0.031072427,0.022478206,0.038177483,0.998534784,-0.000170052,-0.000174689,0.000116826,0.031113939,0.022408754,0.038211474,0.998533752,-0.000173578,-0.000175896,0.000119112,1,0.010057509445013848,3.0101809079078378e-05,True,0.0
injection_pump,asymmetric,fpfh_ransac,easy,17,0.0123685860995058,4.376749923121831e-05,True,0.0123685860995058,4.376749923121831e-05,True,0.0,itodd_injection_pump.ply,0.145244,0.001452,13103,13103,0.03103755,0.022484916,0.038215235,0.998534273,-0.000170125,-0.000171477,0.000116118,0.031113939,0.022408754,0.038211474,0.998533752,-0.000173578,-0.000175896,0.000119112,1,0.012368642558086354,4.3769546653617935e-05,True,0.0
injection_pump,asymmetric,fgr,easy,17,0.015757785476606,5.0418196193218834e-05,True,0.015757785476606,5.0418196193218834e-05,True,0.0,itodd_injection_pump.ply,0.145244,0.001452,13103,13103,0.031006766,0.022486843,0.038247889,0.998533936,-0.000170096,-0.000170077,0.000116347,0.031113939,0.022408754,0.038211474,0.998533752,-0.000173578,-0.000175896,0.000119112,1,0.01575791430563584,5.04204773332156e-05,True,0.0
injection_pump,asymmetric,icp_pt2pt,easy,18,0.0177771166595705,1.1486412375890608e-05,True,0.0177771166595705,1.1486412375890608e-05,True,0.0,itodd_injection_pump.ply,0.145244,0.001452,13103,13103,0.035164064,-0.015322393,0.049791718,0.998022794,0.001851503,0.00188353,-0.00410504,0.035313625,-0.015281824,0.049785953,0.998018423,0.001851349,0.001884875,-0.004106016,1,0.017777090991169135,1.149050494847159e-05,True,0.0
injection_pump,asymmetric,icp_pt2pl,easy,18,0.0039063925937881,1.212685247868948e-05,True,0.0039063925937881,1.212685247868948e-05,True,0.0,itodd_injection_pump.ply,0.145244,0.001452,13103,13103,0.035314425,-0.015315523,0.04979098,0.998017627,0.001850224,0.001883637,-0.004105463,0.035313625,-0.015281824,0.049785953,0.998018423,0.001851349,0.001884875,-0.004106016,1,0.003906491116883725,1.2130204206294954e-05,True,0.0
injection_pump,asymmetric,fpfh_ransac,easy,18,0.005830488931824,9.90345114025191e-06,True,0.005830488931824,9.90345114025191e-06,True,0.0,itodd_injection_pump.ply,0.145244,0.001452,13103,13103,0.035332568,-0.01532387,0.04980732,0.998016042,0.001850432,0.001884736,-0.004104916,0.035313625,-0.015281824,0.049785953,0.998018423,0.001851349,0.001884875,-0.004106016,1,0.005830583446400203,9.906243529423301e-06,True,0.0
injection_pump,asymmetric,fgr,easy,18,0.0071034397377658,1.8429288118558365e-05,True,0.0071034397377658,1.8429288118558365e-05,True,0.0,itodd_injection_pump.ply,0.145244,0.001452,13103,13103,0.035296508,-0.015303067,0.049841561,0.998015927,0.001848706,0.001885241,-0.00410623,0.035313625,-0.015281824,0.049785953,0.998018423,0.001851349,0.001884875,-0.004106016,1,0.007103508490423737,1.8429603344080493e-05,True,0.0
injection_pump,asymmetric,icp_pt2pt,easy,19,0.033199679713774,4.113744625766749e-05,True,0.033199679713774,4.113744625766749e-05,True,0.0,itodd_injection_pump.ply,0.145244,0.001452,13103,13103,-0.043709291,0.014011273,-0.026124479,0.998604373,-0.000138316,-0.002612377,0.000508478,-0.043990933,0.01396509,-0.026075751,0.998593926,-0.000140711,-0.002617851,0.000508467,1,0.03319965742850879,4.1137785280858375e-05,True,0.0
injection_pump,asymmetric,icp_pt2pl,easy,19,0.022835617059614,3.2260807316624914e-05,True,0.022835617059614,3.2260807316624914e-05,True,0.0,itodd_injection_pump.ply,0.145244,0.001452,13103,13103,-0.043818055,0.013987137,-0.02597961,0.998603724,-0.000136264,-0.002616428,0.000508865,-0.043990933,0.01396509,-0.026075751,0.998593926,-0.000140711,-0.002617851,0.000508467,1,0.022835647033155413,3.2263351727304304e-05,True,0.0
injection_pump,asymmetric,fpfh_ransac,easy,19,0.0193061797655997,3.3276078761200705e-05,True,0.0193061797655997,3.3276078761200705e-05,True,0.0,itodd_injection_pump.ply,0.145244,0.001452,13103,13103,-0.043854772,0.013988841,-0.025979758,0.998602085,-0.000136294,-0.002616198,0.000509525,-0.043990933,0.01396509,-0.026075751,0.998593926,-0.000140711,-0.002617851,0.000508467,1,0.019306264377228967,3.327772797157261e-05,True,0.0
injection_pump,asymmetric,fgr,easy,19,0.0209996685887062,3.443211924128179e-05,True,0.0209996685887062,3.443211924128179e-05,True,0.0,itodd_injection_pump.ply,0.145244,0.001452,13103,13103,-0.043849576,0.013987779,-0.0259617,0.998602797,-0.000136533,-0.002615392,0.000509696,-0.043990933,0.01396509,-0.026075751,0.998593926,-0.000140711,-0.002617851,0.000508467,1,0.020999639500470648,3.4433645699984e-05,True,0.0
injection_pump,asymmetric,icp_pt2pt,medium,0,4.805602755087,0.0551687604524674,False,4.805602755087,0.0551687604524674,False,0.0,itodd_injection_pump.ply,0.145244,0.001452,13103,11137,0.009544674,-0.000653636,-0.001077689,0.999953654,0.001822529,-0.003455745,-0.003386225,0.010370999,-0.013589196,0.038793335,0.999101023,0.00966923,-0.00471843,-0.004407001,1,4.805602747165765,0.05516876187967257,False,0.0
injection_pump,asymmetric,icp_pt2pl,medium,0,0.0150298058012922,0.0001579970546175,True,0.0150298058012922,0.0001579970546175,True,0.0,itodd_injection_pump.ply,0.145244,0.001452,13103,11137,0.010442978,-0.013531087,0.038886246,0.99909745,0.009671574,-0.004699089,-0.004419127,0.010370999,-0.013589196,0.038793335,0.999101023,0.00966923,-0.00471843,-0.004407001,1,0.015029788099173649,0.0001579958678211623,True,0.0
injection_pump,asymmetric,fpfh_ransac,medium,0,0.0160410243650563,0.0001601898134355,True,0.0160410243650563,0.0001601898134355,True,0.0,itodd_injection_pump.ply,0.145244,0.001452,13103,11137,0.010454574,-0.013540094,0.038894245,0.999096895,0.009671959,-0.004698645,-0.004418936,0.010370999,-0.013589196,0.038793335,0.999101023,0.00966923,-0.00471843,-0.004407001,1,0.016041040087834434,0.00016019022541247023,True,0.0
injection_pump,asymmetric,fgr,medium,0,0.0145941312947456,0.0001440219163353,True,0.0145941312947456,0.0001440219163353,True,0.0,itodd_injection_pump.ply,0.145244,0.001452,13103,11137,0.01047647,-0.013537024,0.038842006,0.999098739,0.009671075,-0.004701363,-0.004418954,0.010370999,-0.013589196,0.038793335,0.999101023,0.00966923,-0.00471843,-0.004407001,1,0.014594184188259456,0.00014401938923690522,True,0.0
injection_pump,asymmetric,icp_pt2pt,medium,1,16.907927007236403,0.2276628105985347,False,16.907927007236403,0.2276628105985347,False,0.0,itodd_injection_pump.ply,0.145244,0.001452,13103,11137,-0.007365815,-0.005701659,0.063669034,0.997927598,-0.003277945,0.003210936,-0.001774401,-0.133148509,0.018154738,-0.009073111,0.990888268,0.009173804,0.033237039,-0.007839953,1,16.907927044383445,0.22766281195919777,False,0.0
injection_pump,asymmetric,icp_pt2pl,medium,1,20.248790586235803,0.2018746606098176,False,20.248790586235803,0.2018746606098176,False,0.0,itodd_injection_pump.ply,0.145244,0.001452,13103,11137,-0.012393272,-0.037994462,0.106693171,0.993488498,-0.003524555,0.007362797,-0.002454674,-0.133148509,0.018154738,-0.009073111,0.990888268,0.009173804,0.033237039,-0.007839953,1,20.248790574400147,0.2018746641231859,False,0.0
injection_pump,asymmetric,fpfh_ransac,medium,1,0.0213662503325978,0.0001566041822786,True,0.0213662503325978,0.0001566041822786,True,0.0,itodd_injection_pump.ply,0.145244,0.001452,13103,11137,-0.133053352,0.01831242,-0.009100584,0.990897896,0.009183799,0.033231074,-0.007820411,-0.133148509,0.018154738,-0.009073111,0.990888268,0.009173804,0.033237039,-0.007839953,1,0.021366311979990636,0.0001566039982866938,True,0.0
injection_pump,asymmetric,fgr,medium,1,0.0182499191698808,0.0001319948289715,True,0.0182499191698808,0.0001319948289715,True,0.0,itodd_injection_pump.ply,0.145244,0.001452,13103,11137,-0.133084974,0.018300448,-0.009065308,0.990894194,0.009181746,0.033231594,-0.007823375,-0.133148509,0.018154738,-0.009073111,0.990888268,0.009173804,0.033237039,-0.007839953,1,0.018249979960767996,0.00013199639328410076,True,0.0
injection_pump,asymmetric,icp_pt2pt,medium,2,9.478821038647586,0.0594908886265207,False,9.478821038647586,0.0594908886265207,False,0.0,itodd_injection_pump.ply,0.145244,0.001452,13103,11137,0.014731567,0.016054605,-0.01834255,0.999594308,0.001160083,0.00307591,0.005943233,-0.040151347,-0.005657601,0.03956621,0.998393898,-0.005942564,0.00784122,0.007170359,1,9.478821043565729,0.059490891962724966,False,0.0
injection_pump,asymmetric,icp_pt2pl,medium,2,0.0358616327942733,7.395096262576626e-05,True,0.0358616327942733,7.395096262576626e-05,True,0.0,itodd_injection_pump.ply,0.145244,0.001452,13103,11137,-0.039867976,-0.005761002,0.039484045,0.998407915,-0.005950642,0.007848262,0.007169638,-0.040151347,-0.005657601,0.03956621,0.998393898,-0.005942564,0.00784122,0.007170359,1,0.0358615660837358,7.394969152756433e-05,True,0.0
injection_pump,asymmetric,fpfh_ransac,medium,2,98.5230069298798,0.1292092999064396,False,98.5230069298798,0.1292092999064396,False,0.0,itodd_injection_pump.ply,0.145244,0.001452,13103,11137,0.783070191,-0.000152773,-0.042406859,-0.620485867,-0.0060767,0.004078319,-0.011214913,-0.040151347,-0.005657601,0.03956621,0.998393898,-0.005942564,0.00784122,0.007170359,1,98.5230068813286,0.12920930445495962,False,0.0
injection_pump,asymmetric,fgr,medium,2,0.0343560321083995,9.13116625769454e-05,True,0.0343560321083995,9.13116625769454e-05,True,0.0,itodd_injection_pump.ply,0.145244,0.001452,13103,11137,-0.039882675,-0.005774946,0.039504759,0.998406428,-0.005952374,0.007850118,0.007169669,-0.040151347,-0.005657601,0.03956621,0.998393898,-0.005942564,0.00784122,0.007170359,1,0.03435601702315999,9.130996599001015e-05,True,0.0
injection_pump,asymmetric,icp_pt2pt,medium,3,32.942312384624564,0.1498731258184021,False,32.942312384624564,0.1498731258184021,False,0.0,itodd_injection_pump.ply,0.145244,0.001452,13103,11137,-0.003503834,-0.01537839,0.005909667,0.999858142,0.001688475,0.00055763,0.002085307,-0.173395626,0.099244642,0.20184178,0.958824465,0.002310428,0.008358398,0.022398223,1,32.942312460190514,0.1498731319319063,False,0.0
injection_pump,asymmetric,icp_pt2pl,medium,3,35.28695015423372,0.1173910027914589,False,35.28695015423372,0.1173910027914589,False,0.0,itodd_injection_pump.ply,0.145244,0.001452,13103,11137,-0.00900941,-0.0663536,0.006602059,0.997733653,0.000908102,0.0004093,0.007379588,-0.173395626,0.099244642,0.20184178,0.958824465,0.002310428,0.008358398,0.022398223,1,35.28695010582431,0.11739100702539024,False,0.0
injection_pump,asymmetric,fpfh_ransac,medium,3,0.022910413305253,0.0001058001011456,True,0.022910413305253,0.0001058001011456,True,0.0,itodd_injection_pump.ply,0.145244,0.001452,13103,11137,-0.173390489,0.099443099,0.201851373,0.958802812,0.002321742,0.008356331,0.022388032,-0.173395626,0.099244642,0.20184178,0.958824465,0.002310428,0.008358398,0.022398223,1,0.022910417314133326,0.00010579922860671722,True,0.0
injection_pump,asymmetric,fgr,medium,3,0.0240148047620136,0.0001006329816746,True,0.0240148047620136,0.0001006329816746,True,0.0,itodd_injection_pump.ply,0.145244,0.001452,13103,11137,-0.173323954,0.099435813,0.201886203,0.958808264,0.002321626,0.008355013,0.022389461,-0.173395626,0.099244642,0.20184178,0.958824465,0.002310428,0.008358398,0.022398223,1,0.024014821031396745,0.00010063033714822603,True,0.0
injection_pump,asymmetric,icp_pt2pt,medium,4,39.76766385061911,0.1445416503687854,False,39.76766385061911,0.1445416503687854,False,0.0,itodd_injection_pump.ply,0.145244,0.001452,13103,11137,-0.001825746,0.006410387,0.000946858,0.999977338,0.000316735,-0.00224168,-0.005668787,-0.183398459,-0.1407145,-0.246365213,0.941205937,0.015069352,-0.014596837,-0.014062258,1,39.767663937828395,0.14454165304894565,False,0.0
injection_pump,asymmetric,icp_pt2pl,medium,4,35.081778923637,0.1264288142532712,False,35.081778923637,0.1264288142532712,False,0.0,itodd_injection_pump.ply,0.145244,0.001452,13103,11137,-0.015526292,-6.1001e-05,-0.042178096,0.998989459,0.001214394,-0.002726672,-0.011978972,-0.183398459,-0.1407145,-0.246365213,0.941205937,0.015069352,-0.014596837,-0.014062258,1,35.081778994365656,0.12642881601121306,False,0.0
injection_pump,asymmetric,fpfh_ransac,medium,4,0.0338305609875485,6.864300368845652e-05,True,0.0338305609875485,6.864300368845652e-05,True,0.0,itodd_injection_pump.ply,0.145244,0.001452,13103,11137,-0.183120924,-0.140782196,-0.246435178,0.941231536,0.015078132,-0.014592185,-0.01406308,-0.183398459,-0.1407145,-0.246365213,0.941205937,0.015069352,-0.014596837,-0.014062258,1,0.03383049380555946,6.864459146550526e-05,True,0.0
injection_pump,asymmetric,fgr,medium,4,0.0340635182851859,6.656634691534525e-05,True,0.0340635182851859,6.656634691534525e-05,True,0.0,itodd_injection_pump.ply,0.145244,0.001452,13103,11137,-0.183118456,-0.140786001,-0.246429391,0.941232962,0.015076493,-0.014590535,-0.014063924,-0.183398459,-0.1407145,-0.246365213,0.941205937,0.015069352,-0.014596837,-0.014062258,1,0.03406343523508096,6.656898443520081e-05,True,0.0
injection_pump,asymmetric,icp_pt2pt,medium,5,21.87189293345179,0.1313336090973798,False,21.87189293345179,0.1313336090973798,False,0.0,itodd_injection_pump.ply,0.145244,0.001452,13103,11137,0.04658588,0.014911108,-0.015676845,0.998679954,0.000324958,0.001719827,-0.001669578,-0.047718383,0.021634216,-0.18032943,0.982209862,0.01102319,-0.003059563,-0.016722049,1,21.871892875667406,0.131333612809651,False,0.0
injection_pump,asymmetric,icp_pt2pl,medium,5,26.18559521094002,0.1118250882826732,False,26.18559521094002,0.1118250882826732,False,0.0,itodd_injection_pump.ply,0.145244,0.001452,13103,11137,0.141141962,0.030860446,-0.053037569,0.988085824,0.000583956,0.002939513,-0.005820968,-0.047718383,0.021634216,-0.18032943,0.982209862,0.01102319,-0.003059563,-0.016722049,1,26.18559517272881,0.1118250924392259,False,0.0
injection_pump,asymmetric,fpfh_ransac,medium,5,0.0365381811738793,0.0001412993282053,True,0.0365381811738793,0.0001412993282053,True,0.0,itodd_injection_pump.ply,0.145244,0.001452,13103,11137,-0.047491446,0.021835132,-0.180427759,0.982198357,0.011008895,-0.003069422,-0.016732987,-0.047718383,0.021634216,-0.18032943,0.982209862,0.01102319,-0.003059563,-0.016722049,1,0.03653810739943625,0.00014129901987807407,True,0.0
injection_pump,asymmetric,fgr,medium,5,0.0454646293828954,0.0001199852397077,True,0.0454646293828954,0.0001199852397077,True,0.0,itodd_injection_pump.ply,0.145244,0.001452,13103,11137,-0.047393467,0.021842357,-0.180421552,0.98220407,0.011009749,-0.003065236,-0.016731581,-0.047718383,0.021634216,-0.18032943,0.982209862,0.01102319,-0.003059563,-0.016722049,1,0.045464566774407134,0.00011998471809290363,True,0.0
injection_pump,asymmetric,icp_pt2pt,medium,6,26.083357695955225,0.0735224767597825,False,26.083357695955225,0.0735224767597825,False,0.0,itodd_injection_pump.ply,0.145244,0.001452,13103,11137,-0.020842184,0.008173466,0.00491421,0.99973729,0.000336886,-0.001330563,0.000857798,-0.160662472,0.137088586,-0.115782051,0.970561078,0.008808698,-0.005822637,-0.003841594,1,26.08335773690464,0.07352247948547992,False,0.0
injection_pump,asymmetric,icp_pt2pl,medium,6,16.21109877726226,0.0586876526422432,False,16.21109877726226,0.0586876526422432,False,0.0,itodd_injection_pump.ply,0.145244,0.001452,13103,11137,-0.141101918,0.037219036,-0.019451332,0.989103957,0.001236607,-0.003174535,-0.000958874,-0.160662472,0.137088586,-0.115782051,0.970561078,0.008808698,-0.005822637,-0.003841594,1,16.211098865130598,0.05868765399667713,False,0.0
injection_pump,asymmetric,fpfh_ransac,medium,6,0.0338780132182754,0.0001358851307361,True,0.0338780132182754,0.0001358851307361,True,0.0,itodd_injection_pump.ply,0.145244,0.001452,13103,11137,-0.160567128,0.137349916,-0.115682384,0.970551794,0.008794412,-0.0058351,-0.003847084,-0.160662472,0.137088586,-0.115782051,0.970561078,0.008808698,-0.005822637,-0.003841594,1,0.03387795351049155,0.00013588981137311682,True,0.0
injection_pump,asymmetric,fgr,medium,6,0.0353417311409582,0.000136159612626,True,0.0353417311409582,0.000136159612626,True,0.0,itodd_injection_pump.ply,0.145244,0.001452,13103,11137,-0.160537811,0.137351046,-0.115678723,0.97055692,0.008794232,-0.005834774,-0.003847472,-0.160662472,0.137088586,-0.115782051,0.970561078,0.008808698,-0.005822637,-0.003841594,1,0.035341712805170525,0.00013616276781502353,True,0.0
injection_pump,asymmetric,icp_pt2pt,medium,7,0.069144239814946,4.6259274814066616e-05,True,0.069144239814946,4.6259274814066616e-05,True,0.0,itodd_injection_pump.ply,0.145244,0.001452,13103,11137,-0.01481264,0.004265477,0.02089148,0.999662912,8.1819e-05,-0.000203982,0.000103484,-0.015261822,0.004178077,0.021284506,0.999648233,8.2032e-05,-0.000204494,9.6788e-05,1,0.06914422292640414,4.625955772643742e-05,True,0.0
injection_pump,asymmetric,icp_pt2pl,medium,7,0.0240706832890946,0.0001621457542188,True,0.0240706832890946,0.0001621457542188,True,0.0,itodd_injection_pump.ply,0.145244,0.001452,13103,11137,-0.015113512,0.004047746,0.021212931,0.999652544,7.967e-05,-0.000212738,0.000118722,-0.015261822,0.004178077,0.021284506,0.999648233,8.2032e-05,-0.000204494,9.6788e-05,1,0.02407066309040947,0.00016214685975429256,True,0.0
injection_pump,asymmetric,fpfh_ransac,medium,7,124.03854569699472,0.0306634581007905,False,124.03854569699472,0.0306634581007905,False,0.0,itodd_injection_pump.ply,0.145244,0.001452,13103,11137,0.870878028,0.095283531,0.003547516,0.48216172,0.003464584,0.002051139,-0.001721386,-0.015261822,0.004178077,0.021284506,0.999648233,8.2032e-05,-0.000204494,9.6788e-05,1,124.03854568297793,0.030663458059226156,False,0.0
injection_pump,asymmetric,fgr,medium,7,0.0260174527698006,0.0001614230619372,True,0.0260174527698006,0.0001614230619372,True,0.0,itodd_injection_pump.ply,0.145244,0.001452,13103,11137,-0.015098225,0.004024246,0.021317908,0.999650637,8.2495e-05,-0.000209324,0.000119726,-0.015261822,0.004178077,0.021284506,0.999648233,8.2032e-05,-0.000204494,9.6788e-05,1,0.026017439545800724,0.0001614220049389624,True,0.0
injection_pump,asymmetric,icp_pt2pt,medium,8,16.47051181280242,0.1633263694871303,False,16.47051181280242,0.1633263694871303,False,0.0,itodd_injection_pump.ply,0.145244,0.001452,13103,11137,-0.010929272,0.001113301,-0.009172245,0.999897586,7.8489e-05,0.002576319,-0.003818908,0.031656935,0.137004779,-0.024681113,0.989756723,0.005378846,0.025005049,-0.009440287,1,16.470511724513926,0.1633263722324581,False,0.0
injection_pump,asymmetric,icp_pt2pl,medium,8,6.07950302459761,0.1122070597178828,False,6.07950302459761,0.1122070597178828,False,0.0,itodd_injection_pump.ply,0.145244,0.001452,13103,11137,0.032664434,0.084537215,-0.019684587,0.995690218,-0.000628271,0.009912598,-0.008122027,0.031656935,0.137004779,-0.024681113,0.989756723,0.005378846,0.025005049,-0.009440287,1,6.079502983123083,0.11220706465974808,False,0.0
injection_pump,asymmetric,fpfh_ransac,medium,8,0.0389347084773393,4.66147433460515e-05,True,0.0389347084773393,4.66147433460515e-05,True,0.0,itodd_injection_pump.ply,0.145244,0.001452,13103,11137,0.031738948,0.137315001,-0.024781925,0.989708586,0.005379815,0.024999284,-0.009436872,0.031656935,0.137004779,-0.024681113,0.989756723,0.005378846,0.025005049,-0.009440287,1,0.0389348414209187,4.661300501773476e-05,True,0.0
injection_pump,asymmetric,fgr,medium,8,0.0553532764869153,4.902132218379337e-05,True,0.0553532764869153,4.902132218379337e-05,True,0.0,itodd_injection_pump.ply,0.145244,0.001452,13103,11137,0.031921554,0.137389332,-0.024787307,0.989692263,0.005378038,0.02500232,-0.00943376,0.031656935,0.137004779,-0.024681113,0.989756723,0.005378846,0.025005049,-0.009440287,1,0.05535335580181458,4.902464869685142e-05,True,0.0
injection_pump,asymmetric,icp_pt2pt,medium,9,30.613277187907784,0.1089020301931198,False,30.613277187907784,0.1089020301931198,False,0.0,itodd_injection_pump.ply,0.145244,0.001452,13103,11137,0.033372223,0.022798279,-0.003304098,0.99917747,0.000891382,0.003955242,0.000685465,-0.107722614,0.187409925,0.147634304,0.965130805,0.005371907,0.011971783,-0.012192775,1,30.613277210019707,0.10890203394196643,False,0.0
injection_pump,asymmetric,icp_pt2pl,medium,9,34.39739879186587,0.0976613057675465,False,34.39739879186587,0.0976613057675465,False,0.0,itodd_injection_pump.ply,0.145244,0.001452,13103,11137,0.108478218,0.029343117,0.017647316,0.993508948,0.001693456,0.007559253,0.000776606,-0.107722614,0.187409925,0.147634304,0.965130805,0.005371907,0.011971783,-0.012192775,1,34.397398869078245,0.09766131106545271,False,0.0
injection_pump,asymmetric,fpfh_ransac,medium,9,0.0168573594125148,5.111228027882544e-05,True,0.0168573594125148,5.111228027882544e-05,True,0.0,itodd_injection_pump.ply,0.145244,0.001452,13103,11137,-0.107702147,0.187271647,0.147603396,0.965164657,0.005378051,0.01197137,-0.012188628,-0.107722614,0.187409925,0.147634304,0.965130805,0.005371907,0.011971783,-0.012192775,1,0.01685741372315102,5.111451518081775e-05,True,0.0
injection_pump,asymmetric,fgr,medium,9,0.0223373765924648,7.838102497766075e-05,True,0.0223373765924648,7.838102497766075e-05,True,0.0,itodd_injection_pump.ply,0.145244,0.001452,13103,11137,-0.107607427,0.187259327,0.147622912,0.965174628,0.005379104,0.011975993,-0.012185023,-0.107722614,0.187409925,0.147634304,0.965130805,0.005371907,0.011971783,-0.012192775,1,0.02233742978374258,7.838418513333413e-05,True,0.0
injection_pump,asymmetric,icp_pt2pt,medium,10,6.240743987144224,0.1292679212396124,False,6.240743987144224,0.1292679212396124,False,0.0,itodd_injection_pump.ply,0.145244,0.001452,13103,11137,-0.035730084,0.014881092,-0.020166882,0.999047152,0.002047579,0.00125774,0.003533049,-0.080396115,0.04539151,-0.025271756,0.995408164,0.020561655,0.003336538,0.005861751,1,6.24074395785064,0.129267920578442,False,0.0
injection_pump,asymmetric,icp_pt2pl,medium,10,5.4311635912188,0.1086792120593408,False,5.4311635912188,0.1086792120593408,False,0.0,itodd_injection_pump.ply,0.145244,0.001452,13103,11137,-0.043824845,0.031632265,-0.052030398,0.997181839,0.004983218,0.000821737,0.006254715,-0.080396115,0.04539151,-0.025271756,0.995408164,0.020561655,0.003336538,0.005861751,1,5.431163548859162,0.10867921410707412,False,0.0
injection_pump,asymmetric,fpfh_ransac,medium,10,0.0363787337978747,0.0001431333811549,True,0.0363787337978747,0.0001431333811549,True,0.0,itodd_injection_pump.ply,0.145244,0.001452,13103,11137,-0.080610233,0.045269721,-0.025471306,0.995391308,0.020561803,0.00331798,0.005852382,-0.080396115,0.04539151,-0.025271756,0.995408164,0.020561655,0.003336538,0.005861751,1,0.036378697410225334,0.0001431343577248621,True,0.0
injection_pump,asymmetric,fgr,medium,10,0.0406180811218601,0.000142038847982,True,0.0406180811218601,0.000142038847982,True,0.0,itodd_injection_pump.ply,0.145244,0.001452,13103,11137,-0.080662428,0.045262458,-0.025465766,0.995387551,0.020562387,0.00331864,0.005851516,-0.080396115,0.04539151,-0.025271756,0.995408164,0.020561655,0.003336538,0.005861751,1,0.040618110768536275,0.0001420422802820377,True,0.0
injection_pump,asymmetric,icp_pt2pt,medium,11,2.402754483776293,0.0353608024072374,False,2.402754483776293,0.0353608024072374,False,0.0,itodd_injection_pump.ply,0.145244,0.001452,13103,11137,-0.011137818,0.006449589,-0.00367816,0.999910407,-0.002456297,0.002455428,0.005503594,-0.022211828,-0.000344981,0.012777341,0.999671574,-0.007501708,0.002748179,0.006417949,1,2.402754490706137,0.035360799490753984,False,0.0
injection_pump,asymmetric,icp_pt2pl,medium,11,0.0292226639576045,3.930854412070656e-05,True,0.0292226639576045,3.930854412070656e-05,True,0.0,itodd_injection_pump.ply,0.145244,0.001452,13103,11137,-0.022141549,-0.000397649,0.012537969,0.999676144,-0.007505298,0.002752157,0.006415978,-0.022211828,-0.000344981,0.012777341,0.999671574,-0.007501708,0.002748179,0.006417949,1,0.029222621577756173,3.930913131836678e-05,True,0.0
injection_pump,asymmetric,fpfh_ransac,medium,11,0.0289347262525517,4.110264156624368e-05,True,0.0289347262525517,4.110264156624368e-05,True,0.0,itodd_injection_pump.ply,0.145244,0.001452,13103,11137,-0.022133214,-0.00039674,0.012543083,0.999676265,-0.007505677,0.002751974,0.006415606,-0.022211828,-0.000344981,0.012777341,0.999671574,-0.007501708,0.002748179,0.006417949,1,0.028934759254317634,4.110540060777139e-05,True,0.0
injection_pump,asymmetric,fgr,medium,11,0.0209792972346874,4.965052734083942e-05,True,0.0209792972346874,4.965052734083942e-05,True,0.0,itodd_injection_pump.ply,0.145244,0.001452,13103,11137,-0.022173616,-0.000400185,0.012607044,0.999674564,-0.00750693,0.002752416,0.006415345,-0.022211828,-0.000344981,0.012777341,0.999671574,-0.007501708,0.002748179,0.006417949,1,0.020979222497672468,4.964927897920086e-05,True,0.0
injection_pump,asymmetric,icp_pt2pt,medium,12,30.09423619794956,0.092090811475806,False,30.09423619794956,0.092090811475806,False,0.0,itodd_injection_pump.ply,0.145244,0.001452,13103,11137,0.015345376,-0.011946592,-0.021742729,0.999574435,0.001150681,0.002180569,0.003558302,-0.243350363,-0.016118614,0.005581119,0.969788452,0.001818245,0.013304906,0.010955002,1,30.094236217540676,0.09209081125152457,False,0.0
injection_pump,asymmetric,icp_pt2pl,medium,12,5.933299937436782,0.015538669590586,False,5.933299937436782,0.015538669590586,False,0.0,itodd_injection_pump.ply,0.145244,0.001452,13103,11137,-0.199927179,0.005023965,-0.010186883,0.979744921,0.002785359,0.011277685,0.011175586,-0.243350363,-0.016118614,0.005581119,0.969788452,0.001818245,0.013304906,0.010955002,1,5.93329998241251,0.01553867083549378,False,0.0
injection_pump,asymmetric,fpfh_ransac,medium,12,0.0147377437313985,0.0001025979593301,True,0.0147377437313985,0.0001025979593301,True,0.0,itodd_injection_pump.ply,0.145244,0.001452,13103,11137,-0.243280841,-0.016016447,0.005611282,0.969807414,0.001830138,0.013298787,0.010961574,-0.243350363,-0.016118614,0.005581119,0.969788452,0.001818245,0.013304906,0.010955002,1,0.0147377256290115,0.0001026014240921052,True,0.0
injection_pump,asymmetric,fgr,medium,12,0.0208819396195236,0.0001137214128131,True,0.0208819396195236,0.0001137214128131,True,0.0,itodd_injection_pump.ply,0.145244,0.001452,13103,11137,-0.243209089,-0.016017385,0.005621637,0.969825334,0.001830532,0.013297001,0.010962707,-0.243350363,-0.016118614,0.005581119,0.969788452,0.001818245,0.013304906,0.010955002,1,0.02088197927403319,0.00011372213658813192,True,0.0
injection_pump,asymmetric,icp_pt2pt,medium,13,20.57680664719334,0.0855598534816638,False,20.57680664719334,0.0855598534816638,False,0.0,itodd_injection_pump.ply,0.145244,0.001452,13103,11137,-0.00692494,0.007941946,-0.015242186,0.999828308,-0.000488305,0.003613095,-0.002306468,0.164499419,0.001330725,0.035051553,0.985753295,0.003362924,0.014498647,-0.006900432,1,20.57680666664853,0.08555985555665545,False,0.0
injection_pump,asymmetric,icp_pt2pl,medium,13,12.484916882222617,0.0388679313908628,False,12.484916882222617,0.0388679313908628,False,0.0,itodd_injection_pump.ply,0.145244,0.001452,13103,11137,0.073790192,0.050360316,0.001560991,0.996000206,0.001297704,0.010031891,-0.004134071,0.164499419,0.001330725,0.035051553,0.985753295,0.003362924,0.014498647,-0.006900432,1,12.484916890554222,0.03886793259625595,False,0.0
injection_pump,asymmetric,fpfh_ransac,medium,13,0.015355907103026,0.0001436856667162,True,0.015355907103026,0.0001436856667162,True,0.0,itodd_injection_pump.ply,0.145244,0.001452,13103,11137,0.164376858,0.00129397,0.035018155,0.985774976,0.003362794,0.014483576,-0.006885997,0.164499419,0.001330725,0.035051553,0.985753295,0.003362924,0.014498647,-0.006900432,1,0.015355961834677499,0.0001436833457712025,True,0.0
injection_pump,asymmetric,fgr,medium,13,0.017147796031667,0.0001272413317896,True,0.017147796031667,0.0001272413317896,True,0.0,itodd_injection_pump.ply,0.145244,0.001452,13103,11137,0.164354707,0.001310668,0.035030839,0.985778197,0.003361234,0.014485461,-0.006887594,0.164499419,0.001330725,0.035051553,0.985753295,0.003362924,0.014498647,-0.006900432,1,0.01714782395981931,0.00012723986037446367,True,0.0
injection_pump,asymmetric,icp_pt2pt,medium,14,29.961664675001227,0.2383470462666136,False,29.961664675001227,0.2383470462666136,False,0.0,itodd_injection_pump.ply,0.145244,0.001452,13103,11137,0.01999137,0.06127674,-0.00774323,0.997890549,-0.001489663,0.000259917,-0.003318631,-0.130504492,0.240309839,0.099847243,0.956687142,-0.023193546,-0.026697584,-0.004139448,1,29.961664709911663,0.23834705542443377,False,0.0
injection_pump,asymmetric,icp_pt2pl,medium,14,32.478347572908326,0.2340682441819519,False,32.478347572908326,0.2340682441819519,False,0.0,itodd_injection_pump.ply,0.145244,0.001452,13103,11137,-0.020492228,0.027993364,-0.044629548,0.998401043,-0.00497595,0.001487859,-0.009570529,-0.130504492,0.240309839,0.099847243,0.956687142,-0.023193546,-0.026697584,-0.004139448,1,32.47834758656283,0.23406825279507273,False,0.0
injection_pump,asymmetric,fpfh_ransac,medium,14,0.0425332560745097,0.0001662155037944,True,0.0425332560745097,0.0001662155037944,True,0.0,itodd_injection_pump.ply,0.145244,0.001452,13103,11137,-0.130150177,0.240396882,0.099787346,0.95671979,-0.023215335,-0.026697662,-0.004149841,-0.130504492,0.240309839,0.099847243,0.956687142,-0.023193546,-0.026697584,-0.004139448,1,0.042533254292171016,0.00016620899039640794,True,0.0
injection_pump,asymmetric,fgr,medium,14,0.0365717341830501,0.0001842853385579,True,0.0365717341830501,0.0001842853385579,True,0.0,itodd_injection_pump.ply,0.145244,0.001452,13103,11137,-0.130206504,0.240397654,0.099778772,0.956712826,-0.0232185,-0.026698114,-0.004149115,-0.130504492,0.240309839,0.099847243,0.956687142,-0.023193546,-0.026697584,-0.004139448,1,0.036571814586629336,0.00018428494800555044,True,0.0
injection_pump,asymmetric,icp_pt2pt,medium,15,0.0443362628862218,0.0002292865725234,True,0.0443362628862218,0.0002292865725234,True,0.0,itodd_injection_pump.ply,0.145244,0.001452,13103,11137,-0.00691863,0.006912734,0.005498224,0.999937056,0.00069358,-0.000184034,0.000908749,-0.007278965,0.00697124,0.005370052,0.999934788,0.000718679,-0.000202209,0.000920946,1,0.04433634219720997,0.00022928665515524867,True,0.0
injection_pump,asymmetric,icp_pt2pl,medium,15,0.020148406165625,0.0001143163420514,True,0.020148406165625,0.0001143163420514,True,0.0,itodd_injection_pump.ply,0.145244,0.001452,13103,11137,-0.007207135,0.006889189,0.005232138,0.999936609,0.000707156,-0.000191258,0.000925742,-0.007278965,0.00697124,0.005370052,0.999934788,0.000718679,-0.000202209,0.000920946,1,0.020148410253740992,0.00011432061453098532,True,0.0
injection_pump,asymmetric,fpfh_ransac,medium,15,0.0226413431560789,0.0001137282306942,True,0.0226413431560789,0.0001137282306942,True,0.0,itodd_injection_pump.ply,0.145244,0.001452,13103,11137,-0.007210688,0.006861834,0.005220373,0.999936832,0.000708777,-0.0001912,0.000928268,-0.007278965,0.00697124,0.005370052,0.999934788,0.000718679,-0.000202209,0.000920946,1,0.02264144859321671,0.00011372900364902975,True,0.0
injection_pump,asymmetric,fgr,medium,15,0.0230991424895353,0.0001164366835911,True,0.0230991424895353,0.0001164366835911,True,0.0,itodd_injection_pump.ply,0.145244,0.001452,13103,11137,-0.00733349,0.006838845,0.005228169,0.999936056,0.000709463,-0.000191335,0.000930048,-0.007278965,0.00697124,0.005370052,0.999934788,0.000718679,-0.000202209,0.000920946,1,0.02309917003839514,0.00011644041583482854,True,0.0
injection_pump,asymmetric,icp_pt2pt,medium,16,42.48925175166108,0.0324144590340507,False,42.48925175166108,0.0324144590340507,False,0.0,itodd_injection_pump.ply,0.145244,0.001452,13103,11137,0.036144125,0.007302824,-0.004826579,0.999308248,0.000130358,0.001513096,-0.001860651,0.100007058,0.236963317,-0.276341353,0.926003473,0.00240396,0.001842744,-0.005970077,1,42.48925171233374,0.03241445782764243,False,0.0
injection_pump,asymmetric,icp_pt2pl,medium,16,29.350130896070404,0.018219790754445,False,29.350130896070404,0.018219790754445,False,0.0,itodd_injection_pump.ply,0.145244,0.001452,13103,11137,0.066856143,0.112985862,-0.06473566,0.989228864,-4.1267e-05,0.002846792,-0.006095534,0.100007058,0.236963317,-0.276341353,0.926003473,0.00240396,0.001842744,-0.005970077,1,29.35013091436937,0.018219793774242307,False,0.0
injection_pump,asymmetric,fpfh_ransac,medium,16,0.0222474395858209,7.613132109482515e-05,True,0.0222474395858209,7.613132109482515e-05,True,0.0,itodd_injection_pump.ply,0.145244,0.001452,13103,11137,0.099838415,0.23695247,-0.276436635,0.925996007,0.002398212,0.001842224,-0.005979509,0.100007058,0.236963317,-0.276341353,0.926003473,0.00240396,0.001842744,-0.005970077,1,0.022247448530567208,7.613182574284793e-05,True,0.0
injection_pump,asymmetric,fgr,medium,16,0.0163419432108432,6.964414263544267e-05,True,0.0163419432108432,6.964414263544267e-05,True,0.0,itodd_injection_pump.ply,0.145244,0.001452,13103,11137,0.09988453,0.23695926,-0.276413836,0.925996102,0.002399495,0.001843164,-0.005979144,0.100007058,0.236963317,-0.276341353,0.926003473,0.00240396,0.001842744,-0.005970077,1,0.016341932193448754,6.964479645741694e-05,True,0.0
injection_pump,asymmetric,icp_pt2pt,medium,17,14.487811311009793,0.0059687186152442,False,14.487811311009793,0.0059687186152442,False,0.0,itodd_injection_pump.ply,0.145244,0.001452,13103,11137,0.018828693,-0.001289198,0.042929371,0.998899839,0.000474789,0.002054944,-0.003469765,0.014852162,0.005781408,0.16831161,0.985604987,-0.000359096,0.002272739,-0.003376205,1,14.487811310184592,0.005968722824980046,False,0.0
injection_pump,asymmetric,icp_pt2pl,medium,17,0.0466879028608845,9.112610772668113e-05,True,0.0466879028608845,9.112610772668113e-05,True,0.0,itodd_injection_pump.ply,0.145244,0.001452,13103,11137,0.015194665,0.005756477,0.168094705,0.985636929,-0.000357512,0.002285522,-0.003373165,0.014852162,0.005781408,0.16831161,0.985604987,-0.000359096,0.002272739,-0.003376205,1,0.046687859925627656,9.112005903074773e-05,True,0.0
injection_pump,asymmetric,fpfh_ransac,medium,17,0.0396427013684848,0.0001132352036766,True,0.0396427013684848,0.0001132352036766,True,0.0,itodd_injection_pump.ply,0.145244,0.001452,13103,11137,0.015154606,0.005776506,0.168145425,0.985628777,-0.000359397,0.002288874,-0.003373033,0.014852162,0.005781408,0.16831161,0.985604987,-0.000359096,0.002272739,-0.003376205,1,0.03964268803755739,0.00011323423106105102,True,0.0
injection_pump,asymmetric,fgr,medium,17,0.041100061422557,0.0001180244751772,True,0.041100061422557,0.0001180244751772,True,0.0,itodd_injection_pump.ply,0.145244,0.001452,13103,11137,0.015163909,0.005789742,0.168136244,0.985630122,-0.000359678,0.002289728,-0.003373997,0.014852162,0.005781408,0.16831161,0.985604987,-0.000359096,0.002272739,-0.003376205,1,0.041099992502406556,0.00011802046934222562,True,0.0
injection_pump,asymmetric,icp_pt2pt,medium,18,39.32083651359868,0.1974466354346418,False,39.32083651359868,0.1974466354346418,False,0.0,itodd_injection_pump.ply,0.145244,0.001452,13103,11137,-0.006290268,-0.05939779,-0.015574255,0.998093071,-0.000602177,0.003744054,-0.001311357,0.028322699,-0.175283603,-0.327140096,0.928144838,0.005032955,0.031862684,-0.001201058,1,39.32083654536144,0.19744664018837083,False,0.0
injection_pump,asymmetric,icp_pt2pl,medium,18,38.15722169084258,0.1931733328077423,False,38.15722169084258,0.1931733328077423,False,0.0,itodd_injection_pump.ply,0.145244,0.001452,13103,11137,0.055058179,-0.137819537,-0.004577527,0.988915274,-0.001872609,0.004676976,-0.000522295,0.028322699,-0.175283603,-0.327140096,0.928144838,0.005032955,0.031862684,-0.001201058,1,38.15722164620975,0.19317333163463893,False,0.0
injection_pump,asymmetric,fpfh_ransac,medium,18,0.031824523485166,3.3608983136149355e-05,True,0.031824523485166,3.3608983136149355e-05,True,0.0,itodd_injection_pump.ply,0.145244,0.001452,13103,11137,0.028545095,-0.17539743,-0.327019627,0.928158975,0.005036481,0.031859715,-0.001202665,0.028322699,-0.175283603,-0.327140096,0.928144838,0.005032955,0.031862684,-0.001201058,1,0.03182453351739988,3.360969752670806e-05,True,0.0
injection_pump,asymmetric,fgr,medium,18,0.0297218933174434,2.012044322993932e-05,True,0.0297218933174434,2.012044322993932e-05,True,0.0,itodd_injection_pump.ply,0.145244,0.001452,13103,11137,0.028544081,-0.175360591,-0.327030387,0.928162176,0.005033487,0.031860149,-0.001202411,0.028322699,-0.175283603,-0.327140096,0.928144838,0.005032955,0.031862684,-0.001201058,1,0.029721837155137477,2.0119960504005316e-05,True,0.0
injection_pump,asymmetric,icp_pt2pt,medium,19,0.0161066881450307,0.0001800130588795,True,0.0161066881450307,0.0001800130588795,True,0.0,itodd_injection_pump.ply,0.145244,0.001452,13103,11137,0.024357174,0.061948111,-0.023485111,0.997505694,0.005456768,0.000465861,-0.000314343,0.024418391,0.061877126,-0.023380511,0.99751106,0.005482088,0.000461737,-0.000309295,1,0.016106676197357603,0.00018001152469404895,True,0.0
injection_pump,asymmetric,icp_pt2pl,medium,19,0.0126362607178063,5.004548864379295e-05,True,0.0126362607178063,5.004548864379295e-05,True,0.0,itodd_injection_pump.ply,0.145244,0.001452,13103,11137,0.024386064,0.061956405,-0.023449768,0.997505304,0.005484448,0.000464908,-0.000315395,0.024418391,0.061877126,-0.023380511,0.99751106,0.005482088,0.000461737,-0.000309295,1,0.012636211511950227,5.0045150724840553e-05,True,0.0
injection_pump,asymmetric,fpfh_ransac,medium,19,0.0146536491498767,4.785774293624261e-05,True,0.0146536491498767,4.785774293624261e-05,True,0.0,itodd_injection_pump.ply,0.145244,0.001452,13103,11137,0.024346185,0.061949163,-0.023457512,0.997506546,0.005485157,0.000464071,-0.000315079,0.024418391,0.061877126,-0.023380511,0.99751106,0.005482088,0.000461737,-0.000309295,1,0.01465364218573112,4.7859662814047825e-05,True,0.0
injection_pump,asymmetric,fgr,medium,19,0.0123454429560336,5.361802163145712e-05,True,0.0123454429560336,5.361802163145712e-05,True,0.0,itodd_injection_pump.ply,0.145244,0.001452,13103,11137,0.024423433,0.061960435,-0.023448286,0.997504175,0.005485155,0.000463744,-0.000316166,0.024418391,0.061877126,-0.023380511,0.99751106,0.005482088,0.000461737,-0.000309295,1,0.01234543374510166,5.361668269032756e-05,True,0.0
injection_pump,asymmetric,icp_pt2pt,hard,0,148.22512282463475,0.5714947155667529,False,148.22512282463475,0.5714947155667529,False,0.0,itodd_injection_pump.ply,0.145244,0.001452,13103,7862,-0.2040209,0.106084948,0.17238847,0.957811919,-0.005186555,0.023079827,-0.012976811,0.92168191,-0.355566852,-0.153524834,-0.022467654,0.007917725,-0.058815138,-0.016370722,1,148.22512283191645,0.5714947327663165,False,0.0
injection_pump,asymmetric,icp_pt2pl,hard,0,155.43587539869887,0.5965344190281432,False,155.43587539869887,0.5965344190281432,False,0.0,itodd_injection_pump.ply,0.145244,0.001452,13103,7862,0.28184562,-0.066983935,0.330109999,0.898389441,-0.012538895,0.013301062,0.027078077,0.92168191,-0.355566852,-0.153524834,-0.022467654,0.007917725,-0.058815138,-0.016370722,1,155.43587539128998,0.5965344374904227,False,0.0
injection_pump,asymmetric,fpfh_ransac,hard,0,0.0614507520302389,0.0004260696763624,True,0.0614507520302389,0.0004260696763624,True,0.0,itodd_injection_pump.ply,0.145244,0.001452,13103,7862,0.921636091,-0.355852592,-0.153110837,-0.022647748,0.007862352,-0.058825422,-0.016345076,0.92168191,-0.355566852,-0.153524834,-0.022467654,0.007917725,-0.058815138,-0.016370722,1,0.061450795990840995,0.0004260702167728692,True,0.0
injection_pump,asymmetric,fgr,hard,0,154.627407754325,0.848038836877387,False,154.627407754325,0.848038836877387,False,0.0,itodd_injection_pump.ply,0.145244,0.001452,13103,7862,0.058285322,0.744565105,0.150743036,-0.647689866,0.002239699,0.045826922,0.04835391,0.92168191,-0.355566852,-0.153524834,-0.022467654,0.007917725,-0.058815138,-0.016370722,1,154.62740780778375,0.8480388625563663,False,0.0
injection_pump,asymmetric,icp_pt2pt,hard,1,47.26152952515089,0.3396536739109306,False,47.26152952515089,0.3396536739109306,False,0.0,itodd_injection_pump.ply,0.145244,0.001452,13103,7862,0.033492575,0.026858327,-0.035403239,0.998450544,0.003367146,0.001089295,-0.001173384,-0.099864624,0.389073029,-0.135932164,0.905633304,0.044049081,0.006602671,-0.028528349,1,47.26152962180809,0.3396536804704103,False,0.0
injection_pump,asymmetric,icp_pt2pl,hard,1,50.069428857559984,0.3045666395050683,False,50.069428857559984,0.3045666395050683,False,0.0,itodd_injection_pump.ply,0.145244,0.001452,13103,7862,0.130295319,0.032629167,-0.098432261,0.9860373,0.011238807,-0.000685283,0.000233389,-0.099864624,0.389073029,-0.135932164,0.905633304,0.044049081,0.006602671,-0.028528349,1,50.0694288680494,0.30456664183248794,False,0.0
injection_pump,asymmetric,fpfh_ransac,hard,1,25.32769341356898,0.0758296461757536,False,25.32769341356898,0.0758296461757536,False,0.0,itodd_injection_pump.ply,0.145244,0.001452,13103,7862,-0.045892112,0.395730913,-0.342560194,0.850848678,0.04689497,-0.00402836,-0.028959534,-0.099864624,0.389073029,-0.135932164,0.905633304,0.044049081,0.006602671,-0.028528349,1,25.327693471938595,0.07582964914977489,False,0.0
injection_pump,asymmetric,fgr,hard,1,56.07058274898932,0.2468135166637829,False,56.07058274898932,0.2468135166637829,False,0.0,itodd_injection_pump.ply,0.145244,0.001452,13103,7862,0.342189365,0.497091792,-0.009954807,0.797312417,0.037282232,0.034593538,-0.007178562,-0.099864624,0.389073029,-0.135932164,0.905633304,0.044049081,0.006602671,-0.028528349,1,56.0705826988251,0.2468135265870767,False,0.0
injection_pump,asymmetric,icp_pt2pt,hard,2,27.19992638142506,0.1563231874991953,False,27.19992638142506,0.1563231874991953,False,0.0,itodd_injection_pump.ply,0.145244,0.001452,13103,7862,0.006831035,-0.024310403,-0.022139417,0.999435935,-0.001090745,0.002644184,-0.002586191,0.165952338,-0.181515399,-0.091808604,0.964926506,0.006148526,0.023970574,0.000293969,1,27.19992623584275,0.15632319092115152,False,0.0
injection_pump,asymmetric,icp_pt2pl,hard,2,24.975592866808476,0.1410177524655945,False,24.975592866808476,0.1410177524655945,False,0.0,itodd_injection_pump.ply,0.145244,0.001452,13103,7862,0.010812661,-0.039626553,-0.04689134,0.998055121,-0.002784014,0.00625764,-0.004802437,0.165952338,-0.181515399,-0.091808604,0.964926506,0.006148526,0.023970574,0.000293969,1,24.97559278164148,0.14101776107444222,False,0.0
injection_pump,asymmetric,fpfh_ransac,hard,2,34.99053931205484,0.0512673804015511,False,34.99053931205484,0.0512673804015511,False,0.0,itodd_injection_pump.ply,0.145244,0.001452,13103,7862,0.041240381,0.051691215,-0.242036899,0.968011048,0.001102037,0.020637029,-0.004049706,0.165952338,-0.181515399,-0.091808604,0.964926506,0.006148526,0.023970574,0.000293969,1,34.9905392372044,0.051267384613723654,False,0.0
injection_pump,asymmetric,fgr,hard,2,50.6110858868555,0.1565761911005219,False,50.6110858868555,0.1565761911005219,False,0.0,itodd_injection_pump.ply,0.145244,0.001452,13103,7862,0.562835485,-0.12803457,-0.159711589,0.800821812,0.005719948,0.014295417,0.020870533,0.165952338,-0.181515399,-0.091808604,0.964926506,0.006148526,0.023970574,0.000293969,1,50.611085988047684,0.15657619570815667,False,0.0
injection_pump,asymmetric,icp_pt2pt,hard,3,108.58812222281088,0.3558970797998468,False,108.58812222281088,0.3558970797998468,False,0.0,itodd_injection_pump.ply,0.145244,0.001452,13103,7862,0.033177771,0.051094776,-0.06273328,0.99616921,0.003462934,-0.007707442,-0.001245335,0.346434198,-0.033647392,0.760787253,-0.54777181,0.001937905,-0.038551511,0.040207915,1,108.58812236173283,0.3558970876399905,False,0.0
injection_pump,asymmetric,icp_pt2pl,hard,3,105.63234556013042,0.3045713174388773,False,105.63234556013042,0.3045713174388773,False,0.0,itodd_injection_pump.ply,0.145244,0.001452,13103,7862,-0.185031398,-0.169299552,-0.020803571,0.96781623,-0.000114835,9.85e-06,0.018627049,0.346434198,-0.033647392,0.760787253,-0.54777181,0.001937905,-0.038551511,0.040207915,1,105.6323456546562,0.3045713230394521,False,0.0
injection_pump,asymmetric,fpfh_ransac,hard,3,136.1303466891357,0.792006486534463,False,136.1303466891357,0.792006486534463,False,0.0,itodd_injection_pump.ply,0.145244,0.001452,13103,7862,0.131854317,0.786578283,-0.086394633,0.597030159,0.01297684,0.005695765,-0.065400731,0.346434198,-0.033647392,0.760787253,-0.54777181,0.001937905,-0.038551511,0.040207915,1,136.130346676094,0.7920065083920436,False,0.0
injection_pump,asymmetric,fgr,hard,3,112.20597697940848,0.7635351850828686,False,112.20597697940848,0.7635351850828686,False,0.0,itodd_injection_pump.ply,0.145244,0.001452,13103,7862,0.042097067,0.637791011,-0.186893135,0.746003632,0.039827555,-0.011494463,-0.06044425,0.346434198,-0.033647392,0.760787253,-0.54777181,0.001937905,-0.038551511,0.040207915,1,112.20597706867545,0.763535208076804,False,0.0
injection_pump,asymmetric,icp_pt2pt,hard,4,93.6720339270447,0.4382611440886698,False,93.6720339270447,0.4382611440886698,False,0.0,itodd_injection_pump.ply,0.145244,0.001452,13103,7862,0.0,0.0,0.0,1.0,0.0,0.0,0.0,0.06755914,-0.19282277,0.700198365,0.68408873,-0.002977507,0.001732996,0.063561507,1,93.67203392788979,0.43826115636046115,False,0.0
injection_pump,asymmetric,icp_pt2pl,hard,4,93.6720339270447,0.4382611440886698,False,93.6720339270447,0.4382611440886698,False,0.0,itodd_injection_pump.ply,0.145244,0.001452,13103,7862,0.0,0.0,0.0,1.0,0.0,0.0,0.0,0.06755914,-0.19282277,0.700198365,0.68408873,-0.002977507,0.001732996,0.063561507,1,93.67203392788979,0.43826115636046115,False,0.0
injection_pump,asymmetric,fpfh_ransac,hard,4,0.0524870244106585,0.0001546497978073,True,0.0524870244106585,0.0001546497978073,True,0.0,itodd_injection_pump.ply,0.145244,0.001452,13103,7862,0.067781343,-0.192894675,0.699902613,0.684349082,-0.002969579,0.001722458,0.06357969,0.06755914,-0.19282277,0.700198365,0.68408873,-0.002977507,0.001732996,0.063561507,1,0.052487051602973026,0.00015464745050287407,True,0.0
injection_pump,asymmetric,fgr,hard,4,25.614561717610624,0.2033301620556382,False,25.614561717610624,0.2033301620556382,False,0.0,itodd_injection_pump.ply,0.145244,0.001452,13103,7862,0.236382782,-0.217199684,0.574154455,0.753189312,0.021323415,-0.013495526,0.070613109,0.06755914,-0.19282277,0.700198365,0.68408873,-0.002977507,0.001732996,0.063561507,1,25.61456173530046,0.20333016792800981,False,0.0
injection_pump,asymmetric,icp_pt2pt,hard,5,132.13782803150568,0.26550783211902,False,132.13782803150568,0.26550783211902,False,0.0,itodd_injection_pump.ply,0.145244,0.001452,13103,7862,0.007645822,0.011218046,0.01527151,0.999791217,0.001428325,0.002864772,0.001239674,0.707591797,-0.573328446,0.076659436,-0.405871498,-0.007153702,-0.027061126,-0.021518333,1,132.13782810648692,0.26550784214800716,False,0.0
injection_pump,asymmetric,icp_pt2pl,hard,5,138.26190956019855,0.2933606766924784,False,138.26190956019855,0.2933606766924784,False,0.0,itodd_injection_pump.ply,0.145244,0.001452,13103,7862,0.028263234,-0.0524376,-0.015584127,0.998102511,0.004146731,0.004498909,0.004783397,0.707591797,-0.573328446,0.076659436,-0.405871498,-0.007153702,-0.027061126,-0.021518333,1,138.26190954678293,0.2933606848578653,False,0.0
injection_pump,asymmetric,fpfh_ransac,hard,5,171.2515587281817,0.3553690750476745,False,171.2515587281817,0.3553690750476745,False,0.0,itodd_injection_pump.ply,0.145244,0.001452,13103,7862,0.530077735,0.774883277,-0.341126435,-0.046970819,-0.010320512,0.024293375,-0.017417323,0.707591797,-0.573328446,0.076659436,-0.405871498,-0.007153702,-0.027061126,-0.021518333,1,171.25155875994324,0.3553690879270132,False,0.0
injection_pump,asymmetric,fgr,hard,5,122.82220848883144,0.3904214377187113,False,122.82220848883144,0.3904214377187113,False,0.0,itodd_injection_pump.ply,0.145244,0.001452,13103,7862,0.02069846,0.343852874,0.462827468,0.81677874,-0.005781387,0.028063297,-0.008288537,0.707591797,-0.573328446,0.076659436,-0.405871498,-0.007153702,-0.027061126,-0.021518333,1,122.8222084357927,0.3904214508149726,False,0.0
injection_pump,asymmetric,icp_pt2pt,hard,6,129.6146328541681,0.4789701632562283,False,129.6146328541681,0.4789701632562283,False,0.0,itodd_injection_pump.ply,0.145244,0.001452,13103,7862,0.0,0.0,0.0,1.0,0.0,0.0,0.0,-0.082669028,0.813113832,-0.388358216,0.425663746,-0.069186539,-0.006220181,0.003765027,1,129.61463281036674,0.4789701783152611,False,0.0
injection_pump,asymmetric,icp_pt2pl,hard,6,129.6146328541681,0.4789701632562283,False,129.6146328541681,0.4789701632562283,False,0.0,itodd_injection_pump.ply,0.145244,0.001452,13103,7862,0.0,0.0,0.0,1.0,0.0,0.0,0.0,-0.082669028,0.813113832,-0.388358216,0.425663746,-0.069186539,-0.006220181,0.003765027,1,129.61463281036674,0.4789701783152611,False,0.0
injection_pump,asymmetric,fpfh_ransac,hard,6,19.22287527983076,0.2158742842546484,False,19.22287527983076,0.2158742842546484,False,0.0,itodd_injection_pump.ply,0.145244,0.001452,13103,7862,-0.20072962,0.77842516,-0.309693903,0.507790878,-0.070869842,-0.037160937,-0.001024271,-0.082669028,0.813113832,-0.388358216,0.425663746,-0.069186539,-0.006220181,0.003765027,1,19.222875246086225,0.21587429233747382,False,0.0
injection_pump,asymmetric,fgr,hard,6,155.20630704834736,1.089124466871488,False,155.20630704834736,1.089124466871488,False,0.0,itodd_injection_pump.ply,0.145244,0.001452,13103,7862,0.708110757,-0.095275149,-0.155280094,0.682194909,0.080827812,0.037944461,-0.020086073,-0.082669028,0.813113832,-0.388358216,0.425663746,-0.069186539,-0.006220181,0.003765027,1,155.20630706850847,1.089124499775527,False,0.0
injection_pump,asymmetric,icp_pt2pt,hard,7,76.99534818918316,0.4481435632330061,False,76.99534818918316,0.4481435632330061,False,0.0,itodd_injection_pump.ply,0.145244,0.001452,13103,7862,0.286664245,0.234965789,-0.148490075,0.916823531,-0.013916168,0.006606953,-0.016049784,-0.075577788,-0.308661591,-0.064039538,0.945999449,0.033204812,-0.038148363,-0.01240224,1,76.9953481948732,0.44814357557661144,False,0.0
injection_pump,asymmetric,icp_pt2pl,hard,7,94.84025816978055,0.4907224791124166,False,94.84025816978055,0.4907224791124166,False,0.0,itodd_injection_pump.ply,0.145244,0.001452,13103,7862,0.316728012,0.363214384,-0.239544647,0.84283868,-0.02166964,0.007157158,-0.016434401,-0.075577788,-0.308661591,-0.064039538,0.945999449,0.033204812,-0.038148363,-0.01240224,1,94.84025818693483,0.4907224932355375,False,0.0
injection_pump,asymmetric,fpfh_ransac,hard,7,179.16902408656318,0.5123267374359218,False,179.16902408656318,0.5123267374359218,False,0.0,itodd_injection_pump.ply,0.145244,0.001452,13103,7862,0.94173606,0.063656881,-0.319928928,0.082015091,0.033426082,0.032526501,0.010883333,-0.075577788,-0.308661591,-0.064039538,0.945999449,0.033204812,-0.038148363,-0.01240224,1,179.1690240994536,0.5123267504888674,False,0.0
injection_pump,asymmetric,fgr,hard,7,130.09679448542337,0.582694347226356,False,130.09679448542337,0.582694347226356,False,0.0,itodd_injection_pump.ply,0.145244,0.001452,13103,7862,0.321427907,0.316106782,0.643759652,0.618331718,-0.005951977,0.033720591,-0.033950334,-0.075577788,-0.308661591,-0.064039538,0.945999449,0.033204812,-0.038148363,-0.01240224,1,130.0967944113698,0.5826943640988229,False,0.0
injection_pump,asymmetric,icp_pt2pt,hard,8,138.00336159495689,0.4666296626990622,False,138.00336159495689,0.4666296626990622,False,0.0,itodd_injection_pump.ply,0.145244,0.001452,13103,7862,0.025636506,0.068111041,0.150575634,0.985916139,-0.003966808,0.007489769,8.0999e-05,0.892197098,0.123131166,0.12917484,-0.414893861,0.045991425,-0.016816857,-0.038736978,1,138.0033616476391,0.46662967842494085,False,0.0
injection_pump,asymmetric,icp_pt2pl,hard,8,124.22130064521563,0.4777310316399941,False,124.22130064521563,0.4777310316399941,False,0.0,itodd_injection_pump.ply,0.145244,0.001452,13103,7862,-0.126656455,0.067137348,0.258223663,0.955390631,-0.006493144,0.01494883,-0.006318683,0.892197098,0.123131166,0.12917484,-0.414893861,0.045991425,-0.016816857,-0.038736978,1,124.22130064808776,0.47773105121794146,False,0.0
injection_pump,asymmetric,fpfh_ransac,hard,8,32.683510620340485,0.155522196130793,False,32.683510620340485,0.155522196130793,False,0.0,itodd_injection_pump.ply,0.145244,0.001452,13103,7862,0.841651743,0.393103177,0.078796242,-0.361778093,0.045061776,0.004681961,-0.031867884,0.892197098,0.123131166,0.12917484,-0.414893861,0.045991425,-0.016816857,-0.038736978,1,32.68351064516273,0.15552220374164558,False,0.0
injection_pump,asymmetric,fgr,hard,8,32.38409256939443,0.2382359488159439,False,32.38409256939443,0.2382359488159439,False,0.0,itodd_injection_pump.ply,0.145244,0.001452,13103,7862,0.782544701,0.286473121,-0.018143151,-0.552474224,0.03153398,0.01460578,-0.039697372,0.892197098,0.123131166,0.12917484,-0.414893861,0.045991425,-0.016816857,-0.038736978,1,32.3840926216796,0.23823595939575032,False,0.0
injection_pump,asymmetric,icp_pt2pt,hard,9,66.21588459902907,0.1398053406768455,False,66.21588459902907,0.1398053406768455,False,0.0,itodd_injection_pump.ply,0.145244,0.001452,13103,7862,-0.039514297,-0.016262553,0.001801342,0.999085034,0.001047998,0.000999458,0.000574047,-0.042113425,-0.490003793,0.268453998,0.828284488,-0.015391407,-0.010920063,0.000583058,1,66.2158846007694,0.13980535016627546,False,0.0
injection_pump,asymmetric,icp_pt2pl,hard,9,54.55554858917602,0.1609915487817637,False,54.55554858917602,0.1609915487817637,False,0.0,itodd_injection_pump.ply,0.145244,0.001452,13103,7862,-0.151160853,-0.129833752,0.027799915,0.979551304,0.005358986,-0.000454129,0.003162364,-0.042113425,-0.490003793,0.268453998,0.828284488,-0.015391407,-0.010920063,0.000583058,1,54.555548598443686,0.16099155934926593,False,0.0
injection_pump,asymmetric,fpfh_ransac,hard,9,63.89517416880379,0.0990805395902127,False,63.89517416880379,0.0990805395902127,False,0.0,itodd_injection_pump.ply,0.145244,0.001452,13103,7862,-0.495664314,-0.472585613,0.44850212,0.574304426,-0.018385257,-0.00378651,0.012717553,-0.042113425,-0.490003793,0.268453998,0.828284488,-0.015391407,-0.010920063,0.000583058,1,63.89517412769756,0.09908054183487269,False,0.0
injection_pump,asymmetric,fgr,hard,9,165.86546978382935,0.1309603531423914,False,165.86546978382935,0.1309603531423914,False,0.0,itodd_injection_pump.ply,0.145244,0.001452,13103,7862,0.784689479,-0.131045674,-0.535025231,0.284319284,-0.010446838,0.007126914,-0.002832223,-0.042113425,-0.490003793,0.268453998,0.828284488,-0.015391407,-0.010920063,0.000583058,1,165.86546977039663,0.1309603578225247,False,0.0
injection_pump,asymmetric,icp_pt2pt,hard,10,156.3563482873669,0.1407957976292157,False,156.3563482873669,0.1407957976292157,False,0.0,itodd_injection_pump.ply,0.145244,0.001452,13103,7862,0.004349949,0.006936284,0.005535532,0.999951161,1.5077e-05,0.000379156,-0.000491878,-0.041451918,0.94495898,-0.247554813,-0.209883013,0.018996468,0.007426909,-0.003360339,1,156.35634828852415,0.1407958029327619,False,0.0
injection_pump,asymmetric,icp_pt2pl,hard,10,154.991955102111,0.1427201800341003,False,154.991955102111,0.1427201800341003,False,0.0,itodd_injection_pump.ply,0.145244,0.001452,13103,7862,0.071099093,0.002624162,0.027340265,0.99709104,-0.000521382,0.000972616,-0.00069623,-0.041451918,0.94495898,-0.247554813,-0.209883013,0.018996468,0.007426909,-0.003360339,1,154.9919550961968,0.1427201875152375,False,0.0
injection_pump,asymmetric,fpfh_ransac,hard,10,148.03635784760834,0.2114847408098227,False,148.03635784760834,0.2114847408098227,False,0.0,itodd_injection_pump.ply,0.145244,0.001452,13103,7862,0.29155383,0.037226845,0.532548109,0.793727307,0.005329702,-0.020073492,-0.004049392,-0.041451918,0.94495898,-0.247554813,-0.209883013,0.018996468,0.007426909,-0.003360339,1,148.03635792414804,0.21148474412845994,False,0.0
injection_pump,asymmetric,fgr,hard,10,128.73062934929834,0.1355651943660704,False,128.73062934929834,0.1355651943660704,False,0.0,itodd_injection_pump.ply,0.145244,0.001452,13103,7862,0.160397786,0.442121593,-0.619601956,0.628406288,0.011741279,0.002403603,0.014241536,-0.041451918,0.94495898,-0.247554813,-0.209883013,0.018996468,0.007426909,-0.003360339,1,128.73062931374346,0.13556520306683295,False,0.0
injection_pump,asymmetric,icp_pt2pt,hard,11,110.59022333831426,0.2224599032183857,False,110.59022333831426,0.2224599032183857,False,0.0,itodd_injection_pump.ply,0.145244,0.001452,13103,7862,-0.031358582,-0.001112967,-0.054474406,0.998022014,0.000677926,-0.000715398,0.004169514,0.677618204,-0.437596147,-0.059850384,0.588014551,0.008149975,-0.013946491,-0.024345486,1,110.59022332058565,0.22245990615370675,False,0.0
injection_pump,asymmetric,icp_pt2pl,hard,11,108.7391068354767,0.2357692207767357,False,108.7391068354767,0.2357692207767357,False,0.0,itodd_injection_pump.ply,0.145244,0.001452,13103,7862,-0.019738941,-0.012971186,-0.147163824,0.988830082,-0.000780921,-0.00351392,0.007024191,0.677618204,-0.437596147,-0.059850384,0.588014551,0.008149975,-0.013946491,-0.024345486,1,108.7391068825187,0.23576923171099537,False,0.0
injection_pump,asymmetric,fpfh_ransac,hard,11,0.0927422512782159,0.0003493564708978,True,0.0927422512782159,0.0003493564708978,True,0.0,itodd_injection_pump.ply,0.145244,0.001452,13103,7862,0.677693077,-0.437337579,-0.059108919,0.588195606,0.008131717,-0.013941207,-0.024298438,0.677618204,-0.437596147,-0.059850384,0.588014551,0.008149975,-0.013946491,-0.024345486,1,0.09274235978968948,0.0003493595873249831,True,0.0
injection_pump,asymmetric,fgr,hard,11,177.14511072579546,0.3828855461261776,False,177.14511072579546,0.3828855461261776,False,0.0,itodd_injection_pump.ply,0.145244,0.001452,13103,7862,-0.6050239,-0.013073298,0.251214513,0.755424674,0.007099758,-0.000901656,0.029704537,0.677618204,-0.437596147,-0.059850384,0.588014551,0.008149975,-0.013946491,-0.024345486,1,177.14511070859157,0.38288555972187616,False,0.0
injection_pump,asymmetric,icp_pt2pt,hard,12,12.467081251902014,0.1834923856240771,False,12.467081251902014,0.1834923856240771,False,0.0,itodd_injection_pump.ply,0.145244,0.001452,13103,7862,-0.067024905,0.041668544,0.006478645,0.99685978,-0.000713976,-0.002033467,-0.00275176,0.034722211,0.006060449,-0.007601313,0.999349718,-0.01975622,-0.012550201,-0.018149034,1,12.467081199639406,0.18349239058152758,False,0.0
injection_pump,asymmetric,icp_pt2pl,hard,12,18.980356687885568,0.144538214599969,False,18.980356687885568,0.144538214599969,False,0.0,itodd_injection_pump.ply,0.145244,0.001452,13103,7862,-0.123606962,0.051580636,0.005123321,0.990976543,-0.001863973,-0.004006007,-0.011250971,0.034722211,0.006060449,-0.007601313,0.999349718,-0.01975622,-0.012550201,-0.018149034,1,18.98035665590169,0.1445382191351027,False,0.0
injection_pump,asymmetric,fpfh_ransac,hard,12,83.77034167495859,0.1503587276650393,False,83.77034167495859,0.1503587276650393,False,0.0,itodd_injection_pump.ply,0.145244,0.001452,13103,7862,0.555410065,0.25168251,0.316694208,0.72655375,-0.014146632,0.007888148,-0.012882598,0.034722211,0.006060449,-0.007601313,0.999349718,-0.01975622,-0.012550201,-0.018149034,1,83.77034166647013,0.1503587253014215,False,0.0
injection_pump,asymmetric,fgr,hard,12,48.382039540261935,0.2619738127994134,False,48.382039540261935,0.2619738127994134,False,0.0,itodd_injection_pump.ply,0.145244,0.001452,13103,7862,0.067603351,-0.402049598,0.015584491,0.912985778,0.018023518,-0.009119999,-0.021104909,0.034722211,0.006060449,-0.007601313,0.999349718,-0.01975622,-0.012550201,-0.018149034,1,48.38203949762059,0.26197382313396383,False,0.0
injection_pump,asymmetric,icp_pt2pt,hard,13,152.6449257354028,0.2480572752346382,False,152.6449257354028,0.2480572752346382,False,0.0,itodd_injection_pump.ply,0.145244,0.001452,13103,7862,0.091046692,0.053321858,0.005976559,0.994400101,0.000674638,0.004643683,0.003213501,-0.133521214,0.85590168,-0.421048599,-0.268928384,-0.031224258,-0.001161389,-0.012497589,1,152.6449257375844,0.24805728680084577,False,0.0
injection_pump,asymmetric,icp_pt2pl,hard,13,161.98486530759416,0.226961182790907,False,161.98486530759416,0.226961182790907,False,0.0,itodd_injection_pump.ply,0.145244,0.001452,13103,7862,0.019806578,0.104703468,-0.055674046,0.992746334,-0.00041642,0.005659302,-0.002956618,-0.133521214,0.85590168,-0.421048599,-0.268928384,-0.031224258,-0.001161389,-0.012497589,1,161.98486532870598,0.22696119227493503,False,0.0
injection_pump,asymmetric,fpfh_ransac,hard,13,164.3517748727805,0.5022659394484514,False,164.3517748727805,0.5022659394484514,False,0.0,itodd_injection_pump.ply,0.145244,0.001452,13103,7862,0.77268662,0.298724734,0.328603611,-0.453584156,0.04063482,0.000189045,4.996e-06,-0.133521214,0.85590168,-0.421048599,-0.268928384,-0.031224258,-0.001161389,-0.012497589,1,164.35177487225715,0.5022659557238905,False,0.0
injection_pump,asymmetric,fgr,hard,13,115.88677372440996,0.5080926113370509,False,115.88677372440996,0.5080926113370509,False,0.0,itodd_injection_pump.ply,0.145244,0.001452,13103,7862,-0.184156382,-0.62767552,-0.376116631,0.656236352,0.018407586,0.023751765,0.036103562,-0.133521214,0.85590168,-0.421048599,-0.268928384,-0.031224258,-0.001161389,-0.012497589,1,115.88677373819509,0.5080926269394361,False,0.0
injection_pump,asymmetric,icp_pt2pt,hard,14,169.31998291176924,0.1456982409166242,False,169.31998291176924,0.1456982409166242,False,0.0,itodd_injection_pump.ply,0.145244,0.001452,13103,7862,-0.040464184,-0.00858104,0.009010989,0.999103507,0.001242724,-0.001056174,-0.004201316,-0.148425045,0.809024785,-0.562009733,-0.087143345,-0.014306929,0.010391239,0.004458166,1,169.31998285069054,0.14569824430771086,False,0.0
injection_pump,asymmetric,icp_pt2pl,hard,14,173.81421511023717,0.169225927992967,False,173.81421511023717,0.169225927992967,False,0.0,itodd_injection_pump.ply,0.145244,0.001452,13103,7862,-0.095006637,-0.004217078,-0.039210136,0.99469519,0.001545904,-0.001612943,-0.009988878,-0.148425045,0.809024785,-0.562009733,-0.087143345,-0.014306929,0.010391239,0.004458166,1,173.81421505925604,0.1692259346256708,False,0.0
injection_pump,asymmetric,fpfh_ransac,hard,14,172.58637253098624,0.1360590230956304,False,172.58637253098624,0.1360590230956304,False,0.0,itodd_injection_pump.ply,0.145244,0.001452,13103,7862,0.511132244,0.10215353,-0.005225366,0.853393919,0.003358918,0.012417954,-0.004163743,-0.148425045,0.809024785,-0.562009733,-0.087143345,-0.014306929,0.010391239,0.004458166,1,172.58637243569385,0.13605902463849803,False,0.0
injection_pump,asymmetric,fgr,hard,14,106.00205090333266,0.2324094876629852,False,106.00205090333266,0.2324094876629852,False,0.0,itodd_injection_pump.ply,0.145244,0.001452,13103,7862,-0.10384684,-0.179744453,0.899201748,-0.38515449,0.013785809,-0.004518102,-0.006854784,-0.148425045,0.809024785,-0.562009733,-0.087143345,-0.014306929,0.010391239,0.004458166,1,106.0020508757835,0.23240949106095926,False,0.0
injection_pump,asymmetric,icp_pt2pt,hard,15,53.745696050665856,0.0376170802989524,False,53.745696050665856,0.0376170802989524,False,0.0,itodd_injection_pump.ply,0.145244,0.001452,13103,7862,-0.005410729,-0.033148241,0.020447641,0.999226607,0.000586292,-0.000633075,-0.000454375,0.080169687,-0.400823113,0.261092495,0.874496634,0.002120895,-0.004210636,0.003379368,1,53.74569601126832,0.03761708420685536,False,0.0
injection_pump,asymmetric,icp_pt2pl,hard,15,51.04993793600342,0.0314994749062242,False,51.04993793600342,0.0314994749062242,False,0.0,itodd_injection_pump.ply,0.145244,0.001452,13103,7862,-0.002696446,-0.057953133,0.025450184,0.997991208,0.001989686,-0.002324452,-0.000786772,0.080169687,-0.400823113,0.261092495,0.874496634,0.002120895,-0.004210636,0.003379368,1,51.04993787690317,0.03149947438823662,False,0.0
injection_pump,asymmetric,fpfh_ransac,hard,15,90.26276025654413,0.0331428511577254,False,90.26276025654413,0.0331428511577254,False,0.0,itodd_injection_pump.ply,0.145244,0.001452,13103,7862,-0.582339456,-0.131059864,0.446100904,0.666856847,0.002257,0.000454922,0.004556957,0.080169687,-0.400823113,0.261092495,0.874496634,0.002120895,-0.004210636,0.003379368,1,90.26276029398016,0.03314285030075489,False,0.0
injection_pump,asymmetric,fgr,hard,15,125.56591509497142,0.1526521252872949,False,125.56591509497142,0.1526521252872949,False,0.0,itodd_injection_pump.ply,0.145244,0.001452,13103,7862,0.795520156,0.242849275,0.285330957,0.476191302,0.013140626,0.01405525,-0.002663143,0.080169687,-0.400823113,0.261092495,0.874496634,0.002120895,-0.004210636,0.003379368,1,125.56591501678285,0.15265213340083505,False,0.0
injection_pump,asymmetric,icp_pt2pt,hard,16,136.53794691838027,0.4102845291400495,False,136.53794691838027,0.4102845291400495,False,0.0,itodd_injection_pump.ply,0.145244,0.001452,13103,7862,0.0,0.0,0.0,1.0,0.0,0.0,0.0,0.866717174,-0.065965279,0.327665953,-0.370249843,0.015798015,0.031437625,0.048096045,1,136.53794687767243,0.4102845388768577,False,0.0
injection_pump,asymmetric,icp_pt2pl,hard,16,136.53794691838027,0.4102845291400495,False,136.53794691838027,0.4102845291400495,False,0.0,itodd_injection_pump.ply,0.145244,0.001452,13103,7862,0.0,0.0,0.0,1.0,0.0,0.0,0.0,0.866717174,-0.065965279,0.327665953,-0.370249843,0.015798015,0.031437625,0.048096045,1,136.53794687767243,0.4102845388768577,False,0.0
injection_pump,asymmetric,fpfh_ransac,hard,16,94.1373908783428,0.6673868782256991,False,94.1373908783428,0.6673868782256991,False,0.0,itodd_injection_pump.ply,0.145244,0.001452,13103,7862,0.922210214,0.188087031,0.054063338,0.333509737,0.006407635,0.040365529,-0.047968009,0.866717174,-0.065965279,0.327665953,-0.370249843,0.015798015,0.031437625,0.048096045,1,94.13739097687477,0.6673868961096213,False,0.0
injection_pump,asymmetric,fgr,hard,16,91.43573635793146,0.3935558716719007,False,91.43573635793146,0.3935558716719007,False,0.0,itodd_injection_pump.ply,0.145244,0.001452,13103,7862,0.816939588,0.383707047,-0.30086909,-0.307987667,-0.02183208,0.060012519,0.015926131,0.866717174,-0.065965279,0.327665953,-0.370249843,0.015798015,0.031437625,0.048096045,1,91.43573638878111,0.39355588075260317,False,0.0
injection_pump,asymmetric,icp_pt2pt,hard,17,68.66516668962772,0.4521505629311934,False,68.66516668962772,0.4521505629311934,False,0.0,itodd_injection_pump.ply,0.145244,0.001452,13103,7862,0.0,0.0,0.0,1.0,0.0,0.0,0.0,0.161480172,0.443786212,-0.308332867,0.825777691,-0.02141703,0.054870574,0.029040717,1,68.6651667063196,0.4521505727702701,False,0.0
injection_pump,asymmetric,icp_pt2pl,hard,17,68.66516668962772,0.4521505629311934,False,68.66516668962772,0.4521505629311934,False,0.0,itodd_injection_pump.ply,0.145244,0.001452,13103,7862,0.0,0.0,0.0,1.0,0.0,0.0,0.0,0.161480172,0.443786212,-0.308332867,0.825777691,-0.02141703,0.054870574,0.029040717,1,68.6651667063196,0.4521505727702701,False,0.0
injection_pump,asymmetric,fpfh_ransac,hard,17,35.536239959168576,0.3381398434732804,False,35.536239959168576,0.3381398434732804,False,0.0,itodd_injection_pump.ply,0.145244,0.001452,13103,7862,0.10196932,0.47854831,-0.010826616,0.87205307,-0.05025747,0.015435362,0.03405656,0.161480172,0.443786212,-0.308332867,0.825777691,-0.02141703,0.054870574,0.029040717,1,35.53624003897096,0.3381398511895631,False,0.0
injection_pump,asymmetric,fgr,hard,17,166.18972466522055,0.8758027038674915,False,166.18972466522055,0.8758027038674915,False,0.0,itodd_injection_pump.ply,0.145244,0.001452,13103,7862,-0.205790249,-0.610942591,0.387626033,0.658897247,0.037722431,-0.025853865,-0.049490959,0.161480172,0.443786212,-0.308332867,0.825777691,-0.02141703,0.054870574,0.029040717,1,166.1897246584474,0.8758027212344065,False,0.0
injection_pump,asymmetric,icp_pt2pt,hard,18,89.44055010465186,0.0877783322887548,False,89.44055010465186,0.0877783322887548,False,0.0,itodd_injection_pump.ply,0.145244,0.001452,13103,7862,-0.004363805,0.023164921,-0.008051862,0.999689707,6.7167e-05,0.000478401,0.000601677,0.257621804,0.19355492,-0.634779716,0.702297808,-0.001879646,-0.01125652,-0.003985872,1,89.4405500354124,0.08777833677514552,False,0.0
injection_pump,asymmetric,icp_pt2pl,hard,18,88.93543911787606,0.0970391055561437,False,88.93543911787606,0.0970391055561437,False,0.0,itodd_injection_pump.ply,0.145244,0.001452,13103,7862,0.00512313,0.044625525,-0.003312682,0.998985156,0.000811359,0.001759688,0.000703208,0.257621804,0.19355492,-0.634779716,0.702297808,-0.001879646,-0.01125652,-0.003985872,1,88.93543904123038,0.09703910765965493,False,0.0
injection_pump,asymmetric,fpfh_ransac,hard,18,36.28357808114539,0.0829620624079972,False,36.28357808114539,0.0829620624079972,False,0.0,itodd_injection_pump.ply,0.145244,0.001452,13103,7862,0.180983698,0.25038581,-0.385130411,0.869612795,0.000237003,0.000601295,-0.003656773,0.257621804,0.19355492,-0.634779716,0.702297808,-0.001879646,-0.01125652,-0.003985872,1,36.283578034422035,0.08296206482265095,False,0.0
injection_pump,asymmetric,fgr,hard,18,75.76279262782484,0.2379707623583881,False,75.76279262782484,0.2379707623583881,False,0.0,itodd_injection_pump.ply,0.145244,0.001452,13103,7862,0.340637638,0.208159134,-0.027761954,0.916441514,0.020048545,0.01368527,0.005591164,0.257621804,0.19355492,-0.634779716,0.702297808,-0.001879646,-0.01125652,-0.003985872,1,75.7627926083473,0.23797076640688505,False,0.0
injection_pump,asymmetric,icp_pt2pt,hard,19,94.52797439024462,0.2042471247840562,False,94.52797439024462,0.2042471247840562,False,0.0,itodd_injection_pump.ply,0.145244,0.001452,13103,7862,-0.017164619,-0.002063144,0.005098647,0.999837548,-0.000541987,0.004408438,-0.000911857,-0.476212659,-0.127030336,0.558209986,0.667447682,-0.00743309,-0.01548824,-0.021808911,1,94.52797438964745,0.2042471272659447,False,0.0
injection_pump,asymmetric,icp_pt2pl,hard,19,89.96612878094975,0.2115229211684984,False,89.96612878094975,0.2115229211684984,False,0.0,itodd_injection_pump.ply,0.145244,0.001452,13103,7862,-0.103095718,-0.028629661,-0.01602699,0.994130148,0.002108022,0.007674428,-0.004023353,-0.476212659,-0.127030336,0.558209986,0.667447682,-0.00743309,-0.01548824,-0.021808911,1,89.96612875393899,0.21152292768434994,False,0.0
injection_pump,asymmetric,fpfh_ransac,hard,19,87.18284535197213,0.2436968445033185,False,87.18284535197213,0.2436968445033185,False,0.0,itodd_injection_pump.ply,0.145244,0.001452,13103,7862,0.114674158,-0.476238985,0.314923609,0.812938735,-0.007658291,0.018830043,-0.013145971,-0.476212659,-0.127030336,0.558209986,0.667447682,-0.00743309,-0.01548824,-0.021808911,1,87.18284545427373,0.2436968498907286,False,0.0
injection_pump,asymmetric,fgr,hard,19,33.73873025884071,0.202557978196459,False,33.73873025884071,0.202557978196459,False,0.0,itodd_injection_pump.ply,0.145244,0.001452,13103,7862,-0.472659491,-0.150733426,0.304661044,0.813052328,-0.003588201,0.013525202,-0.018810086,-0.476212659,-0.127030336,0.558209986,0.667447682,-0.00743309,-0.01548824,-0.021808911,1,33.73873024222176,0.20255798571010977,False,0.0
star,asymmetric,icp_pt2pt,easy,0,0.024351674263327,9.40145522041092e-05,True,0.024351674263327,9.40145522041092e-05,True,0.0,itodd_star.ply,0.06871,0.000687,7634,7634,0.015649066,-0.008342102,-0.023618744,0.99956374,0.0012517,-0.00011723,0.000309222,0.015563275,-0.008417208,-0.023798038,0.999560198,0.001257548,-0.000118379,0.00030673,12,0.024351688032707094,9.401582476602548e-05,True,0.0
star,asymmetric,icp_pt2pl,easy,0,0.0226281615455447,0.0001213112216944,True,0.0226281615455447,0.0001213112216944,True,0.0,itodd_star.ply,0.06871,0.000687,7634,7634,0.015666001,-0.008372185,-0.023635536,0.999562827,0.001250497,-0.000122227,0.000308955,0.015563275,-0.008417208,-0.023798038,0.999560198,0.001257548,-0.000118379,0.00030673,12,0.022628137610994283,0.0001213087799998346,True,0.0
star,asymmetric,fpfh_ransac,easy,0,179.98307976979888,0.0248537218042747,False,179.98307976979888,0.0248537218042747,False,0.0,itodd_star.ply,0.06871,0.000687,7634,7634,0.881894173,-0.471120799,0.000335568,-0.017542756,0.000898222,-0.001022174,-0.001096924,0.015563275,-0.008417208,-0.023798038,0.999560198,0.001257548,-0.000118379,0.00030673,12,179.98288786209133,0.030803769883577546,False,30.0
star,asymmetric,fgr,easy,0,0.0147364858593506,8.732035334957074e-05,True,0.0147364858593506,8.732035334957074e-05,True,0.0,itodd_star.ply,0.06871,0.000687,7634,7634,0.015650842,-0.0083781,-0.023712367,0.999561195,0.001251873,-0.000119567,0.000308271,0.015563275,-0.008417208,-0.023798038,0.999560198,0.001257548,-0.000118379,0.00030673,12,0.01473646073148239,8.731340600077763e-05,True,0.0
star,asymmetric,icp_pt2pt,easy,1,1.1711023709964146,0.0051125081438184,True,1.1711023709964146,0.0051125081438184,True,0.0,itodd_star.ply,0.06871,0.000687,7634,7634,-0.031070411,-0.020516903,0.05513423,0.997784497,-0.000547989,0.000665017,0.001302933,-0.030525524,-0.021111697,0.065303846,0.997174958,-0.000774446,0.000933433,0.001311142,12,1.1711022886605962,0.005112495007670329,True,0.0
star,asymmetric,icp_pt2pl,easy,1,0.0095733579294526,0.0001449544650721,True,0.0095733579294526,0.0001449544650721,True,0.0,itodd_star.ply,0.06871,0.000687,7634,7634,-0.030529995,-0.021033327,0.06533244,0.997174604,-0.000768485,0.000925671,0.00131299,-0.030525524,-0.021111697,0.065303846,0.997174958,-0.000774446,0.000933433,0.001311142,12,0.009573429349874986,0.00014495390158562435,True,0.0
star,asymmetric,fpfh_ransac,easy,1,179.99402124827364,0.0562047498360729,False,179.99402124827364,0.0562047498360729,False,0.0,itodd_star.ply,0.06871,0.000687,7634,7634,0.997836115,-0.054340039,-0.020543605,0.030793002,-0.000853638,-0.00088272,-0.00209604,-0.030525524,-0.021111697,0.065303846,0.997174958,-0.000774446,0.000933433,0.001311142,12,179.95307715998888,0.054681522827186295,False,180.0
star,asymmetric,fgr,easy,1,29.95618898691244,0.0087256365966982,False,29.95618898691244,0.0087256365966982,False,0.0,itodd_star.ply,0.06871,0.000687,7634,7634,-0.034971599,-0.012379365,-0.194629919,0.98017495,-0.000228737,0.001181711,0.001312396,-0.030525524,-0.021111697,0.065303846,0.997174958,-0.000774446,0.000933433,0.001311142,12,0.04927057504061869,0.00016637604260703247,True,330.0
star,asymmetric,icp_pt2pt,easy,2,0.1254143773572254,0.0177057197875769,False,0.1254143773572254,0.0177057197875769,False,0.0,itodd_star.ply,0.06871,0.000687,7634,7634,0.002535953,0.012932643,0.000753601,0.99991287,-0.00059006,0.00011326,-0.000608065,0.003020703,0.013825318,0.001160756,0.999899189,-0.001806226,0.000128949,-0.000581683,12,0.12541436003113735,0.01770562195562815,False,0.0
star,asymmetric,icp_pt2pl,easy,2,0.0084654677332441,2.807204562296773e-05,True,0.0084654677332441,2.807204562296773e-05,True,0.0,itodd_star.ply,0.06871,0.000687,7634,7634,0.002948509,0.013839909,0.001166471,0.999899196,-0.001805047,0.000127541,-0.000581094,0.003020703,0.013825318,0.001160756,0.999899189,-0.001806226,0.000128949,-0.000581683,12,0.008465464116782105,2.8068422993594608e-05,True,0.0
star,asymmetric,fpfh_ransac,easy,2,149.97104373733467,0.0508968193262221,False,149.97104373733467,0.0508968193262221,False,0.0,itodd_star.ply,0.06871,0.000687,7634,7634,-0.014162554,-0.000715444,0.965462101,-0.260157339,0.001624379,0.000807675,-0.000580811,0.003020703,0.013825318,0.001160756,0.999899189,-0.001806226,0.000128949,-0.000581683,12,0.05215885690285889,0.0007670025144196986,True,210.0
star,asymmetric,fgr,easy,2,0.0079602823904689,4.177115173964205e-05,True,0.0079602823904689,4.177115173964205e-05,True,0.0,itodd_star.ply,0.06871,0.000687,7634,7634,0.00295393,0.013821412,0.001142006,0.999899464,-0.001807662,0.000126563,-0.00058099,0.003020703,0.013825318,0.001160756,0.999899189,-0.001806226,0.000128949,-0.000581683,12,0.007960219847365592,4.176580387657973e-05,True,0.0
star,asymmetric,icp_pt2pt,easy,3,1.4074675260864202,0.0112240722183139,False,1.4074675260864202,0.0112240722183139,False,0.0,itodd_star.ply,0.06871,0.000687,7634,7634,-0.008296639,0.0202626,-0.026616014,0.999405914,-0.001657622,-0.000752852,-0.000477542,-0.008657191,0.020800729,-0.038874264,0.998990077,-0.002366328,-0.00105649,-0.000460446,12,1.4074674852172975,0.011224013763157193,False,0.0
star,asymmetric,icp_pt2pl,easy,3,0.0124209659340891,4.886084356089786e-05,True,0.0124209659340891,4.886084356089786e-05,True,0.0,itodd_star.ply,0.06871,0.000687,7634,7634,-0.008719848,0.020869199,-0.038818273,0.998990281,-0.002364874,-0.001054114,-0.000458571,-0.008657191,0.020800729,-0.038874264,0.998990077,-0.002366328,-0.00105649,-0.000460446,12,0.012420939642998894,4.886980206686281e-05,True,0.0
star,asymmetric,fpfh_ransac,easy,3,59.991205450798894,0.0379297809775441,False,59.991205450798894,0.0379297809775441,False,0.0,itodd_star.ply,0.06871,0.000687,7634,7634,-0.017996238,0.013733623,0.465759442,0.884621764,-0.000250801,-0.002578499,-0.000458302,-0.008657191,0.020800729,-0.038874264,0.998990077,-0.002366328,-0.00105649,-0.000460446,12,0.02530668078865821,0.0004901896424123604,True,60.0
star,asymmetric,fgr,easy,3,0.0121033885322238,4.7224060831746345e-05,True,0.0121033885322238,4.7224060831746345e-05,True,0.0,itodd_star.ply,0.06871,0.000687,7634,7634,-0.008722004,0.020882762,-0.03888902,0.998987228,-0.00236631,-0.00105395,-0.000458426,-0.008657191,0.020800729,-0.038874264,0.998990077,-0.002366328,-0.00105649,-0.000460446,12,0.012103382871050184,4.7232633065861226e-05,True,0.0
star,asymmetric,icp_pt2pt,easy,4,0.293484757786033,0.0172514497515685,False,0.293484757786033,0.0172514497515685,False,0.0,itodd_star.ply,0.06871,0.000687,7634,7634,-0.006892613,0.005150334,-0.006153341,0.99994405,-0.001233328,0.0005242,-0.000274919,-0.0060969,0.005493105,-0.00374325,0.99995932,-0.002263542,0.001109914,-0.000249795,12,0.29348476645419985,0.017251358978768717,False,0.0
star,asymmetric,icp_pt2pl,easy,4,0.0218393872511046,0.0001639950931661,True,0.0218393872511046,0.0001639950931661,True,0.0,itodd_star.ply,0.06871,0.000687,7634,7634,-0.006066428,0.005484211,-0.00355533,0.99996024,-0.002262888,0.0010988,-0.000248059,-0.0060969,0.005493105,-0.00374325,0.99995932,-0.002263542,0.001109914,-0.000249795,12,0.021839365122256985,0.00016399009854240298,True,0.0
star,asymmetric,fpfh_ransac,easy,4,179.9930389053822,0.0546697906702761,False,179.9930389053822,0.0546697906702761,False,0.0,itodd_star.ply,0.06871,0.000687,7634,7634,-0.271839018,0.962308444,0.004342255,-0.006866715,0.001319809,0.002198414,-0.000541116,-0.0060969,0.005493105,-0.00374325,0.99995932,-0.002263542,0.001109914,-0.000249795,12,179.97994782436638,0.06180110928350091,False,150.0
star,asymmetric,fgr,easy,4,7.95204843153235,0.0381826723685897,False,7.95204843153235,0.0381826723685897,False,0.0,itodd_star.ply,0.06871,0.000687,7634,7634,-0.005008148,0.006420118,-0.073058096,0.997294448,-0.002759781,0.003685804,-0.000287015,-0.0060969,0.005493105,-0.00374325,0.99995932,-0.002263542,0.001109914,-0.000249795,12,7.952048490956071,0.038182480043525924,False,0.0
star,asymmetric,icp_pt2pt,easy,5,0.0144073672529017,2.9544737408284676e-05,True,0.0144073672529017,2.9544737408284676e-05,True,0.0,itodd_star.ply,0.06871,0.000687,7634,7634,-0.029853236,0.039013785,0.046932042,0.997689377,-0.000184124,0.001150457,-0.001698413,-0.029926883,0.039043116,0.047029306,0.997681443,-0.000184813,0.00115203,-0.001699496,12,0.014407318429400868,2.9548186511447094e-05,True,0.0
star,asymmetric,icp_pt2pl,easy,5,0.0317916872781119,9.992522447978336e-05,True,0.0317916872781119,9.992522447978336e-05,True,0.0,itodd_star.ply,0.06871,0.000687,7634,7634,-0.029877592,0.039030705,0.046756967,0.997696206,-0.000178186,0.001150902,-0.001698096,-0.029926883,0.039043116,0.047029306,0.997681443,-0.000184813,0.00115203,-0.001699496,12,0.03179169553230038,9.993523938825078e-05,True,0.0
star,asymmetric,fpfh_ransac,easy,5,179.98599445292322,0.0402130710455551,False,179.98599445292322,0.0402130710455551,False,0.0,itodd_star.ply,0.06871,0.000687,7634,7634,0.292859097,0.95489466,0.03863542,-0.030282691,0.000702075,0.001006715,0.000913285,-0.029926883,0.039043116,0.047029306,0.997681443,-0.000184813,0.00115203,-0.001699496,12,179.96573832221964,0.05104951622145341,False,120.0
star,asymmetric,fgr,easy,5,30.50509682205343,0.137398029824019,False,30.50509682205343,0.137398029824019,False,0.0,itodd_star.ply,0.06871,0.000687,7634,7634,-0.017663519,0.045529069,-0.217052151,0.974937674,0.006101975,0.008194616,-0.001750858,-0.029926883,0.039043116,0.047029306,0.997681443,-0.000184813,0.00115203,-0.001699496,12,0.517510178221223,0.1326682704933761,False,330.0
star,asymmetric,icp_pt2pt,easy,6,0.0112594643183552,0.0001194591193174,True,0.0112594643183552,0.0001194591193174,True,0.0,itodd_star.ply,0.06871,0.000687,7634,7634,-0.004522447,-0.011579953,0.000389094,0.999922647,-0.000196477,-6.1443e-05,0.000555465,-0.004470233,-0.011497583,0.000377177,0.999923837,-0.000194476,-5.3486e-05,0.000555722,12,0.011259487948162153,0.00011946979536956046,True,0.0
star,asymmetric,icp_pt2pl,easy,6,0.0143373394059057,8.073570637194208e-05,True,0.0143373394059057,8.073570637194208e-05,True,0.0,itodd_star.ply,0.06871,0.000687,7634,7634,-0.004521234,-0.011604075,0.00033582,0.999922393,-0.000195728,-5.8713e-05,0.000557098,-0.004470233,-0.011497583,0.000377177,0.999923837,-0.000194476,-5.3486e-05,0.000555722,12,0.0143372929368521,8.074792176916825e-05,True,0.0
star,asymmetric,fpfh_ransac,easy,6,150.0396325092234,0.0053291132148832,False,150.0396325092234,0.0053291132148832,False,0.0,itodd_star.ply,0.06871,0.000687,7634,7634,0.012363827,-0.00140277,0.965842788,-0.258829822,9.6628e-05,0.000168619,0.000554334,-0.004470233,-0.011497583,0.000377177,0.999923837,-0.000194476,-5.3486e-05,0.000555722,12,0.05515695481805449,0.000178559238508985,True,210.0
star,asymmetric,fgr,easy,6,0.0149659499341489,8.545584881822839e-05,True,0.0149659499341489,8.545584881822839e-05,True,0.0,itodd_star.ply,0.06871,0.000687,7634,7634,-0.004521641,-0.011605754,0.000325109,0.999922375,-0.000195711,-5.9029e-05,0.000557217,-0.004470233,-0.011497583,0.000377177,0.999923837,-0.000194476,-5.3486e-05,0.000555722,12,0.01496592163601813,8.546647457260185e-05,True,0.0
star,asymmetric,icp_pt2pt,easy,7,0.0217091729130445,5.944607183690774e-05,True,0.0217091729130445,5.944607183690774e-05,True,0.0,itodd_star.ply,0.06871,0.000687,7634,7634,0.026020764,-0.03335327,-0.038044202,0.998380247,0.000121844,-6.9259e-05,-1.6806e-05,0.026015145,-0.033512624,-0.038146101,0.998371169,0.00012543,-6.7445e-05,-1.6074e-05,12,0.0217093056090445,5.945026249656633e-05,True,0.0
star,asymmetric,icp_pt2pl,easy,7,0.01373605217119,3.101059057945322e-05,True,0.01373605217119,3.101059057945322e-05,True,0.0,itodd_star.ply,0.06871,0.000687,7634,7634,0.026040774,-0.033454739,-0.03804444,0.998376321,0.000125934,-6.5433e-05,-1.5588e-05,0.026015145,-0.033512624,-0.038146101,0.998371169,0.00012543,-6.7445e-05,-1.6074e-05,12,0.013736187703335448,3.100482836006825e-05,True,0.0
star,asymmetric,fpfh_ransac,easy,7,179.98790224621797,0.0037560961167365,False,179.98790224621797,0.0037560961167365,False,0.0,itodd_star.ply,0.06871,0.000687,7634,7634,0.033379363,0.025967772,0.998380816,0.038042606,-7.9632e-05,8.9255e-05,-1.6394e-05,0.026015145,-0.033512624,-0.038146101,0.998371169,0.00012543,-6.7445e-05,-1.6074e-05,12,0.053024391615203545,0.001380889035082443,True,180.0
star,asymmetric,fgr,easy,7,30.00063349906368,0.0012664737863924,False,30.00063349906368,0.0012664737863924,False,0.0,itodd_star.ply,0.06871,0.000687,7634,7634,0.033767234,-0.025529967,0.221554748,0.974228663,0.000152189,1.5357e-05,-1.5723e-05,0.026015145,-0.033512624,-0.038146101,0.998371169,0.00012543,-6.7445e-05,-1.6074e-05,12,0.009799570557952221,5.378753177662664e-05,True,30.0
star,asymmetric,icp_pt2pt,easy,8,1.1785730061902149,0.0056178037211876,True,1.1785730061902149,0.0056178037211876,True,0.0,itodd_star.ply,0.06871,0.000687,7634,7634,-0.061987978,0.046195026,0.024819292,0.996698306,0.001777555,0.000731373,0.000711491,-0.062702446,0.045357002,0.035040313,0.996385127,0.002085596,0.000963882,0.000718121,12,1.1785731128078014,0.005617769691583741,True,0.0
star,asymmetric,icp_pt2pl,easy,8,0.0012188126418889,5.950520427790307e-05,True,0.0012188126418889,5.950520427790307e-05,True,0.0,itodd_star.ply,0.06871,0.000687,7634,7634,-0.062706191,0.045366147,0.035036412,0.996384613,0.002083188,0.000960891,0.000719525,-0.062702446,0.045357002,0.035040313,0.996385127,0.002085596,0.000963882,0.000718121,12,0.0012188676626463952,5.950358443495903e-05,True,0.0
star,asymmetric,fpfh_ransac,easy,8,179.97452351651566,0.0628277892669072,False,179.97452351651566,0.0628277892669072,False,0.0,itodd_star.ply,0.06871,0.000687,7634,7634,0.850601502,-0.520115667,0.008858503,0.076670106,0.000265572,-0.002258887,-0.001503744,-0.062702446,0.045357002,0.035040313,0.996385127,0.002085596,0.000963882,0.000718121,12,179.96666594756542,0.033809867675044215,False,270.0
star,asymmetric,fgr,easy,8,4.820821719705975,0.0778347274344235,False,4.820821719705975,0.0778347274344235,False,0.0,itodd_star.ply,0.06871,0.000687,7634,7634,-0.065099493,0.041620394,0.076806548,0.994047561,0.007268947,-0.00035201,0.00066948,-0.062702446,0.045357002,0.035040313,0.996385127,0.002085596,0.000963882,0.000718121,12,4.820821659665226,0.07783432369454327,False,0.0
star,asymmetric,icp_pt2pt,easy,9,0.0891219505158996,0.0127282371006825,False,0.0891219505158996,0.0127282371006825,False,0.0,itodd_star.ply,0.06871,0.000687,7634,7634,0.080226508,0.015156602,-0.001755664,0.996659873,-0.000299361,-0.000789885,-0.002695275,0.079545827,0.01501781,-0.001410684,0.99671708,0.000326508,-0.001400625,-0.002684005,12,0.08912201232469141,0.012728171532971452,False,0.0
star,asymmetric,icp_pt2pl,easy,9,0.0192278756712509,6.693292269129112e-05,True,0.0192278756712509,6.693292269129112e-05,True,0.0,itodd_star.ply,0.06871,0.000687,7634,7634,0.079679677,0.015028038,-0.001310584,0.996706371,0.00032254,-0.001398879,-0.002682468,0.079545827,0.01501781,-0.001410684,0.99671708,0.000326508,-0.001400625,-0.002684005,12,0.019227878741963553,6.694157043504577e-05,True,0.0
star,asymmetric,fpfh_ransac,easy,9,179.9600447308402,0.0747565759148555,False,179.9600447308402,0.0747565759148555,False,0.0,itodd_star.ply,0.06871,0.000687,7634,7634,0.695542996,0.7138659,-0.046572424,-0.06668153,-0.001320661,0.000233254,0.001898668,0.079545827,0.01501781,-0.001410684,0.99671708,0.000326508,-0.001400625,-0.002684005,12,179.95674806297424,0.06912379432297158,False,300.0
star,asymmetric,fgr,easy,9,0.0202152071114803,7.89447909025341e-05,True,0.0202152071114803,7.89447909025341e-05,True,0.0,itodd_star.ply,0.06871,0.000687,7634,7634,0.079681642,0.015022603,-0.001298718,0.996706311,0.000321387,-0.001399768,-0.002682435,0.079545827,0.01501781,-0.001410684,0.99671708,0.000326508,-0.001400625,-0.002684005,12,0.020215277317201023,7.89461278531898e-05,True,0.0
star,asymmetric,icp_pt2pt,easy,10,0.0593487929450467,4.582555992840063e-05,True,0.0593487929450467,4.582555992840063e-05,True,0.0,itodd_star.ply,0.06871,0.000687,7634,7634,-0.022885011,-0.046875189,0.013324931,0.998549668,-7.1782e-05,0.000393725,0.000554981,-0.022892045,-0.046876445,0.013842747,0.998542404,-7.424e-05,0.000395596,0.000555591,12,0.05934882986511694,4.5826381846105304e-05,True,0.0
star,asymmetric,icp_pt2pl,easy,10,0.0210199933940219,5.164622490706555e-05,True,0.0210199933940219,5.164622490706555e-05,True,0.0,itodd_star.ply,0.06871,0.000687,7634,7634,-0.022878737,-0.046869459,0.013659957,0.998545554,-7.095e-05,0.000394859,0.000554484,-0.022892045,-0.046876445,0.013842747,0.998542404,-7.424e-05,0.000395596,0.000555591,12,0.021019982227731663,5.164636859361449e-05,True,0.0
star,asymmetric,fpfh_ransac,easy,10,179.97586499077826,0.011915456471818,False,179.97586499077826,0.011915456471818,False,0.0,itodd_star.ply,0.06871,0.000687,7634,7634,0.046858499,-0.022851951,0.998541239,-0.014052185,2.4617e-05,-0.000417121,0.00055553,-0.022892045,-0.046876445,0.013842747,0.998542404,-7.424e-05,0.000395596,0.000555591,12,0.044028748414277556,0.001008057571755886,True,180.0
star,asymmetric,fgr,easy,10,29.971186429786325,0.0031724307652807,False,29.971186429786325,0.0031724307652807,False,0.0,itodd_star.ply,0.06871,0.000687,7634,7634,-0.01000286,-0.051080016,0.271574551,0.961008865,-0.00027694,0.000315437,0.000554602,-0.022892045,-0.046876445,0.013842747,0.998542404,-7.424e-05,0.000395596,0.000555591,12,0.03010657952860419,0.00035176658100788297,True,30.0
star,asymmetric,icp_pt2pt,easy,11,0.1620311826036569,0.0294843649196833,False,0.1620311826036569,0.0294843649196833,False,0.0,itodd_star.ply,0.06871,0.000687,7634,7634,-0.000646798,0.001371015,-0.000607455,0.999998666,0.000393467,6.6911e-05,-0.000322002,0.000329772,0.000358286,-0.000465851,0.999999773,0.00103172,0.001989328,-0.000289514,12,0.1620310966783782,0.029484211668385978,False,0.0
star,asymmetric,icp_pt2pl,easy,11,0.0051673480368975,5.971768636169024e-05,True,0.0051673480368975,5.971768636169024e-05,True,0.0,itodd_star.ply,0.06871,0.000687,7634,7634,0.000374706,0.000362033,-0.000465255,0.999999756,0.00103117,0.001988692,-0.000285498,0.000329772,0.000358286,-0.000465851,0.999999773,0.00103172,0.001989328,-0.000289514,12,0.005167380199506636,5.971588351842976e-05,True,0.0
star,asymmetric,fpfh_ransac,easy,11,59.94667885550235,0.0323093683606836,False,59.94667885550235,0.0323093683606836,False,0.0,itodd_star.ply,0.06871,0.000687,7634,7634,0.000492917,0.000178071,-0.500000404,0.866025012,0.002216986,0.00011226,-0.000286918,0.000329772,0.000358286,-0.000465851,0.999999773,0.00103172,0.001989328,-0.000289514,12,0.05843825859273645,0.0003164628486747365,True,300.0
star,asymmetric,fgr,easy,11,30.062206541802382,0.0163110800871011,False,30.062206541802382,0.0163110800871011,False,0.0,itodd_star.ply,0.06871,0.000687,7634,7634,0.000244895,0.000448595,0.258893393,0.965905767,-6.054e-05,0.002240301,-0.000286051,0.000329772,0.000358286,-0.000465851,0.999999773,0.00103172,0.001989328,-0.000289514,12,0.06260785881475125,0.0005034819349616279,True,30.0
star,asymmetric,icp_pt2pt,easy,12,0.008771170586925,4.908035541996325e-05,True,0.008771170586925,4.908035541996325e-05,True,0.0,itodd_star.ply,0.06871,0.000687,7634,7634,0.010001802,0.009759298,-0.040869257,0.999066776,0.000160338,-0.000855181,-0.000239414,0.00993092,0.00977603,-0.040892805,0.999066356,0.00016015,-0.00085854,-0.000239196,12,0.008771235159388406,4.9065822331036584e-05,True,0.0
star,asymmetric,icp_pt2pl,easy,12,0.0093318946895598,7.588250490668417e-05,True,0.0093318946895598,7.588250490668417e-05,True,0.0,itodd_star.ply,0.06871,0.000687,7634,7634,0.00995322,0.009706621,-0.040856568,0.999068294,0.00015792,-0.000853851,-0.000238721,0.00993092,0.00977603,-0.040892805,0.999066356,0.00016015,-0.00085854,-0.000239196,12,0.009331845322883394,7.588338316281752e-05,True,0.0
star,asymmetric,fpfh_ransac,easy,12,0.0169545677922857,8.024779711308691e-05,True,0.0169545677922857,8.024779711308691e-05,True,0.0,itodd_star.ply,0.06871,0.000687,7634,7634,0.00996178,0.009707671,-0.041020249,0.999061491,0.000163813,-0.000854429,-0.000238923,0.00993092,0.00977603,-0.040892805,0.999066356,0.00016015,-0.00085854,-0.000239196,12,0.016954491565345904,8.023478356191538e-05,True,0.0
star,asymmetric,fgr,easy,12,30.00987880084239,0.0063442509743493,False,30.00987880084239,0.0063442509743493,False,0.0,itodd_star.ply,0.06871,0.000687,7634,7634,0.007118006,0.012072977,0.21916209,0.9755878,0.000556172,-0.000676389,-0.000236704,0.00993092,0.00977603,-0.040892805,0.999066356,0.00016015,-0.00085854,-0.000239196,12,0.01015365801600692,0.0005011525746332236,True,30.0
star,asymmetric,icp_pt2pt,easy,13,0.152074768871579,0.03998324872766,False,0.152074768871579,0.03998324872766,False,0.0,itodd_star.ply,0.06871,0.000687,7634,7634,0.00392696,0.005499195,0.004712327,0.999966065,-0.000108825,0.00023313,-0.001096706,0.004819922,0.004630929,0.005170511,0.999964294,0.00055691,0.00289811,-0.001052236,12,0.15207482682179424,0.0399830418364915,False,0.0
star,asymmetric,icp_pt2pl,easy,13,0.1632183014259439,0.0062912952658669,True,0.1632183014259439,0.0062912952658669,True,0.0,itodd_star.ply,0.06871,0.000687,7634,7634,0.004698081,0.004685945,0.003752466,0.999970944,0.000527947,0.002466817,-0.001054815,0.004819922,0.004630929,0.005170511,0.999964294,0.00055691,0.00289811,-0.001052236,12,0.16321829617841194,0.006291254380105187,True,0.0
star,asymmetric,fpfh_ransac,easy,13,29.97665470005916,0.022296395442884,False,29.97665470005916,0.022296395442884,False,0.0,itodd_star.ply,0.06871,0.000687,7634,7634,0.005749826,0.003307842,-0.253619255,0.967281382,0.001929534,0.002217774,-0.001053402,0.004819922,0.004630929,0.005170511,0.999964294,0.00055691,0.00289811,-0.001052236,12,0.029949939575581844,0.0002038126577346964,True,330.0
star,asymmetric,fgr,easy,13,0.0114918245055401,5.993901296368301e-05,True,0.0114918245055401,5.993901296368301e-05,True,0.0,itodd_star.ply,0.06871,0.000687,7634,7634,0.004806601,0.004671349,0.005079705,0.999964635,0.000556873,0.002894292,-0.001053778,0.004819922,0.004630929,0.005170511,0.999964294,0.00055691,0.00289811,-0.001052236,12,0.011491808901685031,5.9930106111860886e-05,True,0.0
star,asymmetric,icp_pt2pt,easy,14,0.1057478017314776,0.0124672516374986,False,0.1057478017314776,0.0124672516374986,False,0.0,itodd_star.ply,0.06871,0.000687,7634,7634,-0.006960552,-0.009357053,0.006967193,0.999907723,0.001401968,0.000475951,-0.000312314,-0.006609873,-0.009931498,0.006335814,0.999908762,0.002019398,0.001069501,-0.000295626,12,0.1057477952588594,0.012467198509741501,False,0.0
star,asymmetric,icp_pt2pl,easy,14,0.0294552230932293,0.0001281421300969,True,0.0294552230932293,0.0001281421300969,True,0.0,itodd_star.ply,0.06871,0.000687,7634,7634,-0.006698625,-0.009894667,0.006097408,0.999910019,0.002011822,0.001065198,-0.0002969,-0.006609873,-0.009931498,0.006335814,0.999908762,0.002019398,0.001069501,-0.000295626,12,0.029455256204745144,0.0001281527699502617,True,0.0
star,asymmetric,fpfh_ransac,easy,14,59.98819789835608,0.0330385720308635,False,59.98819789835608,0.0330385720308635,False,0.0,itodd_star.ply,0.06871,0.000687,7634,7634,-0.000792741,-0.011916479,0.505352747,0.862830209,0.000105617,0.002290419,-0.000298711,-0.006609873,-0.009931498,0.006335814,0.999908762,0.002019398,0.001069501,-0.000295626,12,0.025185272343219798,0.000410362761556901,True,60.0
star,asymmetric,fgr,easy,14,60.01311695585985,0.0333249455550805,False,60.01311695585985,0.0333249455550805,False,0.0,itodd_star.ply,0.06871,0.000687,7634,7634,-0.010669102,-0.005218151,-0.494566583,0.869058592,0.001926429,-0.001218355,-0.000298049,-0.006609873,-0.009931498,0.006335814,0.999908762,0.002019398,0.001069501,-0.000295626,12,0.030814906761871395,0.0003328365675149386,True,300.0
star,asymmetric,icp_pt2pt,easy,15,0.0064640453951272,2.714070577834585e-05,True,0.0064640453951272,2.714070577834585e-05,True,0.0,itodd_star.ply,0.06871,0.000687,7634,7634,-0.028938875,-0.02754437,-0.041339631,0.998346074,-0.000402778,-6.2107e-05,0.000627028,-0.028953858,-0.027577187,-0.041382884,0.998342942,-0.000403879,-6.1691e-05,0.000625581,12,0.0064640987335835304,2.7146346318460485e-05,True,0.0
star,asymmetric,icp_pt2pl,easy,15,0.005942910027838,8.524138357085068e-05,True,0.005942910027838,8.524138357085068e-05,True,0.0,itodd_star.ply,0.06871,0.000687,7634,7634,-0.029000715,-0.027565007,-0.041364293,0.998342689,-0.000399012,-5.9415e-05,0.000627912,-0.028953858,-0.027577187,-0.041382884,0.998342942,-0.000403879,-6.1691e-05,0.000625581,12,0.005942895799805635,8.52385668322571e-05,True,0.0
star,asymmetric,fpfh_ransac,easy,15,179.98773464765924,0.0300799337820077,False,179.98773464765924,0.0300799337820077,False,0.0,itodd_star.ply,0.06871,0.000687,7634,7634,0.669268659,0.741937608,0.001480237,0.040073157,-0.000182869,-0.000321998,-0.001412796,-0.028953858,-0.027577187,-0.041382884,0.998342942,-0.000403879,-6.1691e-05,0.000625581,12,179.9486045351422,0.030843325772307657,False,150.0
star,asymmetric,fgr,easy,15,0.007935058717107,5.815294312947764e-05,True,0.007935058717107,5.815294312947764e-05,True,0.0,itodd_star.ply,0.06871,0.000687,7634,7634,-0.029000753,-0.027553418,-0.041427876,0.998340371,-0.000400857,-6.0283e-05,0.000627783,-0.028953858,-0.027577187,-0.041382884,0.998342942,-0.000403879,-6.1691e-05,0.000625581,12,0.00793499726126887,5.8149707915060646e-05,True,0.0
star,asymmetric,icp_pt2pt,easy,16,0.9206521439408044,0.0036093126810491,True,0.9206521439408044,0.0036093126810491,True,0.0,itodd_star.ply,0.06871,0.000687,7634,7634,0.0418691,0.025784703,-0.05996937,0.996988366,0.000147394,-0.000583411,-0.000169955,0.041870427,0.025235662,-0.067969197,0.996488945,0.000249646,-0.000809321,-0.000166659,12,0.9206520648103558,0.003609304158131995,True,0.0
star,asymmetric,icp_pt2pl,easy,16,0.0080076385704925,7.005805370714988e-05,True,0.0080076385704925,7.005805370714988e-05,True,0.0,itodd_star.ply,0.06871,0.000687,7634,7634,0.041914211,0.025273478,-0.067930003,0.996488818,0.000253835,-0.000811068,-0.000168264,0.041870427,0.025235662,-0.067969197,0.996488945,0.000249646,-0.000809321,-0.000166659,12,0.008007706933177613,7.006433381689592e-05,True,0.0
star,asymmetric,fpfh_ransac,easy,16,179.58301299979323,0.0233671499396018,False,179.58301299979323,0.0233671499396018,False,0.0,itodd_star.ply,0.06871,0.000687,7634,7634,-0.025240246,0.041874044,0.996729967,0.064334027,-0.000324251,0.00069015,-0.000162695,0.041870427,0.025235662,-0.067969197,0.996488945,0.000249646,-0.000809321,-0.000166659,12,0.4175935172105001,0.002458607428919361,True,180.0
star,asymmetric,fgr,easy,16,0.0083806398576546,7.80791519586721e-05,True,0.0083806398576546,7.80791519586721e-05,True,0.0,itodd_star.ply,0.06871,0.000687,7634,7634,0.041917353,0.025272627,-0.067927003,0.996488912,0.000254478,-0.00081093,-0.000168346,0.041870427,0.025235662,-0.067969197,0.996488945,0.000249646,-0.000809321,-0.000166659,12,0.008380706134460186,7.808158823007019e-05,True,0.0
star,asymmetric,icp_pt2pt,easy,17,0.0728605321328847,0.0086319247605598,True,0.0728605321328847,0.0086319247605598,True,0.0,itodd_star.ply,0.06871,0.000687,7634,7634,0.000169834,-0.000279096,-0.013639013,0.999906931,0.000703483,-5.0047e-05,-0.000604555,-8.309e-05,-0.000821297,-0.01385422,0.999903685,0.001296577,-5.1228e-05,-0.000605867,12,0.072860506581512,0.008631882214888857,True,0.0
star,asymmetric,icp_pt2pl,easy,17,0.0139438275656623,4.0455852033281946e-05,True,0.0139438275656623,4.0455852033281946e-05,True,0.0,itodd_star.ply,0.06871,0.000687,7634,7634,2.4109e-05,-0.000797641,-0.013906708,0.999902979,0.001296142,-5.3562e-05,-0.000604422,-8.309e-05,-0.000821297,-0.01385422,0.999903685,0.001296577,-5.1228e-05,-0.000605867,12,0.01394382944760312,4.0450495152879304e-05,True,0.0
star,asymmetric,fpfh_ransac,easy,17,29.98823936150955,0.0098813857325839,False,29.98823936150955,0.0098813857325839,False,0.0,itodd_star.ply,0.06871,0.000687,7634,7634,-0.000245087,-0.000775784,-0.272077543,0.962274986,0.001087711,-0.000697249,-0.000605919,-8.309e-05,-0.000821297,-0.01385422,0.999903685,0.001296577,-5.1228e-05,-0.000605867,12,0.01772668305542189,9.3819064688397e-05,True,330.0
star,asymmetric,fgr,easy,17,61.707586054582,0.1643649823687649,False,61.707586054582,0.1643649823687649,False,0.0,itodd_star.ply,0.06871,0.000687,7634,7634,-0.000548739,-0.001808563,-0.524691998,0.851290042,0.009774255,-0.007512346,-0.000659936,-8.309e-05,-0.000821297,-0.01385422,0.999903685,0.001296577,-5.1228e-05,-0.000605867,12,31.7076922298648,0.16071739201830926,False,330.0
star,asymmetric,icp_pt2pt,easy,18,0.0540507030031594,0.0090366138629783,True,0.0540507030031594,0.0090366138629783,True,0.0,itodd_star.ply,0.06871,0.000687,7634,7634,0.002033965,-0.003429497,0.000784196,0.999991743,0.000191182,0.000336277,-0.000888825,0.002437617,-0.00361192,0.000946267,0.999990058,0.000188328,0.000957163,-0.000885279,12,0.05405065809465198,0.00903656942441019,True,0.0
star,asymmetric,icp_pt2pl,easy,18,0.0030561232850236,7.665472000087922e-05,True,0.0030561232850236,7.665472000087922e-05,True,0.0,itodd_star.ply,0.06871,0.000687,7634,7634,0.002413849,-0.003600372,0.000949868,0.999990154,0.000189596,0.000952099,-0.000884575,0.002437617,-0.00361192,0.000946267,0.999990058,0.000188328,0.000957163,-0.000885279,12,0.003056074150660445,7.666413911664366e-05,True,0.0
star,asymmetric,fpfh_ransac,easy,18,150.01706719672475,0.0269017089238185,False,150.01706719672475,0.0269017089238185,False,0.0,itodd_star.ply,0.06871,0.000687,7634,7634,0.002838751,0.003284112,0.965710067,-0.259586636,0.000291439,-0.000888366,-0.000884692,0.002437617,-0.00361192,0.000946267,0.999990058,0.000188328,0.000957163,-0.000885279,12,0.04209927817186073,0.00044523081364261554,True,210.0
star,asymmetric,fgr,easy,18,179.92016044565952,0.0172048197681307,False,179.92016044565952,0.0172048197681307,False,0.0,itodd_star.ply,0.06871,0.000687,7634,7634,0.891533275,0.452936087,-0.004158647,0.00016342,5.8974e-05,0.001647079,6.5895e-05,0.002437617,-0.00361192,0.000946267,0.999990058,0.000188328,0.000957163,-0.000885279,12,179.904991832003,0.022867472292438414,False,60.0
star,asymmetric,icp_pt2pt,easy,19,0.0325128703639502,0.0001342406284037,True,0.0325128703639502,0.0001342406284037,True,0.0,itodd_star.ply,0.06871,0.000687,7634,7634,-0.004202723,0.0072498,0.01474701,0.999856141,-0.000655,-0.000808608,0.002395051,-0.004244465,0.007357735,0.01500602,0.999851323,-0.000659475,-0.000816438,0.002393117,12,0.03251286910844588,0.0001342396238641201,True,0.0
star,asymmetric,icp_pt2pl,easy,19,0.0171636038715082,3.7297395260275165e-05,True,0.0171636038715082,3.7297395260275165e-05,True,0.0,itodd_star.ply,0.06871,0.000687,7634,7634,-0.004199789,0.007339836,0.014864203,0.999853761,-0.000658295,-0.000814759,0.002394652,-0.004244465,0.007357735,0.01500602,0.999851323,-0.000659475,-0.000816438,0.002393117,12,0.01716362926824258,3.729800310129319e-05,True,0.0
star,asymmetric,fpfh_ransac,easy,19,179.99517076621353,0.0812117975725594,False,179.99517076621353,0.0812117975725594,False,0.0,itodd_star.ply,0.06871,0.000687,7634,7634,0.708474232,0.705684665,0.008262888,-0.002267334,-0.000944497,-0.000676089,-0.003177865,-0.004244465,0.007357735,0.01500602,0.999851323,-0.000659475,-0.000816438,0.002393117,12,179.95269613637498,0.08712252875871009,False,180.0
star,asymmetric,fgr,easy,19,0.0058928058266547,4.543901022128716e-05,True,0.0058928058266547,4.543901022128716e-05,True,0.0,itodd_star.ply,0.06871,0.000687,7634,7634,-0.004210463,0.007352457,0.014967811,0.999852078,-0.000661722,-0.00081688,0.002395239,-0.004244465,0.007357735,0.01500602,0.999851323,-0.000659475,-0.000816438,0.002393117,12,0.005892826731612512,4.5438214768974544e-05,True,0.0
star,asymmetric,icp_pt2pt,medium,0,5.914108722310556,0.1826918238134892,False,5.914108722310556,0.1826918238134892,False,0.0,itodd_star.ply,0.06871,0.000687,7634,6489,-0.013303753,0.056475221,-0.000357231,0.998315297,0.000197423,0.000162157,-0.001834509,-0.016051886,0.054453132,0.051119587,0.997077721,0.012321726,0.003411469,-0.00171915,12,35.91256937130341,0.18262525772730961,False,30.0
star,asymmetric,icp_pt2pl,medium,0,3.092668634693988,0.1211356693560587,False,3.092668634693988,0.1211356693560587,False,0.0,itodd_star.ply,0.06871,0.000687,7634,6489,-0.014804929,0.055646974,0.024204508,0.998047279,0.004590669,0.000329626,-0.001811249,-0.016051886,0.054453132,0.051119587,0.997077721,0.012321726,0.003411469,-0.00171915,12,3.092668640060561,0.1211350508370868,False,0.0
star,asymmetric,fpfh_ransac,medium,0,149.93012936412336,0.359463161744016,False,149.93012936412336,0.359463161744016,False,0.0,itodd_star.ply,0.06871,0.000687,7634,6489,-0.056839407,-0.001218747,0.976203726,0.209270357,-0.0123761,0.003217663,-0.001726793,-0.016051886,0.054453132,0.051119587,0.997077721,0.012321726,0.003411469,-0.00171915,12,0.07742532981715222,0.0008068510696812809,True,150.0
star,asymmetric,fgr,medium,0,24.263501699799253,0.0561447940242022,False,24.263501699799253,0.0561447940242022,False,0.0,itodd_star.ply,0.06871,0.000687,7634,6489,-0.028415238,0.049633426,0.259446417,0.964062578,0.011457488,-0.000347588,-0.001785088,-0.016051886,0.054453132,0.051119587,0.997077721,0.012321726,0.003411469,-0.00171915,12,24.263501676069048,0.056144506364070465,False,0.0
star,asymmetric,icp_pt2pt,medium,1,3.5856205990738426,0.1919401123650028,False,3.5856205990738426,0.1919401123650028,False,0.0,itodd_star.ply,0.06871,0.000687,7634,6489,0.107367439,-0.117667062,0.013630968,0.987137727,-0.000634286,0.000375853,0.009670451,0.111512817,-0.115253088,0.044531158,0.986052024,0.005537888,0.012029832,0.009796999,12,33.58346215843025,0.18685456425408992,False,30.0
star,asymmetric,icp_pt2pl,medium,1,2.357409787276634,0.1275599216313227,False,2.357409787276634,0.1275599216313227,False,0.0,itodd_star.ply,0.06871,0.000687,7634,6489,0.107151947,-0.1172697,0.024550505,0.986997239,0.003374033,0.003537232,0.009689053,0.111512817,-0.115253088,0.044531158,0.986052024,0.005537888,0.012029832,0.009796999,12,2.3574098004801307,0.12755927601519454,False,0.0
star,asymmetric,fpfh_ransac,medium,1,149.97206119805105,0.3719605561843916,False,149.97206119805105,0.3719605561843916,False,0.0,itodd_star.ply,0.06871,0.000687,7634,6489,0.140345658,0.077873527,0.963907304,0.212418263,-0.010814957,-0.007610915,0.009794642,0.111512817,-0.115253088,0.044531158,0.986052024,0.005537888,0.012029832,0.009796999,12,0.03937145572326875,0.0004743135203149642,True,150.0
star,asymmetric,fgr,medium,1,0.0240286315527042,0.0001354744479803,True,0.0240286315527042,0.0001354744479803,True,0.0,itodd_star.ply,0.06871,0.000687,7634,6489,0.111634343,-0.115398839,0.044613416,0.986017507,0.005539506,0.0120209,0.009799061,0.111512817,-0.115253088,0.044531158,0.986052024,0.005537888,0.012029832,0.009796999,12,0.024028657125829703,0.00013547692085081283,True,0.0
star,asymmetric,icp_pt2pt,medium,2,6.098642320027814,0.0956406146400069,False,6.098642320027814,0.0956406146400069,False,0.0,itodd_star.ply,0.06871,0.000687,7634,6489,-0.064490604,0.23465458,-0.001052015,0.969936639,0.000517759,-0.00085357,-0.001785113,-0.077433703,0.229764427,0.050320805,0.96885507,0.006880011,-0.002496494,-0.001705838,12,6.09864236380885,0.09564012807987879,False,0.0
star,asymmetric,icp_pt2pl,medium,2,0.1930555737107618,0.000888452123008,True,0.1930555737107618,0.000888452123008,True,0.0,itodd_star.ply,0.06871,0.000687,7634,6489,-0.07699864,0.229706531,0.048699555,0.968986312,0.006820343,-0.002508093,-0.001711478,-0.077433703,0.229764427,0.050320805,0.96885507,0.006880011,-0.002496494,-0.001705838,12,0.19305560881019015,0.0008884590387144985,True,0.0
star,asymmetric,fpfh_ransac,medium,2,59.97812788052602,0.1063992579574528,False,59.97812788052602,0.1063992579574528,False,0.0,itodd_star.ply,0.06871,0.000687,7634,6489,-0.181760665,0.160159614,0.527878002,0.81403733,0.005629727,0.004706455,-0.001706814,-0.077433703,0.229764427,0.050320805,0.96885507,0.006880011,-0.002496494,-0.001705838,12,0.03939674527757003,0.0005829127512087965,True,60.0
star,asymmetric,fgr,medium,2,60.00653317534257,0.1069409398232839,False,60.00653317534257,0.1069409398232839,False,0.0,itodd_star.ply,0.06871,0.000687,7634,6489,0.047704175,0.237417701,-0.440948142,0.864246425,0.001241738,-0.007208302,-0.001707152,-0.077433703,0.229764427,0.050320805,0.96885507,0.006880011,-0.002496494,-0.001705838,12,0.01909089684130253,0.00012901296188858706,True,300.0
star,asymmetric,icp_pt2pt,medium,3,12.822874512085836,0.0729376751868524,False,12.822874512085836,0.0729376751868524,False,0.0,itodd_star.ply,0.06871,0.000687,7634,6489,-0.0049458,-0.012368235,0.013267609,0.999823253,-0.000175989,0.001090117,0.001810915,-0.006411388,-0.010749674,-0.098452025,0.995063082,0.001757045,0.005713623,0.001854724,12,12.8228744582071,0.07293729393318409,False,0.0
star,asymmetric,icp_pt2pl,medium,3,28.82743543417192,0.0450039753398202,False,28.82743543417192,0.0450039753398202,False,0.0,itodd_star.ply,0.06871,0.000687,7634,6489,-0.003185221,-0.01152511,0.152337671,0.988256171,-0.001327902,0.005502006,0.001846541,-0.006411388,-0.010749674,-0.098452025,0.995063082,0.001757045,0.005713623,0.001854724,12,1.1740987442821758,0.004937363967414728,True,30.0
star,asymmetric,fpfh_ransac,medium,3,179.97439291211876,0.1588473393438333,False,179.97439291211876,0.1588473393438333,False,0.0,itodd_star.ply,0.06871,0.000687,7634,6489,0.929995057,0.367340751,-0.009634913,0.008782671,0.004596635,-0.003817312,-0.002642045,-0.006411388,-0.010749674,-0.098452025,0.995063082,0.001757045,0.005713623,0.001854724,12,179.90121747949146,0.14654180298238131,False,150.0
star,asymmetric,fgr,medium,3,0.0169812219106085,0.0001739421169194,True,0.0169812219106085,0.0001739421169194,True,0.0,itodd_star.ply,0.06871,0.000687,7634,6489,-0.006275056,-0.01072473,-0.098399951,0.995069371,0.00175594,0.005724791,0.001850613,-0.006411388,-0.010749674,-0.098452025,0.995063082,0.001757045,0.005713623,0.001854724,12,0.0169811663218419,0.00017394559680090698,True,0.0
star,asymmetric,icp_pt2pt,medium,4,15.975382009044738,0.0847411452317408,False,15.975382009044738,0.0847411452317408,False,0.0,itodd_star.ply,0.06871,0.000687,7634,6489,0.031907899,0.147736648,0.008891088,0.98847191,0.00044615,0.000644156,0.00337953,0.012252069,0.151409106,0.14631025,0.977506256,-0.002920562,0.005394168,0.003446954,12,14.026175812584675,0.07987315380508679,False,330.0
star,asymmetric,icp_pt2pl,medium,4,15.586621102377206,0.0685950650768585,False,15.586621102377206,0.0685950650768585,False,0.0,itodd_star.ply,0.06871,0.000687,7634,6489,0.031680036,0.147183862,0.012310511,0.988525031,0.000239896,0.00189844,0.003375501,0.012252069,0.151409106,0.14631025,0.977506256,-0.002920562,0.005394168,0.003446954,12,14.415343495784585,0.06151984916671287,False,330.0
star,asymmetric,fpfh_ransac,medium,4,90.13340442517551,0.125734726430289,False,90.13340442517551,0.125734726430289,False,0.0,itodd_star.ply,0.06871,0.000687,7634,6489,-0.098589993,0.115766445,0.795328081,0.586797569,-0.005386073,-0.002885735,0.003440476,0.012252069,0.151409106,0.14631025,0.977506256,-0.002920562,0.005394168,0.003446954,12,0.13560009224277728,0.00023497321543347868,True,90.0
star,asymmetric,fgr,medium,4,179.865086978495,0.1861650552439617,False,179.865086978495,0.1861650552439617,False,0.0,itodd_star.ply,0.06871,0.000687,7634,6489,0.604389246,0.782192861,0.063962838,-0.13710114,0.005948859,0.000267784,-0.004212799,0.012252069,0.151409106,0.14631025,0.977506256,-0.002920562,0.005394168,0.003446954,12,179.82450604349077,0.2043737953909932,False,90.0
star,asymmetric,icp_pt2pt,medium,5,14.512364214678437,0.0685574453544174,False,14.512364214678437,0.0685574453544174,False,0.0,itodd_star.ply,0.06871,0.000687,7634,6489,0.154418646,0.007466663,0.023091801,0.987707396,-0.000936253,-0.001196104,0.004168396,0.153181948,-0.011681083,-0.101910914,0.982859608,-0.00561985,-0.001696496,0.004222021,12,14.512364188481135,0.068557082649721,False,0.0
star,asymmetric,icp_pt2pl,medium,5,29.99384375429833,0.0442905096070655,False,29.99384375429833,0.0442905096070655,False,0.0,itodd_star.ply,0.06871,0.000687,7634,6489,0.151093678,0.028394289,0.155886336,0.975737626,-0.004005802,-0.004276384,0.00422129,0.153181948,-0.011681083,-0.101910914,0.982859608,-0.00561985,-0.001696496,0.004222021,12,0.010932093253106859,0.00017681501817848235,True,30.0
star,asymmetric,fpfh_ransac,medium,5,149.86034921000197,0.1656053183024844,False,149.86034921000197,0.1656053183024844,False,0.0,itodd_star.ply,0.06871,0.000687,7634,6489,-0.028461196,0.150981841,0.975550761,-0.157146928,0.004042768,0.004312517,0.004220633,0.153181948,-0.011681083,-0.101910914,0.982859608,-0.00561985,-0.001696496,0.004222021,12,0.14284064951008063,0.001130611357359856,True,210.0
star,asymmetric,fgr,medium,5,0.0207643360335441,0.0002242550667979,True,0.0207643360335441,0.0002242550667979,True,0.0,itodd_star.ply,0.06871,0.000687,7634,6489,0.153356364,-0.011656554,-0.101941078,0.982829572,-0.005632314,-0.00168777,0.004224458,0.153181948,-0.011681083,-0.101910914,0.982859608,-0.00561985,-0.001696496,0.004222021,12,0.020764370295875485,0.00022425952775590114,True,0.0
star,asymmetric,icp_pt2pt,medium,6,10.844794854103288,0.0455137258753027,False,10.844794854103288,0.0455137258753027,False,0.0,itodd_star.ply,0.06871,0.000687,7634,6489,-0.120370505,-0.195207855,-0.008843892,0.973307054,0.002016571,-0.00148673,-0.007226564,-0.138594867,-0.183388276,-0.10076618,0.967990899,0.004002933,-0.003901652,-0.007180688,12,10.844794780703525,0.045513507511019784,False,0.0
star,asymmetric,icp_pt2pl,medium,6,0.0090576394349289,0.0002045440216909,True,0.0090576394349289,0.0002045440216909,True,0.0,itodd_star.ply,0.06871,0.000687,7634,6489,-0.138520208,-0.183379395,-0.100746504,0.968005316,0.004007726,-0.003888929,-0.00718425,-0.138594867,-0.183388276,-0.10076618,0.967990899,0.004002933,-0.003901652,-0.007180688,12,0.00905768780133043,0.00020455144119132008,True,0.0
star,asymmetric,fpfh_ransac,medium,6,152.743335252531,0.155544345212583,False,152.743335252531,0.155544345212583,False,0.0,itodd_star.ply,0.06871,0.000687,7634,6489,0.145812403,-0.177248753,0.917024335,0.326171723,-0.002370704,0.004677187,-0.007207686,-0.138594867,-0.183388276,-0.10076618,0.967990899,0.004002933,-0.003901652,-0.007180688,12,2.743711745980778,0.01624105664942772,False,150.0
star,asymmetric,fgr,medium,6,0.025182960150505,0.000306290360906,True,0.025182960150505,0.000306290360906,True,0.0,itodd_star.ply,0.06871,0.000687,7634,6489,-0.138487592,-0.183419436,-0.100579147,0.9680198,0.004014261,-0.003884172,-0.007183695,-0.138594867,-0.183388276,-0.10076618,0.967990899,0.004002933,-0.003901652,-0.007180688,12,0.02518290816461233,0.0003062955958235896,True,0.0
star,asymmetric,icp_pt2pt,medium,7,31.328517148074443,0.0483011427412885,False,31.328517148074443,0.0483011427412885,False,0.0,itodd_star.ply,0.06871,0.000687,7634,6489,-0.242631536,-0.125982179,0.009617194,0.961855466,-0.000535846,0.004641562,0.00774149,-0.267148596,-0.055984041,-0.250551288,0.928828007,0.002699214,0.005381549,0.007772027,12,1.3300473401247048,0.020324180299857723,False,30.0
star,asymmetric,icp_pt2pl,medium,7,30.005385208299387,0.0450270818399731,False,30.005385208299387,0.0450270818399731,False,0.0,itodd_star.ply,0.06871,0.000687,7634,6489,-0.243691237,-0.123227418,-0.001551378,0.961991257,-0.000332819,0.005996623,0.007766975,-0.267148596,-0.055984041,-0.250551288,0.928828007,0.002699214,0.005381549,0.007772027,12,0.0223373965310507,0.0004374898951260073,True,30.0
star,asymmetric,fpfh_ransac,medium,7,179.8922553402307,0.2655672567193977,False,179.8922553402307,0.2655672567193977,False,0.0,itodd_star.ply,0.06871,0.000687,7634,6489,-0.48964668,0.828336881,0.271714308,-0.01659743,-0.005139393,0.003303715,-0.008574014,-0.267148596,-0.055984041,-0.250551288,0.928828007,0.002699214,0.005381549,0.007772027,12,179.88817473875116,0.28004907599446255,False,330.0
star,asymmetric,fgr,medium,7,59.40186189944293,0.0839033603786338,False,59.40186189944293,0.0839033603786338,False,0.0,itodd_star.ply,0.06871,0.000687,7634,6489,-0.204401865,-0.181031618,0.242576143,0.93091581,-0.00306179,0.005167762,0.007769447,-0.267148596,-0.055984041,-0.250551288,0.928828007,0.002699214,0.005381549,0.007772027,12,0.5987863483735689,0.003797184981660682,True,60.0
star,asymmetric,icp_pt2pt,medium,8,11.650203106906169,0.2054004830263525,False,11.650203106906169,0.2054004830263525,False,0.0,itodd_star.ply,0.06871,0.000687,7634,6489,0.0,0.0,0.0,1.0,0.0,0.0,0.0,0.098843501,-0.014634146,0.017789336,0.99483634,0.003799002,0.012065982,-0.006257499,12,30.167785571701955,0.20518382729334314,False,330.0
star,asymmetric,icp_pt2pl,medium,8,11.650203106906169,0.2054004830263525,False,11.650203106906169,0.2054004830263525,False,0.0,itodd_star.ply,0.06871,0.000687,7634,6489,0.0,0.0,0.0,1.0,0.0,0.0,0.0,0.098843501,-0.014634146,0.017789336,0.99483634,0.003799002,0.012065982,-0.006257499,12,30.167785571701955,0.20518382729334314,False,330.0
star,asymmetric,fpfh_ransac,medium,8,89.91110121613613,0.2591123196015237,False,89.91110121613613,0.2591123196015237,False,0.0,itodd_star.ply,0.06871,0.000687,7634,6489,0.080508277,0.059495702,0.715493327,0.691410138,-0.011998401,0.003855794,-0.006250357,0.098843501,-0.014634146,0.017789336,0.99483634,0.003799002,0.012065982,-0.006257499,12,0.09195637848113677,0.001025856805765402,True,90.0
star,asymmetric,fgr,medium,8,0.0437652874058783,0.0001399660605179,True,0.0437652874058783,0.0001399660605179,True,0.0,itodd_star.ply,0.06871,0.000687,7634,6489,0.098956036,-0.014754114,0.017444717,0.994829483,0.003808154,0.012063637,-0.006255703,0.098843501,-0.014634146,0.017789336,0.99483634,0.003799002,0.012065982,-0.006257499,12,0.04376523370875172,0.00013996284291217993,True,0.0
star,asymmetric,icp_pt2pt,medium,9,0.0663568507342754,0.0003407305484958,True,0.0663568507342754,0.0003407305484958,True,0.0,itodd_star.ply,0.06871,0.000687,7634,6489,-0.151140813,-0.013857805,-0.015290382,0.988296828,-0.000288137,0.000334564,-0.000303666,-0.151071636,-0.014023061,-0.015841046,0.988296401,-0.000311309,0.000334404,-0.000300334,12,0.06635692692614951,0.00034072016090682983,True,0.0
star,asymmetric,icp_pt2pl,medium,9,0.062231209153572,0.0002616387948436,True,0.062231209153572,0.0002616387948436,True,0.0,itodd_star.ply,0.06871,0.000687,7634,6489,-0.151271337,-0.013593354,-0.0161048,0.988267595,-0.00031762,0.000317689,-0.000302321,-0.151071636,-0.014023061,-0.015841046,0.988296401,-0.000311309,0.000334404,-0.000300334,12,0.06223118894821607,0.00026163407410274316,True,0.0
star,asymmetric,fpfh_ransac,medium,9,120.1544300456823,0.0107015353388966,False,120.1544300456823,0.0107015353388966,False,0.0,itodd_star.ply,0.06871,0.000687,7634,6489,-0.063546007,-0.137974831,0.84865148,0.506671014,-0.000151778,-0.000383375,-0.000302931,-0.151071636,-0.014023061,-0.015841046,0.988296401,-0.000311309,0.000334404,-0.000300334,12,0.16787080530473356,7.461831576274989e-05,True,120.0
star,asymmetric,fgr,medium,9,0.0592257585247449,0.0002553158213032,True,0.0592257585247449,0.0002553158213032,True,0.0,itodd_star.ply,0.06871,0.000687,7634,6489,-0.151286144,-0.01360412,-0.016052419,0.988266032,-0.000308239,0.000317385,-0.00030328,-0.151071636,-0.014023061,-0.015841046,0.988296401,-0.000311309,0.000334404,-0.000300334,12,0.05922577686313214,0.00025531669098604947,True,0.0
star,asymmetric,icp_pt2pt,medium,10,12.031028359113716,0.0024198068121665,False,12.031028359113716,0.0024198068121665,False,0.0,itodd_star.ply,0.06871,0.000687,7634,6489,-0.127315454,0.193964257,0.004460275,0.972701778,-0.000203839,-0.000791819,-0.000196105,-0.145937776,0.179273681,0.106531373,0.967064724,-0.000122509,-0.000932832,-0.000162271,12,12.031028390090688,0.0024198045794198235,False,0.0
star,asymmetric,icp_pt2pl,medium,10,0.0214732940130831,0.0001533817199573,True,0.0214732940130831,0.0001533817199573,True,0.0,itodd_star.ply,0.06871,0.000687,7634,6489,-0.146080035,0.179363106,0.106600603,0.967019033,-0.000126373,-0.000941771,-0.000158244,-0.145937776,0.179273681,0.106531373,0.967064724,-0.000122509,-0.000932832,-0.000162271,12,0.021473282233866072,0.00015337165127713305,True,0.0
star,asymmetric,fpfh_ransac,medium,10,90.07658198314468,0.0193434713771552,False,90.07658198314468,0.0193434713771552,False,0.0,itodd_star.ply,0.06871,0.000687,7634,6489,-0.230161365,0.023623189,0.759542706,0.607916581,0.000911072,-9.7275e-05,-0.000158063,-0.145937776,0.179273681,0.106531373,0.967064724,-0.000122509,-0.000932832,-0.000162271,12,0.08590213689239548,0.0004552954545433551,True,90.0
star,asymmetric,fgr,medium,10,73.9509253763884,0.0659830431649049,False,73.9509253763884,0.0659830431649049,False,0.0,itodd_star.ply,0.06871,0.000687,7634,6489,-0.009659972,0.230899499,-0.496747599,0.836560774,-0.003259064,-0.004206098,-0.000206212,-0.145937776,0.179273681,0.106531373,0.967064724,-0.000122509,-0.000932832,-0.000162271,12,13.95117727426205,0.06555951590306297,False,300.0
star,asymmetric,icp_pt2pt,medium,11,7.1486438347120185,0.1903270350522084,False,7.1486438347120185,0.1903270350522084,False,0.0,itodd_star.ply,0.06871,0.000687,7634,6489,0.164580564,0.008954462,-0.011796474,0.986252452,-0.000449885,0.000156245,0.000737695,0.16499178,-0.001401133,-0.073244519,0.983570531,-0.006453428,0.011773787,0.000815486,12,22.851402326540956,0.18864061328219778,False,30.0
star,asymmetric,icp_pt2pl,medium,11,5.834431576769998,0.1544845555347894,False,5.834431576769998,0.1544845555347894,False,0.0,itodd_star.ply,0.06871,0.000687,7634,6489,0.163372958,0.00694943,-0.023123208,0.986268878,-0.003336333,0.001627606,0.000725956,0.16499178,-0.001401133,-0.073244519,0.983570531,-0.006453428,0.011773787,0.000815486,12,24.16872588599425,0.14170952000687234,False,30.0
star,asymmetric,fpfh_ransac,medium,11,119.98124959397956,0.3377638261076504,False,119.98124959397956,0.3377638261076504,False,0.0,itodd_star.ply,0.06871,0.000687,7634,6489,-0.081242423,0.143279681,0.888399055,-0.428506385,0.013391126,-0.000258996,0.000809619,0.16499178,-0.001401133,-0.073244519,0.983570531,-0.006453428,0.011773787,0.000815486,12,0.06652104228409192,0.0004759132882469852,True,240.0
star,asymmetric,fgr,medium,11,0.0508885791613941,0.0003083709906338,True,0.0508885791613941,0.0003083709906338,True,0.0,itodd_star.ply,0.06871,0.000687,7634,6489,0.164891739,-0.001095089,-0.072941261,0.983610232,-0.006457792,0.011753152,0.000817505,0.16499178,-0.001401133,-0.073244519,0.983570531,-0.006453428,0.011773787,0.000815486,12,0.05088855134412027,0.0003083660111879116,True,0.0
star,asymmetric,icp_pt2pt,medium,12,0.0698581681012689,0.1856191012915861,False,0.0698581681012689,0.1856191012915861,False,0.0,itodd_star.ply,0.06871,0.000687,7634,6489,0.092239464,-0.013440837,-0.017818713,0.995486674,0.000689919,-0.000810529,0.002764469,0.092077257,-0.01347596,-0.018405302,0.995490543,0.012230002,-0.006240035,0.002847878,12,30.06753559001781,0.18445703914997788,False,330.0
star,asymmetric,icp_pt2pl,medium,12,1.9538402003938036,0.1158309297734717,False,1.9538402003938036,0.1158309297734717,False,0.0,itodd_star.ply,0.06871,0.000687,7634,6489,0.091807957,-0.014061824,-0.035437586,0.995046603,0.005173059,-0.002561219,0.002765307,0.092077257,-0.01347596,-0.018405302,0.995490543,0.012230002,-0.006240035,0.002847878,12,1.9538401275180808,0.11583034144883644,False,0.0
star,asymmetric,fpfh_ransac,medium,12,60.01977294191205,0.200706016985672,False,60.01977294191205,0.200706016985672,False,0.0,itodd_star.ply,0.06871,0.000687,7634,6489,0.08633049,0.034554003,0.48194194,0.871254862,0.011491932,0.007530635,0.002836383,0.092077257,-0.01347596,-0.018405302,0.995490543,0.012230002,-0.006240035,0.002847878,12,0.03311290099704771,0.0006829886502078879,True,60.0
star,asymmetric,fgr,medium,12,179.90863578763373,0.3398708994251766,False,179.90863578763373,0.3398708994251766,False,0.0,itodd_star.ply,0.06871,0.000687,7634,6489,-0.412279853,0.906226834,-0.079402613,0.049734022,-0.007964647,-0.01599998,-0.003652481,0.092077257,-0.01347596,-0.018405302,0.995490543,0.012230002,-0.006240035,0.002847878,12,179.90863578597424,0.33986915679752217,False,0.0
star,asymmetric,icp_pt2pt,medium,13,7.571489110098559,0.179745342475305,False,7.571489110098559,0.179745342475305,False,0.0,itodd_star.ply,0.06871,0.000687,7634,6489,0.134311681,0.142185267,0.010072934,0.9806336,0.000155085,-0.001855745,0.006073097,0.126531319,0.1502591,0.075107053,0.977635392,-0.007099805,-0.011850413,0.006112923,12,7.571489106691179,0.1797444186270626,False,0.0
star,asymmetric,icp_pt2pl,medium,13,1.0578353051372344,0.1144557604132947,False,1.0578353051372344,0.1144557604132947,False,0.0,itodd_star.ply,0.06871,0.000687,7634,6489,0.128290734,0.14891502,0.066166797,0.978257512,-0.00190294,-0.005948363,0.006047572,0.126531319,0.1502591,0.075107053,0.977635392,-0.007099805,-0.011850413,0.006112923,12,1.0578353167350507,0.11445516764353478,False,0.0
star,asymmetric,fpfh_ransac,medium,13,179.97500426430653,0.2210010075627852,False,179.97500426430653,0.2210010075627852,False,0.0,itodd_star.ply,0.06871,0.000687,7634,6489,0.317395329,0.927752281,-0.083961103,-0.177444201,0.000411886,-0.013888113,-0.006925616,0.126531319,0.1502591,0.075107053,0.977635392,-0.007099805,-0.011850413,0.006112923,12,179.85426011277173,0.44602372083571973,False,210.0
star,asymmetric,fgr,medium,13,179.91489412053863,0.4116129717391109,False,179.91489412053863,0.4116129717391109,False,0.0,itodd_star.ply,0.06871,0.000687,7634,6489,-0.380391719,0.903644303,-0.181326696,-0.076483615,0.015661805,-0.001297706,-0.006941144,0.126531319,0.1502591,0.075107053,0.977635392,-0.007099805,-0.011850413,0.006112923,12,179.9137126262491,0.4532626869593258,False,330.0
star,asymmetric,icp_pt2pt,medium,14,16.877452175154637,0.1897811725186814,False,16.877452175154637,0.1897811725186814,False,0.0,itodd_star.ply,0.06871,0.000687,7634,6489,0.066748885,0.299903465,0.008471582,0.951593784,7.7448e-05,-0.000847593,0.000784276,0.110476862,0.285014325,-0.13098094,0.943083077,-0.010999267,-0.007728065,0.000826629,12,13.125956371773146,0.18478914788815778,False,30.0
star,asymmetric,icp_pt2pl,medium,14,27.067927401465163,0.1612844127879857,False,27.067927401465163,0.1612844127879857,False,0.0,itodd_star.ply,0.06871,0.000687,7634,6489,0.04089536,0.304684885,0.093281117,0.946991723,-0.000287448,-0.004888732,0.000790577,0.110476862,0.285014325,-0.13098094,0.943083077,-0.010999267,-0.007728065,0.000826629,12,2.939695821781315,0.13172544541488942,False,30.0
star,asymmetric,fpfh_ransac,medium,14,150.00904100193108,0.3778567230668589,False,150.00904100193108,0.3778567230668589,False,0.0,itodd_star.ply,0.06871,0.000687,7634,6489,-0.303883428,0.032932805,0.944863808,-0.117484792,0.005639601,0.012201672,0.000826417,0.110476862,0.285014325,-0.13098094,0.943083077,-0.010999267,-0.007728065,0.000826629,12,0.041364802460560485,0.0005960068508007937,True,210.0
star,asymmetric,fgr,medium,14,29.93893511015742,0.1009507172039791,False,29.93893511015742,0.1009507172039791,False,0.0,itodd_star.ply,0.06871,0.000687,7634,6489,0.03302014,0.303869768,0.117039885,0.944920367,-0.005679182,-0.012178771,0.000829807,0.110476862,0.285014325,-0.13098094,0.943083077,-0.010999267,-0.007728065,0.000826629,12,0.0635759837994362,0.000387850289902833,True,30.0
star,asymmetric,icp_pt2pt,medium,15,0.4081887514039252,0.1541611949788934,False,0.4081887514039252,0.1541611949788934,False,0.0,itodd_star.ply,0.06871,0.000687,7634,6489,-0.004828756,0.016828518,0.009442707,0.99980214,0.001026215,-0.000188502,0.005221014,-0.003663652,0.017440454,0.006132672,0.999822384,0.011602301,0.0003954,0.005280775,12,0.40818870790587597,0.15416039633710607,False,0.0
star,asymmetric,icp_pt2pl,medium,15,7.601462021986849,0.0678008400009452,False,7.601462021986849,0.0678008400009452,False,0.0,itodd_star.ply,0.06871,0.000687,7634,6489,-0.006380427,0.017457094,0.07234845,0.997206218,0.006969581,0.000882949,0.00523091,-0.003663652,0.017440454,0.006132672,0.999822384,0.011602301,0.0003954,0.005280775,12,7.6014620454792805,0.06780048243817692,False,0.0
star,asymmetric,fpfh_ransac,medium,15,59.9939448683888,0.1690123774287198,False,59.9939448683888,0.1690123774287198,False,0.0,itodd_star.ply,0.06871,0.000687,7634,6489,0.005192735,0.017020067,-0.494559973,0.868961326,0.00611696,-0.009840208,0.005286775,-0.003663652,0.017440454,0.006132672,0.999822384,0.011602301,0.0003954,0.005280775,12,0.04011046178134034,0.0002556387538028739,True,300.0
star,asymmetric,fgr,medium,15,12.163778591453116,0.0280514345672007,False,12.163778591453116,0.0280514345672007,False,0.0,itodd_star.ply,0.06871,0.000687,7634,6489,-0.006167114,0.015923205,0.112006443,0.993560756,0.013518406,0.000187986,0.005260554,-0.003663652,0.017440454,0.006132672,0.999822384,0.011602301,0.0003954,0.005280775,12,12.163778573275605,0.02805129424435942,False,0.0
star,asymmetric,icp_pt2pt,medium,16,0.0517286120842807,0.0001963374123795,True,0.0517286120842807,0.0001963374123795,True,0.0,itodd_star.ply,0.06871,0.000687,7634,6489,-0.214044923,-0.257795774,0.035194576,0.941534626,0.000152865,0.000577101,-0.00131122,-0.214050744,-0.257871407,0.035637887,0.941495915,0.000144382,0.000587064,-0.001307941,12,0.05172859231401633,0.00019632939019330111,True,0.0
star,asymmetric,icp_pt2pl,medium,16,0.024382359249876,0.000103222049173,True,0.024382359249876,0.000103222049173,True,0.0,itodd_star.ply,0.06871,0.000687,7634,6489,-0.214061365,-0.257883515,0.035849605,0.941482146,0.000149036,0.000591156,-0.001311389,-0.214050744,-0.257871407,0.035637887,0.941495915,0.000144382,0.000587064,-0.001307941,12,0.02438230125200879,0.00010321274339166775,True,0.0
star,asymmetric,fpfh_ransac,medium,16,89.99264147375385,0.012233808831076,False,89.99264147375385,0.012233808831076,False,0.0,itodd_star.ply,0.06871,0.000687,7634,6489,-0.333635815,-0.031006475,-0.640510086,0.690993901,0.00057098,-0.000137182,-0.001315476,-0.214050744,-0.257871407,0.035637887,0.941495915,0.000144382,0.000587064,-0.001307941,12,0.03268049801693385,0.00046498209095227746,True,270.0
star,asymmetric,fgr,medium,16,0.042233522284911,8.739933333032118e-05,True,0.042233522284911,8.739933333032118e-05,True,0.0,itodd_star.ply,0.06871,0.000687,7634,6489,-0.214021123,-0.257934187,0.035999037,0.941471711,0.000148601,0.000584513,-0.001311368,-0.214050744,-0.257871407,0.035637887,0.941495915,0.000144382,0.000587064,-0.001307941,12,0.04223346327463709,8.738644582827173e-05,True,0.0
star,asymmetric,icp_pt2pt,medium,17,1.5988723389375763,0.1514584099020359,False,1.5988723389375763,0.1514584099020359,False,0.0,itodd_star.ply,0.06871,0.000687,7634,6489,0.0,0.0,0.0,1.0,0.0,0.0,0.0,-0.006027323,0.011145646,-0.005840698,0.999902661,0.003535836,-0.004956223,-0.008439915,12,1.5988723077051326,0.15145763379525257,False,0.0
star,asymmetric,icp_pt2pl,medium,17,1.5988723389375763,0.1514584099020359,False,1.5988723389375763,0.1514584099020359,False,0.0,itodd_star.ply,0.06871,0.000687,7634,6489,0.0,0.0,0.0,1.0,0.0,0.0,0.0,-0.006027323,0.011145646,-0.005840698,0.999902661,0.003535836,-0.004956223,-0.008439915,12,1.5988723077051326,0.15145763379525257,False,0.0
star,asymmetric,fpfh_ransac,medium,17,60.0108765451766,0.0888745332175282,False,60.0108765451766,0.0888745332175282,False,0.0,itodd_star.ply,0.06871,0.000687,7634,6489,0.000365283,0.012575989,-0.505091853,0.862973888,-0.002545775,-0.005507411,-0.008437352,-0.006027323,0.011145646,-0.005840698,0.999902661,0.003535836,-0.004956223,-0.008439915,12,0.016779345963401977,0.0006431995476450766,True,300.0
star,asymmetric,fgr,medium,17,0.1176022065914225,0.0002218136898138,True,0.1176022065914225,0.0002218136898138,True,0.0,itodd_star.ply,0.06871,0.000687,7634,6489,-0.006149011,0.01106071,-0.004825226,0.99990828,0.003539347,-0.004969848,-0.008434057,-0.006027323,0.011145646,-0.005840698,0.999902661,0.003535836,-0.004956223,-0.008439915,12,0.11760227169800774,0.00022181433800803126,True,0.0
star,asymmetric,icp_pt2pt,medium,18,3.9447839553235,0.0050063732740565,False,3.9447839553235,0.0050063732740565,False,0.0,itodd_star.ply,0.06871,0.000687,7634,6489,-0.272809516,0.006791611,0.045572129,0.960964111,-0.000414977,-5.4942e-05,-0.000239998,-0.273058884,-0.003437547,0.078367513,0.958793806,-0.000405807,-0.000397489,-0.000209936,12,3.944783952739485,0.005006343220253514,False,0.0
star,asymmetric,icp_pt2pl,medium,18,0.0458999724007956,0.0001082188527037,True,0.0458999724007956,0.0001082188527037,True,0.0,itodd_star.ply,0.06871,0.000687,7634,6489,-0.27309097,-0.003129046,0.078114369,0.958806381,-0.000402423,-0.000403952,-0.000211373,-0.273058884,-0.003437547,0.078367513,0.958793806,-0.000405807,-0.000397489,-0.000209936,12,0.04589994840485987,0.00010821582002633921,True,0.0
star,asymmetric,fpfh_ransac,medium,18,149.91884117147958,0.0164179894238875,False,149.91884117147958,0.0164179894238875,False,0.0,itodd_star.ply,0.06871,0.000687,7634,6489,0.074173642,-0.262846445,0.905601362,-0.324493745,0.000154105,0.000581821,-0.00021148,-0.273058884,-0.003437547,0.078367513,0.958793806,-0.000405807,-0.000397489,-0.000209936,12,0.09068282659418085,0.000813039345162401,True,210.0
star,asymmetric,fgr,medium,18,0.0517729466013946,7.724242139103e-05,True,0.0517729466013946,7.724242139103e-05,True,0.0,itodd_star.ply,0.06871,0.000687,7634,6489,-0.273089178,-0.003089227,0.078081802,0.958809673,-0.000410032,-0.000400172,-0.000211702,-0.273058884,-0.003437547,0.078367513,0.958793806,-0.000405807,-0.000397489,-0.000209936,12,0.05177295452806924,7.72426305083589e-05,True,0.0
star,asymmetric,icp_pt2pt,medium,19,0.2176619115879003,0.0781231197169548,False,0.2176619115879003,0.0781231197169548,False,0.0,itodd_star.ply,0.06871,0.000687,7634,6489,0.233324517,0.04949431,-0.005601187,0.971122345,-0.000134545,0.000160667,-0.001143083,0.234048583,0.050751743,-0.004397752,0.970889376,-0.005501765,0.000179628,-0.001065631,12,0.21766185562417825,0.07812272300116294,False,0.0
star,asymmetric,icp_pt2pl,medium,19,0.0408698579142264,3.55249178014908e-05,True,0.0408698579142264,3.55249178014908e-05,True,0.0,itodd_star.ply,0.06871,0.000687,7634,6489,0.233762153,0.050949109,-0.004345417,0.97094828,-0.005499555,0.000179336,-0.001064637,0.234048583,0.050751743,-0.004397752,0.970889376,-0.005501765,0.000179628,-0.001065631,12,0.040869865886641175,3.552290153268667e-05,True,0.0
star,asymmetric,fpfh_ransac,medium,19,179.94963542987952,0.1048761205601566,False,179.94963542987952,0.1048761205601566,False,0.0,itodd_star.ply,0.06871,0.000687,7634,6489,-0.677047448,0.696335415,-0.202454034,0.125443646,0.000297384,0.004242627,0.000271664,0.234048583,0.050751743,-0.004397752,0.970889376,-0.005501765,0.000179628,-0.001065631,12,179.83120754050785,0.07229778509575611,False,210.0
star,asymmetric,fgr,medium,19,90.04801749081966,0.1127674432389612,False,90.04801749081966,0.1127674432389612,False,0.0,itodd_star.ply,0.06871,0.000687,7634,6489,0.129382185,0.201322066,0.683722045,0.689386569,-0.000180699,-0.005452515,-0.00106592,0.234048583,0.050751743,-0.004397752,0.970889376,-0.005501765,0.000179628,-0.001065631,12,0.06797485810263348,4.914384636410672e-05,True,90.0
star,asymmetric,icp_pt2pt,hard,0,25.962100325443043,0.4495121122171057,False,25.962100325443043,0.4495121122171057,False,0.0,itodd_star.ply,0.06871,0.000687,7634,4580,-0.122670035,0.033073485,0.03376692,0.991321342,0.002274136,-0.003492963,0.005112731,-0.095632151,0.066222586,-0.187649765,0.975323857,-0.018152149,-0.026646483,0.004328373,12,34.17820797198181,0.408961511330881,False,60.0
star,asymmetric,icp_pt2pl,hard,0,17.957310781370307,0.3238033526431299,False,17.957310781370307,0.3238033526431299,False,0.0,itodd_star.ply,0.06871,0.000687,7634,4580,-0.115169671,0.047709921,-0.034296111,0.991606518,-0.000933063,-0.012565393,0.004795154,-0.095632151,0.066222586,-0.187649765,0.975323857,-0.018152149,-0.026646483,0.004328373,12,12.149520594349188,0.28572862333819704,False,30.0
star,asymmetric,fpfh_ransac,hard,0,90.15415589413657,0.6664682071017546,False,90.15415589413657,0.6664682071017546,False,0.0,itodd_star.ply,0.06871,0.000687,7634,4580,-0.115282125,-0.022215697,0.557897405,0.821563741,0.026802497,-0.017926135,0.00445261,-0.095632151,0.066222586,-0.187649765,0.975323857,-0.018152149,-0.026646483,0.004328373,12,0.2548620227583468,0.003950294670145878,True,90.0
star,asymmetric,fgr,hard,0,179.76527554291545,0.9894845740937916,False,179.76527554291545,0.9894845740937916,False,0.0,itodd_star.ply,0.06871,0.000687,7634,4580,0.873585874,-0.472158164,-0.013949049,0.117131608,0.025042733,0.024961651,-0.005318044,-0.095632151,0.066222586,-0.187649765,0.975323857,-0.018152149,-0.026646483,0.004328373,12,179.44969578698658,0.5890623837128678,False,240.0
star,asymmetric,icp_pt2pt,hard,1,0.3830326674253507,0.0027747580763708,True,0.3830326674253507,0.0027747580763708,True,0.0,itodd_star.ply,0.06871,0.000687,7634,4580,0.006430568,-0.003304809,0.021652703,0.999739409,0.001586985,0.000731876,-0.002269447,0.007530712,-0.00463361,0.02451463,0.999660368,0.001733532,0.00084952,-0.002237313,12,0.38303268579370353,0.0027747551087599206,True,0.0
star,asymmetric,icp_pt2pl,hard,1,0.1219373439735445,0.0007200121048462,True,0.1219373439735445,0.0007200121048462,True,0.0,itodd_star.ply,0.06871,0.000687,7634,4580,0.006666287,-0.004028963,0.024375558,0.999672526,0.001687983,0.000838583,-0.002253224,0.007530712,-0.00463361,0.02451463,0.999660368,0.001733532,0.00084952,-0.002237313,12,0.12193734696249753,0.0007200131886372725,True,0.0
star,asymmetric,fpfh_ransac,hard,1,149.9761552332196,0.0548726188764387,False,149.9761552332196,0.0548726188764387,False,0.0,itodd_star.ply,0.06871,0.000687,7634,4580,0.005849891,0.005443482,0.971900758,0.235255316,-0.00197343,0.000161569,-0.002249906,0.007530712,-0.00463361,0.02451463,0.999660368,0.001733532,0.00084952,-0.002237313,12,0.13640816849057258,0.00046085055754597397,True,150.0
star,asymmetric,fgr,hard,1,3.2763911337710905,0.1197906069794881,False,3.2763911337710905,0.1197906069794881,False,0.0,itodd_star.ply,0.06871,0.000687,7634,4580,0.009705893,-0.006278833,-0.003944692,0.999925403,0.008862906,0.004962417,-0.002278191,0.007530712,-0.00463361,0.02451463,0.999660368,0.001733532,0.00084952,-0.002237313,12,3.2763911334590046,0.11978997945939006,False,0.0
star,asymmetric,icp_pt2pt,hard,2,140.3897111879187,0.0893136899131185,False,140.3897111879187,0.0893136899131185,False,0.0,itodd_star.ply,0.06871,0.000687,7634,4580,-0.109553078,0.460259146,0.024412626,0.880660925,0.008257702,0.000530359,0.016778389,-0.398016859,-0.260391981,0.819038527,-0.320865218,0.013456293,0.003789064,0.016899746,12,50.39070935118722,0.2575919532755581,False,90.0
star,asymmetric,icp_pt2pl,hard,2,149.3631965379558,0.1384586636664259,False,149.3631965379558,0.1384586636664259,False,0.0,itodd_star.ply,0.06871,0.000687,7634,4580,-0.143676789,0.451670651,0.094203057,0.875486372,0.005855372,-0.001930721,0.016774359,-0.398016859,-0.260391981,0.819038527,-0.320865218,0.013456293,0.003789064,0.016899746,12,30.639025422113537,0.2828608115585035,False,180.0
star,asymmetric,fpfh_ransac,hard,2,89.84145193281807,0.2864857885780124,False,89.84145193281807,0.2864857885780124,False,0.0,itodd_star.ply,0.06871,0.000687,7634,4580,-0.464853706,0.096039838,0.80689773,0.351572802,0.003853305,-0.013393905,0.016862825,-0.398016859,-0.260391981,0.819038527,-0.320865218,0.013456293,0.003789064,0.016899746,12,0.22770780810541127,0.0019209346801813557,True,270.0
star,asymmetric,fgr,hard,2,135.44267562315414,0.3563257872452964,False,135.44267562315414,0.3563257872452964,False,0.0,itodd_star.ply,0.06871,0.000687,7634,4580,-0.093700078,0.464596835,-0.015793826,0.880409354,-0.010955055,0.001922327,0.016759582,-0.398016859,-0.260391981,0.819038527,-0.320865218,0.013456293,0.003789064,0.016899746,12,14.568968367325144,0.044579438693491666,False,150.0
star,asymmetric,icp_pt2pt,hard,3,122.55199432070398,0.3303661035489289,False,122.55199432070398,0.3303661035489289,False,0.0,itodd_star.ply,0.06871,0.000687,7634,4580,0.534674277,0.170192361,-0.00832337,0.827700852,0.003677723,-0.011213954,0.018499539,-0.421355753,0.390854825,0.723962877,-0.381535827,0.009969948,0.010595281,0.018658023,12,27.544076831413793,0.27657030844631897,False,150.0
star,asymmetric,icp_pt2pl,hard,3,123.88331116701288,0.3272678307082459,False,123.88331116701288,0.3272678307082459,False,0.0,itodd_star.ply,0.06871,0.000687,7634,4580,0.543079018,0.186404648,-0.002797362,0.818725022,0.002226558,-0.010515511,0.018535139,-0.421355753,0.390854825,0.723962877,-0.381535827,0.009969948,0.010595281,0.018658023,12,26.11801943898856,0.25318422184295225,False,150.0
star,asymmetric,fpfh_ransac,hard,3,30.105175837923507,0.110284444702578,False,30.105175837923507,0.110284444702578,False,0.0,itodd_star.ply,0.06871,0.000687,7634,4580,-0.507534234,0.267906098,0.600311672,-0.557010969,0.003272178,0.014139235,0.018638776,-0.421355753,0.390854825,0.723962877,-0.381535827,0.009969948,0.010595281,0.018658023,12,0.15727930607121188,0.0012539994628661501,True,30.0
star,asymmetric,fgr,hard,3,134.51870050940724,0.3921129958519128,False,134.51870050940724,0.3921129958519128,False,0.0,itodd_star.ply,0.06871,0.000687,7634,4580,0.52149919,0.236367805,0.072346362,0.816660798,-0.012049827,-0.004928526,0.01856136,-0.421355753,0.390854825,0.723962877,-0.381535827,0.009969948,0.010595281,0.018658023,12,15.484511346611242,0.030102945613747687,False,150.0
star,asymmetric,icp_pt2pt,hard,4,175.82894117161854,0.1108128547444899,False,175.82894117161854,0.1108128547444899,False,0.0,itodd_star.ply,0.06871,0.000687,7634,4580,0.482055973,-0.02106234,-0.004163141,0.875877323,0.000367808,0.003122162,-0.005892277,-0.015047979,0.478171353,0.877961354,-0.017594775,-0.005747846,-0.001392801,-0.005461532,12,4.871656091653099,0.08162963173595839,False,180.0
star,asymmetric,icp_pt2pl,hard,4,179.55160576781722,0.1719386287912417,False,179.55160576781722,0.1719386287912417,False,0.0,itodd_star.ply,0.06871,0.000687,7634,4580,0.481220964,0.000346945,0.021164493,0.876343727,0.00569535,0.001532738,-0.005709244,-0.015047979,0.478171353,0.877961354,-0.017594775,-0.005747846,-0.001392801,-0.005461532,12,1.8052590311921926,0.0038271481584845647,True,180.0
star,asymmetric,fpfh_ransac,hard,4,30.00692682500227,0.0448509131338098,False,30.00692682500227,0.0448509131338098,False,0.0,itodd_star.ply,0.06871,0.000687,7634,4580,-0.131868348,0.460163106,0.842327693,-0.247678647,-0.004327582,-0.004124873,-0.005585822,-0.015047979,0.478171353,0.877961354,-0.017594775,-0.005747846,-0.001392801,-0.005461532,12,0.8765601937900942,0.0021609123074431916,True,30.0
star,asymmetric,fgr,hard,4,179.92774560498594,0.1730014817638043,False,179.92774560498594,0.1730014817638043,False,0.0,itodd_star.ply,0.06871,0.000687,7634,4580,0.478502589,0.008620443,0.020379862,0.87780728,0.005792105,0.001455527,-0.005580926,-0.015047979,0.478171353,0.877961354,-0.017594775,-0.005747846,-0.001392801,-0.005461532,12,0.8270217507597699,0.002176051997223551,True,180.0
star,asymmetric,icp_pt2pt,hard,5,5.137133876609744,0.3588310481662533,False,5.137133876609744,0.3588310481662533,False,0.0,itodd_star.ply,0.06871,0.000687,7634,4580,0.0,0.0,0.0,1.0,0.0,0.0,0.0,0.00255822,-0.031015625,-0.032246938,0.998995306,-0.022279369,-0.000306665,0.010555204,12,56.404983030037464,0.3584085491494164,False,60.0
star,asymmetric,icp_pt2pl,hard,5,5.137133876609744,0.3588310481662533,False,5.137133876609744,0.3588310481662533,False,0.0,itodd_star.ply,0.06871,0.000687,7634,4580,0.0,0.0,0.0,1.0,0.0,0.0,0.0,0.00255822,-0.031015625,-0.032246938,0.998995306,-0.022279369,-0.000306665,0.010555204,12,56.404983030037464,0.3584085491494164,False,60.0
star,asymmetric,fpfh_ransac,hard,5,59.72418125199758,0.3231374027830365,False,59.72418125199758,0.3231374027830365,False,0.0,itodd_star.ply,0.06871,0.000687,7634,4580,-0.013416864,-0.027688095,-0.525374698,0.850314521,-0.011459386,0.019081113,0.010555603,0.00255822,-0.031015625,-0.032246938,0.998995306,-0.022279369,-0.000306665,0.010555204,12,0.28530021570949415,0.0008656238645989544,True,300.0
star,asymmetric,fgr,hard,5,15.786345338803876,0.0843125970470199,False,15.786345338803876,0.0843125970470199,False,0.0,itodd_star.ply,0.06871,0.000687,7634,4580,0.009376062,-0.032412187,0.105134966,0.993885395,-0.017129615,-0.002954991,0.010393074,0.00255822,-0.031015625,-0.032246938,0.998995306,-0.022279369,-0.000306665,0.010555204,12,15.786345391049391,0.08431217064368024,False,0.0
star,asymmetric,icp_pt2pt,hard,6,53.09958726484608,0.2028756559883961,False,53.09958726484608,0.2028756559883961,False,0.0,itodd_star.ply,0.06871,0.000687,7634,4580,0.261319647,0.440380952,0.00716442,0.858909385,0.001592115,-0.001809679,0.002934597,0.037276025,0.511350536,0.390312529,0.76471384,0.015475359,-0.003057107,0.003032241,12,23.099661225318485,0.19476083306373398,False,330.0
star,asymmetric,icp_pt2pl,hard,6,42.21274424453588,0.1917234793489101,False,42.21274424453588,0.1917234793489101,False,0.0,itodd_star.ply,0.06871,0.000687,7634,4580,0.219280629,0.464067617,0.088804723,0.853622267,0.002303862,-0.002902801,0.002882398,0.037276025,0.511350536,0.390312529,0.76471384,0.015475359,-0.003057107,0.003032241,12,12.212983461814549,0.1767051795212894,False,330.0
star,asymmetric,fpfh_ransac,hard,6,179.95710823432532,0.1712614317507902,False,179.95710823432532,0.1712614317507902,False,0.0,itodd_star.ply,0.06871,0.000687,7634,4580,-0.47564777,0.715212573,-0.463319114,-0.21809533,0.010656744,-0.011370471,-0.003760298,0.037276025,0.511350536,0.390312529,0.76471384,0.015475359,-0.003057107,0.003032241,12,179.910674195937,0.4577351601548848,False,120.0
star,asymmetric,fgr,hard,6,45.78133447756333,0.1885595030565449,False,45.78133447756333,0.1885595030565449,False,0.0,itodd_star.ply,0.06871,0.000687,7634,4580,0.233925328,0.458264864,0.061955106,0.855239042,0.004645838,-0.010167896,0.002920966,0.037276025,0.511350536,0.390312529,0.76471384,0.015475359,-0.003057107,0.003032241,12,14.221600487416252,0.06969741325729685,False,300.0
star,asymmetric,icp_pt2pt,hard,7,19.773012306798325,0.4174779870267016,False,19.773012306798325,0.4174779870267016,False,0.0,itodd_star.ply,0.06871,0.000687,7634,4580,0.0,0.0,0.0,1.0,0.0,0.0,0.0,-0.037042758,0.159562368,-0.051454598,0.98514979,-0.002653218,0.022858963,0.017124369,12,68.32331828316899,0.4171221824863399,False,300.0
star,asymmetric,icp_pt2pl,hard,7,19.773012306798325,0.4174779870267016,False,19.773012306798325,0.4174779870267016,False,0.0,itodd_star.ply,0.06871,0.000687,7634,4580,0.0,0.0,0.0,1.0,0.0,0.0,0.0,-0.037042758,0.159562368,-0.051454598,0.98514979,-0.002653218,0.022858963,0.017124369,12,68.32331828316899,0.4171221824863399,False,300.0
star,asymmetric,fpfh_ransac,hard,7,29.988230822936924,0.1747409370497334,False,29.988230822936924,0.1747409370497334,False,0.0,itodd_star.ply,0.06871,0.000687,7634,4580,-0.078037189,0.143103004,0.20494735,0.965105337,-0.013851277,0.018529259,0.017021897,-0.037042758,0.159562368,-0.051454598,0.98514979,-0.002653218,0.022858963,0.017124369,12,0.21247659136906213,0.0025892684157916004,True,30.0
star,asymmetric,fgr,hard,7,15.07450698795691,0.147924676752799,False,15.07450698795691,0.147924676752799,False,0.0,itodd_star.ply,0.06871,0.000687,7634,4580,-0.058032876,0.154440996,0.078197948,0.983191357,-0.012770726,0.023824955,0.017041945,-0.037042758,0.159562368,-0.051454598,0.98514979,-0.002653218,0.022858963,0.017124369,12,14.92667819827245,0.07895575218306251,False,30.0
star,asymmetric,icp_pt2pt,hard,8,179.94393748524945,0.5278095895205858,False,179.94393748524945,0.5278095895205858,False,0.0,itodd_star.ply,0.06871,0.000687,7634,4580,-0.391245586,-0.319264886,0.001535029,0.86313062,-0.006239605,0.005917495,0.017387488,0.848595077,0.158517839,-0.241604875,0.44315412,-0.003821965,-0.001114849,-0.018107522,12,179.94339534093206,0.5227935268663363,False,330.0
star,asymmetric,icp_pt2pl,hard,8,179.7959871545245,0.5168336279480892,False,179.7959871545245,0.5168336279480892,False,0.0,itodd_star.ply,0.06871,0.000687,7634,4580,-0.367514537,-0.347268458,0.066457066,0.86018669,-0.003719693,-0.000509483,0.017398627,0.848595077,0.158517839,-0.241604875,0.44315412,-0.003821965,-0.001114849,-0.018107522,12,179.78517496981976,0.5171946512603565,False,330.0
star,asymmetric,fpfh_ransac,hard,8,30.0445380433653,0.0284705976206395,False,30.0445380433653,0.0284705976206395,False,0.0,itodd_star.ply,0.06871,0.000687,7634,4580,0.778769248,0.373248273,-0.118464283,0.490071831,-0.002766708,-0.002762015,-0.018111096,0.848595077,0.158517839,-0.241604875,0.44315412,-0.003821965,-0.001114849,-0.018107522,12,0.08153428741593964,0.0014704434421768814,True,30.0
star,asymmetric,fgr,hard,8,179.85605825011072,0.519736741414288,False,179.85605825011072,0.519736741414288,False,0.0,itodd_star.ply,0.06871,0.000687,7634,4580,-0.488049595,-0.124435993,-0.363866544,0.783533289,-0.003003307,0.002658461,0.01739406,0.848595077,0.158517839,-0.241604875,0.44315412,-0.003821965,-0.001114849,-0.018107522,12,179.8527206508991,0.517461346677991,False,330.0
star,asymmetric,icp_pt2pt,hard,9,178.08635161471923,0.1583299237769774,False,178.08635161471923,0.1583299237769774,False,0.0,itodd_star.ply,0.06871,0.000687,7634,4580,0.638309666,-0.267685565,0.006276171,0.721710343,0.000472083,0.000355616,0.00038775,-0.672416047,0.225846324,0.074073178,0.700973082,0.001537389,-0.010403594,-0.000817522,12,177.58219797358228,0.1622785818666233,False,270.0
star,asymmetric,icp_pt2pl,hard,9,179.89133506544107,0.2044896707685856,False,179.89133506544107,0.2044896707685856,False,0.0,itodd_star.ply,0.06871,0.000687,7634,4580,0.64363516,-0.28873978,0.003036966,0.708769284,0.001413602,0.003610879,0.000179135,-0.672416047,0.225846324,0.074073178,0.700973082,0.001537389,-0.010403594,-0.000817522,12,179.79682160197044,0.1091946330617304,False,120.0
star,asymmetric,fpfh_ransac,hard,9,179.93365508497484,0.3052272142709515,False,179.93365508497484,0.3052272142709515,False,0.0,itodd_star.ply,0.06871,0.000687,7634,4580,-0.226499777,-0.67180986,0.701339683,-0.074108106,-0.001459313,0.010353251,-0.000832598,-0.672416047,0.225846324,0.074073178,0.700973082,0.001537389,-0.010403594,-0.000817522,12,0.10531356466692438,0.0022968376106582296,True,180.0
star,asymmetric,fgr,hard,9,14.519964490546371,0.0981336615457471,False,14.519964490546371,0.0981336615457471,False,0.0,itodd_star.ply,0.06871,0.000687,7634,4580,-0.638461124,0.310208187,-0.01398148,0.704232058,-0.004169729,-0.006813892,-0.000902632,-0.672416047,0.225846324,0.074073178,0.700973082,0.001537389,-0.010403594,-0.000817522,12,15.482687708462755,0.04348327578572264,False,330.0
star,asymmetric,icp_pt2pt,hard,10,15.559310504456372,0.0653177767508129,False,15.559310504456372,0.0653177767508129,False,0.0,itodd_star.ply,0.06871,0.000687,7634,4580,0.460911447,-0.305317271,-0.021648715,0.832990597,-0.001567461,-0.004829166,0.008456552,0.415756483,-0.365972242,-0.133739834,0.82178131,0.002918377,-0.004707152,0.008521132,12,15.559310472884626,0.06531744632848119,False,0.0
star,asymmetric,icp_pt2pl,hard,10,0.2227124303569074,0.0008407230311869,True,0.2227124303569074,0.0008407230311869,True,0.0,itodd_star.ply,0.06871,0.000687,7634,4580,0.417413936,-0.365249721,-0.133168344,0.821355246,0.002887278,-0.004658854,0.008527227,0.415756483,-0.365972242,-0.133739834,0.82178131,0.002918377,-0.004707152,0.008521132,12,0.22271244880991592,0.0008407323143736975,True,0.0
star,asymmetric,fpfh_ransac,hard,10,179.68702580811572,0.258949984377087,False,179.68702580811572,0.258949984377087,False,0.0,itodd_star.ply,0.06871,0.000687,7634,4580,-0.535235646,0.63558547,-0.171700628,0.529219054,0.002600214,-0.004729473,-0.009268371,0.415756483,-0.365972242,-0.133739834,0.82178131,0.002918377,-0.004707152,0.008521132,12,179.62550088110365,0.2699735912321953,False,300.0
star,asymmetric,fgr,hard,10,0.1905277606389323,0.0010405421733245,True,0.1905277606389323,0.0010405421733245,True,0.0,itodd_star.ply,0.06871,0.000687,7634,4580,0.417215276,-0.365317327,-0.133561122,0.821362339,0.002880177,-0.004647248,0.008529123,0.415756483,-0.365972242,-0.133739834,0.82178131,0.002918377,-0.004707152,0.008521132,12,0.19052775648405829,0.0010405377903677678,True,0.0
star,asymmetric,icp_pt2pt,hard,11,4.815348968056027,0.100329544917515,False,4.815348968056027,0.100329544917515,False,0.0,itodd_star.ply,0.06871,0.000687,7634,4580,-0.018855824,-0.020854692,-0.002481648,0.999601611,-0.000301702,0.000283608,0.004673104,-0.017974468,-0.021147051,0.039519818,0.998833272,0.005697509,-0.003110704,0.004772827,12,4.815348906920418,0.10032903506960077,False,0.0
star,asymmetric,icp_pt2pl,hard,11,14.112314328831674,0.0736562160893842,False,14.112314328831674,0.0736562160893842,False,0.0,itodd_star.ply,0.06871,0.000687,7634,4580,-0.021369042,-0.018950864,-0.083458789,0.996101832,0.00109411,-0.001010541,0.004669527,-0.017974468,-0.021147051,0.039519818,0.998833272,0.005697509,-0.003110704,0.004772827,12,14.112314221217328,0.0736558432737243,False,0.0
star,asymmetric,fpfh_ransac,hard,11,179.8752137604115,0.1494524738111317,False,179.8752137604115,0.1494524738111317,False,0.0,itodd_star.ply,0.06871,0.000687,7634,4580,0.849656403,-0.526466867,-0.029977653,0.004239593,0.005174839,-0.002725969,-0.005475471,-0.017974468,-0.021147051,0.039519818,0.998833272,0.005697509,-0.003110704,0.004772827,12,179.67297382609354,0.22919104309222094,False,150.0
star,asymmetric,fgr,hard,11,15.103328953394096,0.0781758594974891,False,15.103328953394096,0.0781758594974891,False,0.0,itodd_star.ply,0.06871,0.000687,7634,4580,-0.021269948,-0.018538354,-0.092073101,0.995352431,0.000542606,-0.001604253,0.004673301,-0.017974468,-0.021147051,0.039519818,0.998833272,0.005697509,-0.003110704,0.004772827,12,14.89704480678341,0.07061056372186068,False,330.0
star,asymmetric,icp_pt2pt,hard,12,113.6087677091408,0.3141003007022898,False,113.6087677091408,0.3141003007022898,False,0.0,itodd_star.ply,0.06871,0.000687,7634,4580,-0.20162555,0.134388372,0.122081166,0.96248797,-0.001090744,-0.00078375,-0.008907063,-0.377152436,-0.428360254,-0.540464291,0.618192432,-0.00721663,-0.016477379,0.004581977,12,89.27181425813454,0.33546498047924284,False,90.0
star,asymmetric,icp_pt2pl,hard,12,40.91902087288634,0.1979567522183305,False,40.91902087288634,0.1979567522183305,False,0.0,itodd_star.ply,0.06871,0.000687,7634,4580,-0.205063728,-0.517414958,-0.289724638,0.77864643,0.000618062,-0.005375419,0.003977049,-0.377152436,-0.428360254,-0.540464291,0.618192432,-0.00721663,-0.016477379,0.004581977,12,11.077146930252102,0.18307296929632505,False,30.0
star,asymmetric,fpfh_ransac,hard,12,120.124246507551,0.4539570661989117,False,120.124246507551,0.4539570661989117,False,0.0,itodd_star.ply,0.06871,0.000687,7634,4580,0.559325175,-0.113356058,0.805498112,0.159619998,-0.010689774,0.01451988,0.00457958,-0.377152436,-0.428360254,-0.540464291,0.618192432,-0.00721663,-0.016477379,0.004581977,12,0.14554693179301814,0.0004351898699073329,True,240.0
star,asymmetric,fgr,hard,12,75.48537095493931,0.3904068735756266,False,75.48537095493931,0.3904068735756266,False,0.0,itodd_star.ply,0.06871,0.000687,7634,4580,-0.034894151,-0.570514457,-0.049772675,0.819035001,0.018816192,-0.010007918,0.004520409,-0.377152436,-0.428360254,-0.540464291,0.618192432,-0.00721663,-0.016477379,0.004581977,12,14.516601596135374,0.05350347998166362,False,90.0
star,asymmetric,icp_pt2pt,hard,13,71.9327524352634,0.0546306737522372,False,71.9327524352634,0.0546306737522372,False,0.0,itodd_star.ply,0.06871,0.000687,7634,4580,0.251081762,0.178351926,0.008728843,0.951352903,0.000505044,-0.001942838,0.007791246,0.098166833,0.29448147,0.565032876,0.764448681,-0.000454498,-0.005570573,0.007884713,12,11.936111094901095,0.08163093802156689,False,300.0
star,asymmetric,icp_pt2pl,hard,13,72.6554149963853,0.0712441152215376,False,72.6554149963853,0.0712441152215376,False,0.0,itodd_star.ply,0.06871,0.000687,7634,4580,0.254349824,0.178420194,0.002685261,0.950507859,-0.001473091,-0.00078321,0.007805965,0.098166833,0.29448147,0.565032876,0.764448681,-0.000454498,-0.005570573,0.007884713,12,12.656064407973155,0.057583488315191236,False,300.0
star,asymmetric,fpfh_ransac,hard,13,60.2164214777623,0.0806930502050484,False,60.2164214777623,0.0806930502050484,False,0.0,itodd_star.ply,0.06871,0.000687,7634,4580,-0.062514707,0.304051614,0.872310409,0.377781787,0.00453394,-0.003150705,0.007883872,0.098166833,0.29448147,0.565032876,0.764448681,-0.000454498,-0.005570573,0.007884713,12,0.2170531688013371,0.0010892542993766663,True,60.0
star,asymmetric,fgr,hard,13,74.8961459938588,0.088346115314358,False,74.8961459938588,0.088346115314358,False,0.0,itodd_star.ply,0.06871,0.000687,7634,4580,0.258648017,0.172756898,-0.015561378,0.950270541,-0.001047849,0.000470052,0.007804172,0.098166833,0.29448147,0.565032876,0.764448681,-0.000454498,-0.005570573,0.007884713,12,14.898155689007352,0.07207260963033452,False,300.0
star,asymmetric,icp_pt2pt,hard,14,3.658666050245853,0.0058705818130619,False,3.658666050245853,0.0058705818130619,False,0.0,itodd_star.ply,0.06871,0.000687,7634,4580,0.456627165,-0.266124507,0.050225055,0.847435439,0.000341531,0.00020903,5.379e-06,0.463596078,-0.246783617,0.074650344,0.847705048,4.009e-06,-6.87e-06,-4.1207e-05,12,3.658666044945426,0.0058705580633135685,False,0.0
star,asymmetric,icp_pt2pl,hard,14,0.1671393619064549,0.0010548986535674,True,0.1671393619064549,0.0010548986535674,True,0.0,itodd_star.ply,0.06871,0.000687,7634,4580,0.463389191,-0.248024411,0.075321114,0.847396648,6.5586e-05,-2.8804e-05,-9.889e-06,0.463596078,-0.246783617,0.074650344,0.847705048,4.009e-06,-6.87e-06,-4.1207e-05,12,0.16713937290979672,0.0010548978049687758,True,0.0
star,asymmetric,fpfh_ransac,hard,14,30.026514344619923,0.0014448409503277,False,30.026514344619923,0.0014448409503277,False,0.0,itodd_star.ply,0.06871,0.000687,7634,4580,0.512655709,-0.120065624,0.292288333,0.798333201,6.813e-05,6.0806e-05,-7.091e-06,0.463596078,-0.246783617,0.074650344,0.847705048,4.009e-06,-6.87e-06,-4.1207e-05,12,0.2790385764688552,0.0011674653170556774,True,30.0
star,asymmetric,fgr,hard,14,14.657143914639423,0.0773799306448369,False,14.657143914639423,0.0773799306448369,False,0.0,itodd_star.ply,0.06871,0.000687,7634,4580,0.428785397,-0.308779907,-0.031567673,0.848411182,0.005318545,-0.00015948,-2.607e-05,0.463596078,-0.246783617,0.074650344,0.847705048,4.009e-06,-6.87e-06,-4.1207e-05,12,14.657143897552233,0.07737954066263975,False,0.0
star,asymmetric,icp_pt2pt,hard,15,179.82008565978106,0.165104968641739,False,179.82008565978106,0.165104968641739,False,0.0,itodd_star.ply,0.06871,0.000687,7634,4580,0.438015245,0.25656852,-0.047549024,0.860264105,0.002044569,-0.001944613,0.00376041,-0.435781368,0.74266734,-0.507810345,-0.025854869,-0.005125645,-0.005171574,-0.004416875,12,179.7980404799819,0.1398858503164024,False,60.0
star,asymmetric,icp_pt2pl,hard,15,179.8489141107679,0.1771246976081149,False,179.8489141107679,0.1771246976081149,False,0.0,itodd_star.ply,0.06871,0.000687,7634,4580,0.448976588,0.239478871,-0.081287807,0.857007693,0.003073259,-0.001325231,0.003713118,-0.435781368,0.74266734,-0.507810345,-0.025854869,-0.005125645,-0.005171574,-0.004416875,12,179.83017473399698,0.1947769160354873,False,300.0
star,asymmetric,fpfh_ransac,hard,15,60.05788502267676,0.1069395118542573,False,60.05788502267676,0.1069395118542573,False,0.0,itodd_star.ply,0.06871,0.000687,7634,4580,0.748966832,-0.424159538,0.453615232,-0.231020763,0.001997381,-0.006974969,-0.00442581,-0.435781368,0.74266734,-0.507810345,-0.025854869,-0.005125645,-0.005171574,-0.004416875,12,0.18596742952224551,0.0011134430832991577,True,60.0
star,asymmetric,fgr,hard,15,179.74168159436795,0.1741147105983183,False,179.74168159436795,0.1741147105983183,False,0.0,itodd_star.ply,0.06871,0.000687,7634,4580,-0.491080806,0.135029542,0.643555001,-0.571352453,-0.007063095,0.003355796,0.003747208,-0.435781368,0.74266734,-0.507810345,-0.025854869,-0.005125645,-0.005171574,-0.004416875,12,179.73299796371455,0.14151440170406826,False,330.0
star,asymmetric,icp_pt2pt,hard,16,1.429981769605496,0.0099410462752496,True,1.429981769605496,0.0099410462752496,True,0.0,itodd_star.ply,0.06871,0.000687,7634,4580,0.462660213,0.371614997,-0.021425512,0.804604728,0.001750759,0.001165399,7.3126e-05,0.458866886,0.377208922,-0.010937787,0.804384843,0.001913421,0.001827307,0.00011752,12,1.4299817818728202,0.009940999633064216,True,0.0
star,asymmetric,icp_pt2pl,hard,16,0.1958724334368646,0.00093166411144,True,0.1958724334368646,0.00093166411144,True,0.0,itodd_star.ply,0.06871,0.000687,7634,4580,0.458738899,0.376748374,-0.009326042,0.804693923,0.001949447,0.001874992,0.000140457,0.458866886,0.377208922,-0.010937787,0.804384843,0.001913421,0.001827307,0.00011752,12,0.19587241593112964,0.0009316599730620264,True,0.0
star,asymmetric,fpfh_ransac,hard,16,114.84658252172773,0.2364426172571126,False,114.84658252172773,0.2364426172571126,False,0.0,itodd_star.ply,0.06871,0.000687,7634,4580,-0.564513967,0.185468213,0.682847012,-0.425024094,0.006413705,-0.013782673,4.7646e-05,0.458866886,0.377208922,-0.010937787,0.804384843,0.001913421,0.001827307,0.00011752,12,5.159469043957934,0.18421108684619786,False,240.0
star,asymmetric,fgr,hard,16,14.438300334496343,0.0782531651772547,False,14.438300334496343,0.0782531651772547,False,0.0,itodd_star.ply,0.06871,0.000687,7634,4580,0.410996002,0.429843631,0.092785862,0.798565917,0.004387984,0.006600763,0.000125547,0.458866886,0.377208922,-0.010937787,0.804384843,0.001913421,0.001827307,0.00011752,12,14.438300358383497,0.07825275844958007,False,0.0
star,asymmetric,icp_pt2pt,hard,17,178.84486886839767,0.6048419630264652,False,178.84486886839767,0.6048419630264652,False,0.0,itodd_star.ply,0.06871,0.000687,7634,4580,0.617326678,0.115712751,0.538624236,-0.561606859,0.007802379,0.015064252,-0.015721451,0.723734505,0.312717464,-0.489534019,0.372521943,-0.009528384,0.00680353,0.02113655,12,158.84572581256526,0.6237859482519678,False,180.0
star,asymmetric,icp_pt2pl,hard,17,179.4758692158635,0.6706549450380389,False,179.4758692158635,0.6706549450380389,False,0.0,itodd_star.ply,0.06871,0.000687,7634,4580,-0.264132844,-0.555862939,-0.146968336,0.774371062,0.000721632,-0.006995639,-0.02161774,0.723734505,0.312717464,-0.489534019,0.372521943,-0.009528384,0.00680353,0.02113655,12,179.2728599830259,0.672858575846038,False,270.0
star,asymmetric,fpfh_ransac,hard,17,119.89399800539248,0.2947527214623308,False,119.89399800539248,0.2947527214623308,False,0.0,itodd_star.ply,0.06871,0.000687,7634,4580,0.633702601,-0.469599854,-0.566949275,-0.237624725,0.01063887,0.004949198,0.021171924,0.723734505,0.312717464,-0.489534019,0.372521943,-0.009528384,0.00680353,0.02113655,12,0.16105359864206267,0.0012942975921757837,True,240.0
star,asymmetric,fgr,hard,17,179.92580387050688,0.7248056907741605,False,179.92580387050688,0.7248056907741605,False,0.0,itodd_star.ply,0.06871,0.000687,7634,4580,-0.150888715,-0.596348735,-0.002745131,0.788411851,-0.001729193,-0.017129764,-0.021834649,0.723734505,0.312717464,-0.489534019,0.372521943,-0.009528384,0.00680353,0.02113655,12,179.92105875043356,0.746087008634795,False,330.0
star,asymmetric,icp_pt2pt,hard,18,109.68462303513382,0.4197991418660075,False,109.68462303513382,0.4197991418660075,False,0.0,itodd_star.ply,0.06871,0.000687,7634,4580,0.325304042,0.104916199,0.402794376,0.849073944,-0.014376433,0.012148998,0.009211434,-0.073260991,0.719589724,-0.127138863,-0.678718768,0.012342972,0.007843172,0.01918761,12,90.76516356796877,0.25013623370432464,False,60.0
star,asymmetric,icp_pt2pl,hard,18,179.69055495661638,0.6072869591270658,False,179.69055495661638,0.6072869591270658,False,0.0,itodd_star.ply,0.06871,0.000687,7634,4580,0.406491306,0.551783115,-0.386098282,0.617436903,-0.000956499,0.003492179,-0.020122585,-0.073260991,0.719589724,-0.127138863,-0.678718768,0.012342972,0.007843172,0.01918761,12,179.11286832646462,0.6259403606144627,False,210.0
star,asymmetric,fpfh_ransac,hard,18,0.0394980240422632,0.0006250863563992,True,0.0394980240422632,0.0006250863563992,True,0.0,itodd_star.ply,0.06871,0.000687,7634,4580,-0.073566981,0.719671288,-0.127049781,-0.678615863,0.012365873,0.007809711,0.019201773,-0.073260991,0.719589724,-0.127138863,-0.678718768,0.012342972,0.007843172,0.01918761,12,0.03949796823480431,0.0006250879785377714,True,0.0
star,asymmetric,fgr,hard,18,15.23839316079162,0.0891952793709319,False,15.23839316079162,0.0891952793709319,False,0.0,itodd_star.ply,0.06871,0.000687,7634,4580,0.020952657,0.725405388,-0.033992091,-0.687162679,0.018468286,0.007681163,0.019304751,-0.073260991,0.719589724,-0.127138863,-0.678718768,0.012342972,0.007843172,0.01918761,12,15.238393212077739,0.08919481493373055,False,0.0
star,asymmetric,icp_pt2pt,hard,19,143.9237930592237,0.574166180586385,False,143.9237930592237,0.574166180586385,False,0.0,itodd_star.ply,0.06871,0.000687,7634,4580,0.121730424,0.316036777,0.081482194,0.937370317,0.002555478,-0.004209543,0.013990796,-0.528018266,-0.516117235,-0.308450606,0.599731552,-0.015596319,-0.001381132,-0.020921588,12,134.6762780800302,0.54488433269539,False,60.0
star,asymmetric,icp_pt2pl,hard,19,179.08616829791526,0.7105025029170207,False,179.08616829791526,0.7105025029170207,False,0.0,itodd_star.ply,0.06871,0.000687,7634,4580,0.111483353,0.670188587,0.120832627,0.723752855,0.010206463,-0.006410798,0.020214197,-0.528018266,-0.516117235,-0.308450606,0.599731552,-0.015596319,-0.001381132,-0.020921588,12,179.08616832746355,0.7104988608682444,False,0.0
star,asymmetric,fpfh_ransac,hard,19,120.01144067565632,0.3944761828716326,False,120.01144067565632,0.3944761828716326,False,0.0,itodd_star.ply,0.06871,0.000687,7634,4580,-0.183448981,0.715232221,-0.364811172,-0.567187932,0.009012527,-0.012741092,-0.020932854,-0.528018266,-0.516117235,-0.308450606,0.599731552,-0.015596319,-0.001381132,-0.020921588,12,0.0710916056984124,0.0007381005228451914,True,120.0
star,asymmetric,fgr,hard,19,31.294495164251448,0.2287292767259512,False,31.294495164251448,0.2287292767259512,False,0.0,itodd_star.ply,0.06871,0.000687,7634,4580,-0.368233476,-0.640957285,-0.136871837,0.659426998,-0.002202877,-0.009602282,-0.021056429,-0.528018266,-0.516117235,-0.308450606,0.599731552,-0.015596319,-0.001381132,-0.020921588,12,28.708949390123898,0.09224919676479827,False,60.0
cylinder,axisymmetric,icp_pt2pt,easy,0,3.3821720227515395,0.0296695262756347,False,0.1341442382408857,0.0296516139167514,False,356.75,itodd_cylinder.ply,0.114891,0.001149,12443,12443,0.002838452,-0.005604424,0.014442038,0.999875973,-0.001550689,-0.000620495,-0.000619466,0.002639204,-0.005540826,-0.015071167,0.999867588,-0.001587708,-0.000514416,-0.004026377,0,0.13414421685837816,0.029651627429308887,False,356.75
cylinder,axisymmetric,icp_pt2pl,easy,0,0.3279981659603667,0.0001023328304957,True,0.0782131828848811,3.169755130790278e-05,True,359.75,itodd_cylinder.ply,0.114891,0.001149,12443,12443,0.002650956,-0.005472131,-0.012209964,0.999906968,-0.001584786,-0.000525556,-0.004028741,0.002639204,-0.005540826,-0.015071167,0.999867588,-0.001587708,-0.000514416,-0.004026377,0,0.07821313689175281,3.16981138061911e-05,True,359.75
cylinder,axisymmetric,fpfh_ransac,easy,0,0.3325811175908794,0.0001035147420566,True,0.082781487784352,3.245519701068517e-05,True,359.75,itodd_cylinder.ply,0.114891,0.001149,12443,12443,0.002651116,-0.005471973,-0.012169966,0.999907456,-0.001584742,-0.000525688,-0.00402874,0.002639204,-0.005540826,-0.015071167,0.999867588,-0.001587708,-0.000514416,-0.004026377,0,0.0827814274756838,3.245064519674659e-05,True,359.75
cylinder,axisymmetric,fgr,easy,0,13.788635219670038,0.0036129227543328,False,0.0540466758428586,0.0009202985939273,True,13.75,itodd_cylinder.ply,0.114891,0.001149,12443,12443,0.001957101,-0.005748164,-0.134984857,0.990829055,-0.001666273,-0.000106826,-0.004026609,0.002639204,-0.005540826,-0.015071167,0.999867588,-0.001587708,-0.000514416,-0.004026377,0,0.054046635597523617,0.0009202930815500912,True,13.75
cylinder,axisymmetric,icp_pt2pt,easy,1,0.0647533206539463,5.065706908113338e-05,True,0.0647533206539463,5.065706908113337e-05,True,0.0,itodd_cylinder.ply,0.114891,0.001149,12443,12443,0.034127161,0.051605126,-0.008928447,0.998044353,-0.000157704,0.000121058,-1.6011e-05,0.034169306,0.051616037,-0.0094918,0.998037148,-0.00015319,0.000121378,-1.2351e-05,0,0.06475323269151198,5.065805235821271e-05,True,0.0
cylinder,axisymmetric,icp_pt2pl,easy,1,0.4667348244155535,5.766107855974323e-05,True,0.0334394407134513,6.358018980118882e-05,True,359.5,itodd_cylinder.ply,0.114891,0.001149,12443,12443,0.033963873,0.051734318,-0.005425798,0.998068423,-0.000154454,0.000119257,-6.203e-06,0.034169306,0.051616037,-0.0094918,0.998037148,-0.00015319,0.000121378,-1.2351e-05,0,0.03343951151488804,6.358859132200945e-05,True,359.5
cylinder,axisymmetric,fpfh_ransac,easy,1,179.99768356938677,0.0029629835820127,False,179.78920355016595,0.0067109547875718,False,181.25,itodd_cylinder.ply,0.114891,0.001149,12443,12443,-0.349808722,0.934775155,-0.049734265,-0.036820794,0.00016626,0.000237396,-3.1777e-05,0.034169306,0.051616037,-0.0094918,0.998037148,-0.00015319,0.000121378,-1.2351e-05,0,179.78920355209377,0.006710953007846748,False,181.25
cylinder,axisymmetric,fgr,easy,1,46.69398244281097,0.0017066730388194,False,0.4580118848115301,0.0029949873324184,True,313.75,itodd_cylinder.ply,0.114891,0.001149,12443,12443,0.010926543,0.06091863,0.386807088,0.920081414,-0.000164284,-7.4335e-05,-7.759e-06,0.034169306,0.051616037,-0.0094918,0.998037148,-0.00015319,0.000121378,-1.2351e-05,0,0.4580118641185262,0.0029949954895036202,True,313.75
cylinder,axisymmetric,icp_pt2pt,easy,2,6.891463869020995,0.003406642580807,False,0.1100481524624182,0.0003061771686947,True,353.0,itodd_cylinder.ply,0.114891,0.001149,12443,12443,0.054649971,0.008863564,0.00675695,0.998443369,0.00191891,0.00281199,0.002324209,0.055359501,0.005435693,-0.053254745,0.997030446,0.002233854,0.002579727,0.002331404,0,0.11004810759322284,0.00030617086996292996,True,353.0
cylinder,axisymmetric,icp_pt2pl,easy,2,3.1115698752943235,0.0016087717342134,False,0.1119083428930457,0.0002778144761306,True,357.0,itodd_cylinder.ply,0.114891,0.001149,12443,12443,0.055208075,0.006974114,-0.026167456,0.998107557,0.002088242,0.00269357,0.002331703,0.055359501,0.005435693,-0.053254745,0.997030446,0.002233854,0.002579727,0.002331404,0,0.11190839022760854,0.0002778088461774474,True,357.0
cylinder,axisymmetric,fpfh_ransac,easy,2,86.91876086243194,0.0402376427136476,False,0.8531948549550522,0.0049922805340454,True,272.25,itodd_cylinder.ply,0.114891,0.001149,12443,12443,0.036445709,0.042059537,0.647140023,0.760337094,-0.002381252,0.002310631,0.002330419,0.055359501,0.005435693,-0.053254745,0.997030446,0.002233854,0.002579727,0.002331404,0,0.8531948360594865,0.004992281486366194,True,272.25
cylinder,axisymmetric,fgr,easy,2,3.1612755200343656,0.0016332773553375,False,0.0891834761180959,0.000191445038322,True,356.75,itodd_cylinder.ply,0.114891,0.001149,12443,12443,0.055204765,0.006996797,-0.025734441,0.998118839,0.002085972,0.002695238,0.002331543,0.055359501,0.005435693,-0.053254745,0.997030446,0.002233854,0.002579727,0.002331404,0,0.08918339766186287,0.0001914397024687582,True,356.75
cylinder,axisymmetric,icp_pt2pt,easy,3,3.3710647039610087,0.0004271261360892,False,0.1229463163435332,0.000240492988823,True,3.25,itodd_cylinder.ply,0.114891,0.001149,12443,12443,0.010999743,-0.024132813,-0.008634161,0.999610956,-0.000326984,0.000246153,0.000905171,0.011691943,-0.023948659,0.020773582,0.999428946,-0.000346858,0.000201536,0.000909915,0,0.1229462539305365,0.00024049190613261885,True,3.25
cylinder,axisymmetric,icp_pt2pl,easy,3,3.710006866620336,0.000295893007275,False,0.0431255966692429,0.0002610999528916,True,3.75,itodd_cylinder.ply,0.114891,0.001149,12443,12443,0.010843706,-0.024319961,-0.011587333,0.999578255,-0.000329812,0.000230922,0.000908653,0.011691943,-0.023948659,0.020773582,0.999428946,-0.000346858,0.000201536,0.000909915,0,0.04312558250496291,0.00026109907050018483,True,3.75
cylinder,axisymmetric,fpfh_ransac,easy,3,113.80761434592104,0.0066615047439195,False,1.2168393278203864,0.0064181170865475,True,115.0,itodd_cylinder.ply,0.114891,0.001149,12443,12443,0.013713339,0.02281572,0.825933053,-0.563139396,0.000410762,0.000310015,0.000909734,0.011691943,-0.023948659,0.020773582,0.999428946,-0.000346858,0.000201536,0.000909915,0,1.2168393251964156,0.006418113383452771,True,115.0
cylinder,axisymmetric,fgr,easy,3,60.7160388410306,0.8687575517963366,False,43.966105995068354,0.8687548811801264,False,343.25,itodd_cylinder.ply,0.114891,0.001149,12443,12443,0.022218252,-0.014697506,0.52303697,0.851893574,-0.000318655,-0.000249207,-0.098901529,0.011691943,-0.023948659,0.020773582,0.999428946,-0.000346858,0.000201536,0.000909915,0,43.96610603865997,0.8687552455469145,False,343.25
cylinder,axisymmetric,icp_pt2pt,easy,4,0.026055613304983,2.7802519538064275e-05,True,0.0260556132770071,2.7802519538064987e-05,True,0.0,itodd_cylinder.ply,0.114891,0.001149,12443,12443,-0.025726412,0.00652884,-0.007812299,0.999617174,0.001821271,-0.000947272,0.000641074,-0.02568073,0.006524215,-0.008034992,0.999616613,0.001820065,-0.000947569,0.000644017,0,0.026055591427813093,2.7803339301676383e-05,True,0.0
cylinder,axisymmetric,icp_pt2pl,easy,4,1.8876563138012283,0.0005602699040851,True,0.1123781697498617,0.0001509124948783,True,358.0,itodd_cylinder.ply,0.114891,0.001149,12443,12443,-0.025838437,0.006103971,0.008431613,0.999611937,0.001849592,-0.000890928,0.00063605,-0.02568073,0.006524215,-0.008034992,0.999616613,0.001820065,-0.000947569,0.000644017,0,0.1123782152714168,0.00015090893807670732,True,358.0
cylinder,axisymmetric,fpfh_ransac,easy,4,179.9998247287751,0.0348216275750933,False,179.9021204896632,0.0216333964117591,False,180.25,itodd_cylinder.ply,0.114891,0.001149,12443,12443,0.160251707,0.986718581,0.026483706,-0.002108666,-0.001902745,-0.000313751,-0.00067678,-0.02568073,0.006524215,-0.008034992,0.999616613,0.001820065,-0.000947569,0.000644017,0,179.9021204658433,0.02163340849144356,False,180.25
cylinder,axisymmetric,fgr,easy,4,0.3799004479153236,0.0001432032563024,True,0.1205490110975274,7.156620207982728e-05,True,0.5,itodd_cylinder.ply,0.114891,0.001149,12443,12443,-0.025729945,0.00661752,-0.011348394,0.999582609,0.00181291,-0.000960577,0.000636925,-0.02568073,0.006524215,-0.008034992,0.999616613,0.001820065,-0.000947569,0.000644017,0,0.12054902631720132,7.15706711307435e-05,True,0.5
cylinder,axisymmetric,icp_pt2pt,easy,5,3.687140541954464,0.0004473831597607,False,0.0633576632851457,0.0002311970381332,True,3.75,itodd_cylinder.ply,0.114891,0.001149,12443,12443,0.007245809,-0.022803953,0.009257683,0.999670832,-3.3314e-05,0.000789216,-0.000105997,0.00797159,-0.022543114,0.041413098,0.998855954,-8.3437e-05,0.000777948,-0.000107666,0,0.0633576845118576,0.00023120353833630698,True,3.75
cylinder,axisymmetric,icp_pt2pl,easy,5,2.9279575220127048,0.0003397856689061,False,0.0722411568812335,0.0002099827523747,True,3.0,itodd_cylinder.ply,0.114891,0.001149,12443,12443,0.00740222,-0.022759713,0.015880283,0.999587425,-4.4672e-05,0.000781914,-0.000105299,0.00797159,-0.022543114,0.041413098,0.998855954,-8.3437e-05,0.000777948,-0.000107666,0,0.07224125777333738,0.00020998890316857588,True,3.0
cylinder,axisymmetric,fpfh_ransac,easy,5,34.30511498699604,0.0040066913486826,False,0.3165124769573905,0.0022293257785067,True,326.0,itodd_cylinder.ply,0.114891,0.001149,12443,12443,0.014282907,-0.019189304,0.334150314,0.942216184,-0.000487572,0.000557547,-0.000105565,0.00797159,-0.022543114,0.041413098,0.998855954,-8.3437e-05,0.000777948,-0.000107666,0,0.31651252067322805,0.002229327524797016,True,326.0
cylinder,axisymmetric,fgr,easy,5,141.85369514370134,0.2899203069889917,False,51.239608214692815,0.282500341973829,False,125.5,itodd_cylinder.ply,0.114891,0.001149,12443,12443,-0.397229876,0.103676644,0.839292778,-0.356436827,0.028565311,0.005165469,0.016308938,0.00797159,-0.022543114,0.041413098,0.998855954,-8.3437e-05,0.000777948,-0.000107666,0,51.239608145493676,0.2825004529169255,False,125.5
cylinder,axisymmetric,icp_pt2pt,easy,6,3.7080959671373366,5.606976510955868e-05,False,0.0486294504009696,0.000302151430296,True,356.25,itodd_cylinder.ply,0.114891,0.001149,12443,12443,-0.027409646,0.06867418,-0.010495861,0.997207303,2.5497e-05,-7.4375e-05,0.000133531,-0.025181024,0.069687212,-0.042749141,0.996334341,2.8648e-05,-6.9569e-05,0.000130621,0,0.04862949100741795,0.000302150226719527,True,356.25
cylinder,axisymmetric,icp_pt2pl,easy,6,3.0038253738986893,5.493508499904299e-05,False,0.0153596449262509,0.0001899828164491,True,357.0,itodd_cylinder.ply,0.114891,0.001149,12443,12443,-0.026942233,0.068970243,-0.016617333,0.997116385,3.294e-05,-7.3617e-05,0.00012838,-0.025181024,0.069687212,-0.042749141,0.996334341,2.8648e-05,-6.9569e-05,0.000130621,0,0.01535959898737903,0.00018998683734422012,True,357.0
cylinder,axisymmetric,fpfh_ransac,easy,6,179.99865944160604,0.0026426137914364,False,179.94689694690234,0.0094524900993033,False,183.0,itodd_cylinder.ply,0.114891,0.001149,12443,12443,0.235226379,0.969115109,0.043463095,-0.05996178,5.6964e-05,-8.0464e-05,-0.000171472,-0.025181024,0.069687212,-0.042749141,0.996334341,2.8648e-05,-6.9569e-05,0.000130621,0,179.9468969050428,0.009452493400047888,False,183.0
cylinder,axisymmetric,fgr,easy,6,5.915298678774649,8.993947793706944e-05,False,0.0873663595089722,0.0003897534083067,True,354.0,itodd_cylinder.ply,0.114891,0.001149,12443,12443,-0.028691185,0.068267273,0.008719215,0.997216311,3.7131e-05,-7.5449e-05,0.000130142,-0.025181024,0.069687212,-0.042749141,0.996334341,2.8648e-05,-6.9569e-05,0.000130621,0,0.08736631518064475,0.0003897586424870489,True,354.0
cylinder,axisymmetric,icp_pt2pt,easy,7,0.0481472778285897,4.034142239055594e-05,True,0.0481472778285897,4.034142239055595e-05,True,0.0,itodd_cylinder.ply,0.114891,0.001149,12443,12443,0.013426393,0.016923463,-0.012799847,0.999684696,0.000494334,-0.001750031,9.7599e-05,0.013499157,0.016891277,-0.013212369,0.999678894,0.000491931,-0.001753682,9.6054e-05,0,0.048147359279456785,4.035010572753539e-05,True,0.0
cylinder,axisymmetric,icp_pt2pl,easy,7,0.5080986011045339,0.0001424040717631,True,0.0086492601943582,2.44043782257381e-05,True,359.5,itodd_cylinder.ply,0.114891,0.001149,12443,12443,0.013387792,0.016955861,-0.008780517,0.999728047,0.000508049,-0.001751213,9.7396e-05,0.013499157,0.016891277,-0.013212369,0.999678894,0.000491931,-0.001753682,9.6054e-05,0,0.008649343880525354,2.44077606594052e-05,True,359.5
cylinder,axisymmetric,fpfh_ransac,easy,7,72.34476246431471,0.0186539623369223,False,0.8599385220418411,0.0044619080849672,True,288.5,itodd_cylinder.ply,0.114891,0.001149,12443,12443,0.000877679,0.02158517,0.579360853,0.814784826,0.001879666,-0.000120469,9.6495e-05,0.013499157,0.016891277,-0.013212369,0.999678894,0.000491931,-0.001753682,9.6054e-05,0,0.8599385259191513,0.004461911666602296,True,288.5
cylinder,axisymmetric,fgr,easy,7,39.13203569999747,0.0105851687611125,False,0.3923495371774518,0.0024942536064613,True,321.25,itodd_cylinder.ply,0.114891,0.001149,12443,12443,0.007016742,0.020429439,0.322335108,0.946379143,0.001511948,-0.001091441,9.7205e-05,0.013499157,0.016891277,-0.013212369,0.999678894,0.000491931,-0.001753682,9.6054e-05,0,0.3923495579949046,0.0024942599179710607,True,321.25
cylinder,axisymmetric,icp_pt2pt,easy,8,0.0533624199752348,7.262024750182831e-05,True,0.0533624199888948,7.262024750182892e-05,True,0.0,itodd_cylinder.ply,0.114891,0.001149,12443,12443,-0.017242482,0.023735932,0.006309218,0.999549647,-0.000870001,0.001155116,0.001498002,-0.017228123,0.023749733,0.006774456,0.999546522,-0.0008771,0.001150797,0.001498756,0,0.05336237609936375,7.262313708380152e-05,True,0.0
cylinder,axisymmetric,icp_pt2pl,easy,8,0.236339748668768,7.382433680248594e-05,True,0.0137945260709174,2.266498030973261e-05,True,0.25,itodd_cylinder.ply,0.114891,0.001149,12443,12443,-0.017187689,0.023792572,0.004712877,0.999558045,-0.000871785,0.001157218,0.001500324,-0.017228123,0.023749733,0.006774456,0.999546522,-0.0008771,0.001150797,0.001498756,0,0.013794553337328841,2.265834131858585e-05,True,0.25
cylinder,axisymmetric,fpfh_ransac,easy,8,41.49528284758341,0.0091205546032719,False,0.504911334678685,0.002669505988372,True,319.0,itodd_cylinder.ply,0.114891,0.001149,12443,12443,-0.024533256,0.016104243,0.360426776,0.932325754,-0.001396246,0.000240567,0.001499981,-0.017228123,0.023749733,0.006774456,0.999546522,-0.0008771,0.001150797,0.001498756,0,0.5049113488153638,0.002669513434878054,True,319.0
cylinder,axisymmetric,fgr,easy,8,0.2423440062961981,7.513303063323349e-05,True,0.0078910549269842,2.376099339024831e-05,True,0.25,itodd_cylinder.ply,0.114891,0.001149,12443,12443,-0.017186428,0.023793504,0.004660503,0.99955829,-0.000871663,0.001157315,0.001500326,-0.017228123,0.023749733,0.006774456,0.999546522,-0.0008771,0.001150797,0.001498756,0,0.007891053910868607,2.375649546026378e-05,True,0.25
cylinder,axisymmetric,icp_pt2pt,easy,9,0.0289090222155669,6.471101808317035e-05,True,0.0289090222155669,6.471101808317035e-05,True,0.0,itodd_cylinder.ply,0.114891,0.001149,12443,12443,-0.01659954,0.003038638,0.003012229,0.999853063,0.002393086,0.003325655,-0.001532527,-0.016579447,0.002929089,0.002785871,0.99985438,0.002396191,0.003325727,-0.001539281,0,0.028908975165082618,6.470385235143616e-05,True,0.0
cylinder,axisymmetric,icp_pt2pl,easy,9,0.2154904247798116,0.0001463266263689,True,0.0356569134342813,1.875607774459039e-05,True,0.25,itodd_cylinder.ply,0.114891,0.001149,12443,12443,-0.016635832,0.002988534,0.000907149,0.999856737,0.002409927,0.003316239,-0.001537298,-0.016579447,0.002929089,0.002785871,0.99985438,0.002396191,0.003325727,-0.001539281,0,0.035656835546878624,1.875736536802953e-05,True,0.25
cylinder,axisymmetric,fpfh_ransac,easy,9,50.32105036961246,0.0299648438899639,False,0.4431817242785316,0.0030498898946446,True,309.25,itodd_cylinder.ply,0.114891,0.001149,12443,12443,-0.016334494,-0.004394748,0.427615227,0.903802572,-0.000994788,0.003920186,-0.001536804,-0.016579447,0.002929089,0.002785871,0.99985438,0.002396191,0.003325727,-0.001539281,0,0.44318172176037246,0.003049885310909432,True,309.25
cylinder,axisymmetric,fgr,easy,9,179.99261722916128,0.0753120113750373,False,179.7198147934576,0.027724494892829,False,177.0,itodd_cylinder.ply,0.114891,0.001149,12443,12443,0.811863041,-0.583603284,-0.007269576,0.015256567,-0.002312266,-0.003266831,0.001500031,-0.016579447,0.002929089,0.002785871,0.99985438,0.002396191,0.003325727,-0.001539281,0,179.71981487425577,0.02772450918811278,False,177.0
cylinder,axisymmetric,icp_pt2pt,easy,10,7.071453357057605,0.0035296645381055,False,0.0831035036159904,0.0005598060299299,True,7.0,itodd_cylinder.ply,0.114891,0.001149,12443,12443,-0.007722385,0.03145075,0.005153429,0.999462184,0.002904747,-0.001705587,-0.000678595,-0.009511451,0.031244525,0.066787107,0.997232568,0.003086208,-0.001343473,-0.000698521,0,0.08310359489935201,0.0005598031313512507,True,7.0
cylinder,axisymmetric,icp_pt2pl,easy,10,6.93162341959026,0.0034796607627152,False,0.0699331220341281,0.0004916546604664,True,7.0,itodd_cylinder.ply,0.114891,0.001149,12443,12443,-0.007587392,0.03175183,0.006379805,0.999446622,0.002903938,-0.00169926,-0.000694229,-0.009511451,0.031244525,0.066787107,0.997232568,0.003086208,-0.001343473,-0.000698521,0,0.06993303716806762,0.000491654816127748,True,7.0
cylinder,axisymmetric,fpfh_ransac,easy,10,179.99894104943368,0.0583609631875858,False,179.98207982976268,0.012406705502024,False,173.25,itodd_cylinder.ply,0.114891,0.001149,12443,12443,0.577510128,0.815730858,0.024401445,-0.021674608,-0.002514636,0.002084883,0.000656466,-0.009511451,0.031244525,0.066787107,0.997232568,0.003086208,-0.001343473,-0.000698521,0,179.98207991510213,0.012406709060695542,False,173.25
cylinder,axisymmetric,fgr,easy,10,99.15678760205074,0.0438741582517398,False,0.930745577036434,0.0055817046740988,True,98.25,itodd_cylinder.ply,0.114891,0.001149,12443,12443,-0.0176346,-0.027471664,0.715881502,-0.697458245,-0.001752586,-0.00275599,-0.000695796,-0.009511451,0.031244525,0.066787107,0.997232568,0.003086208,-0.001343473,-0.000698521,0,0.9307455656298846,0.0055817093589016,True,98.25
cylinder,axisymmetric,icp_pt2pt,easy,11,3.5875474829486174,0.0011931651230689,False,0.0951102627161829,0.0003279981556436,True,3.5,itodd_cylinder.ply,0.114891,0.001149,12443,12443,0.034571532,0.013096618,0.001885235,0.999314632,-0.000186091,0.001933691,0.000888326,0.034326045,0.014422752,0.033157168,0.998756381,-0.000319521,0.001902274,0.000889482,0,0.09511026302274496,0.00032799443916000997,True,3.5
cylinder,axisymmetric,icp_pt2pl,easy,11,2.580175990078561,0.0007659987205469,False,0.0801802124454368,0.0001991661082245,True,2.5,itodd_cylinder.ply,0.114891,0.001149,12443,12443,0.034682789,0.013620823,0.01066386,0.999248647,-0.000232668,0.001916417,0.000888183,0.034326045,0.014422752,0.033157168,0.998756381,-0.000319521,0.001902274,0.000889482,0,0.08018021070902871,0.0001991622275994615,True,2.5
cylinder,axisymmetric,fpfh_ransac,easy,11,169.67586191856685,0.0334451871542688,False,1.4530379215703193,0.0072982513156114,True,191.75,itodd_cylinder.ply,0.114891,0.001149,12443,12443,-0.011252941,0.035521056,0.997687895,0.056837401,0.000107577,-0.001916469,0.000888535,0.034326045,0.014422752,0.033157168,0.998756381,-0.000319521,0.001902274,0.000889482,0,1.453037970815427,0.00729825545218309,True,191.75
cylinder,axisymmetric,fgr,easy,11,7.737604843630289,0.0022809936811103,False,0.0194544701529095,0.0005335155257566,True,7.75,itodd_cylinder.ply,0.114891,0.001149,12443,12443,0.03525896,0.012068748,-0.03430583,0.998716307,-5.9613e-05,0.001935806,0.000888152,0.034326045,0.014422752,0.033157168,0.998756381,-0.000319521,0.001902274,0.000889482,0,0.019454482779783684,0.0005335122094639579,True,7.75
cylinder,axisymmetric,icp_pt2pt,easy,12,3.587138477375905,0.001270023421873,False,0.1237106280212955,0.0002328163462026,True,3.5,itodd_cylinder.ply,0.114891,0.001149,12443,12443,-0.003979824,-0.076001191,0.002953158,0.997095411,-0.000595119,0.002241727,0.002329713,-0.001012594,-0.076464473,0.034105257,0.996488329,-0.000732676,0.00219306,0.002330532,0,0.12371061441616311,0.00023281706261117725,True,3.5
cylinder,axisymmetric,icp_pt2pl,easy,12,0.3208803197650003,0.000140877786786,True,0.0708820966094767,6.596762706927144e-05,True,0.25,itodd_cylinder.ply,0.114891,0.001149,12443,12443,-0.00122526,-0.076466921,0.031314626,0.996579502,-0.000718265,0.002199339,0.002334388,-0.001012594,-0.076464473,0.034105257,0.996488329,-0.000732676,0.00219306,0.002330532,0,0.07088211996373661,6.596521791720802e-05,True,0.25
cylinder,axisymmetric,fpfh_ransac,easy,12,159.4707680991494,0.0398100670904947,False,1.3090138732127756,0.0071148823142247,True,160.75,itodd_cylinder.ply,0.114891,0.001149,12443,12443,0.075431105,0.012628204,0.974461665,-0.211128253,0.001580214,-0.001752868,0.00233509,-0.001012594,-0.076464473,0.034105257,0.996488329,-0.000732676,0.00219306,0.002330532,0,1.3090138230225106,0.007114886590159025,True,160.75
cylinder,axisymmetric,fgr,easy,12,3.886418650742945,0.0013945791766547,False,0.1139848046995418,0.0002611842894727,True,4.0,itodd_cylinder.ply,0.114891,0.001149,12443,12443,-0.003610811,-0.07640067,0.00029623,0.997070615,-0.000580585,0.002243095,0.002336589,-0.001012594,-0.076464473,0.034105257,0.996488329,-0.000732676,0.00219306,0.002330532,0,0.11398478176716093,0.00026117884344791783,True,4.0
cylinder,axisymmetric,icp_pt2pt,easy,13,3.585706313969335,0.0018421056073904,False,0.0888013139920723,0.0004055515174935,True,3.5,itodd_cylinder.ply,0.114891,0.001149,12443,12443,0.010824195,-0.007267503,0.001710685,0.999913543,-0.00240831,0.001830398,-0.000891642,0.010945254,-0.007091322,0.032995154,0.999370419,-0.002539101,0.001664331,-0.000902,0,0.08880123141405435,0.000405548015256247,True,3.5
cylinder,axisymmetric,icp_pt2pl,easy,13,3.2946013905854725,0.0015469434786276,False,0.0450574056692692,0.0002189423747297,True,3.25,itodd_cylinder.ply,0.114891,0.001149,12443,12443,0.010741588,-0.007439509,0.004253136,0.999905587,-0.002439819,0.00181165,-0.000896707,0.010945254,-0.007091322,0.032995154,0.999370419,-0.002539101,0.001664331,-0.000902,0,0.04505730198565585,0.00021894248698229988,True,3.25
cylinder,axisymmetric,fpfh_ransac,easy,13,74.94893369780246,0.0326965692964942,False,0.7203085241846114,0.0043887951874564,True,285.75,itodd_cylinder.ply,0.114891,0.001149,12443,12443,0.013029385,0.001010597,0.634210551,0.773049927,-0.002205565,-0.002077376,-0.000899948,0.010945254,-0.007091322,0.032995154,0.999370419,-0.002539101,0.001664331,-0.000902,0,0.7203085880374465,0.004388792379016402,True,285.75
cylinder,axisymmetric,fgr,easy,13,3.42630708183607,0.0016070459743863,False,0.0740727653901629,0.0002417198193882,True,3.5,itodd_cylinder.ply,0.114891,0.001149,12443,12443,0.010727349,-0.007445414,0.003103858,0.999909924,-0.002435637,0.001817223,-0.000898936,0.010945254,-0.007091322,0.032995154,0.999370419,-0.002539101,0.001664331,-0.000902,0,0.0740728545077061,0.0002417170566604418,True,3.5
cylinder,axisymmetric,icp_pt2pt,easy,14,7.053390633385218,0.0016307915634965,False,0.0700779293210738,0.0005045911192874,True,353.0,itodd_cylinder.ply,0.114891,0.001149,12443,12443,0.001302832,-0.013042284,-0.009911086,0.999864977,0.001427784,-0.000586423,-0.00102998,0.000540454,-0.012780875,-0.071397771,0.997365888,0.001344187,-0.000754102,-0.001030699,0,0.07007793057967962,0.000504586425102249,True,353.0
cylinder,axisymmetric,icp_pt2pl,easy,14,9.941273751108875,0.0022414660203784,False,0.0649329633364536,0.0006643731026887,True,350.0,itodd_cylinder.ply,0.114891,0.001149,12443,12443,0.001644903,-0.012743675,0.01528778,0.999800569,0.001456885,-0.000522549,-0.001031867,0.000540454,-0.012780875,-0.071397771,0.997365888,0.001344187,-0.000754102,-0.001030699,0,0.06493304225433563,0.0006643726149767497,True,350.0
cylinder,axisymmetric,fpfh_ransac,easy,14,156.58768253243065,0.0253666088455843,False,1.3669016155232283,0.0071978914850738,True,155.25,itodd_cylinder.ply,0.114891,0.001149,12443,12443,0.012468172,0.003124219,0.991106956,-0.132445407,-0.001407402,0.000206346,-0.001032332,0.000540454,-0.012780875,-0.071397771,0.997365888,0.001344187,-0.000754102,-0.001030699,0,1.3669017118848956,0.007197905193687283,True,155.25
cylinder,axisymmetric,fgr,easy,14,8.32270529389202,0.0018803889036564,False,0.0762443868564436,0.0005577737506834,True,351.75,itodd_cylinder.ply,0.114891,0.001149,12443,12443,0.001460713,-0.012761639,0.001164912,0.999916821,0.001441269,-0.000561104,-0.001030113,0.000540454,-0.012780875,-0.071397771,0.997365888,0.001344187,-0.000754102,-0.001030699,0,0.07624433140588913,0.0005577781310703458,True,351.75
cylinder,axisymmetric,icp_pt2pt,easy,15,3.467175030981463,0.0004858859406818,False,0.0388301795654386,0.0002275579399771,True,3.5,itodd_cylinder.ply,0.114891,0.001149,12443,12443,0.01866488,-0.010593722,-0.00559831,0.999753997,-0.000526577,0.000168077,-0.001924928,0.019053026,-0.009878173,0.02464502,0.999465871,-0.000530339,0.000116299,-0.001945451,0,0.03883024397294458,0.0002275559290426332,True,3.5
cylinder,axisymmetric,icp_pt2pl,easy,15,1.867983221226218,0.0001776686686683,True,0.1181668576314034,9.454953242827534e-05,True,1.75,itodd_cylinder.ply,0.114891,0.001149,12443,12443,0.018864798,-0.010207067,0.0083506,0.999735066,-0.000529121,0.000136468,-0.001942551,0.019053026,-0.009878173,0.02464502,0.999465871,-0.000530339,0.000116299,-0.001945451,0,0.11816690574686162,9.454737764652319e-05,True,1.75
cylinder,axisymmetric,fpfh_ransac,easy,15,80.22084671828387,0.0068220266117571,False,0.7436255674382509,0.0048934504307247,True,79.5,itodd_cylinder.ply,0.114891,0.001149,12443,12443,0.008191707,-0.019815535,-0.625070147,0.780274023,6.9678e-05,0.000620586,-0.001945052,0.019053026,-0.009878173,0.02464502,0.999465871,-0.000530339,0.000116299,-0.001945451,0,0.7436255840870666,0.004893452365188288,True,79.5
cylinder,axisymmetric,fgr,easy,15,3.06559016534259,0.0002884240757359,False,0.0663092025836905,0.0001851821484112,True,3.0,itodd_cylinder.ply,0.114891,0.001149,12443,12443,0.018754446,-0.01040108,-0.002098021,0.999767816,-0.000525697,0.000148859,-0.001941399,0.019053026,-0.009878173,0.02464502,0.999465871,-0.000530339,0.000116299,-0.001945451,0,0.06630920175922392,0.00018517466407160202,True,3.0
cylinder,axisymmetric,icp_pt2pt,easy,16,3.4152634169653044,0.0295586865751457,False,0.4156588300058657,0.0295409267860912,False,357.0,itodd_cylinder.ply,0.114891,0.001149,12443,12443,-0.018631743,0.023289331,0.003654643,0.999548452,0.000532799,-0.001961678,0.000305764,-0.018006196,0.023706517,-0.026136697,0.999215017,0.000408758,-0.001981029,0.003699471,0,0.4156587934414728,0.02954093701377047,False,357.0
cylinder,axisymmetric,icp_pt2pl,easy,16,2.751283771205685,0.0008488820586452,False,0.0153857459350809,0.0001568471158394,True,357.25,itodd_cylinder.ply,0.114891,0.001149,12443,12443,-0.01849356,0.02325872,-0.002139342,0.999556123,0.000505108,-0.001966041,0.003701468,-0.018006196,0.023706517,-0.026136697,0.999215017,0.000408758,-0.001981029,0.003699471,0,0.015385756452756406,0.00015684319435645637,True,357.25
cylinder,axisymmetric,fpfh_ransac,easy,16,179.99746434732074,0.0653959699408447,False,179.78144177914862,0.0749172211827525,False,181.25,itodd_cylinder.ply,0.114891,0.001149,12443,12443,-0.444111286,0.895477999,0.006305442,-0.029061301,0.001370496,-0.001539095,-0.003739017,-0.018006196,0.023706517,-0.026136697,0.999215017,0.000408758,-0.001981029,0.003699471,0,179.78144173903306,0.07491724996162338,False,181.25
cylinder,axisymmetric,fgr,easy,16,0.3620231717039233,0.0001154895457174,True,0.1122480569995825,5.206390332946761e-05,True,0.25,itodd_cylinder.ply,0.114891,0.001149,12443,12443,-0.017849794,0.023759317,-0.029290458,0.999129095,0.000396915,-0.001987004,0.003699779,-0.018006196,0.023706517,-0.026136697,0.999215017,0.000408758,-0.001981029,0.003699471,0,0.11224805171353151,5.20645781764911e-05,True,0.25
cylinder,axisymmetric,icp_pt2pt,easy,17,0.0217320115094458,5.83115057068286e-05,True,0.0217320115094458,5.83115057068286e-05,True,0.0,itodd_cylinder.ply,0.114891,0.001149,12443,12443,0.015557939,0.015181606,0.006612472,0.999741839,0.002359099,0.000443723,0.002012126,0.015501085,0.015125037,0.006784325,0.999742428,0.002356624,0.000443989,0.002018345,0,0.021732019425294815,5.8304672334572445e-05,True,0.0
cylinder,axisymmetric,icp_pt2pl,easy,17,0.0793659658033267,3.414930115123816e-05,True,0.0793659657941422,3.414930115123816e-05,True,0.0,itodd_cylinder.ply,0.114891,0.001149,12443,12443,0.015498965,0.015125849,0.006091744,0.999746909,0.002357473,0.00044028,0.002017389,0.015501085,0.015125037,0.006784325,0.999742428,0.002356624,0.000443989,0.002018345,0,0.07936602556626844,3.414705915729577e-05,True,0.0
cylinder,axisymmetric,fpfh_ransac,easy,17,5.455164121214135,0.001920565591238,False,0.0462141151641328,0.0003474525076456,True,354.5,itodd_cylinder.ply,0.114891,0.001149,12443,12443,0.014737979,0.015841335,0.054351362,0.99828742,0.002305215,0.000658567,0.002016787,0.015501085,0.015125037,0.006784325,0.999742428,0.002356624,0.000443989,0.002018345,0,0.04621409137862944,0.00034745425094633714,True,354.5
cylinder,axisymmetric,fgr,easy,17,28.876146194368804,0.0101200323014784,False,0.143688058597703,0.0018906075301882,True,29.0,itodd_cylinder.ply,0.114891,0.001149,12443,12443,0.018769993,0.010807436,-0.242699755,0.969859637,0.002280805,-0.000716237,0.002019467,0.015501085,0.015125037,0.006784325,0.999742428,0.002356624,0.000443989,0.002018345,0,0.14368804111105463,0.0018906081956591616,True,29.0
cylinder,axisymmetric,icp_pt2pt,easy,18,0.0532066266458166,7.595864138878729e-05,True,0.0532066266458166,7.595864138878729e-05,True,0.0,itodd_cylinder.ply,0.114891,0.001149,12443,12443,0.018263355,0.012022991,-0.002936237,0.999756608,0.000592888,0.000561046,0.000398371,0.018356653,0.012051031,-0.003390204,0.999753126,0.000585709,0.000556142,0.000397614,0,0.0532066419349884,7.595884119338928e-05,True,0.0
cylinder,axisymmetric,icp_pt2pl,easy,18,0.0993100857938009,4.085708848248091e-05,True,0.0993100857938009,4.085708848248091e-05,True,0.0,itodd_cylinder.ply,0.114891,0.001149,12443,12443,0.018343961,0.012047415,-0.002523665,0.999755965,0.000588288,0.000558338,0.000400864,0.018356653,0.012051031,-0.003390204,0.999753126,0.000585709,0.000556142,0.000397614,0,0.0993101059052271,4.08584530260713e-05,True,0.0
cylinder,axisymmetric,fpfh_ransac,easy,18,32.377276089036336,0.0036423731818666,False,0.3811345756592769,0.0021058868390683,True,327.25,itodd_cylinder.ply,0.114891,0.001149,12443,12443,0.014270788,0.016678079,0.275476323,0.961057221,0.000215379,0.000751015,0.000399051,0.018356653,0.012051031,-0.003390204,0.999753126,0.000585709,0.000556142,0.000397614,0,0.38113454582175177,0.0021058840987167237,True,327.25
cylinder,axisymmetric,fgr,easy,18,176.4908372845371,0.0134476312056432,False,176.3945241159168,0.0143801639326549,False,333.5,itodd_cylinder.ply,0.114891,0.001149,12443,12443,0.362549608,0.930481851,-0.020063944,-0.04856691,0.001909808,0.000513873,-0.000397395,0.018356653,0.012051031,-0.003390204,0.999753126,0.000585709,0.000556142,0.000397614,0,176.3945240402615,0.014380173138065886,False,333.5
cylinder,axisymmetric,icp_pt2pt,easy,19,0.0781660986599077,4.706722465094143e-05,True,0.0781660986599077,4.706722465094143e-05,True,0.0,itodd_cylinder.ply,0.114891,0.001149,12443,12443,0.023890366,-0.03189707,0.016873332,0.99906312,0.000749985,0.000865797,-0.000416095,0.023943516,-0.031902839,0.017553234,0.999049949,0.000746594,0.000865995,-0.000411887,0,0.07816609571308321,4.7069804519063585e-05,True,0.0
cylinder,axisymmetric,icp_pt2pl,easy,19,0.6160516909775492,9.980095542109724e-05,True,0.1160610120390112,5.173592502817002e-05,True,0.5,itodd_cylinder.ply,0.114891,0.001149,12443,12443,0.023769342,-0.032034026,0.012182193,0.999129838,0.000756238,0.000860034,-0.000413598,0.023943516,-0.031902839,0.017553234,0.999049949,0.000746594,0.000865995,-0.000411887,0,0.11606104412018597,5.173299291410765e-05,True,0.5
cylinder,axisymmetric,fpfh_ransac,easy,19,103.92921354787126,0.0149718569678099,False,1.0937429973691597,0.0059607717448258,True,105.0,itodd_cylinder.ply,0.114891,0.001149,12443,12443,0.010377514,0.038503656,0.776066803,-0.629388666,0.000735397,-0.000854101,-0.000412403,0.023943516,-0.031902839,0.017553234,0.999049949,0.000746594,0.000865995,-0.000411887,0,1.0937429985288605,0.0059607789390502125,True,105.0
cylinder,axisymmetric,fgr,easy,19,0.6160516909775492,9.980095542123704e-05,True,0.1160610120390112,5.17359250283494e-05,True,0.5,itodd_cylinder.ply,0.114891,0.001149,12443,12443,0.023769342,-0.032034026,0.012182193,0.999129838,0.000756238,0.000860034,-0.000413598,0.023943516,-0.031902839,0.017553234,0.999049949,0.000746594,0.000865995,-0.000411887,0,0.11606104412018597,5.173299291410765e-05,True,0.5
cylinder,axisymmetric,icp_pt2pt,medium,0,9.926724561669635,0.214101112321506,False,41.09834503500636,0.2062039281297219,False,309.0,itodd_cylinder.ply,0.114891,0.001149,12443,10576,0.019875031,0.00355872,0.008175402,0.999762713,-0.001544221,0.000140207,0.000154152,0.023775167,0.00605048,-0.078244091,0.996632327,-0.006600638,0.01692014,0.017415175,0,41.098344951288105,0.2062040142663703,False,309.0
cylinder,axisymmetric,icp_pt2pl,medium,0,18.70649351354044,0.1007972821422893,False,0.3142598730461131,0.0866079334341504,False,19.0,itodd_cylinder.ply,0.114891,0.001149,12443,10576,0.024132775,0.002646152,-0.239191198,0.970668933,-0.000789957,0.018171053,0.007476164,0.023775167,0.00605048,-0.078244091,0.996632327,-0.006600638,0.01692014,0.017415175,0,0.3142598774555269,0.08660796983837243,False,19.0
cylinder,axisymmetric,fpfh_ransac,medium,0,179.99350955826807,0.3827637936694035,False,179.97289108301817,0.3976059068425641,False,207.75,itodd_cylinder.ply,0.114891,0.001149,12443,10576,0.366093024,0.930258454,-0.018600065,-0.015784295,0.017497524,0.005191882,-0.017450666,0.023775167,0.00605048,-0.078244091,0.996632327,-0.006600638,0.01692014,0.017415175,0,179.97289107317684,0.3976060781356884,False,207.75
cylinder,axisymmetric,fgr,medium,0,10.974389294512926,0.0302197035832448,False,0.0297079438529427,0.0007496300388869,True,349.0,itodd_cylinder.ply,0.114891,0.001149,12443,10576,0.022941975,0.008279022,0.017414848,0.999550822,-0.009698153,0.015351702,0.017413812,0.023775167,0.00605048,-0.078244091,0.996632327,-0.006600638,0.01692014,0.017415175,0,0.029707901306591636,0.0007496285224472723,True,349.0
cylinder,axisymmetric,icp_pt2pt,medium,1,14.327446223554874,0.227002087714808,False,37.62467347683161,0.2243039655077791,False,51.75,itodd_cylinder.ply,0.114891,0.001149,12443,10576,-0.001635745,0.002893446,-0.00362881,0.999987892,2.6882e-05,-0.00056891,0.000568861,0.011965115,-0.008167781,0.11986858,0.992684062,0.011866057,-0.018190225,0.015718648,0,37.624673467670114,0.22430405565931402,False,51.75
cylinder,axisymmetric,icp_pt2pl,medium,1,21.83048532369016,0.1321386304801778,False,15.062932732011108,0.1255347835448795,False,341.75,itodd_cylinder.ply,0.114891,0.001149,12443,10576,-0.099389213,-0.071421902,0.256375277,0.958797379,0.008106819,-0.006108437,0.007329498,0.011965115,-0.008167781,0.11986858,0.992684062,0.011866057,-0.018190225,0.015718648,0,15.06293270676776,0.1255348309537447,False,341.75
cylinder,axisymmetric,fpfh_ransac,medium,1,0.1287119253353278,0.0004241042897756,True,0.1217313527314471,0.0004093253894005,True,359.75,itodd_cylinder.ply,0.114891,0.001149,12443,10576,0.011912434,-0.008178636,0.120982413,0.992549475,0.01190517,-0.018161261,0.015720988,0.011965115,-0.008167781,0.11986858,0.992684062,0.011866057,-0.018190225,0.015718648,0,0.12173135634222416,0.0004093240950699342,True,359.75
cylinder,axisymmetric,fgr,medium,1,18.76298824770172,0.0615445824850408,False,0.0531059369779062,0.0011924243192295,True,18.75,itodd_cylinder.ply,0.114891,0.001149,12443,10576,0.010410617,-0.010014754,-0.043548753,0.99894686,0.005384142,-0.021015594,0.015719095,0.011965115,-0.008167781,0.11986858,0.992684062,0.011866057,-0.018190225,0.015718648,0,0.053105963455261085,0.001192426075574323,True,18.75
cylinder,axisymmetric,icp_pt2pt,medium,2,12.84948821347732,0.1629432341075632,False,9.24580748792648,0.1627095458122768,False,352.75,itodd_cylinder.ply,0.114891,0.001149,12443,10576,0.003869612,-0.019017068,0.021345695,0.999583783,0.002767282,0.002386828,-0.000743456,0.020480172,-0.096135789,-0.05802666,0.993464332,0.017137764,0.011254264,-0.008825729,0,9.24580744739133,0.1627096121580586,False,352.75
cylinder,axisymmetric,icp_pt2pl,medium,2,23.71796412756607,0.0730708088610365,False,0.2883953557694407,0.0007037858832978,True,336.0,itodd_cylinder.ply,0.114891,0.001149,12443,10576,0.03977978,-0.089948867,0.147376132,0.984178361,0.011175926,0.017164894,-0.008830064,0.020480172,-0.096135789,-0.05802666,0.993464332,0.017137764,0.011254264,-0.008825729,0,0.2883953360495264,0.0007037857203033222,True,336.0
cylinder,axisymmetric,fpfh_ransac,medium,2,179.99245321022997,0.1956768717613354,False,179.95618903638024,0.3755472197425029,False,160.25,itodd_cylinder.ply,0.114891,0.001149,12443,10576,0.546540894,0.831636659,-0.073847437,0.064962104,0.005928268,0.019590329,0.008788924,0.020480172,-0.096135789,-0.05802666,0.993464332,0.017137764,0.011254264,-0.008825729,0,179.95618900538352,0.37554737309501063,False,160.25
cylinder,axisymmetric,fgr,medium,2,7.145956218440161,0.0221270013919636,False,0.106521759829116,0.0001539030261915,True,352.75,itodd_cylinder.ply,0.114891,0.001149,12443,10576,0.026407758,-0.09476904,0.004003359,0.995140911,0.015608356,0.013284943,-0.008827647,0.020480172,-0.096135789,-0.05802666,0.993464332,0.017137764,0.011254264,-0.008825729,0,0.1065217880017996,0.000153897434305141,True,352.75
cylinder,axisymmetric,icp_pt2pt,medium,3,3.1283505014965587,0.029147826159604,False,0.8753205107228148,0.0291043986778877,False,356.0,itodd_cylinder.ply,0.114891,0.001149,12443,10576,-0.075069901,0.042173205,0.001890519,0.996284275,0.000908887,0.002875994,-0.001336962,-0.073815609,0.04355886,-0.025343078,0.995997796,0.001094782,0.002833269,-0.004680349,0,0.8753204963588602,0.029104404350541388,False,356.0
cylinder,axisymmetric,icp_pt2pl,medium,3,3.2409351735446434,0.0015282895135972,False,0.0097544834477829,0.0002574005518468,True,356.75,itodd_cylinder.ply,0.114891,0.001149,12443,10576,-0.075086806,0.041515635,0.0028342,0.996308381,0.000927699,0.002887233,-0.004681723,-0.073815609,0.04355886,-0.025343078,0.995997796,0.001094782,0.002833269,-0.004680349,0,0.00975452753698573,0.0002574011720563392,True,356.75
cylinder,axisymmetric,fpfh_ransac,medium,3,179.99075130521962,0.0865418321556058,False,179.8022910230792,0.0907173722705471,False,174.75,itodd_cylinder.ply,0.114891,0.001149,12443,10576,-0.282868003,0.955313913,0.060030685,-0.06129713,-0.002230409,0.001942187,0.004647565,-0.073815609,0.04355886,-0.025343078,0.995997796,0.001094782,0.002833269,-0.004680349,0,179.80229107354717,0.09071741219552654,False,174.75
cylinder,axisymmetric,fgr,medium,3,1.7442689480787823,0.0007431905524962,True,0.0164507653226367,9.13930167528266e-05,True,1.75,itodd_cylinder.ply,0.114891,0.001149,12443,10576,-0.073216867,0.044742336,-0.040498099,0.995488482,0.001173777,0.002801239,-0.004685309,-0.073815609,0.04355886,-0.025343078,0.995997796,0.001094782,0.002833269,-0.004680349,0,0.016450769842231528,9.139503831626515e-05,True,1.75
cylinder,axisymmetric,icp_pt2pt,medium,4,36.16704664147877,0.2099937717300209,False,40.48011189385513,0.2028830235363751,False,317.5,itodd_cylinder.ply,0.114891,0.001149,12443,10576,-0.023277261,0.022974519,0.007349345,0.999438006,-0.001161722,0.001502299,-0.002498084,0.256119475,0.031089974,-0.130091006,0.957346624,0.002126108,0.024250583,-0.009832193,0,40.48011189059866,0.20288311315915508,False,317.5
cylinder,axisymmetric,icp_pt2pl,medium,4,33.587560000082064,0.1860690328279323,False,36.53844880468707,0.183233031407347,False,354.5,itodd_cylinder.ply,0.114891,0.001149,12443,10576,0.013172474,0.05687273,-0.29010884,0.955211411,-0.002542611,0.003527483,-0.012232369,0.256119475,0.031089974,-0.130091006,0.957346624,0.002126108,0.024250583,-0.009832193,0,36.53844884836189,0.183233116832093,False,354.5
cylinder,axisymmetric,fpfh_ransac,medium,4,179.99950576681437,0.5097284922868445,False,179.7733361335963,0.3362729977131872,False,180.25,itodd_cylinder.ply,0.114891,0.001149,12443,10576,0.902654791,0.344429118,-0.028124414,-0.256499375,0.01265212,-0.020806061,0.026067043,0.256119475,0.031089974,-0.130091006,0.957346624,0.002126108,0.024250583,-0.009832193,0,179.77333615971915,0.3362731482713388,False,180.25
cylinder,axisymmetric,fgr,medium,4,21.370516813908417,0.078533299662466,False,0.1429180642858604,0.001195741160693,True,338.5,itodd_cylinder.ply,0.114891,0.001149,12443,10576,0.245970084,0.077992136,0.049685847,0.964856083,-0.006849856,0.023332795,-0.009845309,0.256119475,0.031089974,-0.130091006,0.957346624,0.002126108,0.024250583,-0.009832193,0,0.14291808538595027,0.001195741023254186,True,338.5
cylinder,axisymmetric,icp_pt2pt,medium,5,9.335602561723768,0.1084730821475778,False,21.218413992627944,0.1067276582707533,False,342.25,itodd_cylinder.ply,0.114891,0.001149,12443,10576,-0.06093769,0.059582977,-0.006006449,0.99634351,-0.000144275,0.005259194,0.000163008,-0.12832305,0.102977051,0.004480307,0.986361419,0.002440602,0.009332547,0.011653972,0,21.218414033185628,0.10672770090890446,False,342.25
cylinder,axisymmetric,icp_pt2pl,medium,5,17.26341440783351,0.0251446257212278,False,0.045566572197224,0.0011495056270265,True,17.25,itodd_cylinder.ply,0.114891,0.001149,12443,10576,-0.111355291,0.121167069,-0.143587136,0.97585925,0.005103552,0.008212553,0.011657423,-0.12832305,0.102977051,0.004480307,0.986361419,0.002440602,0.009332547,0.011653972,0,0.04556658160347272,0.001149509240985541,True,17.25
cylinder,axisymmetric,fpfh_ransac,medium,5,179.99233463842404,0.2468435383129185,False,179.8222019085279,0.2230253246390088,False,185.0,itodd_cylinder.ply,0.114891,0.001149,12443,10576,0.934358013,0.316045579,0.13917812,0.087862089,0.007671893,-0.005889092,-0.011696216,-0.12832305,0.102977051,0.004480307,0.986361419,0.002440602,0.009332547,0.011653972,0,179.8222019028784,0.2230254186017961,False,185.0
cylinder,axisymmetric,fgr,medium,5,4.224459137356205,0.0061720242140312,False,0.0302439503538104,0.0002801930318324,True,355.75,itodd_cylinder.ply,0.114891,0.001149,12443,10576,-0.131997521,0.098302475,0.040851107,0.985517359,0.001748718,0.009487816,0.011659031,-0.12832305,0.102977051,0.004480307,0.986361419,0.002440602,0.009332547,0.011653972,0,0.030243929963797395,0.0002801944210259964,True,355.75
cylinder,axisymmetric,icp_pt2pt,medium,6,25.8601405638766,0.0030854193977852,False,17.661084140864762,0.0040676557731008,False,341.0,itodd_cylinder.ply,0.114891,0.001149,12443,10576,-0.059547134,0.030639625,0.009261569,0.997712171,-0.000673425,-0.000446543,-0.00015687,-0.186455325,0.113998049,-0.153524652,0.963674757,-0.00096058,-0.000478819,4.8463e-05,0,17.661084174707014,0.004067664797767928,False,341.0
cylinder,axisymmetric,icp_pt2pl,medium,6,12.47677109910676,0.0022057837282874,False,0.0383474080529351,0.0007961094037504,True,347.5,itodd_cylinder.ply,0.114891,0.001149,12443,10576,-0.197724566,0.093146989,-0.047878636,0.974646741,-0.000828417,-0.000695002,4.3783e-05,-0.186455325,0.113998049,-0.153524652,0.963674757,-0.00096058,-0.000478819,4.8463e-05,0,0.03834745411067915,0.0007961087725492253,True,347.5
cylinder,axisymmetric,fpfh_ransac,medium,6,179.978153870836,0.0083894007626625,False,179.7296405659855,0.0229723622864607,False,170.75,itodd_cylinder.ply,0.114891,0.001149,12443,10576,0.961076119,0.169028492,0.11674036,0.184753213,-0.00096513,0.000484447,1.4707e-05,-0.186455325,0.113998049,-0.153524652,0.963674757,-0.00096058,-0.000478819,4.8463e-05,0,179.72964051321762,0.02297237517507533,False,170.75
cylinder,axisymmetric,fgr,medium,6,13.154355250715096,0.0023251668547845,False,0.1577348562193378,0.0007986613789626,True,347.0,itodd_cylinder.ply,0.114891,0.001149,12443,10576,-0.198266121,0.091974581,-0.042114554,0.974914143,-0.00082001,-0.000705925,4.3263e-05,-0.186455325,0.113998049,-0.153524652,0.963674757,-0.00096058,-0.000478819,4.8463e-05,0,0.15773497087221858,0.0007986616447102119,True,347.0
cylinder,axisymmetric,icp_pt2pt,medium,7,4.803918949259692,0.0982913397887291,False,4.644095234710139,0.0982912202717572,False,359.75,itodd_cylinder.ply,0.114891,0.001149,12443,10576,-0.015720895,-0.001209411,-0.003801106,0.999868463,-0.00297588,-0.000446265,1.8939e-05,-0.047175988,-0.004191189,-0.031309225,0.998386995,-0.011478051,-0.002434594,-0.007142546,0,4.644095272485684,0.0982912657755535,False,359.75
cylinder,axisymmetric,icp_pt2pl,medium,7,6.430643943410696,0.0115172063283082,False,0.0695948998409616,0.0005355514057027,True,353.5,itodd_cylinder.ply,0.114891,0.001149,12443,10576,-0.047022491,-0.006806817,0.024739879,0.998564215,-0.011127291,-0.003710478,-0.007139332,-0.047175988,-0.004191189,-0.031309225,0.998386995,-0.011478051,-0.002434594,-0.007142546,0,0.06959484482157363,0.0005355455449611126,True,353.5
cylinder,axisymmetric,fpfh_ransac,medium,7,56.37752635814752,0.0970272988544337,False,0.3958563579530284,0.0029565489324854,True,304.0,itodd_cylinder.ply,0.114891,0.001149,12443,10576,-0.039753574,-0.026015873,0.444019242,0.894756805,-0.004287467,-0.01095303,-0.007137744,-0.047175988,-0.004191189,-0.031309225,0.998386995,-0.011478051,-0.002434594,-0.007142546,0,0.395856365856375,0.0029565501263444966,True,304.0
cylinder,axisymmetric,fgr,medium,7,5.889106264187108,0.0105517421757505,False,0.1111113232176486,0.0005706537843396,True,354.0,itodd_cylinder.ply,0.114891,0.001149,12443,10576,-0.047059819,-0.006587717,0.020020443,0.998669694,-0.01116226,-0.003605034,-0.00713804,-0.047175988,-0.004191189,-0.031309225,0.998386995,-0.011478051,-0.002434594,-0.007142546,0,0.11111126656239517,0.0005706513225523746,True,354.0
cylinder,axisymmetric,icp_pt2pt,medium,8,40.92070721840176,0.0634161025356807,False,40.17687472545072,0.0622973108572865,False,352.0,itodd_cylinder.ply,0.114891,0.001149,12443,10576,-0.02621163,-0.01317744,0.001566711,0.999568332,0.001341472,0.00118028,-0.000101562,-0.336810979,-0.154992315,-0.063666192,0.926543233,0.008501762,-4.8154e-05,0.000451754,0,40.17687473297421,0.0622973391180314,False,352.0
cylinder,axisymmetric,icp_pt2pl,medium,8,41.95536114644649,0.0647531194529466,False,32.19128157347547,0.038845641308999,False,332.75,itodd_cylinder.ply,0.114891,0.001149,12443,10576,-0.088189931,-0.048900879,0.174427495,0.979492873,0.004240056,0.005780979,-0.001338786,-0.336810979,-0.154992315,-0.063666192,0.926543233,0.008501762,-4.8154e-05,0.000451754,0,32.191281610166016,0.03884565887664134,False,332.75
cylinder,axisymmetric,fpfh_ransac,medium,8,25.5044812167204,0.0323512803806997,False,0.2517155175121296,0.0014381734478294,True,334.25,itodd_cylinder.ply,0.114891,0.001149,12443,10576,-0.294311189,-0.225404894,0.142467858,0.917756213,0.007706192,0.003582573,0.000446165,-0.336810979,-0.154992315,-0.063666192,0.926543233,0.008501762,-4.8154e-05,0.000451754,0,0.2517155061545839,0.001438170942772095,True,334.25
cylinder,axisymmetric,fgr,medium,8,41.85219187815517,0.0929737973355622,False,33.6443735001723,0.0671605478001343,False,334.75,itodd_cylinder.ply,0.114891,0.001149,12443,10576,-0.079654363,-0.038883567,0.157837248,0.983478853,0.001983765,0.008392642,-0.000157144,-0.336810979,-0.154992315,-0.063666192,0.926543233,0.008501762,-4.8154e-05,0.000451754,0,33.64437350635951,0.06716057969524922,False,334.75
cylinder,axisymmetric,icp_pt2pt,medium,9,2.0163946054633466,0.1894195577705356,False,1.234065755174845,0.1894178275655497,False,356.75,itodd_cylinder.ply,0.114891,0.001149,12443,10576,0.083127849,0.089552547,0.003531481,0.992500696,-2.2216e-05,-0.001209796,-0.000602755,0.084957913,0.088047668,-0.013904051,0.992389258,-5.9062e-05,-0.001188846,-0.022365325,0,1.2340657310156287,0.18941790469176534,False,356.75
cylinder,axisymmetric,icp_pt2pl,medium,9,11.48535441101177,0.0021242491877527,False,0.0309744989292108,0.0007463408257943,True,348.5,itodd_cylinder.ply,0.114891,0.001149,12443,10576,0.075607168,0.096005869,0.085463208,0.988818724,0.000184876,-0.001195798,-0.022368498,0.084957913,0.088047668,-0.013904051,0.992389258,-5.9062e-05,-0.001188846,-0.022365325,0,0.030974494457900067,0.0007463383765603206,True,348.5
cylinder,axisymmetric,fpfh_ransac,medium,9,172.2838220226017,0.0210180716876183,False,1.3178924356318458,0.0076946688457229,True,171.0,itodd_cylinder.ply,0.114891,0.001149,12443,10576,-0.093454404,0.078722453,0.991095704,-0.052899478,2.8981e-05,0.001224333,-0.022369419,0.084957913,0.088047668,-0.013904051,0.992389258,-5.9062e-05,-0.001188846,-0.022365325,0,1.3178923920534908,0.007694669254442808,True,171.0
cylinder,axisymmetric,fgr,medium,9,5.743020972171695,0.0010437026529259,False,0.0274718366302888,0.0004467289634238,True,5.75,itodd_cylinder.ply,0.114891,0.001149,12443,10576,0.089140979,0.083605381,-0.063605957,0.990463683,-0.000178267,-0.001176771,-0.022370141,0.084957913,0.088047668,-0.013904051,0.992389258,-5.9062e-05,-0.001188846,-0.022365325,0,0.027471876245074182,0.0004467311110463579,True,5.75
cylinder,axisymmetric,icp_pt2pt,medium,10,3.513580080777398,0.069191636472545,False,0.2393248079078887,0.0691595871352119,False,3.75,itodd_cylinder.ply,0.114891,0.001149,12443,10576,0.029562766,0.055269632,0.006449292,0.998012884,0.00229007,0.003523017,0.000491255,0.027839962,0.055876715,0.03704847,0.997361589,0.002054886,0.003638152,0.008436441,0,0.23932485168188566,0.06915961818135101,False,3.75
cylinder,axisymmetric,icp_pt2pl,medium,10,3.569756186354202,0.002276450549465,False,0.0709057347516882,0.0003111770301902,True,3.5,itodd_cylinder.ply,0.114891,0.001149,12443,10576,0.029606911,0.055052762,0.005965913,0.998026569,0.002283256,0.003510832,0.008429957,0.027839962,0.055876715,0.03704847,0.997361589,0.002054886,0.003638152,0.008436441,0,0.07090565418521876,0.0003111788501753073,True,3.5
cylinder,axisymmetric,fpfh_ransac,medium,10,75.90662038424536,0.4196463429065397,False,4.596468346388126,0.417395736814512,False,279.5,itodd_cylinder.ply,0.114891,0.001149,12443,10576,-0.012423628,0.061315651,0.642605017,0.763639206,-0.002970461,0.002834285,0.056380697,0.027839962,0.055876715,0.03704847,0.997361589,0.002054886,0.003638152,0.008436441,0,4.596468310866715,0.4173959106679826,False,279.5
cylinder,axisymmetric,fgr,medium,10,179.99447415982647,0.1577899526487653,False,179.7846646083987,0.1530882617479072,False,177.0,itodd_cylinder.ply,0.114891,0.001149,12443,10576,-0.366628103,0.928265961,-0.047991104,-0.0400374,-0.003954168,0.001004004,-0.00846328,0.027839962,0.055876715,0.03704847,0.997361589,0.002054886,0.003638152,0.008436441,0,179.7846645710069,0.15308832265774866,False,177.0
cylinder,axisymmetric,icp_pt2pt,medium,11,25.314121581339226,0.2330600611038406,False,26.376494332803933,0.2327349380691844,False,341.75,itodd_cylinder.ply,0.114891,0.001149,12443,10576,-0.002265587,-0.008271116,-0.008729307,0.999925125,-0.000221574,0.001576612,-0.000434783,0.11444227,-0.18152435,-0.074199113,0.973882112,-0.001394668,0.014711493,0.022869305,0,26.376494332489305,0.2327350395800945,False,341.75
cylinder,axisymmetric,icp_pt2pl,medium,11,26.84612345492996,0.1662136189102004,False,0.6577738942684518,0.1550263370727561,False,332.5,itodd_cylinder.ply,0.114891,0.001149,12443,10576,0.153500503,-0.150011226,0.153897819,0.964494525,-0.007876888,0.012463841,0.005047869,0.11444227,-0.18152435,-0.074199113,0.973882112,-0.001394668,0.014711493,0.022869305,0,0.6577738662553553,0.1550264070203578,False,332.5
cylinder,axisymmetric,fpfh_ransac,medium,11,61.026698910577,0.213033592910477,False,0.5030508236794422,0.1685906511745659,False,298.5,itodd_cylinder.ply,0.114891,0.001149,12443,10576,0.191094543,-0.097873064,0.430442346,0.876711541,-0.013478672,0.005846869,0.04222009,0.11444227,-0.18152435,-0.074199113,0.973882112,-0.001394668,0.014711493,0.022869305,0,0.5030508024409195,0.16859072293371027,False,298.5
cylinder,axisymmetric,fgr,medium,11,20.35996749197564,0.0454289113751184,False,0.14977461421642,0.0011246639350027,True,339.5,itodd_cylinder.ply,0.114891,0.001149,12443,10576,0.144775952,-0.158372733,0.099075671,0.971669703,-0.006414566,0.013282433,0.022852114,0.11444227,-0.18152435,-0.074199113,0.973882112,-0.001394668,0.014711493,0.022869305,0,0.14977461717546353,0.0011246673315644308,True,339.5
cylinder,axisymmetric,icp_pt2pt,medium,12,2.583745917281483,0.0460012207927209,False,0.2636668263015739,0.045883144123987,False,357.25,itodd_cylinder.ply,0.114891,0.001149,12443,10576,-0.024426008,-0.046064908,-0.003278067,0.998634392,0.008296064,0.001257916,0.000892078,-0.025588015,-0.047247979,-0.025760199,0.998223068,0.008354354,0.000890343,0.006164087,0,0.26366682852430834,0.04588316631767324,False,357.25
cylinder,axisymmetric,icp_pt2pl,medium,12,3.4274216765812477,0.0043457753725658,False,0.0728155573381074,0.0002616694449807,True,356.5,itodd_cylinder.ply,0.114891,0.001149,12443,10576,-0.024178275,-0.047957588,0.004105141,0.998548261,0.008277618,0.001383663,0.006170228,-0.025588015,-0.047247979,-0.025760199,0.998223068,0.008354354,0.000890343,0.006164087,0,0.07281560178529306,0.0002616663068291908,True,356.5
cylinder,axisymmetric,fpfh_ransac,medium,12,112.87250727418056,0.1319067837312209,False,1.147488389104233,0.0534788119594041,False,111.75,itodd_cylinder.ply,0.114891,0.001149,12443,10576,0.053300689,0.004392041,0.84603276,-0.530441623,-0.002343327,-0.007948075,0.012256151,-0.025588015,-0.047247979,-0.025760199,0.998223068,0.008354354,0.000890343,0.006164087,0,1.1474885029816162,0.05347883732531368,False,111.75
cylinder,axisymmetric,fgr,medium,12,2.1076295086002927,0.0026638662427047,False,0.1078760610111955,0.0002293347002223,True,2.0,itodd_cylinder.ply,0.114891,0.001149,12443,10576,-0.026441521,-0.046731316,-0.044114224,0.997582561,0.008372401,0.00058487,0.006169528,-0.025588015,-0.047247979,-0.025760199,0.998223068,0.008354354,0.000890343,0.006164087,0,0.10787609079651019,0.00022933182651577343,True,2.0
cylinder,axisymmetric,icp_pt2pt,medium,13,20.844102987234503,0.082817063919926,False,15.722487827210106,0.0788519392642919,False,28.5,itodd_cylinder.ply,0.114891,0.001149,12443,10576,-0.029673889,-0.054921882,-0.022549449,0.997794853,-0.001865043,0.003633334,-0.001035916,-0.062112639,-0.147641384,0.129039536,0.978617821,-0.006894836,0.003915073,-0.009107835,0,15.72248788986506,0.0788519731011928,False,28.5
cylinder,axisymmetric,icp_pt2pl,medium,13,26.130333809226027,0.0314022857090223,False,0.1415306091182847,0.0017312614381325,True,26.0,itodd_cylinder.ply,0.114891,0.001149,12443,10576,-0.093780497,-0.12976818,-0.095539477,0.982465086,-0.00446606,0.006582935,-0.009098663,-0.062112639,-0.147641384,0.129039536,0.978617821,-0.006894836,0.003915073,-0.009107835,0,0.1415306370331027,0.0017312644663523467,True,26.0
cylinder,axisymmetric,fpfh_ransac,medium,13,179.99778563143207,0.1676347493831561,False,179.7561564469231,0.2024367847206181,False,181.0,itodd_cylinder.ply,0.114891,0.001149,12443,10576,-0.487704751,0.858201407,0.13853022,0.08027328,-0.001797978,0.007774199,0.009059896,-0.062112639,-0.147641384,0.129039536,0.978617821,-0.006894836,0.003915073,-0.009107835,0,179.75615649376607,0.20243686629332336,False,181.0
cylinder,axisymmetric,fgr,medium,13,9.263127788758938,0.0112163580631323,False,0.0208455137716728,0.0006198015108309,True,9.25,itodd_cylinder.ply,0.114891,0.001149,12443,10576,-0.073740023,-0.142135581,0.049584606,0.985850522,-0.006176877,0.004985149,-0.009097097,-0.062112639,-0.147641384,0.129039536,0.978617821,-0.006894836,0.003915073,-0.009107835,0,0.02084551975122892,0.0006198067022121786,True,9.25
cylinder,axisymmetric,icp_pt2pt,medium,14,28.09182193790806,0.0240338729674638,False,17.59051131024342,0.0328258268930284,False,22.0,itodd_cylinder.ply,0.114891,0.001149,12443,10576,0.010341328,0.042746378,0.00213773,0.999030147,0.000789826,0.003554135,-1.0971e-05,-0.033514389,0.192304322,0.187044658,0.96276172,0.002744926,0.005288766,-0.000901639,0,17.590511384528288,0.03282584278692198,False,22.0
cylinder,axisymmetric,icp_pt2pl,medium,14,0.8983810179610269,0.0007672684803303,True,0.1021209249539948,8.987295333969512e-05,True,1.0,itodd_cylinder.ply,0.114891,0.001149,12443,10576,-0.032064684,0.192512674,0.179479919,0.96420832,0.002824179,0.005250686,-0.000907938,-0.033514389,0.192304322,0.187044658,0.96276172,0.002744926,0.005288766,-0.000901639,0,0.10212095631082233,8.987777842685664e-05,True,1.0
cylinder,axisymmetric,fpfh_ransac,medium,14,25.44939208524432,0.022653325879375,False,0.3079864280640469,0.0013925320892007,True,25.75,itodd_cylinder.ply,0.114891,0.001149,12443,10576,0.009584652,0.194916407,-0.029629708,0.980325359,0.004752413,0.00363231,-0.000905158,-0.033514389,0.192304322,0.187044658,0.96276172,0.002744926,0.005288766,-0.000901639,0,0.30798645497658417,0.0013925340838536497,True,25.75
cylinder,axisymmetric,fgr,medium,14,44.50424335241765,0.039054618037846,False,0.5079879982944799,0.002632326840482,True,315.0,itodd_cylinder.ply,0.114891,0.001149,12443,10576,-0.103866464,0.165212613,0.537691364,0.820246638,-0.001727221,0.005653819,-0.000907956,-0.033514389,0.192304322,0.187044658,0.96276172,0.002744926,0.005288766,-0.000901639,0,0.5079879941374206,0.0026323244668302417,True,315.0
cylinder,axisymmetric,icp_pt2pt,medium,15,19.338589389988535,0.1258433856138555,False,16.823848351642873,0.1258179190784227,False,3.0,itodd_cylinder.ply,0.114891,0.001149,12443,10576,0.005499235,0.016336629,0.005568506,0.999835919,-0.00010298,0.002137703,-0.000544837,0.031221513,0.097560735,0.150074917,0.983353771,-0.00451693,0.015893147,4.3895e-05,0,16.82384832630259,0.12581796666403117,False,3.0
cylinder,axisymmetric,icp_pt2pl,medium,15,6.234681505104652,0.0156436218934553,False,0.0227920310296665,0.0004456217555477,True,353.75,itodd_cylinder.ply,0.114891,0.001149,12443,10576,0.025878756,0.099103232,0.203329949,0.97373804,-0.006213617,0.015300618,6.6073e-05,0.031221513,0.097560735,0.150074917,0.983353771,-0.00451693,0.015893147,4.3895e-05,0,0.022792069695591777,0.00044562441295692347,True,353.75
cylinder,axisymmetric,fpfh_ransac,medium,15,64.73434624694079,0.3907129108387246,False,0.1361480274556717,0.3592386205324022,False,295.25,itodd_cylinder.ply,0.114891,0.001149,12443,10576,-0.02582398,0.099433309,0.653178551,0.750202586,-0.016233507,0.00265565,0.041305865,0.031221513,0.097560735,0.150074917,0.983353771,-0.00451693,0.015893147,4.3895e-05,0,0.13614806054845047,0.35923877182935315,False,295.25
cylinder,axisymmetric,fgr,medium,15,18.084004078955523,0.0452298508198064,False,0.1721449901821011,0.0009972378987228,True,18.25,itodd_cylinder.ply,0.114891,0.001149,12443,10576,0.046176532,0.091471839,-0.006332791,0.994716304,0.000640198,0.01653122,6.7463e-05,0.031221513,0.097560735,0.150074917,0.983353771,-0.00451693,0.015893147,4.3895e-05,0,0.17214501774380053,0.000997236640783137,True,18.25
cylinder,axisymmetric,icp_pt2pt,medium,16,19.109800107268946,0.1139773253695766,False,0.9396051099228796,0.1110901993781621,False,340.0,itodd_cylinder.ply,0.114891,0.001149,12443,10576,-0.072456659,-0.01439249,0.043971131,0.996297861,-0.00660833,0.005314584,0.000211667,-0.075721701,-0.001120215,-0.12190523,0.989648465,-0.004448177,0.007282002,0.012976515,0,0.9396050584799696,0.11109024003284196,False,340.0
cylinder,axisymmetric,icp_pt2pl,medium,16,21.1112274884072,0.0273482913699687,False,0.1528006939981522,0.0013247504900906,True,338.75,itodd_cylinder.ply,0.114891,0.001149,12443,10576,-0.074119539,-0.014965126,0.061450569,0.995241763,-0.006763299,0.005157688,0.012987966,-0.075721701,-0.001120215,-0.12190523,0.989648465,-0.004448177,0.007282002,0.012976515,0,0.15280071610448367,0.001324752344121929,True,338.75
cylinder,axisymmetric,fpfh_ransac,medium,16,179.9944810077093,0.2326826254716137,False,179.83554483513154,0.2640808411350683,False,183.75,itodd_cylinder.ply,0.114891,0.001149,12443,10576,-0.302314968,0.950204197,0.074519083,-0.012827729,0.00164722,0.008417166,-0.013027694,-0.075721701,-0.001120215,-0.12190523,0.989648465,-0.004448177,0.007282002,0.012976515,0,179.83554487207337,0.2640809525672645,False,183.75
cylinder,axisymmetric,fgr,medium,16,15.108336246378926,0.019641472473506,False,0.1496860596358068,0.0009345647040596,True,344.75,itodd_cylinder.ply,0.114891,0.001149,12443,10576,-0.074813815,-0.011063127,0.009254427,0.997093203,-0.006187774,0.005844609,0.01298552,-0.075721701,-0.001120215,-0.12190523,0.989648465,-0.004448177,0.007282002,0.012976515,0,0.1496860553066193,0.0009345688690414787,True,344.75
cylinder,axisymmetric,icp_pt2pt,medium,17,16.000544086378042,0.1514606134365632,False,16.063153345266716,0.1493471538398302,False,21.5,itodd_cylinder.ply,0.114891,0.001149,12443,10576,-0.029988703,0.014885364,-0.021184248,0.999214857,-0.00067549,0.003184194,-0.000608343,-0.133474999,0.029639424,0.070545839,0.988093727,-0.012926886,0.015422336,-0.002323655,0,16.06315342947179,0.14934721963114397,False,21.5
cylinder,axisymmetric,icp_pt2pl,medium,17,12.685064910466128,0.0387576952373146,False,0.0738939062402804,0.0008551163673956,True,12.75,itodd_cylinder.ply,0.114891,0.001149,12443,10576,-0.129433398,0.044186965,-0.039046879,0.989833243,-0.009224877,0.017896908,-0.00233088,-0.133474999,0.029639424,0.070545839,0.988093727,-0.012926886,0.015422336,-0.002323655,0,0.07389389553725018,0.00085511240678791,True,12.75
cylinder,axisymmetric,fpfh_ransac,medium,17,179.993541860417,0.3280636809454334,False,179.8035252775304,0.1532084698526465,False,176.25,itodd_cylinder.ply,0.114891,0.001149,12443,10576,0.960472684,0.242462388,0.069925941,0.117535427,-0.001210498,-0.020103329,0.002292471,-0.133474999,0.029639424,0.070545839,0.988093727,-0.012926886,0.015422336,-0.002323655,0,179.8035252892245,0.15320853580666208,False,176.25
cylinder,axisymmetric,fgr,medium,17,7.460272332591628,0.0228187103871675,False,0.0449621384071153,0.0005193210806655,True,7.5,itodd_cylinder.ply,0.114891,0.001149,12443,10576,-0.131298558,0.038244476,0.006110376,0.990586045,-0.010815376,0.016976245,-0.002328784,-0.133474999,0.029639424,0.070545839,0.988093727,-0.012926886,0.015422336,-0.002323655,0,0.04496209513706905,0.0005193202194437466,True,7.5
cylinder,axisymmetric,icp_pt2pt,medium,18,32.62722376678735,0.0306068759018658,False,29.70679739899728,0.021671787496888,False,346.25,itodd_cylinder.ply,0.114891,0.001149,12443,10576,0.036613441,0.034437849,-0.001900975,0.998734137,-0.005225798,-0.000295644,0.001318541,0.295195253,0.037456775,-0.107444571,0.948637137,-0.005137755,0.002671544,0.003203616,0,29.706797431323604,0.02167179638609648,False,346.25
cylinder,axisymmetric,icp_pt2pl,medium,18,27.268969853552115,0.023929486679689,False,0.2775631693855295,0.0016607714253358,True,333.0,itodd_cylinder.ply,0.114891,0.001149,12443,10576,0.278075411,0.105999291,0.119201045,0.9472219,-0.005772976,-3.35e-06,0.003203324,0.295195253,0.037456775,-0.107444571,0.948637137,-0.005137755,0.002671544,0.003203616,0,0.27756318891646825,0.0016607688427848475,True,333.0
cylinder,axisymmetric,fpfh_ransac,medium,18,1.2545441610573145,0.0011681946141985,True,0.0051621829174289,0.0001293132389557,True,1.25,itodd_cylinder.ply,0.114891,0.001149,12443,10576,0.295597839,0.034228573,-0.117824554,0.947400494,-0.005071138,0.002788056,0.003202672,0.295195253,0.037456775,-0.107444571,0.948637137,-0.005137755,0.002671544,0.003203616,0,0.005162178398845931,0.0001293186426359081,True,1.25
cylinder,axisymmetric,fgr,medium,18,51.87317233246372,0.0444424988576176,False,0.3929084387260801,0.0031082466661124,True,308.5,itodd_cylinder.ply,0.114891,0.001149,12443,10576,0.249093573,0.162817453,0.318282934,0.900077131,-0.005236951,-0.002433538,0.003202477,0.295195253,0.037456775,-0.107444571,0.948637137,-0.005137755,0.002671544,0.003203616,0,0.39290839422655344,0.003108246879511892,True,308.5
cylinder,axisymmetric,icp_pt2pt,medium,19,20.83056221467281,0.199245535161815,False,38.37907837231409,0.1926590228864308,False,48.0,itodd_cylinder.ply,0.114891,0.001149,12443,10576,-0.012614219,0.019861015,-0.01051895,0.999667831,0.000967499,-0.000493887,-0.001056082,0.10334592,-0.058769037,0.104258843,0.987418814,0.014520207,0.015555568,-0.010153399,0,38.379078396498315,0.19265910580615625,False,48.0
cylinder,axisymmetric,icp_pt2pl,medium,19,4.307472807401865,0.0308950800815432,False,0.2032180844922423,0.0276356657434461,False,355.5,itodd_cylinder.ply,0.114891,0.001149,12443,10576,0.105842339,-0.05512933,0.141293067,0.982748404,0.01332699,0.016614474,-0.006982533,0.10334592,-0.058769037,0.104258843,0.987418814,0.014520207,0.015555568,-0.010153399,0,0.203218078103903,0.027635684331909823,False,355.5
cylinder,axisymmetric,fpfh_ransac,medium,19,179.99818326135937,0.1889364681149501,False,179.8893749489084,0.3959676393661039,False,178.0,itodd_cylinder.ply,0.114891,0.001149,12443,10576,0.855230286,0.504444502,-0.10868939,-0.047994992,0.019132334,0.009330318,0.010124005,0.10334592,-0.058769037,0.104258843,0.987418814,0.014520207,0.015555568,-0.010153399,0,179.889374902929,0.3959678070595996,False,178.0
cylinder,axisymmetric,fgr,medium,19,17.05115199961198,0.0548038543029811,False,0.2049381288595656,0.0005920994106557,True,17.25,itodd_cylinder.ply,0.114891,0.001149,12443,10576,0.093447567,-0.073387731,-0.043281032,0.991972049,0.018440142,0.010628136,-0.010162466,0.10334592,-0.058769037,0.104258843,0.987418814,0.014520207,0.015555568,-0.010153399,0,0.20493812596430241,0.0005920951237824494,True,17.25
cylinder,axisymmetric,icp_pt2pt,hard,0,62.69041078051986,0.0753881758014695,False,53.73489444423743,0.0865370507963837,False,326.5,itodd_cylinder.ply,0.114891,0.001149,12443,7466,-0.028484003,0.02060723,0.006143217,0.999362929,-0.00402507,0.001787875,-0.000260992,-0.399651307,0.266873142,-0.254353436,0.839262705,-0.006818323,-0.000105685,0.007716004,0,53.73489445956808,0.08653708068917745,False,326.5
cylinder,axisymmetric,icp_pt2pl,hard,0,46.717749875452576,0.3348973292519352,False,55.0956250907634,0.3339550740705339,False,28.0,itodd_cylinder.ply,0.114891,0.001149,12443,7466,-0.068608444,0.068152939,-0.259095808,0.960998138,-0.004087434,0.002348713,-0.030585106,-0.399651307,0.266873142,-0.254353436,0.839262705,-0.006818323,-0.000105685,0.007716004,0,55.0956251028996,0.3339552153292989,False,28.0
cylinder,axisymmetric,fpfh_ransac,hard,0,93.16784777846682,0.0871038324601722,False,0.9293968989060868,0.004628822714521,True,267.75,itodd_cylinder.ply,0.114891,0.001149,12443,7466,-0.468947752,-0.106410996,0.434989118,0.76128127,0.000554598,-0.006872436,0.007702644,-0.399651307,0.266873142,-0.254353436,0.839262705,-0.006818323,-0.000105685,0.007716004,0,0.9293969025493372,0.0046288277860343655,True,267.75
cylinder,axisymmetric,fgr,hard,0,29.98161033946451,0.3483123154776637,False,65.17433654161592,0.3446408383194512,False,60.0,itodd_cylinder.ply,0.114891,0.001149,12443,7466,-0.186563904,0.149363862,-0.283311637,0.928772773,-0.002170614,0.004203366,-0.031796887,-0.399651307,0.266873142,-0.254353436,0.839262705,-0.006818323,-0.000105685,0.007716004,0,65.17433656114018,0.3446409808609558,False,60.0
cylinder,axisymmetric,icp_pt2pt,hard,1,156.5952252217168,0.067040001928315,False,155.2512941227256,0.0704163643889394,False,37.75,itodd_cylinder.ply,0.114891,0.001149,12443,7466,0.025403505,-0.030585764,-0.011411916,0.999144104,-0.002584199,-0.000585706,-0.002001206,-0.6662704,0.702118361,0.066738039,0.242197432,0.001131508,0.002828513,0.0038179,0,155.25129411730836,0.07041639436251482,False,37.75
cylinder,axisymmetric,icp_pt2pl,hard,1,179.96998704415924,0.0824736723731153,False,179.72859199802522,0.072180065900002,False,167.25,itodd_cylinder.ply,0.114891,0.001149,12443,7466,0.125132304,-0.217557825,0.030850103,0.967501303,-0.002756977,-0.001116309,-0.003869942,-0.6662704,0.702118361,0.066738039,0.242197432,0.001131508,0.002828513,0.0038179,0,179.72859197469415,0.07218009395694597,False,167.25
cylinder,axisymmetric,fpfh_ransac,hard,1,179.97783341235214,0.0850667709566883,False,179.72372932415047,0.0681557732505473,False,170.75,itodd_cylinder.ply,0.114891,0.001149,12443,7466,0.190219936,-0.16381153,0.349698887,0.902603372,-0.001432592,-0.002632051,-0.00387152,-0.6662704,0.702118361,0.066738039,0.242197432,0.001131508,0.002828513,0.0038179,0,179.72372928755357,0.06815579809052648,False,170.75
cylinder,axisymmetric,fgr,hard,1,179.98108203279202,0.3283067325551741,False,179.73418345873276,0.3262682351262413,False,171.75,itodd_cylinder.ply,0.114891,0.001149,12443,7466,0.107128241,-0.227061369,-0.047779922,0.966790439,-0.00290198,-0.000646086,-0.033524022,-0.6662704,0.702118361,0.066738039,0.242197432,0.001131508,0.002828513,0.0038179,0,179.73418339563938,0.326268367979255,False,171.75
cylinder,axisymmetric,icp_pt2pt,hard,2,73.95114168713988,0.2619570278865331,False,67.51774212626727,0.2609142531777775,False,32.25,itodd_cylinder.ply,0.114891,0.001149,12443,7466,0.038772095,0.062332167,0.044297786,0.996317787,0.001025921,0.000490525,-0.002454279,0.553033841,0.196242627,0.292499577,0.755040661,0.017150643,0.020483795,0.013232113,0,67.517742210676,0.2609143663442655,False,32.25
cylinder,axisymmetric,icp_pt2pl,hard,2,103.23427825690204,0.3575359494493456,False,75.11070362558087,0.3754311352809089,False,174.0,itodd_cylinder.ply,0.114891,0.001149,12443,7466,0.359449791,-0.231291877,-0.440107031,0.7896871,-0.008208722,0.008845611,-0.016914713,0.553033841,0.196242627,0.292499577,0.755040661,0.017150643,0.020483795,0.013232113,0,75.11070360222044,0.37543129554421817,False,174.0
cylinder,axisymmetric,fpfh_ransac,hard,2,45.80602655019014,0.1807110523747925,False,0.4573357266154992,0.0015924544651113,True,46.25,itodd_cylinder.ply,0.114891,0.001149,12443,7466,0.585703596,-0.034562109,-0.024319871,0.809422821,0.026640089,0.002017219,0.013225173,0.553033841,0.196242627,0.292499577,0.755040661,0.017150643,0.020483795,0.013232113,0,0.45733570777905314,0.00159244893830785,True,46.25
cylinder,axisymmetric,fgr,hard,2,107.386424287588,0.3971374415688459,False,56.4542627867466,0.0872630229438794,False,95.5,itodd_cylinder.ply,0.114891,0.001149,12443,7466,0.114082537,-0.074795481,-0.436632864,0.889237062,0.011285264,-0.024720837,0.015234794,0.553033841,0.196242627,0.292499577,0.755040661,0.017150643,0.020483795,0.013232113,0,56.45426279682683,0.08726306093032853,False,95.5
cylinder,axisymmetric,icp_pt2pt,hard,3,106.57062227778728,0.0373683958321389,False,106.50662257787847,0.0361929775312589,False,4.5,itodd_cylinder.ply,0.114891,0.001149,12443,7466,-0.001941044,0.010345576,0.020275674,0.999739015,0.000599558,-0.003031016,-0.000255761,-0.354424944,0.711700729,-0.039333321,-0.605242035,0.002782726,-0.002088991,0.003318976,0,106.50662263858403,0.03619299607519617,False,4.5
cylinder,axisymmetric,icp_pt2pl,hard,3,107.18190195075296,0.3073515167603708,False,91.312821700745,0.3078019463318732,False,296.25,itodd_cylinder.ply,0.114891,0.001149,12443,7466,0.103960306,-0.061355113,0.573318168,0.810391315,0.003233732,-0.00086648,-0.031968912,-0.354424944,0.711700729,-0.039333321,-0.605242035,0.002782726,-0.002088991,0.003318976,0,91.31282172332824,0.3078020782941918,False,296.25
cylinder,axisymmetric,fpfh_ransac,hard,3,17.723557865718874,0.0093442806755883,False,0.0852168822717314,0.0013783782749008,True,342.25,itodd_cylinder.ply,0.114891,0.001149,12443,7466,-0.460023303,0.648671891,-0.131904623,-0.591780795,0.003287257,-0.001142577,0.003270913,-0.354424944,0.711700729,-0.039333321,-0.605242035,0.002782726,-0.002088991,0.003318976,0,0.0852168103084296,0.0013783793056603266,True,342.25
cylinder,axisymmetric,fgr,hard,3,109.1818713872008,0.2711024370945805,False,91.43030688356706,0.2673113285898453,False,67.75,itodd_cylinder.ply,0.114891,0.001149,12443,7466,-0.029063092,-0.118975661,-0.484904819,0.86594887,-0.005592465,0.012132992,0.029733785,-0.354424944,0.711700729,-0.039333321,-0.605242035,0.002782726,-0.002088991,0.003318976,0,91.43030694224393,0.2673114425066281,False,67.75
cylinder,axisymmetric,icp_pt2pt,hard,4,48.4827721990264,0.1684708512858894,False,34.31472616136007,0.1717744491143778,False,22.75,itodd_cylinder.ply,0.114891,0.001149,12443,7466,0.021836854,-0.013177016,0.01465859,0.999567228,0.001627001,-0.001428799,0.000375972,0.240294813,-0.159640219,0.32655362,0.900075628,0.008857017,-0.019349509,-0.000729349,0,34.314726170806644,0.17177452206857743,False,22.75
cylinder,axisymmetric,icp_pt2pl,hard,4,80.3357267316425,0.1586482391556149,False,30.113344893610066,0.1510523747684116,False,62.0,itodd_cylinder.ply,0.114891,0.001149,12443,7466,-0.067914178,-0.114734711,-0.283542795,0.949645773,-0.001064504,-0.004876554,0.004203204,0.240294813,-0.159640219,0.32655362,0.900075628,0.008857017,-0.019349509,-0.000729349,0,30.113344862137833,0.15105243634263213,False,62.0
cylinder,axisymmetric,fpfh_ransac,hard,4,179.96707744646358,0.3363443515223781,False,179.9063243632025,0.0360919130274048,False,138.75,itodd_cylinder.ply,0.114891,0.001149,12443,7466,0.83587596,0.466950585,-0.286289752,-0.036148413,-0.020345962,0.005918049,0.000689985,0.240294813,-0.159640219,0.32655362,0.900075628,0.008857017,-0.019349509,-0.000729349,0,179.90632436114822,0.03609192781967434,False,138.75
cylinder,axisymmetric,fgr,hard,4,42.65866380014025,0.1347077451260007,False,0.6650097009938256,0.0040334617884716,True,42.0,itodd_cylinder.ply,0.114891,0.001149,12443,7466,0.16562144,-0.236459665,-0.023097176,0.957143085,-0.006593031,-0.020175494,-0.000351924,0.240294813,-0.159640219,0.32655362,0.900075628,0.008857017,-0.019349509,-0.000729349,0,0.6650097646347957,0.004033459413065567,True,42.0
cylinder,axisymmetric,icp_pt2pt,hard,5,99.89400093606966,0.0587629242379854,False,99.80828764394263,0.0583539888795318,False,4.75,itodd_cylinder.ply,0.114891,0.001149,12443,7466,-5.6568e-05,-0.005311434,0.010729169,0.999928333,-0.000124469,0.001026127,5.5766e-05,-0.463924452,0.604801074,0.034870486,0.646354247,-0.003860978,-0.001657314,-0.004885707,0,99.80828763881682,0.058354013658228725,False,4.75
cylinder,axisymmetric,icp_pt2pl,hard,5,104.9542525867048,0.281343666955471,False,89.42950957126662,0.2799405155873322,False,62.0,itodd_cylinder.ply,0.114891,0.001149,12443,7466,0.055525364,0.097168032,-0.393494109,0.912489832,0.001114428,0.001377204,0.026908468,-0.463924452,0.604801074,0.034870486,0.646354247,-0.003860978,-0.001657314,-0.004885707,0,89.42950962594341,0.27994063815392667,False,62.0
cylinder,axisymmetric,fpfh_ransac,hard,5,146.45395204719006,0.0710980528356712,False,1.2378395767631871,0.0068762069480265,True,214.75,itodd_cylinder.ply,0.114891,0.001149,12443,7466,0.712834184,0.269670887,-0.629018798,-0.153233127,0.004258401,-0.000762576,-0.004884734,-0.463924452,0.604801074,0.034870486,0.646354247,-0.003860978,-0.001657314,-0.004885707,0,1.2378395548283432,0.00687621453782269,True,214.75
cylinder,axisymmetric,fgr,hard,5,114.15283847235848,0.343946177101596,False,114.1458597248192,0.3441993286452526,False,358.5,itodd_cylinder.ply,0.114891,0.001149,12443,7466,0.082677577,-0.098991501,0.074199743,0.988867787,0.020909557,0.020770146,-0.02598003,-0.463924452,0.604801074,0.034870486,0.646354247,-0.003860978,-0.001657314,-0.004885707,0,114.14585979620459,0.3441994679810124,False,358.5
cylinder,axisymmetric,icp_pt2pt,hard,6,31.99262733145727,0.0568168017893605,False,30.746126353349755,0.0629347499040943,False,351.0,itodd_cylinder.ply,0.114891,0.001149,12443,7466,0.015455617,0.04555152,0.02256605,0.998587481,0.004421594,-0.005826076,0.000243367,-0.136992762,0.256877325,-0.064603217,0.954501675,0.007684149,-0.004321598,0.005693476,0,30.746126280611143,0.0629347710019413,False,351.0
cylinder,axisymmetric,icp_pt2pl,hard,6,0.6330776259345016,0.0007163578908118,True,0.1199182517448329,0.0003443875610577,True,0.75,itodd_cylinder.ply,0.114891,0.001149,12443,7466,-0.135726455,0.257743743,-0.069893433,0.954076203,0.007649416,-0.004394177,0.005710787,-0.136992762,0.256877325,-0.064603217,0.954501675,0.007684149,-0.004321598,0.005693476,0,0.1199182095778731,0.00034439279858774954,True,0.75
cylinder,axisymmetric,fpfh_ransac,hard,6,28.25811763439512,0.3735620134132862,False,0.4945755812805513,0.3717036042530292,False,331.25,itodd_cylinder.ply,0.114891,0.001149,12443,7466,-0.195893571,0.215516074,0.1702395,0.941380392,0.008821247,-0.000175158,0.048396505,-0.136992762,0.256877325,-0.064603217,0.954501675,0.007684149,-0.004321598,0.005693476,0,0.4945756125633715,0.3717037580763944,False,331.25
cylinder,axisymmetric,fgr,hard,6,24.07066932494342,0.3285592041786569,False,0.1819894069279994,0.327014266927426,False,335.75,itodd_cylinder.ply,0.114891,0.001149,12443,7466,-0.187792744,0.222701352,0.135785993,0.946942531,0.008797305,-0.000821086,0.043262844,-0.136992762,0.256877325,-0.064603217,0.954501675,0.007684149,-0.004321598,0.005693476,0,0.18198939214826965,0.3270144043476925,False,335.75
cylinder,axisymmetric,icp_pt2pt,hard,7,89.97988868135732,0.221522618644183,False,89.84808811258932,0.2288977945191611,False,5.5,itodd_cylinder.ply,0.114891,0.001149,12443,7466,0.061794657,-0.058481111,0.023765605,0.996090647,-0.005386335,-0.008506354,-4.0086e-05,-0.001218623,0.741378981,-0.096576634,-0.664099899,-0.030784823,-0.010076316,0.000411217,0,89.84808813249137,0.22889788840291683,False,5.5
cylinder,axisymmetric,icp_pt2pl,hard,7,98.22227606307123,0.1890912673747045,False,89.82808461664857,0.227118561314363,False,44.75,itodd_cylinder.ply,0.114891,0.001149,12443,7466,0.032645316,-0.072749187,-0.305519343,0.948841278,-0.010202711,-0.003129972,0.000101383,-0.001218623,0.741378981,-0.096576634,-0.664099899,-0.030784823,-0.010076316,0.000411217,0,89.82808459044615,0.22711865862710898,False,44.75
cylinder,axisymmetric,fpfh_ransac,hard,7,98.14213379189484,0.4587613235875996,False,89.66459163191047,0.4351537163615226,False,315.0,itodd_cylinder.ply,0.114891,0.001149,12443,7466,0.39223477,-0.052116893,0.103254814,0.912564605,-0.026888305,-0.03053567,0.048829394,-0.001218623,0.741378981,-0.096576634,-0.664099899,-0.030784823,-0.010076316,0.000411217,0,89.66459168451837,0.43515390016292915,False,315.0
cylinder,axisymmetric,fgr,hard,7,91.1476778292392,0.1102380397106709,False,89.87381549580847,0.1040793662322308,False,17.25,itodd_cylinder.ply,0.114891,0.001149,12443,7466,-0.005732818,-0.0506911,-0.008256272,0.998663798,-0.020706408,-0.002424575,0.000947735,-0.001218623,0.741378981,-0.096576634,-0.664099899,-0.030784823,-0.010076316,0.000411217,0,89.87381544424721,0.10407941089980635,False,17.25
cylinder,axisymmetric,icp_pt2pt,hard,8,101.43966826557757,0.2733161883694379,False,97.57047039489736,0.2671425703629319,False,32.25,itodd_cylinder.ply,0.114891,0.001149,12443,7466,-0.00489139,0.009006012,-0.021143123,0.999723929,0.001342077,0.001505216,0.000251563,-0.349059643,0.658579372,-0.170325565,-0.644530665,-0.025428901,0.006506398,0.015883656,0,97.57047037533872,0.26714267774415473,False,32.25
cylinder,axisymmetric,icp_pt2pl,hard,8,94.22802855021536,0.3461165306551981,False,92.7546257284734,0.3419969569842942,False,19.0,itodd_cylinder.ply,0.114891,0.001149,12443,7466,0.047646225,-0.019557214,0.047450621,0.997544882,-0.000961143,0.003220498,-0.015290722,-0.349059643,0.658579372,-0.170325565,-0.644530665,-0.025428901,0.006506398,0.015883656,0,92.75462575458249,0.34199709851850746,False,19.0
cylinder,axisymmetric,fpfh_ransac,hard,8,179.99026458299787,0.3161050318718753,False,179.77230666846714,0.5227551432366702,False,175.0,itodd_cylinder.ply,0.114891,0.001149,12443,7466,-0.657375829,0.111287025,0.687434682,0.287933629,-0.023819332,-0.010977426,-0.01590779,-0.349059643,0.658579372,-0.170325565,-0.644530665,-0.025428901,0.006506398,0.015883656,0,179.77230664554372,0.5227553588695362,False,175.0
cylinder,axisymmetric,fgr,hard,8,96.94348510658388,0.4993857999928576,False,90.27312225093208,0.4154340989688262,False,40.0,itodd_cylinder.ply,0.114891,0.001149,12443,7466,-0.122690351,-0.091007443,0.059005896,0.986500394,0.011147039,0.02676429,-0.023406345,-0.349059643,0.658579372,-0.170325565,-0.644530665,-0.025428901,0.006506398,0.015883656,0,90.2731221764932,0.4154342701730684,False,40.0
cylinder,axisymmetric,icp_pt2pt,hard,9,40.478858763320126,0.0954445908361143,False,31.352489680703425,0.0932566926071352,False,334.0,itodd_cylinder.ply,0.114891,0.001149,12443,7466,0.038980152,0.023119436,-0.010492946,0.998917383,-0.00099003,0.000294525,0.000446281,0.212177539,0.222575632,-0.229607208,0.923429104,-0.00521957,0.005996033,-0.007911411,0,31.352489751750145,0.09325673219796825,False,334.0
cylinder,axisymmetric,icp_pt2pl,hard,9,5.62896466482739,0.006718141175078,False,0.1330602320983371,0.0002864919070894,True,5.75,itodd_cylinder.ply,0.114891,0.001149,12443,7466,0.22253377,0.212014152,-0.274780359,0.91105679,-0.004633184,0.006497824,-0.00790065,0.212177539,0.222575632,-0.229607208,0.923429104,-0.00521957,0.005996033,-0.007911411,0,0.13306021892875217,0.00028649169412736934,True,5.75
cylinder,axisymmetric,fpfh_ransac,hard,9,179.9858429235147,0.1951915686112928,False,179.9176182191244,0.1435990292975011,False,160.25,itodd_cylinder.ply,0.114891,0.001149,12443,7466,0.604376877,0.735020771,0.05244957,-0.302856566,0.004269542,-0.006807963,0.007866083,0.212177539,0.222575632,-0.229607208,0.923429104,-0.00521957,0.005996033,-0.007911411,0,179.91761821380663,0.1435990815670032,False,160.25
cylinder,axisymmetric,fgr,hard,9,5.807005576002523,0.0069344753706946,False,0.0790648363448714,0.0001875815419317,True,5.75,itodd_cylinder.ply,0.114891,0.001149,12443,7466,0.222863245,0.211667429,-0.27619537,0.910628899,-0.004612984,0.006512445,-0.007900573,0.212177539,0.222575632,-0.229607208,0.923429104,-0.00521957,0.005996033,-0.007911411,0,0.07906481440271693,0.00018758429644115976,True,5.75
cylinder,axisymmetric,icp_pt2pt,hard,10,21.382085065720428,0.408090712751541,False,57.70908810433013,0.4070957567342676,False,64.75,itodd_cylinder.ply,0.114891,0.001149,12443,7466,0.000747087,0.000725816,0.002457802,0.999996437,0.000240092,1.7742e-05,5.4294e-05,0.124154293,-0.107558194,0.08878517,0.982412408,0.019475197,-0.018699512,0.038498661,0,57.709088101432805,0.4070959298542579,False,64.75
cylinder,axisymmetric,icp_pt2pl,hard,10,18.8498155080734,0.4063162322791906,False,23.451142773395816,0.4062935660918959,False,10.5,itodd_cylinder.ply,0.114891,0.001149,12443,7466,-0.001356118,-0.00889035,0.126455395,0.991931528,0.000511831,0.000117799,0.000216579,0.124154293,-0.107558194,0.08878517,0.982412408,0.019475197,-0.018699512,0.038498661,0,23.45114282758684,0.40629373525497514,False,10.5
cylinder,axisymmetric,fpfh_ransac,hard,10,62.40182545459295,0.2428668370377402,False,0.1980049244510334,0.0039679445197168,True,297.5,itodd_cylinder.ply,0.114891,0.001149,12443,7466,0.162115132,-0.027793053,0.584861149,0.794281856,0.025624265,0.008517738,0.038515591,0.124154293,-0.107558194,0.08878517,0.982412408,0.019475197,-0.018699512,0.038498661,0,0.19800486036928347,0.003967949603766911,True,297.5
cylinder,axisymmetric,fgr,hard,10,14.78183339296351,0.0604892440436798,False,0.0417066471805155,0.0006781551881791,True,14.75,itodd_cylinder.ply,0.114891,0.001149,12443,7466,0.109327133,-0.122884468,-0.038304277,0.985636732,0.014029757,-0.023017485,0.038514171,0.124154293,-0.107558194,0.08878517,0.982412408,0.019475197,-0.018699512,0.038498661,0,0.04170663232460573,0.0006781538091050424,True,14.75
cylinder,axisymmetric,icp_pt2pt,hard,11,84.611053490905,0.0669890068928682,False,6.946389310489886,0.0057725833700465,False,84.5,itodd_cylinder.ply,0.114891,0.001149,12443,7466,-0.046465493,-0.077587234,0.038265588,0.995166782,-0.000642061,-0.005196926,-0.002366586,0.038961003,-0.143587941,0.691176234,0.707205739,0.005535473,-0.000611213,-0.002577432,0,6.946389241693352,0.005772580899498601,False,84.5
cylinder,axisymmetric,icp_pt2pl,hard,11,87.1997123789386,0.0658163984241538,False,0.9684360886061448,0.0050210594387106,True,86.25,itodd_cylinder.ply,0.114891,0.001149,12443,7466,-0.07071265,-0.130853955,0.012817437,0.988793546,-0.000265309,-0.005462008,-0.002593333,0.038961003,-0.143587941,0.691176234,0.707205739,0.005535473,-0.000611213,-0.002577432,0,0.9684360715878296,0.005021058307946266,True,86.25
cylinder,axisymmetric,fpfh_ransac,hard,11,45.34727855987868,0.0370260920471805,False,0.4139507197382288,0.0029467680602432,True,314.25,itodd_cylinder.ply,0.114891,0.001149,12443,7466,0.091341572,-0.117338764,0.910378172,0.386134583,0.004325271,0.003466964,-0.002588134,0.038961003,-0.143587941,0.691176234,0.707205739,0.005535473,-0.000611213,-0.002577432,0,0.41395073141491606,0.0029467659737290033,True,314.25
cylinder,axisymmetric,fgr,hard,11,90.7636123644362,0.1282970874739564,False,1.5268116878914857,0.1088774095778045,False,89.25,itodd_cylinder.ply,0.114891,0.001149,12443,7466,-0.07505022,-0.12864955,-0.017900605,0.988684139,-0.000600484,-0.005438215,-0.01508036,0.038961003,-0.143587941,0.691176234,0.707205739,0.005535473,-0.000611213,-0.002577432,0,1.526811607655486,0.10887745625075626,False,89.25
cylinder,axisymmetric,icp_pt2pt,hard,12,114.27212467331512,0.0499829649711477,False,69.38690366504495,0.0288845887173597,False,262.5,itodd_cylinder.ply,0.114891,0.001149,12443,7466,0.005561494,0.007928714,-0.01204889,0.999880508,0.003414242,0.000793338,2.439e-06,-0.417202973,0.396703416,0.61738884,-0.536096165,0.001207531,-0.003484413,0.00313432,0,69.38690372944608,0.028884604450751902,False,262.5
cylinder,axisymmetric,icp_pt2pl,hard,12,109.6384058395499,0.2621391024572772,False,64.90112499780552,0.2561907130533347,False,266.0,itodd_cylinder.ply,0.114891,0.001149,12443,7466,0.049932247,-0.040735644,-0.006798101,0.997898374,0.003194009,0.002789531,-0.02625533,-0.417202973,0.396703416,0.61738884,-0.536096165,0.001207531,-0.003484413,0.00313432,0,64.90112503407606,0.2561908243102295,False,266.0
cylinder,axisymmetric,fpfh_ransac,hard,12,97.61377847166416,0.2857361006852241,False,0.9155054970398137,0.2817399551850854,False,261.5,itodd_cylinder.ply,0.114891,0.001149,12443,7466,0.573449673,0.052579469,-0.003125053,0.817545782,0.003369159,0.001585822,0.035496826,-0.417202973,0.396703416,0.61738884,-0.536096165,0.001207531,-0.003484413,0.00313432,0,0.9155055095232361,0.28174007090647746,False,261.5
cylinder,axisymmetric,fgr,hard,12,112.39826874602758,0.2890035008895367,False,58.09473704860434,0.2545743575469996,False,259.0,itodd_cylinder.ply,0.114891,0.001149,12443,7466,0.108694914,-0.018641754,0.046451811,0.992814247,-0.001823257,0.024298723,-0.014793638,-0.417202973,0.396703416,0.61738884,-0.536096165,0.001207531,-0.003484413,0.00313432,0,58.09473704155031,0.2545744684436938,False,259.0
cylinder,axisymmetric,icp_pt2pt,hard,13,147.563557905203,0.4890794241326433,False,102.6177092834696,0.4956870219731457,False,127.0,itodd_cylinder.ply,0.114891,0.001149,12443,7466,0.0,0.0,0.0,1.0,0.0,0.0,0.0,0.6127705,-0.485632717,-0.557374788,-0.279296482,-0.037897573,-0.039817655,-0.011650738,0,102.61770924906799,0.495687231576834,False,127.0
cylinder,axisymmetric,icp_pt2pl,hard,13,147.563557905203,0.4890794241326433,False,102.6177092834696,0.4956870219731457,False,127.0,itodd_cylinder.ply,0.114891,0.001149,12443,7466,0.0,0.0,0.0,1.0,0.0,0.0,0.0,0.6127705,-0.485632717,-0.557374788,-0.279296482,-0.037897573,-0.039817655,-0.011650738,0,102.61770924906799,0.495687231576834,False,127.0
cylinder,axisymmetric,fpfh_ransac,hard,13,133.2109239790808,0.7089499759711075,False,90.75886014795095,0.1490563196924265,False,111.25,itodd_cylinder.ply,0.114891,0.001149,12443,7466,-0.303678995,0.830091006,-0.433133303,0.176418627,-0.028855404,0.040189082,0.000661467,0.6127705,-0.485632717,-0.557374788,-0.279296482,-0.037897573,-0.039817655,-0.011650738,0,90.75886016498374,0.14905639049338046,False,111.25
cylinder,axisymmetric,fgr,hard,13,147.2655533507364,0.8606131918941614,False,114.04398861672333,0.1916223386503025,False,117.75,itodd_cylinder.ply,0.114891,0.001149,12443,7466,-0.040966358,-0.094315474,0.044777768,0.993690747,0.001644704,0.050165962,-0.000881842,0.6127705,-0.485632717,-0.557374788,-0.279296482,-0.037897573,-0.039817655,-0.011650738,0,114.04398859187631,0.19162241841143085,False,117.75
cylinder,axisymmetric,icp_pt2pt,hard,14,128.0334169504196,0.4155333875474506,False,73.90072737653394,0.3697659761365994,False,277.0,itodd_cylinder.ply,0.114891,0.001149,12443,7466,0.027198044,0.128024159,-0.107992412,0.985498716,-0.006718488,-0.005132948,-0.004211373,-0.184408663,-0.575701525,0.744596961,-0.283084026,-0.044522058,0.0233832,0.001865535,0,73.90072730776893,0.369766128258137,False,277.0
cylinder,axisymmetric,icp_pt2pl,hard,14,146.82477092668037,1.1175629685553885,False,77.37445434776602,1.1068337026179906,False,232.5,itodd_cylinder.ply,0.114891,0.001149,12443,7466,0.024208112,-0.003338994,8.0855e-05,0.999701361,0.000955238,-0.001699171,-0.115559896,-0.184408663,-0.575701525,0.744596961,-0.283084026,-0.044522058,0.0233832,0.001865535,0,77.37445433919389,1.1068341750603659,False,232.5
cylinder,axisymmetric,fpfh_ransac,hard,14,105.46866040711971,0.7355985428037553,False,0.5661953866470433,0.2326104861190085,False,106.0,itodd_cylinder.ply,0.114891,0.001149,12443,7466,-0.570191815,-0.201761417,0.67602105,0.420914677,0.034480032,0.036761427,0.02874036,-0.184408663,-0.575701525,0.744596961,-0.283084026,-0.044522058,0.0233832,0.001865535,0,0.566195348864607,0.23261057798786075,False,106.0
cylinder,axisymmetric,fgr,hard,14,134.4606349468421,0.8594837296501961,False,67.69723467851047,0.3687939320688334,False,242.5,itodd_cylinder.ply,0.114891,0.001149,12443,7466,-0.058651505,0.028932064,-0.136113439,0.98853228,0.000646864,-0.053713596,-0.040168021,-0.184408663,-0.575701525,0.744596961,-0.283084026,-0.044522058,0.0233832,0.001865535,0,67.69723463900706,0.36879408815013515,False,242.5
cylinder,axisymmetric,icp_pt2pt,hard,15,109.3130012348542,0.3262651840450703,False,109.29546464500906,0.3262901017345193,False,2.5,itodd_cylinder.ply,0.114891,0.001149,12443,7466,0.063282949,0.061474507,-0.031363796,0.995606582,0.000366528,-0.002074528,-0.002602032,-0.380011184,0.699445343,-0.062615238,-0.602035751,0.00016697,-0.035516525,0.014330612,0,109.295464721596,0.32629024085415387,False,2.5
cylinder,axisymmetric,icp_pt2pl,hard,15,113.31277621928868,0.4074535232153584,False,112.58766300617012,0.4108193430065456,False,15.75,itodd_cylinder.ply,0.114891,0.001149,12443,7466,0.055545537,0.07961844,-0.14153904,0.985161052,0.00196889,-0.001732369,-0.018023965,-0.380011184,0.699445343,-0.062615238,-0.602035751,0.00016697,-0.035516525,0.014330612,0,112.58766307893947,0.41081951938550126,False,15.75
cylinder,axisymmetric,fpfh_ransac,hard,15,179.98177479996107,0.6017108663776288,False,179.82771935537656,0.34143277289695,False,167.75,itodd_cylinder.ply,0.114891,0.001149,12443,7466,-0.561448286,-0.225910599,0.796028574,0.008873141,-0.029204146,0.020111724,-0.014339185,-0.380011184,0.699445343,-0.062615238,-0.602035751,0.00016697,-0.035516525,0.014330612,0,179.8277194421409,0.341432919690042,False,167.75
cylinder,axisymmetric,fgr,hard,15,135.06480715609936,0.3712134644637967,False,134.65314684097447,0.4194239574023397,False,15.0,itodd_cylinder.ply,0.114891,0.001149,12443,7466,-0.265482267,0.127491899,0.236788383,0.925848931,0.026920912,-0.003560759,0.005275135,-0.380011184,0.699445343,-0.062615238,-0.602035751,0.00016697,-0.035516525,0.014330612,0,134.65314687775285,0.4194241323230796,False,15.0
cylinder,axisymmetric,icp_pt2pt,hard,16,76.15308708882347,0.2532208561548147,False,70.94326474438813,0.2543878160643021,False,330.25,itodd_cylinder.ply,0.114891,0.001149,12443,7466,-0.001273397,-0.031027158,0.009987253,0.999467833,-0.000194455,-4.3433e-05,-0.000357519,-0.475641885,-0.366231036,-0.187420911,0.777504359,-0.003551264,-0.01319941,-0.026087728,0,70.94326480152489,0.25438792026821955,False,330.25
cylinder,axisymmetric,icp_pt2pl,hard,16,75.04913854408937,0.3020033253620346,False,57.88774598085536,0.2893866310961735,False,251.25,itodd_cylinder.ply,0.114891,0.001149,12443,7466,0.061047925,-0.442051587,0.142419691,0.883504486,-0.000746489,0.005239076,0.003170954,-0.475641885,-0.366231036,-0.187420911,0.777504359,-0.003551264,-0.01319941,-0.026087728,0,57.88774594387405,0.2893867496334342,False,251.25
cylinder,axisymmetric,fpfh_ransac,hard,16,179.97692340895887,0.8405821839962176,False,179.69165227764412,0.8119705228107251,False,188.5,itodd_cylinder.ply,0.114891,0.001149,12443,7466,0.782418508,0.165619228,-0.379910115,0.46482239,-0.002724923,0.013394179,0.066750303,-0.475641885,-0.366231036,-0.187420911,0.777504359,-0.003551264,-0.01319941,-0.026087728,0,179.69165226532533,0.8119708671858732,False,188.5
cylinder,axisymmetric,fgr,hard,16,71.3497809652264,0.4074366663679896,False,77.63148432692967,0.3882343414980152,False,11.75,itodd_cylinder.ply,0.114891,0.001149,12443,7466,0.03644239,-0.178373079,0.000871501,0.983287464,-0.028393441,0.022412212,-0.008596816,-0.475641885,-0.366231036,-0.187420911,0.777504359,-0.003551264,-0.01319941,-0.026087728,0,77.63148431596484,0.3882345029652922,False,11.75
cylinder,axisymmetric,icp_pt2pt,hard,17,12.295847010196743,0.1172244596259963,False,21.71260991251069,0.1134770403298245,False,26.25,itodd_cylinder.ply,0.114891,0.001149,12443,7466,-0.011010567,0.029915806,-0.014675204,0.999384035,0.004629877,-0.000881957,-0.001623347,0.012863122,-0.055061369,0.046212222,0.997330044,0.012566954,0.002552927,-0.011947712,0,21.712609993898575,0.11347708735265974,False,26.25
cylinder,axisymmetric,icp_pt2pl,hard,17,4.070409426404381,0.0080205229320072,False,0.0909878108846102,0.000518442200963,True,4.0,itodd_cylinder.ply,0.114891,0.001149,12443,7466,0.010579166,-0.055211138,0.010781871,0.998360437,0.012717995,0.00164391,-0.01195109,0.012863122,-0.055061369,0.046212222,0.997330044,0.012566954,0.002552927,-0.011947712,0,0.09098769794938413,0.0005184403429929152,True,4.0
cylinder,axisymmetric,fpfh_ransac,hard,17,179.95280166794572,0.5594069972202403,False,179.71854259054308,0.5854792477299764,False,160.75,itodd_cylinder.ply,0.114891,0.001149,12443,7466,0.978263702,-0.199526457,-0.052509356,-0.020786768,0.011227024,-0.006205658,0.051709454,0.012863122,-0.055061369,0.046212222,0.997330044,0.012566954,0.002552927,-0.011947712,0,179.71854258759973,0.5854794960467151,False,160.75
cylinder,axisymmetric,fgr,hard,17,16.523912220852658,0.1062781375197363,False,0.4820875880501151,0.1013831614510508,False,17.0,itodd_cylinder.ply,0.114891,0.001149,12443,7466,0.004593732,-0.056133822,-0.097572194,0.993633513,0.0127782,-0.001119535,-0.02359084,0.012863122,-0.055061369,0.046212222,0.997330044,0.012566954,0.002552927,-0.011947712,0,0.48208762568188507,0.10138320526899416,False,17.0
cylinder,axisymmetric,icp_pt2pt,hard,18,134.68839422858525,0.4163780883557406,False,132.68368769629603,0.4154602028472461,False,32.5,itodd_cylinder.ply,0.114891,0.001149,12443,7466,-0.002134544,0.000880814,0.000567274,0.999997173,-7.4982e-05,-3.9842e-05,-6.539e-05,0.840316722,-0.367365401,-0.110497309,-0.383015422,-0.010117091,-0.04567066,0.010204459,0,132.68368772956242,0.41546038377307837,False,32.5
cylinder,axisymmetric,icp_pt2pl,hard,18,134.1468522880301,0.583283708508481,False,132.6449412914147,0.5823763548617237,False,28.25,itodd_cylinder.ply,0.114891,0.001149,12443,7466,-6.4645e-05,0.004287753,0.048515065,0.998813246,-0.000276028,8.3022e-05,0.058169453,0.840316722,-0.367365401,-0.110497309,-0.383015422,-0.010117091,-0.04567066,0.010204459,0,132.64494129163367,0.5823766079058866,False,28.25
cylinder,axisymmetric,fpfh_ransac,hard,18,4.731042557079918,0.0334986396683537,False,0.0548422129690217,0.0008149413955582,True,355.25,itodd_cylinder.ply,0.114891,0.001149,12443,7466,0.854651999,-0.332286846,-0.126227125,-0.378446993,-0.006329584,-0.046351733,0.01014637,0.840316722,-0.367365401,-0.110497309,-0.383015422,-0.010117091,-0.04567066,0.010204459,0,0.05484226719788918,0.0008149439139392657,True,355.25
cylinder,axisymmetric,fgr,hard,18,179.96575071769868,0.803812596035242,False,179.71127215996128,0.3601713343494485,False,166.25,itodd_cylinder.ply,0.114891,0.001149,12443,7466,0.284087207,-0.279262314,-0.07665388,0.914019257,0.032736795,0.033538947,-0.01024221,0.840316722,-0.367365401,-0.110497309,-0.383015422,-0.010117091,-0.04567066,0.010204459,0,179.71127215434268,0.36017148798161125,False,166.25
cylinder,axisymmetric,icp_pt2pt,hard,19,89.18590115872382,0.0934591818478025,False,39.37863150700465,0.0808822013102436,False,81.75,itodd_cylinder.ply,0.114891,0.001149,12443,7466,0.013176134,0.028030302,0.007657922,0.999490894,0.000359306,-0.003143004,0.000218275,-0.324844458,0.14610421,0.609822091,0.70798775,0.002329051,0.002896402,0.008875193,0,39.37863145524247,0.08088223074632059,False,81.75
cylinder,axisymmetric,icp_pt2pl,hard,19,84.23320817542064,0.042747307638069,False,0.7896086158255785,0.0047767822511801,True,85.0,itodd_cylinder.ply,0.114891,0.001149,12443,7466,-0.14286126,0.326266775,-0.022404577,0.934151319,0.003183069,-0.001939916,0.008912462,-0.324844458,0.14610421,0.609822091,0.70798775,0.002329051,0.002896402,0.008875193,0,0.7896086194306045,0.004776789964932122,True,85.0
cylinder,axisymmetric,fpfh_ransac,hard,19,141.24305649653618,0.3958281223824925,False,90.26587317024672,0.4341307539673587,False,236.0,itodd_cylinder.ply,0.114891,0.001149,12443,7466,0.451309648,-0.27594149,0.848630043,0.001716141,0.039891567,0.001783219,0.034487409,-0.324844458,0.14610421,0.609822091,0.70798775,0.002329051,0.002896402,0.008875193,0,90.26587316364093,0.43413093895832566,False,236.0
cylinder,axisymmetric,fgr,hard,19,88.26222726723405,0.1812881608268363,False,6.241754760420201,0.1757495023170665,False,94.5,itodd_cylinder.ply,0.114891,0.001149,12443,7466,-0.131315475,0.331275424,-0.055202153,0.932719444,0.003042358,-0.002158467,0.029068291,-0.324844458,0.14610421,0.609822091,0.70798775,0.002329051,0.002896402,0.008875193,0,6.241754848343532,0.17574957819285475,False,94.5
washer,axisymmetric,icp_pt2pt,easy,0,0.1863096088075965,0.0297487489145404,False,5.685985605345884,0.0295700451221922,False,354.5,itodd_washer.ply,0.033999,0.00034,8791,8791,0.012216921,-0.01006024,0.004087357,0.999866407,-2.5651e-05,8.4199e-05,0.000612095,0.012206237,-0.010134026,0.005711481,0.999857834,0.000290259,0.00104501,0.000610175,0,5.68598549465068,0.029569678803624766,False,354.5
washer,axisymmetric,icp_pt2pl,easy,0,0.1533657399355467,8.824596403326319e-05,True,0.0970894354925739,7.084976541195628e-05,True,0.25,itodd_washer.ply,0.033999,0.00034,8791,8791,0.012237217,-0.010196215,0.00437493,0.999863565,0.0002931,0.001045279,0.000611101,0.012206237,-0.010134026,0.005711481,0.999857834,0.000290259,0.00104501,0.000610175,0,0.0970894999771992,7.085767415928324e-05,True,0.25
washer,axisymmetric,fpfh_ransac,easy,0,156.31905369656968,0.0617648670634172,False,0.0711583409755318,0.0007915049950383,True,203.75,itodd_washer.ply,0.033999,0.00034,8791,8791,0.012464763,0.009890171,0.979754767,0.199568063,-0.000623662,-0.000845599,0.000611216,0.012206237,-0.010134026,0.005711481,0.999857834,0.000290259,0.00104501,0.000610175,0,0.07115837528190687,0.0007915092372075786,True,203.75
washer,axisymmetric,fgr,easy,0,9.476918990382362,0.057616515604763,False,1.9773612616884644,0.057466070083114,False,352.5,itodd_washer.ply,0.033999,0.00034,8791,8791,0.01316698,-0.00871409,0.088280401,0.995970515,0.000150826,0.001070995,-0.001343563,0.012206237,-0.010134026,0.005711481,0.999857834,0.000290259,0.00104501,0.000610175,0,1.977361285874408,0.05746535309030496,False,352.5
washer,axisymmetric,icp_pt2pt,easy,1,0.0423825455383092,0.0352049654221546,False,6.7721573306926,0.034993267308265,False,6.75,itodd_washer.ply,0.033999,0.00034,8791,8791,0.022641615,-0.048126721,-0.004086536,0.998576225,3.5838e-05,-0.000143656,-0.000465302,0.022947622,-0.048125663,-0.004294123,0.998568419,0.000695017,-0.001142702,-0.000467475,0,6.772157397288487,0.03499283340708706,False,6.75
washer,axisymmetric,icp_pt2pl,easy,1,1.326365001292091,0.0008322659166057,True,0.0766137390872575,0.0001379065445861,True,358.75,itodd_washer.ply,0.033999,0.00034,8791,8791,0.023457463,-0.047829269,0.007265488,0.998553615,0.000716626,-0.001124438,-0.00046788,0.022947622,-0.048125663,-0.004294123,0.998568419,0.000695017,-0.001142702,-0.000467475,0,0.07661377930438941,0.00013787976105686256,True,358.75
washer,axisymmetric,fpfh_ransac,easy,1,179.99874973135377,0.0740368042196912,False,179.9930958235383,0.0554284038036753,False,200.75,itodd_washer.ply,0.033999,0.00034,8791,8791,0.525561092,0.849083696,-0.044954978,0.028661238,-0.001287512,9.6788e-05,0.000464869,0.022947622,-0.048125663,-0.004294123,0.998568419,0.000695017,-0.001142702,-0.000467475,0,179.99309582248256,0.05542769833909088,False,200.75
washer,axisymmetric,fgr,easy,1,16.700273863025707,0.0113688501685872,False,0.0498168999804147,0.000118580959033,True,16.75,itodd_washer.ply,0.033999,0.00034,8791,8791,0.015686782,-0.050914635,-0.149262126,0.987361354,0.000335547,-0.001284767,-0.000468019,0.022947622,-0.048125663,-0.004294123,0.998568419,0.000695017,-0.001142702,-0.000467475,0,0.04981700533195359,0.00011856145092041282,True,16.75
washer,axisymmetric,icp_pt2pt,easy,2,2.18266297805898,0.0020052805040524,False,0.1831047043144358,0.0021550007386479,True,358.0,itodd_washer.ply,0.033999,0.00034,8791,8791,-0.070781082,-0.037284887,-0.001394746,0.996793825,-0.000297157,0.000592181,0.001052036,-0.071541516,-0.036027878,-0.02038382,0.996578298,-0.000332099,0.000650723,0.001052024,0,0.1831046749190984,0.00215497799494714,True,358.0
washer,axisymmetric,icp_pt2pl,easy,2,15.51370983372707,0.0204997419505224,False,6.829719234832515,0.0198266657228124,False,346.0,itodd_washer.ply,0.033999,0.00034,8791,8791,-0.018595305,-0.009298543,0.101185136,0.994650351,-0.000445239,0.000504528,0.000380025,-0.071541516,-0.036027878,-0.02038382,0.996578298,-0.000332099,0.000650723,0.001052024,0,6.82971920790723,0.019826424441861844,False,346.0
washer,axisymmetric,fpfh_ransac,easy,2,179.99236388143527,0.0721181102014527,False,179.99191263085294,0.0751592776281791,False,321.5,itodd_washer.ply,0.033999,0.00034,8791,8791,0.457656117,0.885509736,0.045660683,0.065867204,0.000771085,5.3622e-05,-0.001054712,-0.071541516,-0.036027878,-0.02038382,0.996578298,-0.000332099,0.000650723,0.001052024,0,179.99191261571082,0.07515836608551964,False,321.5
washer,axisymmetric,fgr,easy,2,3.0698114328306816,0.0011596454211221,False,0.0703829552501202,5.98798190017649e-05,True,357.0,itodd_washer.ply,0.033999,0.00034,8791,8791,-0.070577068,-0.038004948,0.006313434,0.996762079,-0.000365322,0.000629503,0.001051418,-0.071541516,-0.036027878,-0.02038382,0.996578298,-0.000332099,0.000650723,0.001052024,0,0.0703829897583744,5.9876740943186276e-05,True,357.0
washer,axisymmetric,icp_pt2pt,easy,3,5.853268947172252,0.0032353060977178,False,0.3973241152960157,0.0032214333729293,True,353.75,itodd_washer.ply,0.033999,0.00034,8791,8791,0.046466238,-0.049968319,0.00244676,0.997666312,1.1066e-05,8.369e-06,0.000867296,0.043781876,-0.052101478,-0.048498574,0.996502118,0.000104108,6.704e-05,0.000867379,0,0.3973241937348108,0.00322139720536326,True,353.75
washer,axisymmetric,icp_pt2pl,easy,3,7.0998882368239205,0.0238229675403854,False,6.987137884973184,0.0238230123254031,False,358.75,itodd_washer.ply,0.033999,0.00034,8791,8791,0.004822902,-0.005262991,-0.037621779,0.999266552,0.000102868,6.7006e-05,5.7433e-05,0.043781876,-0.052101478,-0.048498574,0.996502118,0.000104108,6.704e-05,0.000867379,0,6.987137885516495,0.023822714554792738,False,358.75
washer,axisymmetric,fpfh_ransac,easy,3,101.70035165842866,0.0043664723363029,False,0.0509932093067925,0.0006326781192486,True,101.75,itodd_washer.ply,0.033999,0.00034,8791,8791,0.012834836,0.066890607,0.803399051,-0.591532652,7.9644e-05,-7.9384e-05,0.000867648,0.043781876,-0.052101478,-0.048498574,0.996502118,0.000104108,6.704e-05,0.000867379,0,0.05099315830349393,0.0006326855063738074,True,101.75
washer,axisymmetric,fgr,easy,3,7.189579826319735,0.000403489426845,False,0.061281206928119,3.8461433130237415e-05,True,352.75,itodd_washer.ply,0.033999,0.00034,8791,8791,0.046947935,-0.049341503,0.014082028,0.99757857,9.4816e-05,7.7131e-05,0.000867545,0.043781876,-0.052101478,-0.048498574,0.996502118,0.000104108,6.704e-05,0.000867379,0,0.06128123986489622,3.84762080623513e-05,True,352.75
washer,axisymmetric,icp_pt2pt,easy,4,0.0196325553700029,0.000169429860431,True,0.0196325553700029,0.000169429860431,True,0.0,itodd_washer.ply,0.033999,0.00034,8791,8791,-0.008361518,0.000690735,0.000525925,0.999964665,0.000361887,-0.000234144,-0.000971668,-0.008404129,0.000654439,0.00068785,0.999964234,0.000359673,-0.000239462,-0.000971654,0,0.019632643810148162,0.00016943083030513658,True,0.0
washer,axisymmetric,icp_pt2pl,easy,4,0.0071181045950538,2.322961681352878e-05,True,0.0071181045950538,2.322961681352878e-05,True,0.0,itodd_washer.ply,0.033999,0.00034,8791,8791,-0.008399156,0.000676312,0.000745776,0.99996422,0.000360006,-0.000239829,-0.000972269,-0.008404129,0.000654439,0.00068785,0.999964234,0.000359673,-0.000239462,-0.000971654,0,0.007118137774193759,2.323044804104707e-05,True,0.0
washer,axisymmetric,fpfh_ransac,easy,4,179.99729499891205,0.0605082022528497,False,179.9931850064909,0.0606070064856524,False,226.75,itodd_washer.ply,0.033999,0.00034,8791,8791,0.056385559,0.998373586,0.008414745,-0.000208904,-0.000321515,-0.000202215,0.000969129,-0.008404129,0.000654439,0.00068785,0.999964234,0.000359673,-0.000239462,-0.000971654,0,179.99318501429894,0.0606062651497827,False,226.75
washer,axisymmetric,fgr,easy,4,21.41081095671764,0.0045521981840681,False,0.0893811191044773,7.752053771148332e-05,True,21.5,itodd_washer.ply,0.033999,0.00034,8791,8791,-0.008130197,0.002180664,-0.185076988,0.982687973,0.00024634,-0.000344859,-0.000972261,-0.008404129,0.000654439,0.00068785,0.999964234,0.000359673,-0.000239462,-0.000971654,0,0.08938107340217111,7.752008378518187e-05,True,21.5
washer,axisymmetric,icp_pt2pt,easy,5,1.1617210494720327,0.0043453733913843,True,0.6618815346225165,0.0044118912357897,True,359.5,itodd_washer.ply,0.033999,0.00034,8791,8791,0.032080535,-0.016033845,-0.000276157,0.999356632,9.3056e-05,0.00060626,0.000633463,0.031809631,-0.016520503,-0.01039859,0.999303302,4.9081e-05,0.0007473,0.00063337,0,0.6618815450212123,0.0044118370297155955,True,359.5
washer,axisymmetric,icp_pt2pl,easy,5,0.1104560031579697,0.0001357109312965,True,0.110456003164569,0.0001357109312965,True,0.0,itodd_washer.ply,0.033999,0.00034,8791,8791,0.031714601,-0.016518377,-0.011357774,0.999295916,5.359e-05,0.00074638,0.000633042,0.031809631,-0.016520503,-0.01039859,0.999303302,4.9081e-05,0.0007473,0.00063337,0,0.11045602715294257,0.00013569734386906915,True,0.0
washer,axisymmetric,fpfh_ransac,easy,5,125.57469122292224,0.0388567914105487,False,0.0762020002636613,0.0004956225326036,True,125.5,itodd_washer.ply,0.033999,0.00034,8791,8791,0.000170853,0.035791976,0.893452267,-0.447729775,0.000620131,-0.000443978,0.000633242,0.031809631,-0.016520503,-0.01039859,0.999303302,4.9081e-05,0.0007473,0.00063337,0,0.07620197566053592,0.000495612982075022,True,125.5
washer,axisymmetric,fgr,easy,5,179.9779179093806,0.0490997631567101,False,179.97218622876204,0.0415435223899584,False,75.0,itodd_washer.ply,0.033999,0.00034,8791,8791,0.997264141,-0.064672421,-0.014414207,-0.032771041,-5.6866e-05,-0.000770209,0.001320812,0.031809631,-0.016520503,-0.01039859,0.999303302,4.9081e-05,0.0007473,0.00063337,0,179.9721861439547,0.04154299602392002,False,75.0
washer,axisymmetric,icp_pt2pt,easy,6,1.430684976759074,0.0321749042043499,False,6.18068256070357,0.0320485788375216,False,4.75,itodd_washer.ply,0.033999,0.00034,8791,8791,-0.008351774,-0.002709476,0.003866964,0.999953976,0.000513158,1.576e-06,-0.000448286,-0.008380755,-0.00262972,-0.008617713,0.999924288,0.001594776,0.000165044,-0.000448807,0,6.180682568721354,0.03204818461617798,False,4.75
washer,axisymmetric,icp_pt2pl,easy,6,0.2704077503707292,0.0002977535806476,True,0.0207305453004939,9.638039640806095e-05,True,359.75,itodd_washer.ply,0.033999,0.00034,8791,8791,-0.008376166,-0.002682612,-0.006258623,0.999941735,0.001593051,0.000175016,-0.000448525,-0.008380755,-0.00262972,-0.008617713,0.999924288,0.001594776,0.000165044,-0.000448807,0,0.020730487423600688,9.64037235528575e-05,True,359.75
washer,axisymmetric,fpfh_ransac,easy,6,179.99823696754996,0.043517982314688,False,179.9823534015706,0.093244884902012,False,191.5,itodd_washer.ply,0.033999,0.00034,8791,8791,0.962984287,-0.269413428,-0.004883942,0.007335906,0.001265358,-0.000966464,0.000445754,-0.008380755,-0.00262972,-0.008617713,0.999924288,0.001594776,0.000165044,-0.000448807,0,179.9823533783147,0.09324375651909118,False,191.5
washer,axisymmetric,fgr,easy,6,179.980360748959,0.1127682608203898,False,179.9620201924385,0.0843228804927326,False,117.75,itodd_washer.ply,0.033999,0.00034,8791,8791,-0.6756283,0.737184341,0.008428256,-0.003822729,-0.000321071,-0.001531657,0.002406012,-0.008380755,-0.00262972,-0.008617713,0.999924288,0.001594776,0.000165044,-0.000448807,0,179.96202024030475,0.08432185051633595,False,117.75
washer,axisymmetric,icp_pt2pt,easy,7,7.390630574048311,0.0366381804652566,False,7.362499823679535,0.0366419944874354,False,359.25,itodd_washer.ply,0.033999,0.00034,8791,8791,-0.035000403,0.030659841,-0.000537631,0.998916742,0.000148169,-6.0002e-05,0.000240115,-0.082046204,-0.012520666,-0.00917187,0.996507667,0.001038765,-0.000449928,-0.000538622,0,7.3624997888482016,0.036641548954166894,False,359.25
washer,axisymmetric,icp_pt2pl,easy,7,7.208309947174738,0.020948134694413,False,7.201874287884855,0.0209454829113196,False,0.25,itodd_washer.ply,0.033999,0.00034,8791,8791,-0.042679431,0.036486834,-0.008369028,0.998387268,0.001056172,-0.000474915,0.000172933,-0.082046204,-0.012520666,-0.00917187,0.996507667,0.001038765,-0.000449928,-0.000538622,0,7.201874337564508,0.020945209848826855,False,0.25
washer,axisymmetric,fpfh_ransac,easy,7,179.99330482600593,0.0338253939762919,False,179.98404754238427,0.0710678791966184,False,130.25,itodd_washer.ply,0.033999,0.00034,8791,8791,0.971091608,-0.223826398,-0.031393525,0.07679375,0.001133049,-4.9783e-05,0.000535403,-0.082046204,-0.012520666,-0.00917187,0.996507667,0.001038765,-0.000449928,-0.000538622,0,179.98404752680264,0.0710669935388466,False,130.25
washer,axisymmetric,fgr,easy,7,174.02667256117314,0.0762785354039531,False,172.96005507420213,0.0841029909469006,False,63.75,itodd_washer.ply,0.033999,0.00034,8791,8791,0.864936971,0.497331853,0.062305878,0.025749597,0.000146197,0.000922059,0.001472969,-0.082046204,-0.012520666,-0.00917187,0.996507667,0.001038765,-0.000449928,-0.000538622,0,172.96005508919976,0.08410194628402812,False,63.75
washer,axisymmetric,icp_pt2pt,easy,8,6.283046683524208,0.0017680741628672,False,0.283796404665433,0.001831785863992,True,6.0,itodd_washer.ply,0.033999,0.00034,8791,8791,-0.039820783,-0.02838485,-0.000612367,0.998803399,-9.5959e-05,0.000103984,0.000490847,-0.038096205,-0.030681864,0.05411572,0.997335847,-0.000143917,0.000140224,0.000491269,0,0.283796383303178,0.0018317639369780446,True,6.0
washer,axisymmetric,icp_pt2pl,easy,8,5.7705981507162365,0.0006545737081264,False,0.0211433318429488,8.463738564697077e-05,True,5.75,itodd_washer.ply,0.033999,0.00034,8791,8791,-0.039559397,-0.028723819,0.003843663,0.998796888,-0.000127342,0.000155051,0.000490427,-0.038096205,-0.030681864,0.05411572,0.997335847,-0.000143917,0.000140224,0.000491269,0,0.021143423651323285,8.464517628529539e-05,True,5.75
washer,axisymmetric,fpfh_ransac,easy,8,179.99791565541477,0.0296613693038084,False,179.98761253462,0.0312635398026099,False,199.25,itodd_washer.ply,0.033999,0.00034,8791,8791,-0.34172249,0.938526872,0.047091297,0.013246145,5.5605e-05,0.000223988,-0.000493686,-0.038096205,-0.030681864,0.05411572,0.997335847,-0.000143917,0.000140224,0.000491269,0,179.98761249342922,0.031263172736565974,False,199.25
washer,axisymmetric,fgr,easy,8,151.75655960187018,0.0125513659914278,False,0.0202118887386435,0.0006447265942841,True,208.25,itodd_washer.ply,0.033999,0.00034,8791,8791,0.020484761,-0.044403549,0.980399618,0.190854104,0.000120019,-0.000195089,0.000490681,-0.038096205,-0.030681864,0.05411572,0.997335847,-0.000143917,0.000140224,0.000491269,0,0.020211967070348544,0.0006447177122954808,True,208.25
washer,axisymmetric,icp_pt2pt,easy,9,2.883962720332349,0.0069601234059506,False,2.4784957487838564,0.0068971971947795,False,1.5,itodd_washer.ply,0.033999,0.00034,8791,8791,0.00202346,-0.009697871,-0.008574582,0.999914163,0.000434737,0.000406205,-0.000927808,-0.00567135,-0.02983059,0.00441295,0.999529138,0.000476323,0.0005045,-0.001139006,0,2.478495778379113,0.006897117892634904,False,1.5
washer,axisymmetric,icp_pt2pl,easy,9,7.803138236871296,0.0235725883766384,False,7.166076744241595,0.0235062634289397,False,357.0,itodd_washer.ply,0.033999,0.00034,8791,8791,0.009298607,0.030921973,0.031243983,0.998990081,0.000406089,0.000528494,-0.000341015,-0.00567135,-0.02983059,0.00441295,0.999529138,0.000476323,0.0005045,-0.001139006,0,7.1660767415432725,0.02350598845575254,False,357.0
washer,axisymmetric,fpfh_ransac,easy,9,179.99880865378665,0.0710051587538079,False,179.9881705844601,0.0727926131975202,False,191.5,itodd_washer.ply,0.033999,0.00034,8791,8791,0.084404708,0.995969301,0.003200072,0.030178733,-0.000329456,0.000569785,0.001135684,-0.00567135,-0.02983059,0.00441295,0.999529138,0.000476323,0.0005045,-0.001139006,0,179.98817061637936,0.07279172032806373,False,191.5
washer,axisymmetric,fgr,easy,9,130.69357129239754,0.0358294936714114,False,0.0590996693013895,0.0007005164777613,True,229.25,itodd_washer.ply,0.033999,0.00034,8791,8791,0.024798248,-0.017535653,0.910260692,0.412920114,-0.00063882,1.4245e-05,-0.001138727,-0.00567135,-0.02983059,0.00441295,0.999529138,0.000476323,0.0005045,-0.001139006,0,0.059099630128901744,0.0007005070889817428,True,229.25
washer,axisymmetric,icp_pt2pt,easy,10,0.0517858461580394,0.0119985785789311,False,0.7120841265249117,0.0119979396734494,False,0.75,itodd_washer.ply,0.033999,0.00034,8791,8791,-0.034740907,0.000848845,0.001155789,0.999395324,-0.000117301,0.000143951,-0.000556713,-0.035037425,0.000792276,0.001491929,0.999384573,-0.000412707,0.00042527,-0.000559126,0,0.7120841502436396,0.011997799877478151,False,0.75
washer,axisymmetric,icp_pt2pl,easy,10,0.0404477845977064,5.4759595768960765e-05,True,0.0404477845977064,5.4759595768960765e-05,True,0.0,itodd_washer.ply,0.033999,0.00034,8791,8791,-0.035055127,0.000730192,0.001838947,0.999383422,-0.000414109,0.000424104,-0.00055875,-0.035037425,0.000792276,0.001491929,0.999384573,-0.000412707,0.00042527,-0.000559126,0,0.040447834066676715,5.476230426021434e-05,True,0.0
washer,axisymmetric,fpfh_ransac,easy,10,35.02328249857619,0.0108856465891515,False,0.0244532214858905,0.0003112219591244,True,35.0,itodd_washer.ply,0.033999,0.00034,8791,8791,-0.033229297,0.01124872,-0.299293374,0.953515997,-9.0074e-05,0.000606597,-0.000558805,-0.035037425,0.000792276,0.001491929,0.999384573,-0.000412707,0.00042527,-0.000559126,0,0.02445316648796855,0.00031122195586332787,True,35.0
washer,axisymmetric,fgr,easy,10,7.68046559432235,0.0266796040213879,False,7.121012349326312,0.0265988878013933,False,357.0,itodd_washer.ply,0.033999,0.00034,8791,8791,-0.091886996,-0.024826552,0.025664681,0.99512901,-0.000353215,0.000242266,-0.001445548,-0.035037425,0.000792276,0.001491929,0.999384573,-0.000412707,0.00042527,-0.000559126,0,7.121012366575582,0.026598561673583605,False,357.0
washer,axisymmetric,icp_pt2pt,easy,11,2.2448619193705777,0.0241814160002711,False,2.505259325537416,0.0240671815926598,False,355.25,itodd_washer.ply,0.033999,0.00034,8791,8791,-0.026261428,-0.024723553,-2.4352e-05,0.99934933,-0.000489896,0.000369754,0.000498631,-0.026877254,-0.024267526,-0.019598166,0.999151947,-0.001083386,0.000938672,0.000496043,0,2.505259355146468,0.024066898543047627,False,355.25
washer,axisymmetric,icp_pt2pl,easy,11,0.2011844168207781,0.0001219213690653,True,0.0490512311562616,6.923136093903752e-05,True,359.75,itodd_washer.ply,0.033999,0.00034,8791,8791,-0.026843502,-0.024351175,-0.017845107,0.999183666,-0.001085408,0.000935054,0.000496065,-0.026877254,-0.024267526,-0.019598166,0.999151947,-0.001083386,0.000938672,0.000496043,0,0.04905127835342701,6.92474319250249e-05,True,359.75
washer,axisymmetric,fpfh_ransac,easy,11,153.6454180028568,0.0832263054611976,False,0.1059311901231976,0.0006242998370765,True,206.25,itodd_washer.ply,0.033999,0.00034,8791,8791,0.017533556,-0.031703961,0.968375057,0.246854576,0.000614634,-0.001324784,0.000496102,-0.026877254,-0.024267526,-0.019598166,0.999151947,-0.001083386,0.000938672,0.000496043,0,0.10593125528091613,0.0006242772403076053,True,206.25
washer,axisymmetric,fgr,easy,11,6.875391929098677,0.018699634989124,False,6.797645370824839,0.0187088972648393,False,359.0,itodd_washer.ply,0.033999,0.00034,8791,8791,0.032471123,-0.020035898,-0.01193821,0.999200514,-0.001085953,0.000934724,-0.000139701,-0.026877254,-0.024267526,-0.019598166,0.999151947,-0.001083386,0.000938672,0.000496043,0,6.797645396527206,0.018708678111576983,False,359.0
washer,axisymmetric,icp_pt2pt,easy,12,1.3202803660695277,0.0058090783726325,True,1.0702819009917517,0.0058284267268628,True,0.25,itodd_washer.ply,0.033999,0.00034,8791,8791,-0.007325883,-0.015841431,-0.001711784,0.999846213,-0.000781456,0.000456129,0.000415246,-0.007133925,-0.015889698,0.00980798,0.999800194,-0.000937222,0.000577549,0.000414602,0,1.0702819285219198,0.0058283441405338615,True,0.25
washer,axisymmetric,icp_pt2pl,easy,12,0.005854518697391,3.164772900593672e-05,True,0.0058545185728838,3.164772900593672e-05,True,0.0,itodd_washer.ply,0.033999,0.00034,8791,8791,-0.007110702,-0.015848807,0.009788033,0.999801204,-0.000937146,0.000578562,0.000414245,-0.007133925,-0.015889698,0.00980798,0.999800194,-0.000937222,0.000577549,0.000414602,0,0.005854591035598561,3.167009606863502e-05,True,0.0
washer,axisymmetric,fpfh_ransac,easy,12,179.99203222254243,0.0558200914845617,False,179.98236785929137,0.0656337997695973,False,233.75,itodd_washer.ply,0.033999,0.00034,8791,8791,-0.165944924,0.985982751,0.009757662,0.014320756,0.000741688,0.000878562,-0.000417451,-0.007133925,-0.015889698,0.00980798,0.999800194,-0.000937222,0.000577549,0.000414602,0,179.9823678473645,0.06563298458435851,False,233.75
washer,axisymmetric,fgr,easy,12,8.134009719147178,0.0201326460166652,False,7.192673815658346,0.019970634561793,False,3.75,itodd_washer.ply,0.033999,0.00034,8791,8791,0.032348096,0.032695363,-0.023595413,0.998663041,-0.000933673,0.000679665,-0.00026221,-0.007133925,-0.015889698,0.00980798,0.999800194,-0.000937222,0.000577549,0.000414602,0,7.19267382753066,0.019970386544160834,False,3.75
washer,axisymmetric,icp_pt2pt,easy,13,4.628399878310748,0.0067463627030646,False,1.121638285969026,0.006132658483091,True,354.25,itodd_washer.ply,0.033999,0.00034,8791,8791,-0.008223172,0.016240807,0.000757448,0.999834007,-0.000246696,0.000834161,-0.000552881,-0.007505046,0.016597928,-0.039614619,0.99904898,-0.000207829,0.001060209,-0.000552124,0,1.1216383178547877,0.006132569072602649,True,354.25
washer,axisymmetric,icp_pt2pl,easy,13,4.837193466329598,0.0025751298522538,False,0.0874331887508832,8.045005654007421e-05,True,355.25,itodd_washer.ply,0.033999,0.00034,8791,8791,-0.008236042,0.016299797,0.002580114,0.999829899,-0.00029203,0.001036239,-0.000553008,-0.007505046,0.016597928,-0.039614619,0.99904898,-0.000207829,0.001060209,-0.000552124,0,0.08743318251481363,8.043613485820902e-05,True,355.25
washer,axisymmetric,fpfh_ransac,easy,13,98.51992241773848,0.0482107993411814,False,0.0262484772216963,0.0005518514956528,True,261.5,itodd_washer.ply,0.033999,0.00034,8791,8791,-0.017476535,0.00517017,0.731104436,0.682022099,-0.000977309,-0.000387045,-0.000552551,-0.007505046,0.016597928,-0.039614619,0.99904898,-0.000207829,0.001060209,-0.000552124,0,0.026248513323129795,0.0005518529469107106,True,261.5
washer,axisymmetric,fgr,easy,13,167.04208354773527,0.1493577388910328,False,166.69436866662645,0.1583161285587551,False,26.25,itodd_washer.ply,0.033999,0.00034,8791,8791,0.858348101,-0.496706497,-0.020955848,0.126815005,-0.003283631,-0.00250377,0.001351318,-0.007505046,0.016597928,-0.039614619,0.99904898,-0.000207829,0.001060209,-0.000552124,0,166.69436865576648,0.15831419279131778,False,26.25
washer,axisymmetric,icp_pt2pt,easy,14,3.284120962116261,0.001165322179551,False,0.0388565098009584,0.0013006684606468,True,356.75,itodd_washer.ply,0.033999,0.00034,8791,8791,0.004706103,-0.072617937,0.000855345,0.997348363,-4.4133e-05,6.1171e-05,-1.4453e-05,0.002709458,-0.072856171,-0.027729674,0.99695321,-7.4669e-05,3.5927e-05,-1.4508e-05,0,0.038856488490137245,0.0013006596897109834,True,356.75
washer,axisymmetric,icp_pt2pl,easy,14,2.897901450897958,0.000124316877492,False,0.1021305999592995,5.207369362755747e-05,True,357.0,itodd_washer.ply,0.033999,0.00034,8791,8791,0.004534548,-0.072758657,-0.002510428,0.997336109,-7.4362e-05,3.1719e-05,-1.4254e-05,0.002709458,-0.072856171,-0.027729674,0.99695321,-7.4669e-05,3.5927e-05,-1.4508e-05,0,0.10213063622357084,5.208379751855456e-05,True,357.0
washer,axisymmetric,fpfh_ransac,easy,14,179.9997036249265,0.0017528331149105,False,179.97992015644652,0.005650236463985,False,178.25,itodd_washer.ply,0.033999,0.00034,8791,8791,0.997338316,-0.000777536,-0.072750951,-0.004793446,-7.6256e-05,-1.7888e-05,1.1044e-05,0.002709458,-0.072856171,-0.027729674,0.99695321,-7.4669e-05,3.5927e-05,-1.4508e-05,0,179.9799202121695,0.005650160949894731,False,178.25
washer,axisymmetric,fgr,easy,14,3.025881328817302,0.0001225850709186,False,0.0259955081266867,5.3705331706420206e-05,True,357.0,itodd_washer.ply,0.033999,0.00034,8791,8791,0.004617121,-0.072752343,-0.001396668,0.997338372,-7.4331e-05,3.1781e-05,-1.4249e-05,0.002709458,-0.072856171,-0.027729674,0.99695321,-7.4669e-05,3.5927e-05,-1.4508e-05,0,0.025995433538602234,5.370641451140519e-05,True,357.0
washer,axisymmetric,icp_pt2pt,easy,15,0.985998380227223,0.0035511388220067,True,0.4860312723934962,0.0035563380327676,True,359.5,itodd_washer.ply,0.033999,0.00034,8791,8791,0.020804364,0.050091115,-0.0006911,0.998527707,5.1973e-05,-3.6685e-05,-6.8083e-05,0.021302028,0.04991636,-0.009279234,0.998483088,0.000152405,-0.000103693,-6.7903e-05,0,0.4860311783890087,0.0035563028789139103,True,359.5
washer,axisymmetric,icp_pt2pl,easy,15,1.5914460045507433,3.2590811048268074e-05,True,0.0917581667014427,0.0001177351928607,True,358.5,itodd_washer.ply,0.033999,0.00034,8791,8791,0.020658979,0.050160525,0.004591555,0.998516923,0.000152164,-0.000102635,-6.8125e-05,0.021302028,0.04991636,-0.009279234,0.998483088,0.000152405,-0.000103693,-6.7903e-05,0,0.09175815407043211,0.00011774103236647865,True,358.5
washer,axisymmetric,fpfh_ransac,easy,15,163.84320488864762,0.0094826656419412,False,0.1584662142717923,0.0008147651285511,True,164.0,itodd_washer.ply,0.033999,0.00034,8791,8791,-0.052368567,0.014179879,0.989878978,-0.1311338,-0.000111982,8.0805e-05,-6.7782e-05,0.021302028,0.04991636,-0.009279234,0.998483088,0.000152405,-0.000103693,-6.7903e-05,0,0.15846614073760953,0.0008147616668157336,True,164.0
washer,axisymmetric,fgr,easy,15,22.86556128468577,0.0185564360280207,False,6.667847959684933,0.0187554293501127,False,338.0,itodd_washer.ply,0.033999,0.00034,8791,8791,0.069464108,0.050524751,0.183068753,0.979340502,0.000199491,-0.000165809,0.000558156,0.021302028,0.04991636,-0.009279234,0.998483088,0.000152405,-0.000103693,-6.7903e-05,0,6.667847966940692,0.018755201229518965,False,338.0
washer,axisymmetric,icp_pt2pt,easy,16,1.2745918648640957,0.0382140252696835,False,7.4754474832005,0.0377965185630462,False,8.75,itodd_washer.ply,0.033999,0.00034,8791,8791,-0.012839286,-0.084964966,0.001116098,0.996300588,0.000120139,-0.000314711,0.00021662,-0.011812201,-0.085089448,0.012190498,0.996228713,0.000932278,-0.001328814,0.000214389,0,7.4754474957695525,0.03779605282468315,False,8.75
washer,axisymmetric,icp_pt2pl,easy,16,10.278505531557077,0.0084538469585706,False,0.0286446952659857,6.870497609404787e-05,True,10.25,itodd_washer.ply,0.033999,0.00034,8791,8791,-0.019423545,-0.083696927,-0.077094296,0.993314663,0.000680777,-0.001467943,0.000214984,-0.011812201,-0.085089448,0.012190498,0.996228713,0.000932278,-0.001328814,0.000214389,0,0.028644658672779367,6.868878101740028e-05,True,10.25
washer,axisymmetric,fpfh_ransac,easy,16,173.90309784853105,0.0945747764747379,False,0.15403315156313,0.0006453697682025,True,186.25,itodd_washer.ply,0.033999,0.00034,8791,8791,0.084371152,-0.016343035,0.995464394,0.040805079,-0.000723321,0.001427605,0.000215158,-0.011812201,-0.085089448,0.012190498,0.996228713,0.000932278,-0.001328814,0.000214389,0,0.15403320898951944,0.0006453734312539726,True,186.25
washer,axisymmetric,fgr,easy,16,65.65114866605184,0.0513363760069345,False,0.0990224206877548,0.0004112632587734,True,65.75,itodd_washer.ply,0.033999,0.00034,8791,8791,-0.056096386,-0.065078541,-0.529790933,0.843765101,-0.000812664,-0.001367229,0.000215031,-0.011812201,-0.085089448,0.012190498,0.996228713,0.000932278,-0.001328814,0.000214389,0,0.09902242408129568,0.00041124566435428363,True,65.75
washer,axisymmetric,icp_pt2pt,easy,17,1.2977661528966742,0.0048054600429474,True,0.9524603034636048,0.0047634967319264,True,357.75,itodd_washer.ply,0.033999,0.00034,8791,8791,0.000204404,-0.008297812,0.004294731,0.999956329,-0.000144605,6.785e-05,-9.3459e-05,0.000246038,-0.008302232,-0.007030267,0.999940792,-0.000279934,0.000159383,-9.422e-05,0,0.9524602536333652,0.004763453574875145,True,357.75
washer,axisymmetric,icp_pt2pl,easy,17,0.15423071435697,4.066742583653383e-05,True,0.0969171355904485,3.076688570514561e-05,True,0.25,itodd_washer.ply,0.033999,0.00034,8791,8791,0.000135613,-0.00827871,-0.008371402,0.99993068,-0.000278637,0.00015986,-9.4266e-05,0.000246038,-0.008302232,-0.007030267,0.999940792,-0.000279934,0.000159383,-9.422e-05,0,0.09691712585053912,3.0762233108930225e-05,True,0.25
washer,axisymmetric,fpfh_ransac,easy,17,179.99010642422675,0.016095480222797,False,179.9750712471642,0.008199858010426,False,226.75,itodd_washer.ply,0.033999,0.00034,8791,8791,0.928901842,0.370233347,-0.007769089,0.002877107,-9.3004e-05,-0.000320311,9.1265e-05,0.000246038,-0.008302232,-0.007030267,0.999940792,-0.000279934,0.000159383,-9.422e-05,0,179.97507126652144,0.008199770793878812,False,226.75
washer,axisymmetric,fgr,easy,17,31.22045276363266,0.008578383299814,False,12.222493184439053,0.0054037770378811,False,28.75,itodd_washer.ply,0.033999,0.00034,8791,8791,0.10247637,-0.029185084,-0.254772366,0.961112827,-0.000138826,0.000351311,-0.000262488,0.000246038,-0.008302232,-0.007030267,0.999940792,-0.000279934,0.000159383,-9.422e-05,0,12.222493141379585,0.005403728568346096,False,28.75
washer,axisymmetric,icp_pt2pt,easy,18,4.167765429470842,0.0053146114839013,False,0.8324925381256082,0.0052172702136638,True,355.0,itodd_washer.ply,0.033999,0.00034,8791,8791,-0.033042851,0.008968874,0.001176228,0.999413001,8.4369e-05,0.000108918,0.000289755,-0.032551841,0.010096303,-0.03516642,0.998800163,0.000233605,0.000210786,0.000289986,0,0.8324924942154107,0.005217198418303735,True,355.0
washer,axisymmetric,icp_pt2pl,easy,18,4.285496968709545,0.0006507961712168,False,0.0359872076101542,9.962936634990666e-05,True,355.75,itodd_washer.ply,0.033999,0.00034,8791,8791,-0.032933472,0.008830914,0.002200977,0.999416108,0.00021569,0.00022376,0.000289416,-0.032551841,0.010096303,-0.03516642,0.998800163,0.000233605,0.000210786,0.000289986,0,0.03598721781879316,9.96355737206331e-05,True,355.75
washer,axisymmetric,fpfh_ransac,easy,18,91.89618272630844,0.0122029961339081,False,0.1040095038948472,0.0005461124919903,True,268.0,itodd_washer.ply,0.033999,0.00034,8791,8791,-0.029815409,-0.016422881,0.693395365,0.719752873,-0.00018113,0.000199634,0.000289486,-0.032551841,0.010096303,-0.03516642,0.998800163,0.000233605,0.000210786,0.000289986,0,0.10400947856684685,0.0005461003762781199,True,268.0
washer,axisymmetric,fgr,easy,18,8.302356718030634,0.0246051958869158,False,7.106597527660414,0.0245469244120195,False,4.25,itodd_washer.ply,0.033999,0.00034,8791,8791,-0.085549954,-0.020002628,-0.0739336,0.993385586,0.000274884,0.000131799,-0.000541795,-0.032551841,0.010096303,-0.03516642,0.998800163,0.000233605,0.000210786,0.000289986,0,7.106597648698001,0.024546630433127752,False,4.25
washer,axisymmetric,icp_pt2pt,easy,19,0.0179193719843093,0.0088977191785707,True,1.7479593065956922,0.0088235014581399,True,1.75,itodd_washer.ply,0.033999,0.00034,8791,8791,-0.00378977,0.000256185,0.000520689,0.99999265,0.000252863,-8.2808e-05,0.000704622,-0.00365658,0.000176318,0.000538992,0.999993154,0.000555351,-8.641e-05,0.000704653,0,1.7479592919335882,0.008823382182482636,True,1.75
washer,axisymmetric,icp_pt2pl,easy,19,0.0277590474794605,7.246419464152499e-05,True,0.0277590474794605,7.246419464152499e-05,True,0.0,itodd_washer.ply,0.033999,0.00034,8791,8791,-0.003673608,0.00019984,0.000779488,0.999992929,0.000554676,-8.4192e-05,0.000705486,-0.00365658,0.000176318,0.000538992,0.999993154,0.000555351,-8.641e-05,0.000704653,0,0.02775898960419584,7.245924172292002e-05,True,0.0
washer,axisymmetric,fpfh_ransac,easy,19,26.15383965114661,0.0070690790560393,False,0.0962107743626656,0.0002036227364456,True,26.25,itodd_washer.ply,0.033999,0.00034,8791,8791,-0.003543994,0.001031397,-0.225732267,0.974182385,0.000460561,-0.000307265,0.000705523,-0.00365658,0.000176318,0.000538992,0.999993154,0.000555351,-8.641e-05,0.000704653,0,0.09621066146689987,0.00020360707959600217,True,26.25
washer,axisymmetric,fgr,easy,19,0.017575686680261,7.117991482980264e-05,True,0.017575686680261,7.117991482980264e-05,True,0.0,itodd_washer.ply,0.033999,0.00034,8791,8791,-0.003672897,0.000197641,0.00069,0.999992997,0.000554475,-8.431e-05,0.000705477,-0.00365658,0.000176318,0.000538992,0.999993154,0.000555351,-8.641e-05,0.000704653,0,0.017575653998923996,7.117827237931519e-05,True,0.0
washer,axisymmetric,icp_pt2pt,medium,0,42.140439398944665,0.065308373578279,False,13.02743344473218,0.0656942601454675,False,329.5,itodd_washer.ply,0.033999,0.00034,8791,7472,-0.041085988,-0.002804969,0.002935631,0.999147364,2.551e-05,0.000292343,-0.001182149,-0.092155315,0.039178722,-0.350254314,0.931286391,0.000487881,0.002276589,-0.002064826,0,13.027433427176266,0.06569343486154977,False,329.5
washer,axisymmetric,icp_pt2pl,medium,0,49.61129594892424,0.0571902823811148,False,0.1163793359441438,0.0003948910604074,True,310.5,itodd_washer.ply,0.033999,0.00034,8791,7472,-0.100257019,-0.002925656,0.072791514,0.992290968,-0.001403375,0.001825151,-0.002064686,-0.092155315,0.039178722,-0.350254314,0.931286391,0.000487881,0.002276589,-0.002064826,0,0.11637931297000269,0.00039489172977379236,True,310.5
washer,axisymmetric,fpfh_ransac,medium,0,58.20247910294735,0.0663535106878015,False,0.0612616608777831,0.0003545740541332,True,301.75,itodd_washer.ply,0.033999,0.00034,8791,7472,-0.099789526,-0.010433325,0.146910827,0.984047969,-0.00166074,0.001589111,-0.002064592,-0.092155315,0.039178722,-0.350254314,0.931286391,0.000487881,0.002276589,-0.002064826,0,0.06126162181458222,0.00035456464098093877,True,301.75
washer,axisymmetric,fgr,medium,0,44.04668579407095,0.0511911851808982,False,0.0584951239641943,0.0003055591673889,True,316.0,itodd_washer.ply,0.033999,0.00034,8791,7472,-0.10031094,0.001934716,0.024537491,0.994651639,-0.001222835,0.001956371,-0.002064858,-0.092155315,0.039178722,-0.350254314,0.931286391,0.000487881,0.002276589,-0.002064826,0,0.058495099901277846,0.00030555989012157763,True,316.0
washer,axisymmetric,icp_pt2pt,medium,1,17.536459695999593,0.2268787136686765,False,8.458416814013566,0.2259028073755532,False,19.5,itodd_washer.ply,0.033999,0.00034,8791,7472,-0.257986374,0.024808649,-0.01529881,0.965708811,-5.6301e-05,-0.000532186,-0.000498447,-0.295102608,0.04164193,0.13067171,0.945571417,0.001652944,-0.008036252,-0.001014595,0,8.458416826460256,0.22590004505132974,False,19.5
washer,axisymmetric,icp_pt2pl,medium,1,26.866292090524905,0.2183842261420744,False,29.754183505486274,0.1950322188298958,False,54.5,itodd_washer.ply,0.033999,0.00034,8791,7472,-0.276570651,0.04172588,-0.102333492,0.954617977,-0.001086573,-0.001175864,-0.000268202,-0.295102608,0.04164193,0.13067171,0.945571417,0.001652944,-0.008036252,-0.001014595,0,29.754183534391053,0.19502983418255346,False,54.5
washer,axisymmetric,fpfh_ransac,medium,1,179.98626651183528,0.0875640994135557,False,179.97189953024247,0.4530243232972702,False,121.5,itodd_washer.ply,0.033999,0.00034,8791,7472,-0.184793675,0.936542569,0.26531387,-0.13545429,0.003714651,-0.007327294,0.001012619,-0.295102608,0.04164193,0.13067171,0.945571417,0.001652944,-0.008036252,-0.001014595,0,179.97189952807645,0.4530187673910422,False,121.5
washer,axisymmetric,fgr,medium,1,24.74496480927703,0.1016168184545941,False,1.3975915920202768,0.002568829169762,True,24.75,itodd_washer.ply,0.033999,0.00034,8791,7472,-0.268926066,0.09869863,-0.075283129,0.95512816,-0.001800767,-0.007969312,-0.001071492,-0.295102608,0.04164193,0.13067171,0.945571417,0.001652944,-0.008036252,-0.001014595,0,1.3975915204591651,0.002568788034407113,True,24.75
washer,axisymmetric,icp_pt2pt,medium,2,39.568044599963365,0.0523890579184636,False,9.707759529509117,0.0485884306113747,False,45.5,itodd_washer.ply,0.033999,0.00034,8791,7472,-0.107675172,0.024020311,-0.018975311,0.993714758,-0.000335422,7.8848e-05,0.002994788,-0.164014133,-0.042437806,0.308340701,0.936068592,-0.001364178,-0.001084118,0.003867531,0,9.707759493682444,0.04858784788485005,False,45.5
washer,axisymmetric,icp_pt2pl,medium,2,48.94487722012265,0.0380837218219442,False,6.820709683717085,0.0239290384000277,False,48.5,itodd_washer.ply,0.033999,0.00034,8791,7472,-0.113039711,0.052185464,-0.09847624,0.987320177,-0.001597518,-3.4762e-05,0.003145802,-0.164014133,-0.042437806,0.308340701,0.936068592,-0.001364178,-0.001084118,0.003867531,0,6.820709658084511,0.023928744009969367,False,48.5
washer,axisymmetric,fpfh_ransac,medium,2,179.989458963713,0.2411665732319332,False,179.9885447874072,0.2324288010584532,False,314.0,itodd_washer.ply,0.033999,0.00034,8791,7472,0.340935905,0.924703659,0.162405586,0.048065347,0.001349168,-0.001173941,-0.003869301,-0.164014133,-0.042437806,0.308340701,0.936068592,-0.001364178,-0.001084118,0.003867531,0,179.98854482132364,0.23242596128518872,False,314.0
washer,axisymmetric,fgr,medium,2,44.8071015817721,0.0211429653795729,False,11.938029680729354,0.022846465702718,False,43.25,itodd_washer.ply,0.033999,0.00034,8791,7472,-0.065728313,0.006912364,-0.059440302,0.996041595,-0.001894787,-0.000599297,0.003856535,-0.164014133,-0.042437806,0.308340701,0.936068592,-0.001364178,-0.001084118,0.003867531,0,11.938029741630906,0.022846183792988164,False,43.25
washer,axisymmetric,icp_pt2pt,medium,3,23.88075326965435,0.1809266831759008,False,35.88074951422992,0.1801331153271984,False,12.0,itodd_washer.ply,0.033999,0.00034,8791,7472,0.093471951,0.183273651,-0.002152927,0.978605706,-2.928e-05,-0.000172794,-0.00061202,0.129412761,0.159801672,-0.20454921,0.957013784,0.003453443,-0.005243151,-0.000614457,0,35.88074953479549,0.18013090038918197,False,12.0
washer,axisymmetric,icp_pt2pl,medium,3,13.297139029618148,0.0856592171240471,False,15.047135614252332,0.0855472316058882,False,1.75,itodd_washer.ply,0.033999,0.00034,8791,7472,0.109843411,0.173613267,-0.092399279,0.974297302,0.001769388,-0.002867153,-0.00060836,0.129412761,0.159801672,-0.20454921,0.957013784,0.003453443,-0.005243151,-0.000614457,0,15.047135641235402,0.08554618361464067,False,1.75
washer,axisymmetric,fpfh_ransac,medium,3,179.98905534810288,0.3589683587536915,False,179.97691608544568,0.0953092777214619,False,236.5,itodd_washer.ply,0.033999,0.00034,8791,7472,0.839883993,0.502337449,0.109521836,-0.173945202,-0.000458699,0.00625236,0.000608704,0.129412761,0.159801672,-0.20454921,0.957013784,0.003453443,-0.005243151,-0.000614457,0,179.97691618185158,0.09530810943813132,False,236.5
washer,axisymmetric,fgr,medium,3,27.10985824761108,0.0865192983028233,False,0.110820537814315,0.0003532162298092,True,333.0,itodd_washer.ply,0.033999,0.00034,8791,7472,0.088288187,0.185616244,0.025444711,0.978317112,0.005472385,-0.003103879,-0.000611945,0.129412761,0.159801672,-0.20454921,0.957013784,0.003453443,-0.005243151,-0.000614457,0,0.11082054141224602,0.00035320909625628707,True,333.0
washer,axisymmetric,icp_pt2pt,medium,4,7.388739072172485,0.0790508243349034,False,15.280879541491116,0.0769407200191199,False,347.0,itodd_washer.ply,0.033999,0.00034,8791,7472,-0.021822289,-0.082619255,-0.002026472,0.996340173,-0.000405761,0.000119943,0.00222332,-0.05479672,-0.137303006,0.002943566,0.989007856,-0.001295201,0.002565381,0.002895636,0,15.280879520029256,0.07693977109686116,False,347.0
washer,axisymmetric,icp_pt2pl,medium,4,10.73823125656345,0.0174583027761734,False,6.28419360349539,0.0143421788892285,False,351.25,itodd_washer.ply,0.033999,0.00034,8791,7472,-0.005332192,-0.103001153,0.074661126,0.991860901,-0.001458324,0.002162676,0.002491248,-0.05479672,-0.137303006,0.002943566,0.989007856,-0.001295201,0.002565381,0.002895636,0,6.2841936702718675,0.014341993931635325,False,351.25
washer,axisymmetric,fpfh_ransac,medium,4,94.59262631429634,0.1167819697750046,False,7.419323444365786,0.0206420450477396,False,94.25,itodd_washer.ply,0.033999,0.00034,8791,7472,0.114954116,0.112732912,0.72846629,-0.665893164,0.002406313,0.001277424,0.002259868,-0.05479672,-0.137303006,0.002943566,0.989007856,-0.001295201,0.002565381,0.002895636,0,7.419323465147834,0.020641798309321047,False,94.25
washer,axisymmetric,fgr,medium,4,175.25392387100598,0.2258632642819946,False,172.07382530610846,0.1861500863373136,False,253.5,itodd_washer.ply,0.033999,0.00034,8791,7472,0.850731828,0.499966011,-0.034105094,0.158512419,0.001921901,-0.002391651,-0.002007996,-0.05479672,-0.137303006,0.002943566,0.989007856,-0.001295201,0.002565381,0.002895636,0,172.07382535841586,0.18614781400954594,False,253.5
washer,axisymmetric,icp_pt2pt,medium,5,20.66160805140492,0.0735389627076125,False,15.523560992099958,0.0724178538332385,False,346.25,itodd_washer.ply,0.033999,0.00034,8791,7472,-0.078815302,-0.173737614,0.003128493,0.981628037,0.000386366,-3.161e-06,-0.001320438,-0.166559636,-0.275118375,-0.109798868,0.940484968,0.002380215,-0.00144377,-0.000872872,0,15.523560938721657,0.07241697295805215,False,346.25
washer,axisymmetric,icp_pt2pl,medium,5,8.73198055203891,0.008974227393878,False,8.161709052997818,0.0079249895810466,False,357.0,itodd_washer.ply,0.033999,0.00034,8791,7472,-0.121508979,-0.222596627,-0.087583499,0.96333558,0.002450013,-0.001318724,-0.000603457,-0.166559636,-0.275118375,-0.109798868,0.940484968,0.002380215,-0.00144377,-0.000872872,0,8.161709025094728,0.007924896076288938,False,357.0
washer,axisymmetric,fpfh_ransac,medium,5,23.69281427930994,0.0332554363857077,False,0.0614684091947995,0.0003095923458798,True,23.75,itodd_washer.ply,0.033999,0.00034,8791,7472,-0.219436735,-0.234896671,-0.300524137,0.897973449,0.001602108,-0.002264068,-0.000874981,-0.166559636,-0.275118375,-0.109798868,0.940484968,0.002380215,-0.00144377,-0.000872872,0,0.061468449454749975,0.000309560937977689,True,23.75
washer,axisymmetric,fgr,medium,5,11.73356954432745,0.0381054042776367,False,8.558349002126144,0.0361452122431152,False,352.0,itodd_washer.ply,0.033999,0.00034,8791,7472,-0.109969865,-0.224813731,-0.04627096,0.967070015,0.002316066,-0.000946613,-0.002067492,-0.166559636,-0.275118375,-0.109798868,0.940484968,0.002380215,-0.00144377,-0.000872872,0,8.558348902619352,0.036144770563266676,False,352.0
washer,axisymmetric,icp_pt2pt,medium,6,1.5972082238655945,0.1089326116448679,False,21.65295476915273,0.1084343747556979,False,23.25,itodd_washer.ply,0.033999,0.00034,8791,7472,-0.012308252,-0.019115943,0.00072236,0.999741249,-1.1525e-05,-2.1443e-05,-6.592e-06,-0.011888146,-0.019406438,0.014650741,0.999633642,0.002465482,-0.002774757,-9.909e-06,0,21.652954788855865,0.10843303203411807,False,23.25
washer,axisymmetric,icp_pt2pl,medium,6,2.433024913844034,0.0045891721838277,False,0.0675351253209782,0.0001781870649126,True,357.5,itodd_washer.ply,0.033999,0.00034,8791,7472,-0.011544432,-0.019656949,0.03587143,0.999096377,0.002578991,-0.002667709,-1.0319e-05,-0.011888146,-0.019406438,0.014650741,0.999633642,0.002465482,-0.002774757,-9.909e-06,0,0.0675350589095211,0.00017820550431710017,True,357.5
washer,axisymmetric,fpfh_ransac,medium,6,179.99581329669212,0.1598164546387135,False,179.99542207303202,0.2057560225162096,False,312.25,itodd_washer.ply,0.033999,0.00034,8791,7472,0.122334253,0.992228602,0.009742424,0.020538205,-0.002936347,-0.002188909,7.666e-06,-0.011888146,-0.019406438,0.014650741,0.999633642,0.002465482,-0.002774757,-9.909e-06,0,179.99542207963995,0.20575350686222652,False,312.25
washer,axisymmetric,fgr,medium,6,0.6207606749900568,0.0011652474949747,True,0.120800541858896,0.0002175444136509,True,359.5,itodd_washer.ply,0.033999,0.00034,8791,7472,-0.011809791,-0.019459358,0.02006625,0.999539498,0.002494192,-0.002747463,-1.0394e-05,-0.011888146,-0.019406438,0.014650741,0.999633642,0.002465482,-0.002774757,-9.909e-06,0,0.12080057148059119,0.0002175293512879071,True,359.5
washer,axisymmetric,icp_pt2pt,medium,7,12.192416401677,0.1880649721193537,False,35.43457386599897,0.1772041561779027,False,315.75,itodd_washer.ply,0.033999,0.00034,8791,7472,0.228844498,-0.08763891,0.007526272,0.969480775,-0.000418817,-0.000353842,0.001346196,0.267326799,-0.149025173,-0.067743995,0.949599195,-0.00499482,0.004037219,0.002159389,0,35.434573865473695,0.17720197485173153,False,315.75
washer,axisymmetric,icp_pt2pl,medium,7,7.642348769672955,0.1102916024303078,False,20.15884906616172,0.1008219336129489,False,342.0,itodd_washer.ply,0.033999,0.00034,8791,7472,0.232936794,-0.096328993,-0.084438725,0.964018297,-0.002874615,0.001003396,0.001558277,0.267326799,-0.149025173,-0.067743995,0.949599195,-0.00499482,0.004037219,0.002159389,0,20.158849113509063,0.10082069110303109,False,342.0
washer,axisymmetric,fpfh_ransac,medium,7,179.99860718192355,0.1447070752339365,False,179.9831350657056,0.3972518893067269,False,189.5,itodd_washer.ply,0.033999,0.00034,8791,7472,-0.670852316,0.675494652,-0.10537271,0.287333844,-0.003208801,0.005570445,-0.002160812,0.267326799,-0.149025173,-0.067743995,0.949599195,-0.00499482,0.004037219,0.002159389,0,179.98313509827312,0.3972470285832009,False,189.5
washer,axisymmetric,fgr,medium,7,15.156994609372974,0.0483288218289203,False,0.5580196587909992,0.002428559817078,True,345.0,itodd_washer.ply,0.033999,0.00034,8791,7472,0.280666828,-0.110475012,0.057959861,0.951662786,-0.005890505,0.002660715,0.002106478,0.267326799,-0.149025173,-0.067743995,0.949599195,-0.00499482,0.004037219,0.002159389,0,0.5580196536193582,0.0024285192341703685,True,345.0
washer,axisymmetric,icp_pt2pt,medium,8,16.236587168072763,0.0923005017086051,False,18.282135045583427,0.0920717375263749,False,3.25,itodd_washer.ply,0.033999,0.00034,8791,7472,0.155694522,0.134406317,-5.9138e-05,0.978618493,-4.2006e-05,-0.00015069,-0.000208111,0.248069613,0.197962622,-0.079661174,0.944947811,0.00171816,-0.002732019,-0.000501612,0,18.28213504538657,0.09207061401404032,False,3.25
washer,axisymmetric,icp_pt2pl,medium,8,14.440433570915236,0.0239189977162299,False,6.950063182586766,0.0123185926172366,False,12.75,itodd_washer.ply,0.033999,0.00034,8791,7472,0.227455906,0.128226251,-0.182434166,0.947913295,0.001135247,-0.003130181,-0.000905337,0.248069613,0.197962622,-0.079661174,0.944947811,0.00171816,-0.002732019,-0.000501612,0,6.950063079106596,0.0123184409170912,False,12.75
washer,axisymmetric,fpfh_ransac,medium,8,81.22481940454169,0.0738294604163414,False,12.474897585992723,0.0625638068940664,False,291.25,itodd_washer.ply,0.033999,0.00034,8791,7472,0.059471294,0.312115141,0.554546378,0.769107026,0.001246729,-0.000266591,-0.000499964,0.248069613,0.197962622,-0.079661174,0.944947811,0.00171816,-0.002732019,-0.000501612,0,12.474897653647533,0.06256305488574827,False,291.25
washer,axisymmetric,fgr,medium,8,20.771632280313927,0.0342024801546631,False,6.984118276110706,0.0125998526539194,False,19.5,itodd_washer.ply,0.033999,0.00034,8791,7472,0.237055845,0.111464819,-0.237999342,0.935273454,0.000757127,-0.003239326,-0.000915427,0.248069613,0.197962622,-0.079661174,0.944947811,0.00171816,-0.002732019,-0.000501612,0,6.984118165448295,0.012599703068431417,False,19.5
washer,axisymmetric,icp_pt2pt,medium,9,1.0203776864123202,0.1006255989253713,False,19.7518442699606,0.0996223466079825,False,20.75,itodd_washer.ply,0.033999,0.00034,8791,7472,0.006694645,-0.003931269,-0.007485993,0.999941842,0.000363402,6.3032e-05,-0.000457301,0.005213844,-0.002896621,0.0012332,0.999981452,0.002523709,0.001865601,0.001488961,0,19.751844200809582,0.09962113477413127,False,20.75
washer,axisymmetric,icp_pt2pl,medium,9,7.058642618469814,0.0578776912980354,False,4.0595469989193145,0.0576892538636379,False,357.0,itodd_washer.ply,0.033999,0.00034,8791,7472,0.006508848,-0.002309905,0.062773562,0.998003897,0.002332596,0.001917935,-0.000468797,0.005213844,-0.002896621,0.0012332,0.999981452,0.002523709,0.001865601,0.001488961,0,4.05954699941765,0.05768856141738025,False,357.0
washer,axisymmetric,fpfh_ransac,medium,9,179.98741804744844,0.1968591377275211,False,179.9720337442399,0.0943063706130538,False,126.5,itodd_washer.ply,0.033999,0.00034,8791,7472,0.791244857,-0.61146922,0.000935883,-0.006007685,-0.001136336,-0.002879465,-0.001491602,0.005213844,-0.002896621,0.0012332,0.999981452,0.002523709,0.001865601,0.001488961,0,179.97203375995684,0.09430522170783241,False,126.5
washer,axisymmetric,fgr,medium,9,1.227749245358005,0.0019401198463778,True,0.0259696599071712,6.27485843693247e-05,True,358.75,itodd_washer.ply,0.033999,0.00034,8791,7472,0.005356775,-0.002876413,0.011946072,0.999910157,0.002483461,0.001917858,0.001488633,0.005213844,-0.002896621,0.0012332,0.999981452,0.002523709,0.001865601,0.001488961,0,0.025969679386704653,6.276905178805745e-05,True,358.75
washer,axisymmetric,icp_pt2pt,medium,10,9.462106140157127,0.0908275911627495,False,17.03967734162966,0.0858447935973522,False,333.5,itodd_washer.ply,0.033999,0.00034,8791,7472,0.107658107,-0.170402292,-0.005212721,0.979461903,-0.001273177,-0.000321461,0.001810356,0.092022904,-0.179081528,-0.085716569,0.975763425,-0.003390789,0.000776087,0.003771711,0,17.03967728033602,0.08584374993188282,False,333.5
washer,axisymmetric,icp_pt2pl,medium,10,2.030650468528965,0.0586370633746669,False,3.2210508490364345,0.0578792488956806,False,354.75,itodd_washer.ply,0.033999,0.00034,8791,7472,0.095738022,-0.177467075,-0.06851399,0.97705962,-0.003585742,0.00048623,0.001808977,0.092022904,-0.179081528,-0.085716569,0.975763425,-0.003390789,0.000776087,0.003771711,0,3.221050864928471,0.05787852998726369,False,354.75
washer,axisymmetric,fpfh_ransac,medium,10,57.15675612675745,0.0987630560143191,False,0.0937323417115575,0.0002468534005451,True,57.25,itodd_washer.ply,0.033999,0.00034,8791,7472,-0.004871719,-0.201219247,-0.542043807,0.815889449,-0.001172886,0.003297149,0.003771323,0.092022904,-0.179081528,-0.085716569,0.975763425,-0.003390789,0.000776087,0.003771711,0,0.0937323038467216,0.0002468500992425738,True,57.25
washer,axisymmetric,fgr,medium,10,21.97275251332835,0.0455039992284322,False,8.208107960630214,0.0410500651109962,False,341.5,itodd_washer.ply,0.033999,0.00034,8791,7472,0.077616995,-0.10807938,0.091150404,0.986907318,-0.002997455,-9.081e-06,0.00504538,0.092022904,-0.179081528,-0.085716569,0.975763425,-0.003390789,0.000776087,0.003771711,0,8.208108011141976,0.041049576563019205,False,341.5
washer,axisymmetric,icp_pt2pt,medium,11,12.896284494825403,0.1572382407619109,False,28.72157486940215,0.1446235156017371,False,17.25,itodd_washer.ply,0.033999,0.00034,8791,7472,-0.02340734,0.292812997,-0.0088281,0.955842409,-0.001364565,-0.000460445,-0.004778543,-0.020459545,0.350943884,-0.101718651,0.930630492,0.000369026,-0.005466485,-0.005494527,0,28.721574867807803,0.14462175004742928,False,17.25
washer,axisymmetric,icp_pt2pl,medium,11,12.585611472754591,0.0614894824739607,False,7.5905478520859315,0.0523028125280588,False,346.25,itodd_washer.ply,0.033999,0.00034,8791,7472,-0.038896314,0.292440278,-0.014111478,0.955388207,0.001179704,-0.00371764,-0.004685351,-0.020459545,0.350943884,-0.101718651,0.930630492,0.000369026,-0.005466485,-0.005494527,0,7.590547890405186,0.052302175986439804,False,346.25
washer,axisymmetric,fpfh_ransac,medium,11,179.96119926217148,0.3363677974804626,False,179.95479371199104,0.3408042858588116,False,61.75,itodd_washer.ply,0.033999,0.00034,8791,7472,0.79472412,0.494659859,0.325272201,-0.133877527,-0.000959448,-0.002570988,0.005488824,-0.020459545,0.350943884,-0.101718651,0.930630492,0.000369026,-0.005466485,-0.005494527,0,179.9547937775534,0.34080009761536634,False,61.75
washer,axisymmetric,fgr,medium,11,9.353004137513016,0.0171004691601971,False,4.543207509209214,0.0176993207946763,False,8.25,itodd_washer.ply,0.033999,0.00034,8791,7472,0.010855454,0.314664287,-0.167661783,0.934215217,-1.0513e-05,-0.005487084,-0.005054594,-0.020459545,0.350943884,-0.101718651,0.930630492,0.000369026,-0.005466485,-0.005494527,0,4.543207515506169,0.017699106908063093,False,8.25
washer,axisymmetric,icp_pt2pt,medium,12,9.959917183672646,0.0596229309816405,False,11.896519630514874,0.0595069217471634,False,3.0,itodd_washer.ply,0.033999,0.00034,8791,7472,0.068295875,0.21620614,-0.020268329,0.97374523,0.00130968,0.000207834,0.004346647,0.103188379,0.277760863,-0.066143611,0.952799079,0.003130541,0.000691317,0.005094862,0,11.896519622364487,0.05950620349450019,False,3.0
washer,axisymmetric,icp_pt2pl,medium,12,24.253388748173425,0.0323402181015505,False,8.164657427945153,0.0279583798812219,False,22.75,itodd_washer.ply,0.033999,0.00034,8791,7472,0.118315193,0.194422628,-0.259157615,0.938636611,0.002710118,-6.5727e-05,0.00441731,0.103188379,0.277760863,-0.066143611,0.952799079,0.003130541,0.000691317,0.005094862,0,8.164657413795217,0.027958035805609696,False,22.75
washer,axisymmetric,fpfh_ransac,medium,12,179.9921809804994,0.3184747450005001,False,179.98863699504858,0.345167616877865,False,93.0,itodd_washer.ply,0.033999,0.00034,8791,7472,0.422860955,0.856408088,0.050663545,-0.291868127,5.3526e-05,0.00266267,-0.005097519,0.103188379,0.277760863,-0.066143611,0.952799079,0.003130541,0.000691317,0.005094862,0,179.98863698459223,0.34516340572717447,False,93.0
washer,axisymmetric,fgr,medium,12,11.690104480079402,0.0329077783709766,False,8.426855932867655,0.0247395178170875,False,352.0,itodd_washer.ply,0.033999,0.00034,8791,7472,0.058650311,0.217813253,-0.000101008,0.974226625,0.002401535,0.001347149,0.004556171,0.103188379,0.277760863,-0.066143611,0.952799079,0.003130541,0.000691317,0.005094862,0,8.426855943241595,0.024739213915621144,False,352.0
washer,axisymmetric,icp_pt2pt,medium,13,25.795972890102384,0.1319105949602,False,20.55585093608353,0.1280783399022487,False,43.75,itodd_washer.ply,0.033999,0.00034,8791,7472,0.07088013,0.002362011,-0.013557798,0.997389901,-7.1461e-05,-0.000420042,-0.000546499,0.126828392,-0.014797693,0.201721677,0.971083906,0.002516123,-0.004030938,6.9153e-05,0,20.5558510186485,0.12807676001114565,False,43.75
washer,axisymmetric,icp_pt2pl,medium,13,53.43345171237815,0.1251437686609834,False,4.899114320842858,0.0052526525135263,False,53.25,itodd_washer.ply,0.033999,0.00034,8791,7472,0.075879952,-0.040724909,-0.256732612,0.962638084,-0.001716753,-0.004423305,-0.000107967,0.126828392,-0.014797693,0.201721677,0.971083906,0.002516123,-0.004030938,6.9153e-05,0,4.8991143875262075,0.005252590603337857,False,53.25
washer,axisymmetric,fpfh_ransac,medium,13,158.17555967350336,0.2736859315079656,False,0.1770456699488689,0.0005774359916757,True,202.0,itodd_washer.ply,0.033999,0.00034,8791,7472,0.038547886,0.121780424,0.991705975,-0.014242453,-0.00077109,0.004674005,6.9659e-05,0.126828392,-0.014797693,0.201721677,0.971083906,0.002516123,-0.004030938,6.9153e-05,0,0.177045702145289,0.0005774167031820201,True,202.0
washer,axisymmetric,fgr,medium,13,24.40298317161816,0.0589205873357613,False,0.0971103766146627,0.0003605091370727,True,24.5,itodd_washer.ply,0.033999,0.00034,8791,7472,0.120835393,-0.041235031,-0.008078036,0.991782852,0.000626979,-0.00469728,7.0314e-05,0.126828392,-0.014797693,0.201721677,0.971083906,0.002516123,-0.004030938,6.9153e-05,0,0.09711041624738405,0.0003604914560358306,True,24.5
washer,axisymmetric,icp_pt2pt,medium,14,7.832360972021794,0.1053916537538097,False,10.309689526528674,0.1052779738904299,False,350.0,itodd_washer.ply,0.033999,0.00034,8791,7472,0.010346098,0.090791645,-0.003822197,0.99580883,0.000265327,5.8924e-05,-0.000799494,0.068515816,0.060027924,-0.022255004,0.995593766,0.003702727,0.00010691,0.000210985,0,10.309689454482408,0.10527670044368899,False,350.0
washer,axisymmetric,icp_pt2pl,medium,14,30.935227571906324,0.0669178781010283,False,7.009547877456135,0.0332963266654951,False,30.25,itodd_washer.ply,0.033999,0.00034,8791,7472,0.047721971,0.090672577,-0.285398347,0.952915988,0.003183716,-0.001798619,-0.000918496,0.068515816,0.060027924,-0.022255004,0.995593766,0.003702727,0.00010691,0.000210985,0,7.009547872915804,0.033295936463621,False,30.25
washer,axisymmetric,fpfh_ransac,medium,14,173.6456123228107,0.1051617572130972,False,173.00131375341425,0.1740436933498013,False,49.5,itodd_washer.ply,0.033999,0.00034,8791,7472,0.838606255,0.523577616,0.043304297,-0.143981828,0.001914263,0.003116337,0.000937535,0.068515816,0.060027924,-0.022255004,0.995593766,0.003702727,0.00010691,0.000210985,0,173.00131376840454,0.17404154347629555,False,49.5
washer,axisymmetric,fgr,medium,14,4.898426981015549,0.0093063138690188,False,0.1040331268373351,0.0001953378495344,True,5.0,itodd_washer.ply,0.033999,0.00034,8791,7472,0.071199755,0.057089105,-0.064771548,0.993718308,0.003701603,-0.00020949,0.000210671,0.068515816,0.060027924,-0.022255004,0.995593766,0.003702727,0.00010691,0.000210985,0,0.10403315102449154,0.00019532442205750708,True,5.0
washer,axisymmetric,icp_pt2pt,medium,15,9.742705314251737,0.153108428478355,False,30.369954186199628,0.1529594258596945,False,21.5,itodd_washer.ply,0.033999,0.00034,8791,7472,0.0,0.0,0.0,1.0,0.0,0.0,0.0,-0.041537591,-0.000202529,-0.074066062,0.996387879,0.00183487,-0.002761445,-0.004013052,0,30.36995422008229,0.15295754659256403,False,21.5
washer,axisymmetric,icp_pt2pl,medium,15,9.742705314251737,0.153108428478355,False,30.369954186199628,0.1529594258596945,False,21.5,itodd_washer.ply,0.033999,0.00034,8791,7472,0.0,0.0,0.0,1.0,0.0,0.0,0.0,-0.041537591,-0.000202529,-0.074066062,0.996387879,0.00183487,-0.002761445,-0.004013052,0,30.36995422008229,0.15295754659256403,False,21.5
washer,axisymmetric,fpfh_ransac,medium,15,127.6498166432752,0.1741476605668354,False,0.1543066697434398,0.000710288629547,True,232.5,itodd_washer.ply,0.033999,0.00034,8791,7472,-0.018282881,-0.037513125,0.861531214,0.505986629,0.001124064,0.003116506,-0.004013327,-0.041537591,-0.000202529,-0.074066062,0.996387879,0.00183487,-0.002761445,-0.004013052,0,0.1543066355092838,0.0007102862405802069,True,232.5
washer,axisymmetric,fgr,medium,15,69.15819532517173,0.106649849370694,False,11.07785807779096,0.0243703083525248,False,291.75,itodd_washer.ply,0.033999,0.00034,8791,7472,-0.121240757,-0.064479784,0.494872149,0.858046964,0.003908314,0.000203762,-0.003776732,-0.041537591,-0.000202529,-0.074066062,0.996387879,0.00183487,-0.002761445,-0.004013052,0,11.077858160495133,0.02437002482965169,False,291.75
washer,axisymmetric,icp_pt2pt,medium,16,8.6608381051503,0.0255265021066251,False,6.644963795977418,0.025368097118569,False,5.5,itodd_washer.ply,0.033999,0.00034,8791,7472,0.083233922,-0.127721979,0.000411368,0.988311207,-0.000549054,4.286e-06,0.000469939,0.071649295,-0.177856149,0.055103077,0.979896535,-0.000663188,-0.000114968,-0.000382083,0,6.644963835559033,0.02536778749309803,False,5.5
washer,axisymmetric,icp_pt2pl,medium,16,9.316512693557849,0.0279567951034887,False,7.181974193977107,0.0277828265741508,False,354.0,itodd_washer.ply,0.033999,0.00034,8791,7472,0.11093413,-0.120095674,0.096614,0.981802619,-0.000596463,-0.000215902,0.000560676,0.071649295,-0.177856149,0.055103077,0.979896535,-0.000663188,-0.000114968,-0.000382083,0,7.181974264119449,0.027782494305442062,False,354.0
washer,axisymmetric,fpfh_ransac,medium,16,179.9964213361897,0.0460823988578038,False,179.98455311918727,0.0294139556417554,False,206.75,itodd_washer.ply,0.033999,0.00034,8791,7472,-0.356429759,0.914441415,0.008589174,0.19152272,0.000582902,0.000453075,0.000379002,0.071649295,-0.177856149,0.055103077,0.979896535,-0.000663188,-0.000114968,-0.000382083,0,179.9845530322174,0.029413592937516428,False,206.75
washer,axisymmetric,fgr,medium,16,15.572048020730795,0.0052130746331346,False,11.396275234806405,0.0039024111113873,False,10.75,itodd_washer.ply,0.033999,0.00034,8791,7472,0.033810491,-0.087614239,-0.037842358,0.994861072,-0.000708784,-3.57e-07,-0.000254809,0.071649295,-0.177856149,0.055103077,0.979896535,-0.000663188,-0.000114968,-0.000382083,0,11.396275293336938,0.0039023751717101435,False,10.75
washer,axisymmetric,icp_pt2pt,medium,17,16.22104307990266,0.0175448188129592,False,9.616577708134107,0.0153017818610197,False,347.0,itodd_washer.ply,0.033999,0.00034,8791,7472,-0.094606164,-0.213893052,0.003827549,0.972257572,0.000396049,0.000767886,0.000334226,-0.133572668,-0.280995024,-0.110965465,0.943868002,0.000709923,0.000667639,0.000831462,0,9.616577729361234,0.015301569283351597,False,347.0
washer,axisymmetric,icp_pt2pl,medium,17,16.294741015286775,0.0223548951229872,False,8.107313605004718,0.0207500712164639,False,345.75,itodd_washer.ply,0.033999,0.00034,8791,7472,-0.101651295,-0.227510432,0.01436392,0.968348953,0.000464713,0.000821692,0.000128759,-0.133572668,-0.280995024,-0.110965465,0.943868002,0.000709923,0.000667639,0.000831462,0,8.107313596652727,0.02074979585814345,False,345.75
washer,axisymmetric,fpfh_ransac,medium,17,46.39175251617998,0.021711315221068,False,0.1083049941633198,0.0005993959097281,True,46.5,itodd_washer.ply,0.033999,0.00034,8791,7472,-0.233544872,-0.205642635,-0.473730614,0.823861156,0.000979775,-1.942e-05,0.000830817,-0.133572668,-0.280995024,-0.110965465,0.943868002,0.000709923,0.000667639,0.000831462,0,0.10830491844692278,0.0005994062041570296,True,46.5
washer,axisymmetric,fgr,medium,17,18.7781030896944,0.0069332174900539,False,10.895172704731804,0.0094659365854827,False,344.75,itodd_washer.ply,0.033999,0.00034,8791,7472,-0.067824432,-0.208761681,0.016525731,0.975471838,0.000736044,0.00075101,0.001050394,-0.133572668,-0.280995024,-0.110965465,0.943868002,0.000709923,0.000667639,0.000831462,0,10.89517269412609,0.009465837814021928,False,344.75
washer,axisymmetric,icp_pt2pt,medium,18,2.895315723035913,0.0609359495460976,False,0.8711272889435046,0.060934578949443,False,356.25,itodd_washer.ply,0.033999,0.00034,8791,7472,-0.013283534,0.012097354,-0.000565189,0.999838428,1.7013e-05,7.0733e-05,-0.001117038,-0.012426985,0.011262545,-0.025800658,0.999526413,4.1438e-05,0.000741753,-0.003076942,0,0.8711272495386885,0.06093381990563817,False,356.25
washer,axisymmetric,icp_pt2pl,medium,18,1.9821806470845416,0.0580574572616765,False,11.480497205082385,0.0578768831458564,False,350.5,itodd_washer.ply,0.033999,0.00034,8791,7472,-0.012001137,0.012224308,-0.043055772,0.998925793,-0.000122286,0.00080854,-0.001111007,-0.012426985,0.011262545,-0.025800658,0.999526413,4.1438e-05,0.000741753,-0.003076942,0,11.48049715391031,0.057876163157657416,False,350.5
washer,axisymmetric,fpfh_ransac,medium,18,151.30560800345293,0.0548806146678315,False,3.9444161871055248,0.0205741535222681,False,204.75,itodd_washer.ply,0.033999,0.00034,8791,7472,-0.013837271,-0.009412885,0.961959361,0.272679511,0.000209645,-0.001116511,-0.003079202,-0.012426985,0.011262545,-0.025800658,0.999526413,4.1438e-05,0.000741753,-0.003076942,0,3.94441615870941,0.020573901360404632,False,204.75
washer,axisymmetric,fgr,medium,18,92.72160624250844,0.0314594920664759,False,0.0311003539184395,0.0004345911703825,True,92.75,itodd_washer.ply,0.033999,0.00034,8791,7472,0.000460156,-0.016859443,0.741161778,-0.67111457,0.000763964,-4.6885e-05,-0.00307899,-0.012426985,0.011262545,-0.025800658,0.999526413,4.1438e-05,0.000741753,-0.003076942,0,0.031100408271067748,0.00043458838445144645,True,92.75
washer,axisymmetric,icp_pt2pt,medium,19,17.277130762677558,0.0261162244424727,False,6.598695589091324,0.0246895303462516,False,344.0,itodd_washer.ply,0.033999,0.00034,8791,7472,-0.269098478,-0.099722953,0.013233998,0.957844561,0.000467782,0.000535663,0.000773004,-0.33494409,-0.064412315,-0.115167242,0.932952312,0.001049178,0.00063192,0.001437162,0,6.598695586295004,0.02468922773625714,False,344.0
washer,axisymmetric,icp_pt2pl,medium,19,10.457723586328717,0.0173941164137704,False,5.993255199364504,0.0173641664565964,False,351.5,itodd_washer.ply,0.033999,0.00034,8791,7472,-0.279683047,-0.086142813,-0.049490939,0.954938457,0.000945818,0.00067208,0.000856276,-0.33494409,-0.064412315,-0.115167242,0.932952312,0.001049178,0.00063192,0.001437162,0,5.9932551996345165,0.017363952000760713,False,351.5
washer,axisymmetric,fpfh_ransac,medium,19,179.9864177645445,0.1195544355405199,False,179.98452195647553,0.1375077251623737,False,302.75,itodd_washer.ply,0.033999,0.00034,8791,7472,-0.38327333,0.858300009,0.339267448,-0.036335214,0.001397607,-0.00222125,-0.001436799,-0.33494409,-0.064412315,-0.115167242,0.932952312,0.001049178,0.00063192,0.001437162,0,179.98452189911467,0.13750603314812995,False,302.75
washer,axisymmetric,fgr,medium,19,169.74254627720697,0.0890250226131011,False,168.12493704408865,0.0991816360246244,False,299.5,itodd_washer.ply,0.033999,0.00034,8791,7472,0.948451946,0.179263824,-0.087502055,0.246265666,0.000912552,-0.000255443,-0.001453336,-0.33494409,-0.064412315,-0.115167242,0.932952312,0.001049178,0.00063192,0.001437162,0,168.1249370326378,0.09918040736365451,False,299.5
washer,axisymmetric,icp_pt2pt,hard,0,21.42130163963662,0.4147077296272872,False,21.829008941284822,0.4141990267171602,False,316.75,itodd_washer.ply,0.033999,0.00034,8791,5275,-0.020924567,-0.045355962,0.000720028,0.998751461,8.2832e-05,1.3163e-05,0.001701571,-0.029713648,-0.040472765,-0.184871054,0.981479367,0.010937696,-0.008985011,0.001701119,0,21.82900900025164,0.4141939658438544,False,316.75
washer,axisymmetric,icp_pt2pl,hard,0,29.202503416445623,0.3563606797600672,False,6.548677688843439,0.3389153586430656,False,324.25,itodd_washer.ply,0.033999,0.00034,8791,5275,-0.018257551,-0.047611006,0.068485209,0.996348147,0.002637119,-0.000159386,0.001720197,-0.029713648,-0.040472765,-0.184871054,0.981479367,0.010937696,-0.008985011,0.001701119,0,6.548677657995594,0.33891119747888,False,324.25
washer,axisymmetric,fpfh_ransac,hard,0,179.9640576275204,0.6717572103340915,False,179.9375848757718,0.7974761330102486,False,109.75,itodd_washer.ply,0.033999,0.00034,8791,5275,0.910378752,0.410648207,-0.032994775,0.038599507,0.005632741,0.012964768,-0.001715772,-0.029713648,-0.040472765,-0.184871054,0.981479367,0.010937696,-0.008985011,0.001701119,0,179.93758488386518,0.7974663417905957,False,109.75
washer,axisymmetric,fgr,hard,0,20.326296337055098,0.1472446932308205,False,0.1900051916990165,0.0009564071892602,True,339.5,itodd_washer.ply,0.033999,0.00034,8791,5275,-0.022036577,-0.045751163,-0.008805598,0.998670958,0.013373634,-0.004611546,0.001713866,-0.029713648,-0.040472765,-0.184871054,0.981479367,0.010937696,-0.008985011,0.001701119,0,0.19000516958999802,0.0009563804067991041,True,339.5
washer,axisymmetric,icp_pt2pt,hard,1,158.94678307356014,0.2109948829227762,False,52.064043314462566,0.2614239610171563,False,107.0,itodd_washer.ply,0.033999,0.00034,8791,5275,-0.553723507,-0.350611963,0.067471853,0.752269286,0.000368504,-0.001106757,-0.006863674,0.24115004,-0.583292924,0.771574907,0.079298086,0.000462554,-0.007890166,-0.004532149,0,52.0640433439745,0.26142076554240873,False,107.0
washer,axisymmetric,icp_pt2pl,hard,1,166.9207480853711,0.3538154172062972,False,25.329608674654157,0.1269952648719449,False,192.25,itodd_washer.ply,0.033999,0.00034,8791,5275,-0.551105512,-0.305781626,0.008900061,0.776338264,0.00090775,0.003975465,-0.006458493,0.24115004,-0.583292924,0.771574907,0.079298086,0.000462554,-0.007890166,-0.004532149,0,25.32960870899363,0.12699372685185953,False,192.25
washer,axisymmetric,fpfh_ransac,hard,1,179.89771106749112,0.6985775405633424,False,179.87111691073176,0.7119293549328569,False,75.0,itodd_washer.ply,0.033999,0.00034,8791,5275,0.120146979,0.765623218,0.503091096,0.382472405,0.009604733,0.012062371,0.00454585,0.24115004,-0.583292924,0.771574907,0.079298086,0.000462554,-0.007890166,-0.004532149,0,179.87111695627746,0.7119206413307885,False,75.0
washer,axisymmetric,fgr,hard,1,171.6753444072578,0.7074179557835777,False,7.472831362724081,0.2440032681624744,False,184.0,itodd_washer.ply,0.033999,0.00034,8791,5275,-0.558856452,-0.186201105,-0.141927683,0.795528219,0.000233933,0.016130825,-0.003348776,0.24115004,-0.583292924,0.771574907,0.079298086,0.000462554,-0.007890166,-0.004532149,0,7.4728313323473206,0.2440002882611294,False,184.0
washer,axisymmetric,icp_pt2pt,hard,2,13.22172251461256,0.0881903819857284,False,17.150627894373475,0.0863782937853677,False,10.0,itodd_washer.ply,0.033999,0.00034,8791,5275,-0.17144548,0.121157547,0.005344637,0.977700737,-1.8105e-05,-0.000347208,-0.000534239,-0.246973018,0.202822421,0.001355165,0.94755768,0.002932583,-0.000854385,-0.000696416,0,17.150627801453986,0.08637722930742686,False,10.0
washer,axisymmetric,icp_pt2pl,hard,2,9.268597000857143,0.020266429223118,False,7.215917519932169,0.0186065801970674,False,5.75,itodd_washer.ply,0.033999,0.00034,8791,5275,-0.186211001,0.247647634,-0.027441845,0.950391003,0.002815747,-0.00110453,-6.5117e-05,-0.246973018,0.202822421,0.001355165,0.94755768,0.002932583,-0.000854385,-0.000696416,0,7.21591746087647,0.018606333446385653,False,5.75
washer,axisymmetric,fpfh_ransac,hard,2,179.82349052620015,0.1732835763256753,False,179.03520371396434,0.1011078802841396,False,159.0,itodd_washer.ply,0.033999,0.00034,8791,5275,0.570047365,0.760226118,0.311342464,-0.012966143,-0.001638054,0.002560183,0.000772784,-0.246973018,0.202822421,0.001355165,0.94755768,0.002932583,-0.000854385,-0.000696416,0,179.03520372500688,0.1011066375112,False,159.0
washer,axisymmetric,fgr,hard,2,12.85848036479833,0.0214130070457535,False,8.622204117998239,0.0142600799132993,False,350.5,itodd_washer.ply,0.033999,0.00034,8791,5275,-0.220590742,0.123262929,0.073865995,0.964722649,0.002920942,-0.00029561,-0.001162932,-0.246973018,0.202822421,0.001355165,0.94755768,0.002932583,-0.000854385,-0.000696416,0,8.622204055976805,0.014259921600367436,False,350.5
washer,axisymmetric,icp_pt2pt,hard,3,45.119576091384346,0.0463257030258885,False,6.1310185741524,0.0311053984048172,False,308.75,itodd_washer.ply,0.033999,0.00034,8791,5275,-0.033490692,-0.02803626,-0.027346685,0.998671368,-0.000677706,-0.000537052,-0.00021479,-0.041081915,-0.013230508,-0.408414758,0.911775529,-0.001858639,0.000505063,-0.000221542,0,6.131018547036331,0.031105026457263266,False,308.75
washer,axisymmetric,icp_pt2pl,hard,3,39.68354006705487,0.0393228116053292,False,0.1197994551834579,0.0005670195985708,True,320.25,itodd_washer.ply,0.033999,0.00034,8791,5275,-0.03490119,-0.026692378,-0.074679333,0.996239139,-0.001735841,-0.000826172,-0.000212195,-0.041081915,-0.013230508,-0.408414758,0.911775529,-0.001858639,0.000505063,-0.000221542,0,0.11979945127715434,0.0005670042206569903,True,320.25
washer,axisymmetric,fpfh_ransac,hard,3,179.91670868000065,0.036567315892546,False,179.9053368904673,0.0250797143233407,False,303.25,itodd_washer.ply,0.033999,0.00034,8791,5275,0.891522226,0.450843553,-0.011379797,0.042411213,-0.00180375,-0.000659418,0.000210441,-0.041081915,-0.013230508,-0.408414758,0.911775529,-0.001858639,0.000505063,-0.000221542,0,179.90533693429717,0.02507942519227876,False,303.25
washer,axisymmetric,fgr,hard,3,46.2337799253787,0.0455876916903248,False,0.0971872772498918,0.0007919457012157,True,313.75,itodd_washer.ply,0.033999,0.00034,8791,5275,-0.033275813,-0.028638113,-0.01764261,0.998880031,-0.001627245,-0.001027455,-0.000212148,-0.041081915,-0.013230508,-0.408414758,0.911775529,-0.001858639,0.000505063,-0.000221542,0,0.09718726310440162,0.0007919365621969232,True,313.75
washer,axisymmetric,icp_pt2pt,hard,4,11.255904552409955,0.0145671797321556,False,4.41906614829714,0.0145378412311207,False,10.25,itodd_washer.ply,0.033999,0.00034,8791,5275,0.156018734,0.047969328,-0.001771874,0.986587025,0.000371939,-5.43e-05,9.9625e-05,0.143799428,0.024456091,0.092757357,0.984946545,0.000409243,-1.7719e-05,-0.000392875,0,4.4190661127192215,0.014537667531581344,False,10.25
washer,axisymmetric,icp_pt2pl,hard,4,18.346988446271563,0.0032899561992252,False,0.0980486193960519,0.0003891229681938,True,18.25,itodd_washer.ply,0.033999,0.00034,8791,5275,0.145954491,0.001205171,-0.065450632,0.987123117,0.000379227,-0.000125465,-0.000391818,0.143799428,0.024456091,0.092757357,0.984946545,0.000409243,-1.7719e-05,-0.000392875,0,0.09804860285457549,0.0003891196679780892,True,18.25
washer,axisymmetric,fpfh_ransac,hard,4,179.99072344934837,0.0291689455842795,False,179.95462234344126,0.0249045414409842,False,156.5,itodd_washer.ply,0.033999,0.00034,8791,5275,-0.457680119,0.877027368,-0.134219985,0.057765899,-0.000108076,-0.000342456,0.000388407,0.143799428,0.024456091,0.092757357,0.984946545,0.000409243,-1.7719e-05,-0.000392875,0,179.95462234936875,0.024904235633039902,False,156.5
washer,axisymmetric,fgr,hard,4,23.547728209929986,0.0897994927359919,False,18.052595035675587,0.0908649651945704,False,5.5,itodd_washer.ply,0.033999,0.00034,8791,5275,0.138693998,-0.007814084,-0.109754075,0.984203718,-3.9018e-05,0.003002171,-0.000414662,0.143799428,0.024456091,0.092757357,0.984946545,0.000409243,-1.7719e-05,-0.000392875,0,18.052595065901713,0.09086385187582784,False,5.5
washer,axisymmetric,icp_pt2pt,hard,5,138.85316065426937,0.4690367518124817,False,127.73441531248017,0.4691114142475292,False,74.25,itodd_washer.ply,0.033999,0.00034,8791,5275,0.0,0.0,0.0,1.0,0.0,0.0,0.0,0.896283983,-0.052546236,0.265380449,0.351407359,0.001194965,0.005615958,-0.014877051,0,127.73441531945672,0.46910566143725163,False,74.25
washer,axisymmetric,icp_pt2pl,hard,5,138.85316065426937,0.4690367518124817,False,127.73441531248017,0.4691114142475292,False,74.25,itodd_washer.ply,0.033999,0.00034,8791,5275,0.0,0.0,0.0,1.0,0.0,0.0,0.0,0.896283983,-0.052546236,0.265380449,0.351407359,0.001194965,0.005615958,-0.014877051,0,127.73441531945672,0.46910566143725163,False,74.25
washer,axisymmetric,fpfh_ransac,hard,5,101.86815443262287,0.2616915759956031,False,0.1207031184482171,0.0004766591103181,True,101.75,itodd_washer.ply,0.033999,0.00034,8791,5275,-0.524050869,0.729047079,0.105532634,-0.427462169,0.005280374,-0.002287748,-0.014872347,0.896283983,-0.052546236,0.265380449,0.351407359,0.001194965,0.005615958,-0.014877051,0,0.1207031746051614,0.00047664800477204526,True,101.75
washer,axisymmetric,fgr,hard,5,174.67181505165522,0.915785413753526,False,169.9287144378374,0.8495923838065059,False,131.75,itodd_washer.ply,0.033999,0.00034,8791,5275,-0.304653526,0.204374107,0.012811837,0.930189932,-0.00124897,-0.006877154,0.013537081,0.896283983,-0.052546236,0.265380449,0.351407359,0.001194965,0.005615958,-0.014877051,0,169.9287143962539,0.8495819743123764,False,131.75
washer,axisymmetric,icp_pt2pt,hard,6,13.75419302711771,0.0276331945221601,False,6.861270370723258,0.0276597739931423,False,348.0,itodd_washer.ply,0.033999,0.00034,8791,5275,0.078168304,-0.326136114,-0.024466024,0.941767681,4.3633e-05,3.7635e-05,0.001048442,-0.006906289,-0.356592198,-0.102256425,0.928621522,-3.4487e-05,0.000107852,0.000114843,0,6.861270344543647,0.027659431954054264,False,348.0
washer,axisymmetric,icp_pt2pl,hard,6,8.840197414540924,0.0267000522604064,False,6.995541121850172,0.0266945820847551,False,354.5,itodd_washer.ply,0.033999,0.00034,8791,5275,0.066797262,-0.352355989,-0.07997969,0.930046575,-1.933e-05,4.2732e-05,0.001020141,-0.006906289,-0.356592198,-0.102256425,0.928621522,-3.4487e-05,0.000107852,0.000114843,0,6.995541164754615,0.026694245650397255,False,354.5
washer,axisymmetric,fpfh_ransac,hard,6,77.90730267868109,0.2259633290761458,False,43.84283757271454,0.2202361424840757,False,121.75,itodd_washer.ply,0.033999,0.00034,8791,5275,0.229565822,0.272193446,0.663359345,-0.658152445,0.006957801,-0.003074534,0.000104382,-0.006906289,-0.356592198,-0.102256425,0.928621522,-3.4487e-05,0.000107852,0.000114843,0,43.84283753698211,0.2202334519894865,False,121.75
washer,axisymmetric,fgr,hard,6,7.575649982345504,0.012100992108326,False,3.7872486021809713,0.0120449108379084,False,353.5,itodd_washer.ply,0.033999,0.00034,8791,5275,0.008166997,-0.325810891,-0.047923639,0.944184245,-9.435e-05,7.5789e-05,-0.00029093,-0.006906289,-0.356592198,-0.102256425,0.928621522,-3.4487e-05,0.000107852,0.000114843,0,3.787248561237944,0.012044753899279392,False,353.5
washer,axisymmetric,icp_pt2pt,hard,7,179.6536121962242,0.4193769814468827,False,179.62557825815065,0.4045858691872615,False,44.5,itodd_washer.ply,0.033999,0.00034,8791,5275,0.131049896,0.115015378,-0.010521131,0.984625154,-0.000920647,0.000766873,-0.003880511,0.408252417,0.896679884,-0.06874965,-0.15674385,-0.009548115,-0.005175998,0.005791408,0,179.62557827904496,0.40458091500750626,False,44.5
washer,axisymmetric,icp_pt2pl,hard,7,170.49129319984772,74.39104732070763,False,170.68232063336526,74.39000458314659,False,355.5,itodd_washer.ply,0.033999,0.00034,8791,5275,0.056915407,0.055657936,-0.003177896,0.996821314,-2.12855839,-1.385950364,-0.002008585,0.408252417,0.896679884,-0.06874965,-0.15674385,-0.009548115,-0.005175998,0.005791408,0,170.6823206641906,74.38909325403417,False,355.5
washer,axisymmetric,fpfh_ransac,hard,7,179.96426595022365,0.5360169199753421,False,179.86498538229614,0.4511319008034286,False,149.25,itodd_washer.ply,0.033999,0.00034,8791,5275,-0.163286383,0.054484208,0.856185593,-0.487150139,-0.004342177,0.007884618,-0.005802815,0.408252417,0.896679884,-0.06874965,-0.15674385,-0.009548115,-0.005175998,0.005791408,0,179.86498538628052,0.45112636378043214,False,149.25
washer,axisymmetric,fgr,hard,7,166.66487850672496,0.4425665115957408,False,165.9923123343429,0.5489107504414411,False,35.5,itodd_washer.ply,0.033999,0.00034,8791,5275,0.038367659,0.03216074,0.063735327,0.996710298,0.000998613,-0.009151564,-0.004176672,0.408252417,0.896679884,-0.06874965,-0.15674385,-0.009548115,-0.005175998,0.005791408,0,165.99231239508848,0.548904032417733,False,35.5
washer,axisymmetric,icp_pt2pt,hard,8,2.308856055492375,0.1406516034762424,False,16.441399039807816,0.1392284121414715,False,341.25,itodd_washer.ply,0.033999,0.00034,8791,5275,-0.000648557,-0.000863573,0.020718221,0.999784771,-0.000686192,-0.000459487,0.000693743,-0.000470548,-0.000651194,0.000573042,0.999999513,-0.004969003,-0.001318644,-0.001252143,0,16.441399035771767,0.13922670101919785,False,341.25
washer,axisymmetric,icp_pt2pl,hard,8,0.6992866841711718,0.0592041259862812,False,1.834260252933436,0.058778922644976,False,2.5,itodd_washer.ply,0.033999,0.00034,8791,5275,-5.6231e-05,0.000893523,-0.005316058,0.999985469,-0.005262683,-0.001141814,0.000731307,-0.000470548,-0.000651194,0.000573042,0.999999513,-0.004969003,-0.001318644,-0.001252143,0,1.8342602457158719,0.0587782005578969,False,2.5
washer,axisymmetric,fpfh_ransac,hard,8,179.8507768223697,0.4529464811839745,False,179.84115216216256,0.5137535116579066,False,40.0,itodd_washer.ply,0.033999,0.00034,8791,5275,0.208450716,0.978032369,0.000813331,-0.000567709,0.00729487,-0.010299491,0.001215164,-0.000470548,-0.000651194,0.000573042,0.999999513,-0.004969003,-0.001318644,-0.001252143,0,179.84115217158805,0.5137472183166214,False,40.0
washer,axisymmetric,fgr,hard,8,0.269935388745912,0.0007628333127858,True,0.0574231561028369,0.0003803764878474,True,0.25,itodd_washer.ply,0.033999,0.00034,8791,5275,-0.00036041,-0.000177397,-0.001731818,0.99999842,-0.004974387,-0.001296816,-0.001239214,-0.000470548,-0.000651194,0.000573042,0.999999513,-0.004969003,-0.001318644,-0.001252143,0,0.05742314566836773,0.00038036499058856073,True,0.25
washer,axisymmetric,icp_pt2pt,hard,9,165.0805929156642,0.0061560606152139,False,163.89359444599685,0.0045035230925277,False,44.25,itodd_washer.ply,0.033999,0.00034,8791,5275,0.24353448,0.421923912,0.002439031,0.87330706,0.000207669,8.5739e-05,0.000185792,0.205446045,0.769984778,-0.177339208,-0.577465297,0.00013206,0.000211856,3.6852e-05,0,163.89359442402366,0.0045034514844371825,False,44.25
washer,axisymmetric,icp_pt2pl,hard,9,172.48214622993322,0.0153357940652558,False,166.637633877843,0.0192446929382996,False,111.5,itodd_washer.ply,0.033999,0.00034,8791,5275,0.372721797,0.354184831,-0.289577435,0.807326747,0.000186816,0.000228716,0.00055509,0.205446045,0.769984778,-0.177339208,-0.577465297,0.00013206,0.000211856,3.6852e-05,0,166.6376337869552,0.01924444659363625,False,111.5
washer,axisymmetric,fpfh_ransac,hard,9,179.95853444965897,0.1529277029621848,False,179.9582436778403,0.1513252679242658,False,13.5,itodd_washer.ply,0.033999,0.00034,8791,5275,0.109300841,0.594396599,0.293401641,0.740716874,0.004206121,-0.003017446,-4.4498e-05,0.205446045,0.769984778,-0.177339208,-0.577465297,0.00013206,0.000211856,3.6852e-05,0,179.95824375346297,0.15132341354919365,False,13.5
washer,axisymmetric,fgr,hard,9,175.947863224179,0.0302793010961655,False,166.54077735461811,0.0379761868511486,False,145.0,itodd_washer.ply,0.033999,0.00034,8791,5275,-0.499643301,-0.086320144,0.658383981,-0.556269663,-0.00054078,0.000823941,0.000518943,0.205446045,0.769984778,-0.177339208,-0.577465297,0.00013206,0.000211856,3.6852e-05,0,166.5407772695607,0.037975705051293634,False,145.0
washer,axisymmetric,icp_pt2pt,hard,10,174.10865153811685,0.0779607045583122,False,165.81911025656885,0.0598437214900273,False,229.25,itodd_washer.ply,0.033999,0.00034,8791,5275,0.192075812,-0.356768682,0.006877753,0.914207682,-0.000591171,0.000474143,0.00080582,0.37920288,0.769724736,-0.430392485,0.280163015,0.001269797,0.000858345,-0.001042049,0,165.81911031471668,0.05984299670665986,False,229.25
washer,axisymmetric,icp_pt2pl,hard,10,173.13185700583983,0.1035009800045904,False,172.7662732614255,0.1134274119223748,False,36.5,itodd_washer.ply,0.033999,0.00034,8791,5275,0.332936218,-0.380500793,0.034826015,0.862067149,-0.000107245,0.001339582,0.002160251,0.37920288,0.769724736,-0.430392485,0.280163015,0.001269797,0.000858345,-0.001042049,0,172.76627316425422,0.11342600138639572,False,36.5
washer,axisymmetric,fpfh_ransac,hard,10,33.698971276710715,0.0415880715678338,False,2.801742974975741,0.0141473370070819,False,323.5,itodd_washer.ply,0.033999,0.00034,8791,5275,0.139974565,0.846846153,-0.330261239,0.392665542,0.000239955,0.001827156,-0.001035329,0.37920288,0.769724736,-0.430392485,0.280163015,0.001269797,0.000858345,-0.001042049,0,2.8017430692497385,0.014147168851733597,False,323.5
washer,axisymmetric,fgr,hard,10,173.8275930919622,0.0822101466263866,False,166.1292364758872,0.1150597638925858,False,233.0,itodd_washer.ply,0.033999,0.00034,8791,5275,0.23148154,-0.333843923,0.074629069,0.910711279,0.000958979,0.003399295,8.0069e-05,0.37920288,0.769724736,-0.430392485,0.280163015,0.001269797,0.000858345,-0.001042049,0,166.12923657498553,0.11505836276511693,False,233.0
washer,axisymmetric,icp_pt2pt,hard,11,5.186450236268602,0.0018899516571116,False,0.0709411881192061,0.0013372901416461,True,354.75,itodd_washer.ply,0.033999,0.00034,8791,5275,0.054914908,-0.059806086,0.004378558,0.996688724,-0.000289638,4.4592e-05,0.000226266,0.052348261,-0.062045582,-0.040742031,0.995866503,-0.000320811,0.000100715,0.00022896,0,0.07094112472165227,0.0013372788337934333,True,354.75
washer,axisymmetric,icp_pt2pl,hard,11,6.174661923124007,0.0009309255457129,False,0.0768548860445218,0.0006556463591843,True,353.75,itodd_washer.ply,0.033999,0.00034,8791,5275,0.055752002,-0.059165633,0.012945643,0.996606017,-0.000344116,7.9301e-05,0.000229135,0.052348261,-0.062045582,-0.040742031,0.995866503,-0.000320811,0.000100715,0.00022896,0,0.07685484346861932,0.000655634514608523,True,353.75
washer,axisymmetric,fpfh_ransac,hard,11,179.971037473463,0.2427406365311075,False,179.94267944707892,0.2382447350386425,False,240.75,itodd_washer.ply,0.033999,0.00034,8791,5275,0.21877932,0.97237594,-0.067058582,0.046084556,0.006961146,0.003956539,-0.000234784,0.052348261,-0.062045582,-0.040742031,0.995866503,-0.000320811,0.000100715,0.00022896,0,179.9426794749158,0.23824180199788725,False,240.75
washer,axisymmetric,fgr,hard,11,8.323117696651932,0.0020142519432722,False,0.0741837499704494,0.0006804527348924,True,8.25,itodd_washer.ply,0.033999,0.00034,8791,5275,0.047751613,-0.065771211,-0.112901302,0.990276339,-0.000315089,0.000168958,0.000229078,0.052348261,-0.062045582,-0.040742031,0.995866503,-0.000320811,0.000100715,0.00022896,0,0.07418370737472044,0.0006804611952310983,True,8.25
washer,axisymmetric,icp_pt2pt,hard,12,151.43706381347403,0.3106164822903811,False,81.07263370955161,0.3209562048877485,False,142.0,itodd_washer.ply,0.033999,0.00034,8791,5275,-0.004629929,-0.030995543,0.013254859,0.999420907,-0.000125955,-0.000209733,-0.000852507,0.654559073,0.133650969,0.7027223,0.244685936,-0.01039696,0.001109876,0.001218647,0,81.07263368720866,0.320952262473996,False,142.0
washer,axisymmetric,icp_pt2pl,hard,12,166.67228417894458,0.2597159973683949,False,90.73877229203308,0.3688996736009693,False,161.0,itodd_washer.ply,0.033999,0.00034,8791,5275,-0.014463831,0.059066582,-0.174807489,0.98272289,-0.001889707,-0.000229571,-0.000730968,0.654559073,0.133650969,0.7027223,0.244685936,-0.01039696,0.001109876,0.001218647,0,90.73877229468258,0.3688951431345523,False,161.0
washer,axisymmetric,fpfh_ransac,hard,12,86.72194572547264,0.2338201065267411,False,22.22199640779062,0.1112467227326895,False,295.5,itodd_washer.ply,0.033999,0.00034,8791,5275,0.384408319,0.546705468,0.678637373,-0.304622211,-0.008443324,-0.006595881,0.001216741,0.654559073,0.133650969,0.7027223,0.244685936,-0.01039696,0.001109876,0.001218647,0,22.22199641379192,0.11124535485794934,False,295.5
washer,axisymmetric,fgr,hard,12,167.12339044716273,0.6166786957041119,False,19.787651671102097,0.0614351131674604,False,167.0,itodd_washer.ply,0.033999,0.00034,8791,5275,0.150514421,-0.509456299,-0.172554934,0.829472413,0.010463922,0.00128158,-0.000873178,0.654559073,0.133650969,0.7027223,0.244685936,-0.01039696,0.001109876,0.001218647,0,19.787651658589805,0.061434378069558176,False,167.0
washer,axisymmetric,icp_pt2pt,hard,13,18.068655414973676,0.1078364500741387,False,21.064536071703056,0.1056458864514354,False,346.0,itodd_washer.ply,0.033999,0.00034,8791,5275,0.1579443,0.280908832,-0.004477048,0.946638148,-0.000104404,-0.000360372,0.000501682,0.234594844,0.401762124,-0.026912419,0.884775777,-0.003678556,-0.001129247,0.000226132,0,21.064536079515968,0.10564459950270116,False,346.0
washer,axisymmetric,icp_pt2pl,hard,13,61.40265812817108,0.1167275387865474,False,16.27476785143273,0.0130864404231484,False,59.5,itodd_washer.ply,0.033999,0.00034,8791,5275,0.291679595,0.165264169,-0.490257625,0.804523604,-0.002823139,0.002721847,0.00065844,0.234594844,0.401762124,-0.026912419,0.884775777,-0.003678556,-0.001129247,0.000226132,0,16.27476779313362,0.013086291460028583,False,59.5
washer,axisymmetric,fpfh_ransac,hard,13,179.97220101485036,0.2049942690767371,False,179.86032097823855,0.1161462580939838,False,157.0,itodd_washer.ply,0.033999,0.00034,8791,5275,0.813765429,0.347363721,0.289702708,-0.364961112,-0.000152397,0.00486546,-0.000225338,0.234594844,0.401762124,-0.026912419,0.884775777,-0.003678556,-0.001129247,0.000226132,0,179.8603209363566,0.11614484102023817,False,157.0
washer,axisymmetric,fgr,hard,13,23.827576555787875,0.0875165085579781,False,19.547847926435328,0.0983252218372214,False,7.25,itodd_washer.ply,0.033999,0.00034,8791,5275,0.201209955,0.258380524,-0.166012958,0.93015792,-0.001222285,-0.002728837,0.000737277,0.234594844,0.401762124,-0.026912419,0.884775777,-0.003678556,-0.001129247,0.000226132,0,19.547847932458033,0.09832400327266859,False,7.25
washer,axisymmetric,icp_pt2pt,hard,14,68.41825882482591,0.1751004252650135,False,65.67795971621548,0.1763813526285718,False,339.75,itodd_washer.ply,0.033999,0.00034,8791,5275,-0.145228856,0.108710956,-0.047561169,0.982256811,0.000177958,0.000665133,-0.002248958,-0.057643259,0.642720441,-0.099081908,0.757476379,0.000694615,0.004264803,0.002464388,0,65.67795980082431,0.17637918962779725,False,339.75
washer,axisymmetric,icp_pt2pl,hard,14,43.31650208550863,0.1656253591664724,False,38.01362932848501,0.1265211184139988,False,21.25,itodd_washer.ply,0.033999,0.00034,8791,5275,-0.03495371,0.376571045,-0.342684635,0.859964957,0.005519594,0.00306017,-0.000176997,-0.057643259,0.642720441,-0.099081908,0.757476379,0.000694615,0.004264803,0.002464388,0,38.013629417750025,0.12651958791174758,False,21.25
washer,axisymmetric,fpfh_ransac,hard,14,179.98033114313327,0.2112839915038322,False,179.95257832843237,0.2947097009260289,False,229.0,itodd_washer.ply,0.033999,0.00034,8791,5275,0.467171957,0.604586736,0.495790043,-0.412816515,0.004543325,0.000744549,-0.002474828,-0.057643259,0.642720441,-0.099081908,0.757476379,0.000694615,0.004264803,0.002464388,0,179.95257836350186,0.29470607741869254,False,229.0
washer,axisymmetric,fgr,hard,14,45.7706354709693,0.1560672469963644,False,29.26646746238768,0.1468802883899056,False,342.0,itodd_washer.ply,0.033999,0.00034,8791,5275,-0.24715331,0.485652976,0.207219691,0.812475494,-0.001171607,0.009196718,0.003054099,-0.057643259,0.642720441,-0.099081908,0.757476379,0.000694615,0.004264803,0.002464388,0,29.26646745239307,0.1468784977431188,False,342.0
washer,axisymmetric,icp_pt2pt,hard,15,156.29599558233562,0.3946324363476695,False,150.8337282892053,0.385842752102168,False,289.25,itodd_washer.ply,0.033999,0.00034,8791,5275,0.144249555,-0.221813642,0.017123089,0.964208263,-0.001267296,-0.000342747,0.003273133,0.047786183,0.865373182,-0.28418258,0.409982924,0.009503886,-0.000728532,-0.004717312,0,150.8337282746439,0.38583805391689446,False,289.25
washer,axisymmetric,icp_pt2pl,hard,15,174.08111372450293,0.4939178790868438,False,172.9483117155692,0.4919626152344539,False,294.25,itodd_washer.ply,0.033999,0.00034,8791,5275,0.296641078,-0.332617321,0.132572826,0.885321543,-0.004295462,-0.002204634,0.004737182,0.047786183,0.865373182,-0.28418258,0.409982924,0.009503886,-0.000728532,-0.004717312,0,172.9483117527868,0.4919565967326281,False,294.25
washer,axisymmetric,fpfh_ransac,hard,15,125.86689110633056,0.2755330584194942,False,37.36692043343496,0.1876378526389595,False,88.5,itodd_washer.ply,0.033999,0.00034,8791,5275,0.792053309,0.351279008,-0.494756478,-0.066862855,0.000462996,-0.003181436,-0.004715448,0.047786183,0.865373182,-0.28418258,0.409982924,0.009503886,-0.000728532,-0.004717312,0,37.36692047657185,0.18763555420689054,False,88.5
washer,axisymmetric,fgr,hard,15,179.96032361388995,0.6081509551541396,False,179.95558171685244,0.5040744846475586,False,53.5,itodd_washer.ply,0.033999,0.00034,8791,5275,0.350884874,-0.354525526,0.196149829,0.844225504,-0.008619356,-0.003891523,0.004719413,0.047786183,0.865373182,-0.28418258,0.409982924,0.009503886,-0.000728532,-0.004717312,0,179.95558161366284,0.5040683061547869,False,53.5
washer,axisymmetric,icp_pt2pt,hard,16,9.694436512033166,0.1045689105730061,False,19.830530919207597,0.0992409169214177,False,14.75,itodd_washer.ply,0.033999,0.00034,8791,5275,0.188449545,0.30304255,-0.007120582,0.934131296,-0.001190899,0.000716986,-0.004561297,0.229323403,0.364815954,-0.032073833,0.901826683,0.000623985,-0.002141884,-0.005644103,0,19.83053089806516,0.09923970125614488,False,14.75
washer,axisymmetric,icp_pt2pl,hard,16,7.417749914228297,0.0082339931930555,False,0.1002921701429913,0.0004946976643795,True,7.5,itodd_washer.ply,0.033999,0.00034,8791,5275,0.252577281,0.349645682,-0.090387536,0.897654002,0.000352067,-0.002208025,-0.005651484,0.229323403,0.364815954,-0.032073833,0.901826683,0.000623985,-0.002141884,-0.005644103,0,0.10029212589501406,0.0004947022865310305,True,7.5
washer,axisymmetric,fpfh_ransac,hard,16,179.99430214284197,0.3521739131092099,False,179.93825335576335,0.3395162392640928,False,169.5,itodd_washer.ply,0.033999,0.00034,8791,5275,0.890679953,-0.144016279,0.402796467,-0.153959537,0.00141431,0.001760643,0.005647855,0.229323403,0.364815954,-0.032073833,0.901826683,0.000623985,-0.002141884,-0.005644103,0,179.9382533883279,0.33951207916195214,False,169.5
washer,axisymmetric,fgr,hard,16,52.89327336437114,0.0582069538456585,False,0.1150631519357318,0.000515156324613,True,53.0,itodd_washer.ply,0.033999,0.00034,8791,5275,0.367977302,0.224753553,-0.430344834,0.793020724,-0.001321058,-0.001777149,-0.005650028,0.229323403,0.364815954,-0.032073833,0.901826683,0.000623985,-0.002141884,-0.005644103,0,0.11506312520185046,0.0005151603337659321,True,53.0
washer,axisymmetric,icp_pt2pt,hard,17,34.68124357334946,0.2605856605792899,False,27.61015281649164,0.2605551166934927,False,352.25,itodd_washer.ply,0.033999,0.00034,8791,5275,-0.101342303,-0.113594521,0.002528588,0.988341858,0.000128933,-7.414e-06,-0.000159496,-0.171926605,-0.17886179,-0.276858805,0.928331247,0.008599179,-0.002509442,0.000537853,0,27.610152815741078,0.2605519234662062,False,352.25
washer,axisymmetric,icp_pt2pl,hard,17,42.37271211570396,0.2014121852765117,False,40.40911953399938,0.2020646724595025,False,358.0,itodd_washer.ply,0.033999,0.00034,8791,5275,-0.047425371,-0.185454892,0.065244445,0.979336755,0.001940123,-0.001024097,0.00112276,-0.171926605,-0.17886179,-0.276858805,0.928331247,0.008599179,-0.002509442,0.000537853,0,40.40911952011164,0.2020621979772018,False,358.0
washer,axisymmetric,fpfh_ransac,hard,17,133.25663151589868,0.4819573254902426,False,0.0155681610656972,0.000955716858943,True,133.25,itodd_washer.ply,0.033999,0.00034,8791,5275,0.232509698,-0.086977507,0.961950127,-0.114131968,-0.007665467,-0.004498892,0.000536774,-0.171926605,-0.17886179,-0.276858805,0.928331247,0.008599179,-0.002509442,0.000537853,0,0.015568134985928378,0.0009557140258264415,True,133.25
washer,axisymmetric,fgr,hard,17,32.02560234283412,0.1439283301556714,False,6.859060618570974,0.0186949437611343,False,31.25,itodd_washer.ply,0.033999,0.00034,8791,5275,-0.161936546,-0.152123866,-0.530944123,0.817761104,0.00602394,-0.006621705,-9.65e-05,-0.171926605,-0.17886179,-0.276858805,0.928331247,0.008599179,-0.002509442,0.000537853,0,6.859060608023121,0.018694739564798786,False,31.25
washer,axisymmetric,icp_pt2pt,hard,18,30.09483438937017,0.1787522289213359,False,35.45723765144546,0.1780858891967691,False,9.75,itodd_washer.ply,0.033999,0.00034,8791,5275,0.329307648,-0.212550997,0.019861021,0.919773932,-9.4184e-05,0.000248475,-0.001104499,0.429775866,-0.408681458,-0.059901386,0.80292216,-0.005228369,0.00295377,-0.002908764,0,35.45723761393599,0.17808370665177756,False,9.75
washer,axisymmetric,icp_pt2pl,hard,18,22.73748827514929,0.091203221845454,False,21.883317760865275,0.0993835778672171,False,353.75,itodd_washer.ply,0.033999,0.00034,8791,5275,0.340711747,-0.264336179,-0.032908122,0.90164236,-0.002533692,0.002794339,-0.00138294,0.429775866,-0.408681458,-0.059901386,0.80292216,-0.005228369,0.00295377,-0.002908764,0,21.88331768198886,0.09938237418237458,False,353.75
washer,axisymmetric,fpfh_ransac,hard,18,179.9777241930461,0.5402802649170948,False,179.97644782754284,0.534620117669186,False,322.0,itodd_washer.ply,0.033999,0.00034,8791,5275,0.004033503,0.805109402,-0.460734759,0.373505104,0.011171642,-0.002929902,0.002907897,0.429775866,-0.408681458,-0.059901386,0.80292216,-0.005228369,0.00295377,-0.002908764,0,179.97644778325406,0.5346135832137971,False,322.0
washer,axisymmetric,fgr,hard,18,37.61483084215725,0.1168159955213583,False,3.752671428719075,0.0136805053425958,False,322.5,itodd_washer.ply,0.033999,0.00034,8791,5275,0.512764619,-0.241256249,0.208117329,0.797217063,-0.005900047,-0.000933976,-0.002453009,0.429775866,-0.408681458,-0.059901386,0.80292216,-0.005228369,0.00295377,-0.002908764,0,3.752671405450607,0.013680330273459284,False,322.5
washer,axisymmetric,icp_pt2pt,hard,19,59.51107423892244,0.2368083258633227,False,47.25413120501515,0.2369286050989966,False,18.0,itodd_washer.ply,0.033999,0.00034,8791,5275,0.0,0.0,0.0,1.0,0.0,0.0,0.0,0.290653021,-0.14499368,0.375248912,0.868150856,0.002024865,0.007320396,-0.002670712,0,47.25413116379579,0.2369257028565659,False,18.0
washer,axisymmetric,icp_pt2pl,hard,19,59.51107423892244,0.2368083258633227,False,47.25413120501515,0.2369286050989966,False,18.0,itodd_washer.ply,0.033999,0.00034,8791,5275,0.0,0.0,0.0,1.0,0.0,0.0,0.0,0.290653021,-0.14499368,0.375248912,0.868150856,0.002024865,0.007320396,-0.002670712,0,47.25413116379579,0.2369257028565659,False,18.0
washer,axisymmetric,fpfh_ransac,hard,19,112.503796684183,0.3707554410447182,False,0.0516282404234786,0.0008526692485268,True,112.5,itodd_washer.ply,0.033999,0.00034,8791,5275,0.041085701,-0.321818919,-0.513526142,0.794377398,0.006031303,-0.004631106,-0.00268071,0.290653021,-0.14499368,0.375248912,0.868150856,0.002024865,0.007320396,-0.002670712,0,0.05162822329735413,0.0008526653863028545,True,112.5
washer,axisymmetric,fgr,hard,19,59.51107423892244,0.2368083258633227,False,47.25413120501515,0.2369286050989966,False,18.0,itodd_washer.ply,0.033999,0.00034,8791,5275,0.0,0.0,0.0,1.0,0.0,0.0,0.0,0.290653021,-0.14499368,0.375248912,0.868150856,0.002024865,0.007320396,-0.002670712,0,47.25413116379579,0.2369257028565659,False,18.0
thread,axisymmetric,icp_pt2pt,easy,0,2.012457204832425,0.000857640982582,False,0.0205270065444111,0.000134327425379,True,358.0,itodd_thread.ply,0.080566,0.000806,14523,14523,0.005339121,-0.031882517,-0.027503867,0.999098862,0.001541797,0.000672038,-0.00066648,0.004816808,-0.032107113,-0.045044707,0.998457263,0.001563893,0.00060661,-0.000668794,0,0.020526972809168324,0.0001343239488922103,True,358.0
thread,axisymmetric,icp_pt2pl,easy,0,0.0068121450592075,1.2815387568966353e-05,True,0.0068121450592075,1.2815387568966353e-05,True,0.0,itodd_thread.ply,0.080566,0.000806,14523,14523,0.00482762,-0.032148204,-0.045086157,0.998454018,0.001564198,0.000606722,-0.000669774,0.004816808,-0.032107113,-0.045044707,0.998457263,0.001563893,0.00060661,-0.000668794,0,0.006812178658503819,1.2815055325068567e-05,True,0.0
thread,axisymmetric,fpfh_ransac,easy,0,92.149502839578,0.0293427661559215,False,0.3209227254884407,0.0023584851466608,True,92.0,itodd_thread.ply,0.080566,0.000806,14523,14523,0.02020452,0.025727562,0.750369264,-0.660208935,0.000644761,-0.001571434,-0.000666362,0.004816808,-0.032107113,-0.045044707,0.998457263,0.001563893,0.00060661,-0.000668794,0,0.3209227507392254,0.0023584936464391463,True,92.0
thread,axisymmetric,fgr,easy,0,0.0121814053856307,1.653576799754391e-05,True,0.0121814053856307,1.653576799754391e-05,True,0.0,itodd_thread.ply,0.080566,0.000806,14523,14523,0.004820142,-0.032145652,-0.045143557,0.998451542,0.001564433,0.000606235,-0.000669953,0.004816808,-0.032107113,-0.045044707,0.998457263,0.001563893,0.00060661,-0.000668794,0,0.012181477492038241,1.6539000872973008e-05,True,0.0
thread,axisymmetric,icp_pt2pt,easy,1,0.0401037639618743,6.597608812439536e-05,True,0.0401037639618743,6.597608812439536e-05,True,0.0,itodd_thread.ply,0.080566,0.000806,14523,14523,-0.016669679,0.002745518,0.006414605,0.999836705,0.001380472,-0.002164765,0.000696284,-0.016587958,0.002763063,0.006754447,0.999835778,0.001376395,-0.002166547,0.000693376,0,0.040103705034957325,6.597623530967507e-05,True,0.0
thread,axisymmetric,icp_pt2pl,easy,1,0.0105920338951169,5.042299215490108e-05,True,0.0105920338951169,5.042299215490108e-05,True,0.0,itodd_thread.ply,0.080566,0.000806,14523,14523,-0.01656826,0.002672849,0.006758578,0.999836322,0.001374944,-0.002165851,0.000697106,-0.016587958,0.002763063,0.006754447,0.999835778,0.001376395,-0.002166547,0.000693376,0,0.010592090326257308,5.042267989142223e-05,True,0.0
thread,axisymmetric,fpfh_ransac,easy,1,0.0108619104773708,4.8239597636438686e-05,True,0.0108619104773708,4.8239597636438686e-05,True,0.0,itodd_thread.ply,0.080566,0.000806,14523,14523,-0.016553148,0.002678295,0.006730228,0.999836749,0.001375225,-0.002166429,0.00069708,-0.016587958,0.002763063,0.006754447,0.999835778,0.001376395,-0.002166547,0.000693376,0,0.010861957721841599,4.823605231388849e-05,True,0.0
thread,axisymmetric,fgr,easy,1,0.0117297671184946,4.7260403529293386e-05,True,0.0117297671184946,4.7260403529293386e-05,True,0.0,itodd_thread.ply,0.080566,0.000806,14523,14523,-0.016560512,0.002669979,0.006787001,0.999836265,0.001375449,-0.002165994,0.000697022,-0.016587958,0.002763063,0.006754447,0.999835778,0.001376395,-0.002166547,0.000693376,0,0.011729784705107896,4.725447480936778e-05,True,0.0
thread,axisymmetric,icp_pt2pt,easy,2,0.0193920931907068,1.5251597845656685e-05,True,0.0193920931907068,1.5251597845656685e-05,True,0.0,itodd_thread.ply,0.080566,0.000806,14523,14523,-0.010418036,-0.018105296,-0.009414437,0.999737481,9.1211e-05,-0.000547945,0.00051798,-0.010470031,-0.018070544,-0.009571679,0.999736074,9.0024e-05,-0.000547635,0.000518043,0,0.019392131381096488,1.524748750256816e-05,True,0.0
thread,axisymmetric,icp_pt2pl,easy,2,0.0100710149302379,4.2746466222343474e-05,True,0.0100710149302379,4.2746466222343474e-05,True,0.0,itodd_thread.ply,0.080566,0.000806,14523,14523,-0.010493769,-0.018140827,-0.009524566,0.999735002,9.1046e-05,-0.000544758,0.000519638,-0.010470031,-0.018070544,-0.009571679,0.999736074,9.0024e-05,-0.000547635,0.000518043,0,0.010071011745563805,4.2755672845323504e-05,True,0.0
thread,axisymmetric,fpfh_ransac,easy,2,131.826559827628,0.0114463554059841,False,0.5439496996584456,0.0030981591265693,True,132.25,itodd_thread.ply,0.080566,0.000806,14523,14523,0.021136994,-0.002227193,0.916587039,-0.399269917,-0.000334254,0.000271145,0.000522902,-0.010470031,-0.018070544,-0.009571679,0.999736074,9.0024e-05,-0.000547635,0.000518043,0,0.543949774432663,0.0030981662691040635,True,132.25
thread,axisymmetric,fgr,easy,2,0.0109199881058099,4.397721447074012e-05,True,0.0109199881058099,4.397721447074012e-05,True,0.0,itodd_thread.ply,0.080566,0.000806,14523,14523,-0.010497459,-0.018143169,-0.009516422,0.999734998,9.099e-05,-0.000544704,0.000519785,-0.010470031,-0.018070544,-0.009571679,0.999736074,9.0024e-05,-0.000547635,0.000518043,0,0.010920028156848479,4.398623138210756e-05,True,0.0
thread,axisymmetric,icp_pt2pt,easy,3,0.0086973844740864,2.305055464862141e-05,True,0.0086973844740864,2.305055464862141e-05,True,0.0,itodd_thread.ply,0.080566,0.000806,14523,14523,-0.073815846,-0.019124025,-0.007797475,0.997058018,-0.000625762,0.000205276,0.001408784,-0.073875889,-0.019165459,-0.007817711,0.997052617,-0.000624447,0.000205165,0.001410091,0,0.00869734416129186,2.305392320750666e-05,True,0.0
thread,axisymmetric,icp_pt2pl,easy,3,0.01063243206112,1.6789014032145212e-05,True,0.01063243206112,1.6789014032145212e-05,True,0.0,itodd_thread.ply,0.080566,0.000806,14523,14523,-0.073920465,-0.019089421,-0.007846625,0.997050545,-0.000625532,0.000204752,0.001410785,-0.073875889,-0.019165459,-0.007817711,0.997052617,-0.000624447,0.000205165,0.001410091,0,0.010632410808376328,1.678827584063765e-05,True,0.0
thread,axisymmetric,fpfh_ransac,easy,3,0.0107094313703484,1.7264943614348842e-05,True,0.0107094313703484,1.7264943614348842e-05,True,0.0,itodd_thread.ply,0.080566,0.000806,14523,14523,-0.073926338,-0.019093729,-0.007849915,0.997050001,-0.000625615,0.000204885,0.001410793,-0.073875889,-0.019165459,-0.007817711,0.997052617,-0.000624447,0.000205165,0.001410091,0,0.01070939835913496,1.726778799048554e-05,True,0.0
thread,axisymmetric,fgr,easy,3,0.0104902871008676,1.8278764009329736e-05,True,0.0104902871703537,1.8278764009329736e-05,True,0.0,itodd_thread.ply,0.080566,0.000806,14523,14523,-0.07392247,-0.019093948,-0.007850747,0.997050277,-0.000625615,0.000204779,0.001410901,-0.073875889,-0.019165459,-0.007817711,0.997052617,-0.000624447,0.000205165,0.001410091,0,0.010490270771614615,1.8281423443410818e-05,True,0.0
thread,axisymmetric,icp_pt2pt,easy,4,0.0277561545926087,0.0001227679604019,True,0.0277561545663468,0.0001227679604019,True,0.0,itodd_thread.ply,0.080566,0.000806,14523,14523,0.002829871,-0.000330082,-1.5558e-05,0.999995941,-0.000134771,5.3245e-05,0.000352826,0.002592325,-0.000291047,1.1223e-05,0.999996598,-0.000140815,4.6738e-05,0.00035718,0,0.027756121108660957,0.000122766663676278,True,0.0
thread,axisymmetric,icp_pt2pl,easy,4,0.0099849569401281,1.9921183676525213e-05,True,0.0099849569401281,1.9921183676525176e-05,True,0.0,itodd_thread.ply,0.080566,0.000806,14523,14523,0.002611562,-0.00021309,-2.2617e-05,0.999996567,-0.000139646,4.7457e-05,0.000356348,0.002592325,-0.000291047,1.1223e-05,0.999996598,-0.000140815,4.6738e-05,0.00035718,0,0.009984931608137295,1.9920476153199083e-05,True,0.0
thread,axisymmetric,fpfh_ransac,easy,4,0.0104554426685757,1.9226484030594917e-05,True,0.0104554426685757,1.9226484030594867e-05,True,0.0,itodd_thread.ply,0.080566,0.000806,14523,14523,0.00260799,-0.000215515,-3.7504e-05,0.999996575,-0.000139752,4.7614e-05,0.000356472,0.002592325,-0.000291047,1.1223e-05,0.999996598,-0.000140815,4.6738e-05,0.00035718,0,0.010455370649940883,1.9223299283749153e-05,True,0.0
thread,axisymmetric,fgr,easy,4,0.0094134244388027,2.1107135084094924e-05,True,0.0094134244388027,2.110713508409488e-05,True,0.0,itodd_thread.ply,0.080566,0.000806,14523,14523,0.002603892,-0.000215823,-1.9693e-05,0.999996586,-0.000139482,4.7652e-05,0.000356651,0.002592325,-0.000291047,1.1223e-05,0.999996598,-0.000140815,4.6738e-05,0.00035718,0,0.009413433111529706,2.110847229801727e-05,True,0.0
thread,axisymmetric,icp_pt2pt,easy,5,0.0236589240671312,5.751287158818058e-05,True,0.0236589240671312,5.751287158818058e-05,True,0.0,itodd_thread.ply,0.080566,0.000806,14523,14523,-0.078480153,0.008039672,-0.005901277,0.99686579,-0.002766515,0.001102374,-0.001275188,-0.078476411,0.00800615,-0.006104965,0.996865128,-0.002769477,0.001105561,-0.001276783,0,0.02365891602574187,5.75187052430727e-05,True,0.0
thread,axisymmetric,icp_pt2pl,easy,5,0.0152372261928496,3.718992830730682e-05,True,0.0152372261928496,3.718992830730682e-05,True,0.0,itodd_thread.ply,0.080566,0.000806,14523,14523,-0.078416281,0.008003153,-0.005986532,0.996870602,-0.002769416,0.001104557,-0.00127396,-0.078476411,0.00800615,-0.006104965,0.996865128,-0.002769477,0.001105561,-0.001276783,0,0.015237204330537438,3.719736206191133e-05,True,0.0
thread,axisymmetric,fpfh_ransac,easy,5,0.0143496066963708,3.681918314879335e-05,True,0.0143496067471687,3.681918314879335e-05,True,0.0,itodd_thread.ply,0.080566,0.000806,14523,14523,-0.078431374,0.008013709,-0.005988441,0.996869319,-0.002769134,0.001104663,-0.001273976,-0.078476411,0.00800615,-0.006104965,0.996865128,-0.002769477,0.001105561,-0.001276783,0,0.014349534004435643,3.682739486416292e-05,True,0.0
thread,axisymmetric,fgr,easy,5,0.0142731285235634,3.7167657677686906e-05,True,0.0142731285235634,3.7167657677686906e-05,True,0.0,itodd_thread.ply,0.080566,0.000806,14523,14523,-0.078431312,0.008014318,-0.005989224,0.996869314,-0.002769116,0.001104667,-0.001273947,-0.078476411,0.00800615,-0.006104965,0.996865128,-0.002769477,0.001105561,-0.001276783,0,0.014273038895337013,3.717952132178969e-05,True,0.0
thread,axisymmetric,icp_pt2pt,easy,6,1.6954022480864703,0.0012560827235495,True,0.056114322601825,0.0010045434782417,True,1.75,itodd_thread.ply,0.080566,0.000806,14523,14523,0.007058164,-0.001701086,0.00139142,0.999972676,-0.001452464,-5.0778e-05,-0.000673235,0.006952411,-0.001532583,0.01618456,0.999843675,-0.001532793,-0.000112324,-0.00067256,0,0.05611441250609863,0.0010045522862094298,True,1.75
thread,axisymmetric,icp_pt2pl,easy,6,0.0174573240791999,3.100636792546518e-05,True,0.0174573240791999,3.100636792546509e-05,True,0.0,itodd_thread.ply,0.080566,0.000806,14523,14523,0.006995708,-0.001558077,0.016040754,0.999845651,-0.001534809,-0.000111025,-0.000673256,0.006952411,-0.001532583,0.01618456,0.999843675,-0.001532793,-0.000112324,-0.00067256,0,0.01745731769069353,3.099586732093194e-05,True,0.0
thread,axisymmetric,fpfh_ransac,easy,6,0.0169483295064472,2.9438251734388e-05,True,0.0169483295064472,2.9438251734387908e-05,True,0.0,itodd_thread.ply,0.080566,0.000806,14523,14523,0.007007525,-0.001556184,0.016049367,0.999845433,-0.001534638,-0.000111066,-0.000673357,0.006952411,-0.001532583,0.01618456,0.999843675,-0.001532793,-0.000112324,-0.00067256,0,0.01694824189703854,2.9429698733485665e-05,True,0.0
thread,axisymmetric,fgr,easy,6,0.016880734307506,2.97588304283937e-05,True,0.016880734307506,2.9758830428393607e-05,True,0.0,itodd_thread.ply,0.080566,0.000806,14523,14523,0.007002074,-0.001554924,0.016047695,0.9998455,-0.001534683,-0.000111036,-0.000673276,0.006952411,-0.001532583,0.01618456,0.999843675,-0.001532793,-0.000112324,-0.00067256,0,0.01688073793472187,2.9747061549875167e-05,True,0.0
thread,axisymmetric,icp_pt2pt,easy,7,1.9303175495156295,0.0002756380871607,True,0.0873110847122659,0.0001972243697759,True,2.0,itodd_thread.ply,0.080566,0.000806,14523,14523,0.031109119,-0.057149358,0.008361682,0.997845808,0.00028532,2.0893e-05,0.000681675,0.032372716,-0.056900295,0.02515455,0.997537775,0.00029274,4.1566e-05,0.000684953,0,0.08731104928893521,0.00019723240396201343,True,2.0
thread,axisymmetric,icp_pt2pl,easy,7,0.0121584873715649,2.5789704851982705e-05,True,0.0121584873715649,2.5789704851982705e-05,True,0.0,itodd_thread.ply,0.080566,0.000806,14523,14523,0.032328979,-0.056854444,0.025239632,0.997539659,0.000292176,4.3284e-05,0.00068393,0.032372716,-0.056900295,0.02515455,0.997537775,0.00029274,4.1566e-05,0.000684953,0,0.012158448162688825,2.5786738275615667e-05,True,0.0
thread,axisymmetric,fpfh_ransac,easy,7,0.0087647644140006,2.7507388170155815e-05,True,0.0087647644140006,2.7507388170155815e-05,True,0.0,itodd_thread.ply,0.080566,0.000806,14523,14523,0.032330333,-0.056874423,0.025212711,0.997539157,0.000291429,4.3224e-05,0.000684287,0.032372716,-0.056900295,0.02515455,0.997537775,0.00029274,4.1566e-05,0.000684953,0,0.008764786702431145,2.750703759220971e-05,True,0.0
thread,axisymmetric,fgr,easy,7,0.0123554167246061,2.7183705221222823e-05,True,0.0123554167246061,2.7183705221222823e-05,True,0.0,itodd_thread.ply,0.080566,0.000806,14523,14523,0.032333663,-0.056871531,0.025250845,0.997538249,0.000291608,4.3265e-05,0.00068416,0.032372716,-0.056900295,0.02515455,0.997537775,0.00029274,4.1566e-05,0.000684953,0,0.012355423273243737,2.7184875818581452e-05,True,0.0
thread,axisymmetric,icp_pt2pt,easy,8,0.0299701631733128,7.369250820952912e-05,True,0.0299701631733128,7.369250820952912e-05,True,0.0,itodd_thread.ply,0.080566,0.000806,14523,14523,0.001750252,-0.028708823,-0.013346044,0.999497185,-0.000407649,0.000154199,0.000738036,0.001802597,-0.028755,-0.013598051,0.999492368,-0.000408942,0.000159994,0.000738118,0,0.029970248883349558,7.370433543989966e-05,True,0.0
thread,axisymmetric,icp_pt2pl,easy,8,0.01201325225449,5.506080306346855e-05,True,0.01201325225449,5.506080306346855e-05,True,0.0,itodd_thread.ply,0.080566,0.000806,14523,14523,0.001717013,-0.028794854,-0.013552472,0.99949199,-0.000406552,0.000156999,0.000735881,0.001802597,-0.028755,-0.013598051,0.999492368,-0.000408942,0.000159994,0.000738118,0,0.01201330073540418,5.507191537918265e-05,True,0.0
thread,axisymmetric,fpfh_ransac,easy,8,0.0145324425949922,5.280882806632569e-05,True,0.0145324425949922,5.280882806632568e-05,True,0.0,itodd_thread.ply,0.080566,0.000806,14523,14523,0.001718104,-0.028818761,-0.013528208,0.999491628,-0.000406907,0.000156846,0.000736105,0.001802597,-0.028755,-0.013598051,0.999492368,-0.000408942,0.000159994,0.000738118,0,0.014532416512408391,5.2811323107016924e-05,True,0.0
thread,axisymmetric,fgr,easy,8,0.0152718781412352,4.828876835343583e-05,True,0.0152718781889654,4.828876835343583e-05,True,0.0,itodd_thread.ply,0.080566,0.000806,14523,14523,0.001708326,-0.028826334,-0.013536529,0.999491314,-0.000407133,0.000157355,0.000735904,0.001802597,-0.028755,-0.013598051,0.999492368,-0.000408942,0.000159994,0.000738118,0,0.01527193326949024,4.829376075346525e-05,True,0.0
thread,axisymmetric,icp_pt2pt,easy,9,2.047809892393073,0.0008629165774777,False,0.0512173073293996,0.0001571350158582,True,2.0,itodd_thread.ply,0.080566,0.000806,14523,14523,-0.014899973,-0.03860784,0.022530535,0.998889283,-0.002085293,0.000959396,3.6136e-05,-0.014107026,-0.038814924,0.040373269,0.998330803,-0.00212171,0.000900206,3.8064e-05,0,0.05121728347640442,0.0001571328073185623,True,2.0
thread,axisymmetric,icp_pt2pl,easy,9,0.0114851465301139,2.4016067684348257e-05,True,0.0114851465301139,2.4016067684348257e-05,True,0.0,itodd_thread.ply,0.080566,0.000806,14523,14523,-0.014077433,-0.038775715,0.040286077,0.998336267,-0.002121776,0.000901922,3.7173e-05,-0.014107026,-0.038814924,0.040373269,0.998330803,-0.00212171,0.000900206,3.8064e-05,0,0.011485133963612665,2.401330317177469e-05,True,0.0
thread,axisymmetric,fpfh_ransac,easy,9,0.0112399369127859,2.4064792943153516e-05,True,0.0112399369127859,2.4064792943153516e-05,True,0.0,itodd_thread.ply,0.080566,0.000806,14523,14523,-0.014077235,-0.038770801,0.040291068,0.998336259,-0.002121707,0.000901972,3.7263e-05,-0.014107026,-0.038814924,0.040373269,0.998330803,-0.00212171,0.000900206,3.8064e-05,0,0.011239974656434113,2.4069288728670854e-05,True,0.0
thread,axisymmetric,fgr,easy,9,0.0114966996728685,2.4173963858209623e-05,True,0.0114966996728685,2.4173963858209623e-05,True,0.0,itodd_thread.ply,0.080566,0.000806,14523,14523,-0.014077313,-0.038775591,0.040286058,0.998336274,-0.00212179,0.000901939,3.7179e-05,-0.014107026,-0.038814924,0.040373269,0.998330803,-0.00212171,0.000900206,3.8064e-05,0,0.011496701955389505,2.4173230645939875e-05,True,0.0
thread,axisymmetric,icp_pt2pt,easy,10,0.0049284595304058,2.665666023868033e-05,True,0.0049284595304058,2.665666023868053e-05,True,0.0,itodd_thread.ply,0.080566,0.000806,14523,14523,-0.039682408,-0.001116166,-0.000788259,0.999211409,-0.000247168,-0.000206546,0.000222092,-0.039661329,-0.001109482,-0.000825139,0.999212223,-0.000247443,-0.000207809,0.000220376,0,0.004928499168005165,2.666583719565914e-05,True,0.0
thread,axisymmetric,icp_pt2pl,easy,10,0.001273269367078,3.0578386774184794e-05,True,0.001273269367078,3.057838677418452e-05,True,0.0,itodd_thread.ply,0.080566,0.000806,14523,14523,-0.039667684,-0.001118584,-0.000825551,0.999211961,-0.000246763,-0.000209849,0.000221577,-0.039661329,-0.001109482,-0.000825139,0.999212223,-0.000247443,-0.000207809,0.000220376,0,0.0012733117303694358,3.057128932967214e-05,True,0.0
thread,axisymmetric,fpfh_ransac,easy,10,0.0014612619671473,2.93194372853773e-05,True,0.0014612614683117,2.931943728537702e-05,True,0.0,itodd_thread.ply,0.080566,0.000806,14523,14523,-0.039668406,-0.001120063,-0.00082584,0.99921193,-0.000246784,-0.000209766,0.000221522,-0.039661329,-0.001109482,-0.000825139,0.999212223,-0.000247443,-0.000207809,0.000220376,0,0.0014612948899238097,2.9313379131686985e-05,True,0.0
thread,axisymmetric,fgr,easy,10,0.0009734337584826,3.087741578311565e-05,True,0.0009734337584826,3.087741578311537e-05,True,0.0,itodd_thread.ply,0.080566,0.000806,14523,14523,-0.039665499,-0.001116821,-0.000824201,0.99921205,-0.000246729,-0.000209847,0.000221611,-0.039661329,-0.001109482,-0.000825139,0.999212223,-0.000247443,-0.000207809,0.000220376,0,0.0009734180330757913,3.0877324895148765e-05,True,0.0
thread,axisymmetric,icp_pt2pt,easy,11,0.0382254916200829,6.388073854349675e-05,True,0.0382254916200829,6.388073854349675e-05,True,0.0,itodd_thread.ply,0.080566,0.000806,14523,14523,0.00298211,-0.011705788,0.010087338,0.999876156,0.001180443,-0.001031026,-0.000369459,0.003017173,-0.011738795,0.010417401,0.999872279,0.001183162,-0.001027033,-0.000367683,0,0.038225430922775444,6.388499997440405e-05,True,0.0
thread,axisymmetric,icp_pt2pl,easy,11,0.0109731772125352,2.343253687609636e-05,True,0.0109731772125352,2.3432536876096357e-05,True,0.0,itodd_thread.ply,0.080566,0.000806,14523,14523,0.003031857,-0.011727933,0.010323406,0.999873337,0.001184633,-0.001026978,-0.000368865,0.003017173,-0.011738795,0.010417401,0.999872279,0.001183162,-0.001027033,-0.000367683,0,0.010973170702560455,2.3432381875695486e-05,True,0.0
thread,axisymmetric,fpfh_ransac,easy,11,179.98501823357336,0.0369984906261079,False,0.6192968979897915,0.0032580771775672,True,180.5,itodd_thread.ply,0.080566,0.000806,14523,14523,0.011882429,0.002913394,0.999869503,-0.010549782,-0.001057352,0.000939045,-0.000368481,0.003017173,-0.011738795,0.010417401,0.999872279,0.001183162,-0.001027033,-0.000367683,0,0.6192969615587466,0.0032580974595501316,True,180.5
thread,axisymmetric,fgr,easy,11,0.0042740983193195,2.9463032662992725e-05,True,0.0042740983193195,2.9463032662992725e-05,True,0.0,itodd_thread.ply,0.080566,0.000806,14523,14523,0.003036272,-0.011715547,0.010395362,0.999872724,0.001185242,-0.001027073,-0.000368826,0.003017173,-0.011738795,0.010417401,0.999872279,0.001183162,-0.001027033,-0.000367683,0,0.004274060457988241,2.9462793652086474e-05,True,0.0
thread,axisymmetric,icp_pt2pt,easy,12,1.886723746417553,0.0003669265842669,True,0.1215090947757394,0.0002202729473427,True,358.0,itodd_thread.ply,0.080566,0.000806,14523,14523,0.006251011,-0.005449052,-0.01524326,0.999849427,-0.000784833,0.000400505,-0.000575543,0.005836137,-0.005512978,-0.031698009,0.999465248,-0.000757899,0.000411249,-0.00058129,0,0.12150902673534929,0.00022027121584425633,True,358.0
thread,axisymmetric,icp_pt2pl,easy,12,0.0354387487320296,3.686108347091568e-05,True,0.0354387487320296,3.686108347091568e-05,True,0.0,itodd_thread.ply,0.080566,0.000806,14523,14523,0.005860611,-0.005565991,-0.03200154,0.999455139,-0.000760405,0.000412746,-0.000580745,0.005836137,-0.005512978,-0.031698009,0.999465248,-0.000757899,0.000411249,-0.00058129,0,0.03543874632549004,3.685827186163202e-05,True,0.0
thread,axisymmetric,fpfh_ransac,easy,12,0.0335364145336107,3.640061534167868e-05,True,0.0335364145336107,3.640061534167868e-05,True,0.0,itodd_thread.ply,0.080566,0.000806,14523,14523,0.005853732,-0.005557632,-0.031986549,0.999455705,-0.000760347,0.000412829,-0.000580955,0.005836137,-0.005512978,-0.031698009,0.999465248,-0.000757899,0.000411249,-0.00058129,0,0.03353638314758815,3.6402480495355934e-05,True,0.0
thread,axisymmetric,fgr,easy,12,0.0352420432711393,3.704249655168867e-05,True,0.0352420432711393,3.704249655168867e-05,True,0.0,itodd_thread.ply,0.080566,0.000806,14523,14523,0.00585841,-0.00556418,-0.032000276,0.999455202,-0.000760427,0.000412742,-0.000580753,0.005836137,-0.005512978,-0.031698009,0.999465248,-0.000757899,0.000411249,-0.00058129,0,0.035242073407014206,3.7046162398435544e-05,True,0.0
thread,axisymmetric,icp_pt2pt,easy,13,0.016417899892253,2.757520953587231e-05,True,0.0164178999366515,2.757520953587231e-05,True,0.0,itodd_thread.ply,0.080566,0.000806,14523,14523,-0.013488934,0.016347203,0.006424855,0.999754739,6.248e-05,0.000612348,0.000741015,-0.013477916,0.016393349,0.006560037,0.999753254,6.1492e-05,0.000613836,0.000739695,0,0.01641790655202049,2.7567032691070597e-05,True,0.0
thread,axisymmetric,icp_pt2pl,easy,13,0.0096817157629379,3.451984650214679e-05,True,0.0096817157629379,3.451984650214679e-05,True,0.0,itodd_thread.ply,0.080566,0.000806,14523,14523,-0.013457773,0.016424916,0.0064843,0.999753502,6.277e-05,0.000614192,0.000742139,-0.013477916,0.016393349,0.006560037,0.999753254,6.1492e-05,0.000613836,0.000739695,0,0.009681712224340961,3.451648665842762e-05,True,0.0
thread,axisymmetric,fpfh_ransac,easy,13,0.0091649611772161,3.9785993052802966e-05,True,0.0091649611772161,3.9785993052802966e-05,True,0.0,itodd_thread.ply,0.080566,0.000806,14523,14523,-0.013453934,0.016436026,0.00649679,0.99975329,6.3255e-05,0.000613878,0.000742371,-0.013477916,0.016393349,0.006560037,0.999753254,6.1492e-05,0.000613836,0.000739695,0,0.009164922921102816,3.977888802108639e-05,True,0.0
thread,axisymmetric,fgr,easy,13,0.0082223061034697,3.6947588632591234e-05,True,0.0082223061034697,3.694758863259124e-05,True,0.0,itodd_thread.ply,0.080566,0.000806,14523,14523,-0.013463961,0.016429218,0.00649948,0.999753249,6.3009e-05,0.000614269,0.000742219,-0.013477916,0.016393349,0.006560037,0.999753254,6.1492e-05,0.000613836,0.000739695,0,0.008222275518239574,3.6944451720045806e-05,True,0.0
thread,axisymmetric,icp_pt2pt,easy,14,0.019033480927477,1.307129438688857e-05,True,0.019033480927477,1.307129438688857e-05,True,0.0,itodd_thread.ply,0.080566,0.000806,14523,14523,0.017607149,-0.01013531,0.010907081,0.999734114,0.000334178,-0.000776887,0.000764412,0.01757529,-0.010075053,0.011058549,0.99973362,0.000334599,-0.000776351,0.000765215,0,0.01903348238277144,1.3073194087950056e-05,True,0.0
thread,axisymmetric,icp_pt2pl,easy,14,0.0055997912896438,1.7357655369471874e-05,True,0.0055997912896438,1.7357655369471874e-05,True,0.0,itodd_thread.ply,0.080566,0.000806,14523,14523,0.017562532,-0.010059181,0.011014136,0.999734494,0.000335069,-0.000776317,0.000766532,0.01757529,-0.010075053,0.011058549,0.99973362,0.000334599,-0.000776351,0.000765215,0,0.005599724251268796,1.7361734815807328e-05,True,0.0
thread,axisymmetric,fpfh_ransac,easy,14,0.0039739653535261,1.996006613276868e-05,True,0.0039739653535261,1.996006613276868e-05,True,0.0,itodd_thread.ply,0.080566,0.000806,14523,14523,0.01756989,-0.010068735,0.011024885,0.99973415,0.000335174,-0.000776307,0.000766716,0.01757529,-0.010075053,0.011058549,0.99973362,0.000334599,-0.000776351,0.000765215,0,0.003973903905267635,1.9958397875894216e-05,True,0.0
thread,axisymmetric,fgr,easy,14,0.004253495165449,1.942743504960053e-05,True,0.004253495165449,1.942743504960053e-05,True,0.0,itodd_thread.ply,0.080566,0.000806,14523,14523,0.017570802,-0.010064871,0.011023142,0.999734192,0.000335176,-0.000776353,0.00076667,0.01757529,-0.010075053,0.011058549,0.99973362,0.000334599,-0.000776351,0.000765215,0,0.004253490024289719,1.9427974179983253e-05,True,0.0
thread,axisymmetric,icp_pt2pt,easy,15,0.0247481233509492,1.6795790603521345e-05,True,0.0247481233509492,1.679579060352254e-05,True,0.0,itodd_thread.ply,0.080566,0.000806,14523,14523,0.008946786,-0.024306137,0.016840297,0.999522672,0.001105975,-0.000949848,-0.000234689,0.008991071,-0.024262093,0.017047018,0.99951984,0.001106584,-0.000951051,-0.00023457,0,0.024748229267050365,1.6801214702171258e-05,True,0.0
thread,axisymmetric,icp_pt2pl,easy,15,0.0113908061808703,4.025048776599277e-05,True,0.0113908061808703,4.025048776599157e-05,True,0.0,itodd_thread.ply,0.080566,0.000806,14523,14523,0.00896954,-0.024305724,0.017133669,0.999517492,0.001106272,-0.000953949,-0.000235991,0.008991071,-0.024262093,0.017047018,0.99951984,0.001106584,-0.000951051,-0.00023457,0,0.011390860254647797,4.024876967073202e-05,True,0.0
thread,axisymmetric,fpfh_ransac,easy,15,179.9894698316476,0.0342456432877541,False,0.6181193797995334,0.0034381073541015,True,180.5,itodd_thread.ply,0.080566,0.000806,14523,14523,0.024441568,0.008928745,0.999514402,-0.017141989,-0.00096821,0.000867618,-0.000237536,0.008991071,-0.024262093,0.017047018,0.99951984,0.001106584,-0.000951051,-0.00023457,0,0.618119316933803,0.0034381244681183742,True,180.5
thread,axisymmetric,fgr,easy,15,0.0084681008825206,4.195542249538552e-05,True,0.0084681008825206,4.195542249538432e-05,True,0.0,itodd_thread.ply,0.080566,0.000806,14523,14523,0.00897274,-0.024290454,0.017112728,0.999518193,0.001106474,-0.000954083,-0.000236059,0.008991071,-0.024262093,0.017047018,0.99951984,0.001106584,-0.000951051,-0.00023457,0,0.008468066881070768,4.194922421347924e-05,True,0.0
thread,axisymmetric,icp_pt2pt,easy,16,1.8582182576762132,0.000608623471584,True,0.1212835035646813,0.0003150340985029,True,1.75,itodd_thread.ply,0.080566,0.000806,14523,14523,0.002382946,0.082845764,0.007508255,0.996531247,0.000742467,0.00019376,0.000706104,0.001127907,0.083341072,0.023665226,0.996239404,0.000731745,0.000239946,0.000718607,0,0.12128354690374245,0.0003150444941587211,True,1.75
thread,axisymmetric,icp_pt2pl,easy,16,0.0122495779237402,2.199162647550872e-05,True,0.0122495779237402,2.199162647550872e-05,True,0.0,itodd_thread.ply,0.080566,0.000806,14523,14523,0.001140398,0.083383539,0.023567932,0.996238143,0.000731678,0.000238252,0.000719121,0.001127907,0.083341072,0.023665226,0.996239404,0.000731745,0.000239946,0.000718607,0,0.012249609164610207,2.1988564581348442e-05,True,0.0
thread,axisymmetric,fpfh_ransac,easy,16,0.0099973263129383,2.114516692894232e-05,True,0.0099973263129383,2.114516692894232e-05,True,0.0,itodd_thread.ply,0.080566,0.000806,14523,14523,0.001131477,0.083389706,0.023592923,0.996237045,0.000731716,0.000238385,0.000719289,0.001127907,0.083341072,0.023665226,0.996239404,0.000731745,0.000239946,0.000718607,0,0.009997284023634461,2.1146973795667692e-05,True,0.0
thread,axisymmetric,fgr,easy,16,0.0121873088590708,2.3357119281320867e-05,True,0.0121873088590708,2.3357119281320867e-05,True,0.0,itodd_thread.ply,0.080566,0.000806,14523,14523,0.001133646,0.083387632,0.023569791,0.996237764,0.000731734,0.000238276,0.000719475,0.001127907,0.083341072,0.023665226,0.996239404,0.000731745,0.000239946,0.000718607,0,0.012187338046576207,2.3361447899714326e-05,True,0.0
thread,axisymmetric,icp_pt2pt,easy,17,0.0308610819871084,6.634688123047363e-05,True,0.0308610819871084,6.634688123047373e-05,True,0.0,itodd_thread.ply,0.080566,0.000806,14523,14523,0.00315967,0.06614282,0.002217858,0.997802698,-0.000117161,-1.027e-06,6.7177e-05,0.003181734,0.066373106,0.002354847,0.997787022,-0.000119912,-4.702e-06,6.9916e-05,0,0.03086114405961561,6.635092687969996e-05,True,0.0
thread,axisymmetric,icp_pt2pl,easy,17,0.0067278561669424,1.092041854347152e-05,True,0.0067278560585974,1.0920418543471508e-05,True,0.0,itodd_thread.ply,0.080566,0.000806,14523,14523,0.003174275,0.066334616,0.002398479,0.997789502,-0.000119937,-4.906e-06,6.9061e-05,0.003181734,0.066373106,0.002354847,0.997787022,-0.000119912,-4.702e-06,6.9916e-05,0,0.006727820954731826,1.0914721418054229e-05,True,0.0
thread,axisymmetric,fpfh_ransac,easy,17,0.005234523477623,9.801724397699706e-06,True,0.005234523477623,9.801724397699713e-06,True,0.0,itodd_thread.ply,0.080566,0.000806,14523,14523,0.003178377,0.066338782,0.002384719,0.997789245,-0.000119818,-5.079e-06,6.9229e-05,0.003181734,0.066373106,0.002354847,0.997787022,-0.000119912,-4.702e-06,6.9916e-05,0,0.005234569988323114,9.796461041957469e-06,True,0.0
thread,axisymmetric,fgr,easy,17,0.0055141064656713,1.0012256153366168e-05,True,0.0055141064656713,1.0012256153366173e-05,True,0.0,itodd_thread.ply,0.080566,0.000806,14523,14523,0.003173609,0.066338887,0.002387613,0.997789246,-0.00011985,-4.885e-06,6.9133e-05,0.003181734,0.066373106,0.002354847,0.997787022,-0.000119912,-4.702e-06,6.9916e-05,0,0.005514119685012937,1.0010270407560696e-05,True,0.0
thread,axisymmetric,icp_pt2pt,easy,18,6.860601183563871,0.0007720696913308,False,0.1425707283075603,0.0007233889485608,True,7.0,itodd_thread.ply,0.080566,0.000806,14523,14523,-0.019837779,-0.004424245,0.015455339,0.999673957,-6.642e-06,-9.6768e-05,-3.2677e-05,-0.01947893,-0.005737025,0.075239337,0.996958725,7.69e-06,-3.6292e-05,-3.5212e-05,0,0.14257076197509364,0.0007233893888631045,True,7.0
thread,axisymmetric,icp_pt2pl,easy,18,0.017500858692805,2.3893393644906503e-05,True,0.017500858692805,2.38933936449064e-05,True,0.0,itodd_thread.ply,0.080566,0.000806,14523,14523,-0.019455575,-0.005760757,0.075090733,0.996970248,7.244e-06,-3.5751e-05,-3.3419e-05,-0.01947893,-0.005737025,0.075239337,0.996958725,7.69e-06,-3.6292e-05,-3.5212e-05,0,0.01750087077161049,2.3896100525570123e-05,True,0.0
thread,axisymmetric,fpfh_ransac,easy,18,44.88676014851345,0.000287968241899,False,0.2094757184387969,0.0010941377301768,True,315.25,itodd_thread.ply,0.080566,0.000806,14523,14523,-0.015520631,-0.012740731,0.450148306,0.892728002,8.597e-06,-5.9445e-05,-3.4035e-05,-0.01947893,-0.005737025,0.075239337,0.996958725,7.69e-06,-3.6292e-05,-3.5212e-05,0,0.2094757136297301,0.0010941481690916193,True,315.25
thread,axisymmetric,fgr,easy,18,0.0180593299081622,2.5455616457056652e-05,True,0.0180593299081622,2.545561645705656e-05,True,0.0,itodd_thread.ply,0.080566,0.000806,14523,14523,-0.019454927,-0.005756599,0.075085277,0.996970696,7.263e-06,-3.5668e-05,-3.3306e-05,-0.01947893,-0.005737025,0.075239337,0.996958725,7.69e-06,-3.6292e-05,-3.5212e-05,0,0.018059380200439786,2.5451154884831452e-05,True,0.0
thread,axisymmetric,icp_pt2pt,easy,19,2.0912453889344764,0.0015841301550366,False,0.0942195533382878,0.0003360975832369,True,2.0,itodd_thread.ply,0.080566,0.000806,14523,14523,0.011528362,0.033460906,0.007128615,0.999348111,0.002842953,-0.00068224,0.000763988,0.011073243,0.03366432,0.025368671,0.999049812,0.002876237,-0.000559104,0.000768263,0,0.09421951041616473,0.0003360900948612068,True,2.0
thread,axisymmetric,icp_pt2pl,easy,19,0.0095947298997897,2.992961589699477e-05,True,0.0095947298997897,2.992961589699477e-05,True,0.0,itodd_thread.ply,0.080566,0.000806,14523,14523,0.011085323,0.033714575,0.025302799,0.999049654,0.002877596,-0.000560336,0.000766697,0.011073243,0.03366432,0.025368671,0.999049812,0.002876237,-0.000559104,0.000768263,0,0.009594699055166493,2.9936429909596284e-05,True,0.0
thread,axisymmetric,fpfh_ransac,easy,19,0.0072049676295637,3.0702666742753095e-05,True,0.0072049676295637,3.0702666742753095e-05,True,0.0,itodd_thread.ply,0.080566,0.000806,14523,14523,0.011080786,0.033715802,0.025403866,0.999047098,0.002877618,-0.000560076,0.000766456,0.011073243,0.03366432,0.025368671,0.999049812,0.002876237,-0.000559104,0.000768263,0,0.007205018315754788,3.0699006792103926e-05,True,0.0
thread,axisymmetric,fgr,easy,19,0.0066465222824851,3.342476172013403e-05,True,0.0066465222824851,3.342476172013403e-05,True,0.0,itodd_thread.ply,0.080566,0.000806,14523,14523,0.011078957,0.03372136,0.025377224,0.999047608,0.002877844,-0.000560249,0.00076643,0.011073243,0.03366432,0.025368671,0.999049812,0.002876237,-0.000559104,0.000768263,0,0.006646530398119704,3.342857811715569e-05,True,0.0
thread,axisymmetric,icp_pt2pt,medium,0,40.20373905838618,0.1958573371094333,False,36.10799849470422,0.1810030356096945,False,63.5,itodd_thread.ply,0.080566,0.000806,14523,12344,0.039654739,0.009096663,-0.012581758,0.999092814,-0.000668574,-0.001331509,0.000738612,0.183057785,0.129981195,0.274718826,0.93494615,0.013380541,-0.00815342,0.002991789,0,36.10799848269807,0.18100380545647762,False,63.5
thread,axisymmetric,icp_pt2pl,medium,0,24.131602293246637,0.1292216304208744,False,14.62770228332911,0.1181100328434285,False,24.75,itodd_thread.ply,0.080566,0.000806,14523,12344,0.125314523,0.007126003,0.122090582,0.984550344,0.003404126,-0.005205524,0.003401893,0.183057785,0.129981195,0.274718826,0.93494615,0.013380541,-0.00815342,0.002991789,0,14.627702244409948,0.11811053615744743,False,24.75
thread,axisymmetric,fpfh_ransac,medium,0,179.988133946813,0.3871898341565955,False,0.4191939525454454,0.0028857804278252,True,180.25,itodd_thread.ply,0.080566,0.000806,14523,12344,-0.13001166,0.18303152,0.934919623,-0.274812171,-0.013266269,0.008065162,0.002990475,0.183057785,0.129981195,0.274718826,0.93494615,0.013380541,-0.00815342,0.002991789,0,0.4191939003923836,0.0028857930979535114,True,180.25
thread,axisymmetric,fgr,medium,0,0.0143007126895592,5.4684851613203e-05,True,0.0143007126895592,5.4684851613203e-05,True,0.0,itodd_thread.ply,0.080566,0.000806,14523,12344,0.183049572,0.129952057,0.274604312,0.934985449,0.013377433,-0.008154686,0.002994644,0.183057785,0.129981195,0.274718826,0.93494615,0.013380541,-0.00815342,0.002991789,0,0.014300706980744841,5.4688939624183665e-05,True,0.0
thread,axisymmetric,icp_pt2pt,medium,1,36.33741059357114,0.0698968672861085,False,32.45961044568037,0.0651646633040353,False,16.5,itodd_thread.ply,0.080566,0.000806,14523,12344,0.040792159,0.002654217,-0.020244097,0.998959024,-9.6017e-05,-0.001460071,8.1166e-05,0.207269547,-0.213976327,0.128923286,0.945850016,0.005450373,-0.000697567,0.000687869,0,32.45961041288196,0.06516495135219015,False,16.5
thread,axisymmetric,icp_pt2pl,medium,1,35.68258337985213,0.0728127129399871,False,32.25260167246368,0.0619332264484884,False,15.5,itodd_thread.ply,0.080566,0.000806,14523,12344,0.075679725,0.017267494,-0.022083822,0.996738039,0.000332478,-0.003499344,7.9477e-05,0.207269547,-0.213976327,0.128923286,0.945850016,0.005450373,-0.000697567,0.000687869,0,32.25260168756941,0.06193349967323681,False,15.5
thread,axisymmetric,fpfh_ransac,medium,1,160.03275143469676,0.1268804279237065,False,159.97047348666686,0.1295507016757962,False,351.0,itodd_thread.ply,0.080566,0.000806,14523,12344,-0.092983386,0.972708352,-0.195385344,0.083768252,-0.004563331,-0.002571002,0.001531226,0.207269547,-0.213976327,0.128923286,0.945850016,0.005450373,-0.000697567,0.000687869,0,159.97047346219364,0.12955126717379156,False,351.0
thread,axisymmetric,fgr,medium,1,0.0104506175782087,5.0043285580449e-05,True,0.0104506175782087,5.0043285580449e-05,True,0.0,itodd_thread.ply,0.080566,0.000806,14523,12344,0.207227656,-0.213906447,0.128958986,0.945870134,0.005449728,-0.000699586,0.000684439,0.207269547,-0.213976327,0.128923286,0.945850016,0.005450373,-0.000697567,0.000687869,0,0.010450658521314871,5.0046328351270105e-05,True,0.0
thread,axisymmetric,icp_pt2pt,medium,2,37.3172395866072,0.0994397719423292,False,27.290361365970384,0.0983237766448351,False,25.75,itodd_thread.ply,0.080566,0.000806,14523,12344,-0.039214739,0.008405939,0.001297928,0.999194606,-0.002120681,-0.000804823,0.000753983,-0.230815536,0.137259975,0.220436462,0.937705526,-0.005328692,-0.004158569,0.00728431,0,27.290361388130073,0.0983242001466267,False,25.75
thread,axisymmetric,icp_pt2pl,medium,2,26.444353443634512,0.0794759913412852,False,22.448334439932665,0.0791389793080439,False,14.0,itodd_thread.ply,0.080566,0.000806,14523,12344,-0.103821445,0.005282502,0.091216189,0.990390231,-0.002922452,-0.00168767,0.001889477,-0.230815536,0.137259975,0.220436462,0.937705526,-0.005328692,-0.004158569,0.00728431,0,22.4483343887958,0.07913931188411047,False,14.0
thread,axisymmetric,fpfh_ransac,medium,2,158.86014658756605,0.1653001253771373,False,0.5033399557671601,0.0035324462691036,True,159.25,itodd_thread.ply,0.080566,0.000806,14523,12344,-0.092621962,-0.252012539,0.881365509,-0.388723156,0.003581089,0.005739655,0.007296137,-0.230815536,0.137259975,0.220436462,0.937705526,-0.005328692,-0.004158569,0.00728431,0,0.5033399611718564,0.0035324630665290696,True,159.25
thread,axisymmetric,fgr,medium,2,63.84361154676799,0.241727055302413,False,14.721482935720664,0.1820224541689324,False,66.0,itodd_thread.ply,0.080566,0.000806,14523,12344,-0.141759303,0.116595977,-0.321801914,0.928845093,-0.018488451,0.009840084,0.004100507,-0.230815536,0.137259975,0.220436462,0.937705526,-0.005328692,-0.004158569,0.00728431,0,14.721482919422026,0.18202322948498115,False,66.0
thread,axisymmetric,icp_pt2pt,medium,3,30.840822463711618,0.1214212192777064,False,29.12955137935427,0.1197241317358701,False,10.25,itodd_thread.ply,0.080566,0.000806,14523,12344,0.008785191,-0.015405617,-0.005149306,0.999829471,-0.000929447,0.000456458,0.000549341,0.102261115,-0.2478376,0.082254957,0.959871507,-0.009509704,-0.003053048,0.003673306,0,29.1295514030429,0.1197246449406059,False,10.25
thread,axisymmetric,icp_pt2pl,medium,3,29.12970988492775,0.078024481149358,False,28.77154330469536,0.0757889361544347,False,4.5,itodd_thread.ply,0.080566,0.000806,14523,12344,0.002528723,-0.020835965,0.046359174,0.998704308,-0.004467288,0.00018327,0.001771744,0.102261115,-0.2478376,0.082254957,0.959871507,-0.009509704,-0.003053048,0.003673306,0,28.77154330006983,0.07578926494065169,False,4.5
thread,axisymmetric,fpfh_ransac,medium,3,19.418988382961714,0.0415192519138421,False,0.1231315827004348,0.0006370005169094,True,340.5,itodd_thread.ply,0.080566,0.000806,14523,12344,0.142825311,-0.227395966,0.242929615,0.932135831,-0.007948083,-0.006011207,0.003668817,0.102261115,-0.2478376,0.082254957,0.959871507,-0.009509704,-0.003053048,0.003673306,0,0.1231316471506649,0.0006370012165640151,True,340.5
thread,axisymmetric,fgr,medium,3,0.0249763010409748,5.57890940825073e-05,True,0.0249763010409748,5.57890940825073e-05,True,0.0,itodd_thread.ply,0.080566,0.000806,14523,12344,0.102258215,-0.247747904,0.082453479,0.959877939,-0.00950966,-0.003054449,0.003677577,0.102261115,-0.2478376,0.082254957,0.959871507,-0.009509704,-0.003053048,0.003673306,0,0.024976264735001922,5.579435806401671e-05,True,0.0
thread,axisymmetric,icp_pt2pt,medium,4,33.49361260428023,0.0928008540108165,False,31.006672628847262,0.0939279626300319,False,347.25,itodd_thread.ply,0.080566,0.000806,14523,12344,0.051379677,-0.027445419,-0.015353906,0.998183919,-0.001361675,0.0001848,-0.000864706,0.118547693,-0.288713118,-0.11060146,0.943588097,0.002993236,-0.003618348,-0.005605037,0,31.00667266360131,0.09392835834952408,False,347.25
thread,axisymmetric,icp_pt2pl,medium,4,26.537346918275897,0.0963824695593381,False,26.47794969654245,0.0968034607482654,False,358.25,itodd_thread.ply,0.080566,0.000806,14523,12344,0.115428114,-0.061666058,-0.126564229,0.983287925,-0.002945545,0.000321543,-0.002521823,0.118547693,-0.288713118,-0.11060146,0.943588097,0.002993236,-0.003618348,-0.005605037,0,26.477949735780914,0.09680387353759606,False,358.25
thread,axisymmetric,fpfh_ransac,medium,4,179.9878037123119,0.1148422154535327,False,0.426560178787107,0.0026445223580442,True,180.25,itodd_thread.ply,0.080566,0.000806,14523,12344,0.288758182,0.118626321,0.943575657,0.110505602,-0.002886218,0.003525824,-0.005597884,0.118547693,-0.288713118,-0.11060146,0.943588097,0.002993236,-0.003618348,-0.005605037,0,0.4265602509014426,0.002644526273880082,True,180.25
thread,axisymmetric,fgr,medium,4,33.19923839176695,0.0823487031376299,False,31.11333016300913,0.0894995502696346,False,11.75,itodd_thread.ply,0.080566,0.000806,14523,12344,0.111154558,-0.54179358,-0.166043092,0.81641538,0.008390827,-0.004821891,-0.00193972,0.118547693,-0.288713118,-0.11060146,0.943588097,0.002993236,-0.003618348,-0.005605037,0,31.11333008079194,0.0894999443579285,False,11.75
thread,axisymmetric,icp_pt2pt,medium,5,2.78707658125292,0.0086453117133334,False,2.7293819485186983,0.0086655922316604,False,0.5,itodd_thread.ply,0.080566,0.000806,14523,12344,0.093883687,-0.069688945,0.01109335,0.993079172,0.001171437,-0.00228662,0.001721307,0.117377262,-0.07383903,0.014863758,0.990226966,0.001184174,-0.002396296,0.002409021,0,2.72938195529356,0.008665627995986235,False,0.5
thread,axisymmetric,icp_pt2pl,medium,5,0.0275041305744448,2.313539103826133e-05,True,0.0275041305744448,2.313539103826133e-05,True,0.0,itodd_thread.ply,0.080566,0.000806,14523,12344,0.117419473,-0.073829895,0.015099727,0.990219073,0.001183753,-0.002398103,0.002409199,0.117377262,-0.07383903,0.014863758,0.990226966,0.001184174,-0.002396296,0.002409021,0,0.027504095246529237,2.3135238495247624e-05,True,0.0
thread,axisymmetric,fpfh_ransac,medium,5,158.99312462365882,0.0637693252227882,False,0.608888082532012,0.0031579822393045,True,201.5,itodd_thread.ply,0.080566,0.000806,14523,12344,0.09429153,0.102017266,0.97631401,0.165869042,-0.000154976,0.002563767,0.002412787,0.117377262,-0.07383903,0.014863758,0.990226966,0.001184174,-0.002396296,0.002409021,0,0.6088881187320678,0.0031579969144910113,True,201.5
thread,axisymmetric,fgr,medium,5,80.31650388664112,0.3615849752630615,False,73.00654905619294,0.365530201838651,False,7.5,itodd_thread.ply,0.080566,0.000806,14523,12344,0.178346926,-0.162698095,-0.618455499,0.747819831,0.021980754,0.017678411,0.006036322,0.117377262,-0.07383903,0.014863758,0.990226966,0.001184174,-0.002396296,0.002409021,0,73.00654900891341,0.3655317599784501,False,7.5
thread,axisymmetric,icp_pt2pt,medium,6,11.118418243901283,0.047243547158297,False,8.821301778412703,0.0446050772221447,False,341.0,itodd_thread.ply,0.080566,0.000806,14523,12344,0.070089403,-0.030001922,0.001400898,0.99708846,-0.001254988,-0.000331528,-9.3024e-05,0.092313534,-0.043757592,-0.091768649,0.990526123,-0.004281184,0.001804443,-0.00096894,0,8.821301764391679,0.04460527153934155,False,341.0
thread,axisymmetric,icp_pt2pl,medium,6,0.0174129531773057,9.806677800935532e-05,True,0.0174129531773057,9.806677800935664e-05,True,0.0,itodd_thread.ply,0.080566,0.000806,14523,12344,0.092207056,-0.043768153,-0.091876545,0.990525572,-0.004281108,0.00180284,-0.000961204,0.092313534,-0.043757592,-0.091768649,0.990526123,-0.004281184,0.001804443,-0.00096894,0,0.017412996922344885,9.806495665648155e-05,True,0.0
thread,axisymmetric,fpfh_ransac,medium,6,179.98935021307534,0.1171656543783797,False,0.6267097969266339,0.0029940965358576,True,179.5,itodd_thread.ply,0.080566,0.000806,14523,12344,0.044319506,0.092228423,0.990522977,0.091618403,0.004405623,-0.00188952,-0.00098403,0.092313534,-0.043757592,-0.091768649,0.990526123,-0.004281184,0.001804443,-0.00096894,0,0.6267097302026055,0.002994107947587878,True,179.5
thread,axisymmetric,fgr,medium,6,0.0184520652830231,0.0001060690183454,True,0.0184520652830231,0.0001060690183454,True,0.0,itodd_thread.ply,0.080566,0.000806,14523,12344,0.092190998,-0.043750475,-0.091872855,0.99052819,-0.004280627,0.001802723,-0.000960588,0.092313534,-0.043757592,-0.091768649,0.990526123,-0.004281184,0.001804443,-0.00096894,0,0.018452047111197488,0.00010606757788847023,True,0.0
thread,axisymmetric,icp_pt2pt,medium,7,36.235685662251385,0.1522113475202755,False,29.614746778660333,0.1481036515563576,False,38.0,itodd_thread.ply,0.080566,0.000806,14523,12344,0.000448335,-0.011616062,-0.003522761,0.999926225,-0.000611692,0.000259082,-0.000152092,-0.227092843,0.005623233,0.20798156,0.951388927,-0.009812897,-0.00683482,0.003771973,0,29.614746843339606,0.1481042814740575,False,38.0
thread,axisymmetric,icp_pt2pl,medium,7,33.733488914709646,0.1452933436235162,False,28.214339758806155,0.1412769772419863,False,29.5,itodd_thread.ply,0.080566,0.000806,14523,12344,0.001314984,-0.017167472,0.031782198,0.999346507,-0.001333288,7.293e-05,-0.000399823,-0.227092843,0.005623233,0.20798156,0.951388927,-0.009812897,-0.00683482,0.003771973,0,28.214339841193063,0.14127757463178064,False,29.5
thread,axisymmetric,fpfh_ransac,medium,7,0.0410471266402213,7.208375896700724e-05,True,0.0410471266402213,7.208375896700724e-05,True,0.0,itodd_thread.ply,0.080566,0.000806,14523,12344,-0.226999024,0.00544604,0.208275564,0.95134803,-0.009812843,-0.00684056,0.003771092,-0.227092843,0.005623233,0.20798156,0.951388927,-0.009812897,-0.00683482,0.003771973,0,0.04104718298744734,7.208335213569611e-05,True,0.0
thread,axisymmetric,fgr,medium,7,102.58138503942844,0.1573165830123512,False,37.66288828267433,0.1885617020410947,False,69.0,itodd_thread.ply,0.080566,0.000806,14523,12344,0.027844573,0.138672469,-0.592894949,0.792761127,-0.021417074,-0.002750855,0.000721514,-0.227092843,0.005623233,0.20798156,0.951388927,-0.009812897,-0.00683482,0.003771973,0,37.662888237589826,0.18856250428046875,False,69.0
thread,axisymmetric,icp_pt2pt,medium,8,15.758176345403742,0.0520998944335266,False,10.77085361517771,0.051566106267979,False,348.5,itodd_thread.ply,0.080566,0.000806,14523,12344,-0.030493613,0.014642079,0.007081601,0.999402622,0.002518335,0.00047346,0.000550325,-0.08414263,-0.057898806,-0.096137568,0.990113788,0.003972165,5.1967e-05,0.004465387,0,10.77085355197133,0.051566324539185,False,348.5
thread,axisymmetric,icp_pt2pl,medium,8,0.018744295432073,7.206271900652279e-05,True,0.018744295432073,7.206271900652279e-05,True,0.0,itodd_thread.ply,0.080566,0.000806,14523,12344,-0.084234121,-0.05797676,-0.096246129,0.9900909,0.003977219,5.4537e-05,0.004464137,-0.08414263,-0.057898806,-0.096137568,0.990113788,0.003972165,5.1967e-05,0.004465387,0,0.018744314098336844,7.206586599576735e-05,True,0.0
thread,axisymmetric,fpfh_ransac,medium,8,172.46401295693636,0.1774173635728852,False,172.451458548907,0.1774728460565665,False,6.5,itodd_thread.ply,0.080566,0.000806,14523,12344,-0.102701521,0.984355711,0.074234879,0.122414925,-0.003240158,5.919e-05,-0.007875481,-0.08414263,-0.057898806,-0.096137568,0.990113788,0.003972165,5.1967e-05,0.004465387,0,172.4514585110227,0.17747360627713438,False,6.5
thread,axisymmetric,fgr,medium,8,0.0249901501088779,7.229907318895024e-05,True,0.0249901501088779,7.229907318895024e-05,True,0.0,itodd_thread.ply,0.080566,0.000806,14523,12344,-0.08427525,-0.05798206,-0.09628624,0.99008319,0.003976711,5.5608e-05,0.004465348,-0.08414263,-0.057898806,-0.096137568,0.990113788,0.003972165,5.1967e-05,0.004465387,0,0.02499012919493223,7.229446379865192e-05,True,0.0
thread,axisymmetric,icp_pt2pt,medium,9,16.496431202338353,0.1605015316872224,False,27.373384043413918,0.1599201696381781,False,329.25,itodd_thread.ply,0.080566,0.000806,14523,12344,0.047566536,0.01257071,-0.01455189,0.998682955,9.1583e-05,0.000180106,0.00087709,0.103092596,-0.105648567,-0.073511581,0.986309457,0.010546535,0.007003779,0.004244994,0,27.373384037408627,0.15992084668899897,False,329.25
thread,axisymmetric,icp_pt2pl,medium,9,3.278915935273941,0.0968253886826811,False,3.982750577234528,0.0967510702842537,False,2.25,itodd_thread.ply,0.080566,0.000806,14523,12344,0.086238084,-0.082843292,-0.074306699,0.990039644,0.004194054,0.002503857,0.003744774,0.103092596,-0.105648567,-0.073511581,0.986309457,0.010546535,0.007003779,0.004244994,0,3.9827505665328746,0.09675148234392539,False,2.25
thread,axisymmetric,fpfh_ransac,medium,9,0.0101162909921418,2.96927488518443e-05,True,0.0101162909921418,2.96927488518443e-05,True,0.0,itodd_thread.ply,0.080566,0.000806,14523,12344,0.103093668,-0.105561171,-0.073520572,0.986318032,0.010547399,0.007001549,0.004245038,0.103092596,-0.105648567,-0.073511581,0.986309457,0.010546535,0.007003779,0.004244994,0,0.010116285804179797,2.9689082255545182e-05,True,0.0
thread,axisymmetric,fgr,medium,9,0.0104676092069567,2.4143745326143528e-05,True,0.0104676092069567,2.4143745326143528e-05,True,0.0,itodd_thread.ply,0.080566,0.000806,14523,12344,0.103108543,-0.105561196,-0.07349227,0.986318584,0.010546928,0.007001878,0.004245107,0.103092596,-0.105648567,-0.073511581,0.986309457,0.010546535,0.007003779,0.004244994,0,0.010467557954242472,2.413529591126239e-05,True,0.0
thread,axisymmetric,icp_pt2pt,medium,10,3.855962504289974,0.1854646651377876,False,26.17491965918941,0.1837213422832885,False,22.75,itodd_thread.ply,0.080566,0.000806,14523,12344,-0.018350924,-0.002848084,0.006390594,0.999807128,-0.001716873,0.00153653,0.001712738,-0.012364778,0.01313175,-0.022608549,0.999581674,-0.010632816,0.004174269,0.013409658,0,26.17491969411405,0.18372213001100984,False,22.75
thread,axisymmetric,icp_pt2pl,medium,10,15.823931334037477,0.1530002053691689,False,22.337748146050657,0.1525534146574876,False,7.25,itodd_thread.ply,0.080566,0.000806,14523,12344,-0.024439046,-0.059189637,0.094119163,0.993499322,-0.004340151,0.002288643,0.002979245,-0.012364778,0.01313175,-0.022608549,0.999581674,-0.010632816,0.004174269,0.013409658,0,22.337748181306274,0.1525540707165174,False,7.25
thread,axisymmetric,fpfh_ransac,medium,10,158.12964402971556,0.4405900387821904,False,154.98480427091752,0.3865891054618493,False,57.75,itodd_thread.ply,0.080566,0.000806,14523,12344,-0.036938532,0.979252077,-0.096594109,0.174271321,0.015078515,0.002164691,-0.010981054,-0.012364778,0.01313175,-0.022608549,0.999581674,-0.010632816,0.004174269,0.013409658,0,154.98480435453013,0.3865907645788381,False,57.75
thread,axisymmetric,fgr,medium,10,0.0346863650401905,3.938416188029616e-05,True,0.0346863650401905,3.938416188029616e-05,True,0.0,itodd_thread.ply,0.080566,0.000806,14523,12344,-0.0124131,0.013194816,-0.022316511,0.999586807,-0.010631739,0.004173027,0.013412372,-0.012364778,0.01313175,-0.022608549,0.999581674,-0.010632816,0.004174269,0.013409658,0,0.034686408288767866,3.938456331631016e-05,True,0.0
thread,axisymmetric,icp_pt2pt,medium,11,9.390459657371164,0.120326832016492,False,23.89104080734824,0.1197422974265769,False,32.0,itodd_thread.ply,0.080566,0.000806,14523,12344,-0.014831825,0.001826078,-0.002446281,0.999885342,8.9765e-05,-0.000283825,-0.000774838,0.019558775,0.008962508,0.071518409,0.997207223,-0.00118625,0.005321131,-0.008580962,0,23.89104080344794,0.11974280906371801,False,32.0
thread,axisymmetric,icp_pt2pl,medium,11,11.121594641837362,0.1191286624470378,False,23.39959441218033,0.1179492714090321,False,33.5,itodd_thread.ply,0.080566,0.000806,14523,12344,-0.012707407,0.000411035,-0.019539489,0.999728244,0.000224925,-0.000261403,-0.000902361,0.019558775,0.008962508,0.071518409,0.997207223,-0.00118625,0.005321131,-0.008580962,0,23.399594396774695,0.11794977748832379,False,33.5
thread,axisymmetric,fpfh_ransac,medium,11,0.0203117511624966,9.443416019637392e-05,True,0.0203117511624966,9.443416019637392e-05,True,0.0,itodd_thread.ply,0.080566,0.000806,14523,12344,0.01969548,0.008956749,0.071630582,0.997196532,-0.001188425,0.005324539,-0.008574516,0.019558775,0.008962508,0.071518409,0.997207223,-0.00118625,0.005321131,-0.008580962,0,0.02031165764054887,9.44435920409248e-05,True,0.0
thread,axisymmetric,fgr,medium,11,0.0167768661504895,8.614139188879678e-05,True,0.0167768661504895,8.614139188879678e-05,True,0.0,itodd_thread.ply,0.080566,0.000806,14523,12344,0.01968845,0.008964197,0.071585945,0.99719981,-0.001187791,0.005324541,-0.008575116,0.019558775,0.008962508,0.071518409,0.997207223,-0.00118625,0.005321131,-0.008580962,0,0.01677681553292598,8.615387617499501e-05,True,0.0
thread,axisymmetric,icp_pt2pt,medium,12,22.90238323435567,0.1316618180012536,False,23.233921453830675,0.1316610734493372,False,359.5,itodd_thread.ply,0.080566,0.000806,14523,12344,0.001188438,0.006196631,-0.004338383,0.999970683,-0.001053172,-0.001491823,3.6543e-05,-0.071686019,-0.125195606,0.125649818,0.981529061,-0.007399102,-0.009982392,0.000434924,0,23.23392153833468,0.1316616358969113,False,359.5
thread,axisymmetric,icp_pt2pl,medium,12,21.961136188625357,0.1104910390654509,False,21.961136188625357,0.1104910390654509,False,0.0,itodd_thread.ply,0.080566,0.000806,14523,12344,-0.056494355,-0.022795519,-0.034485091,0.997546756,-0.002101206,-0.003121294,-0.001590105,-0.071686019,-0.125195606,0.125649818,0.981529061,-0.007399102,-0.009982392,0.000434924,0,21.96113622654089,0.11049152163047224,False,0.0
thread,axisymmetric,fpfh_ransac,medium,12,179.9522876370391,0.3085195517408134,False,0.5840757082813746,0.0033739452001227,True,180.5,itodd_thread.ply,0.080566,0.000806,14523,12344,0.125502687,-0.072020297,0.981517201,-0.125244305,0.007534296,0.009887909,0.000427199,-0.071686019,-0.125195606,0.125649818,0.981529061,-0.007399102,-0.009982392,0.000434924,0,0.5840756629655243,0.0033739601173795038,True,180.5
thread,axisymmetric,fgr,medium,12,0.0277047081399127,5.5729637380206375e-05,True,0.0277047081399127,5.5729637380206375e-05,True,0.0,itodd_thread.ply,0.080566,0.000806,14523,12344,-0.071855508,-0.12517011,0.12581756,0.981498432,-0.007394933,-0.009981583,0.000436381,-0.071686019,-0.125195606,0.125649818,0.981529061,-0.007399102,-0.009982392,0.000434924,0,0.027704646809670188,5.5727651889999884e-05,True,0.0
thread,axisymmetric,icp_pt2pt,medium,13,3.821050575411864,0.0023414361798288,False,0.0762038868750053,0.0002296654891011,True,356.25,itodd_thread.ply,0.080566,0.000806,14523,12344,0.045959534,-0.019826289,-0.019593259,0.998554327,0.002294099,0.001622718,-0.00289838,0.045261657,-0.021553759,-0.052862521,0.997342655,0.002389635,0.001460418,-0.002909199,0,0.07620391401237522,0.00022966884782976542,True,356.25
thread,axisymmetric,icp_pt2pl,medium,13,0.0353401558991556,7.543291228888131e-05,True,0.0353401559197817,7.543291228888131e-05,True,0.0,itodd_thread.ply,0.080566,0.000806,14523,12344,0.045425457,-0.021722056,-0.053061237,0.997321004,0.002391436,0.001463072,-0.002904037,0.045261657,-0.021553759,-0.052862521,0.997342655,0.002389635,0.001460418,-0.002909199,0,0.035340143688504064,7.543255001257534e-05,True,0.0
thread,axisymmetric,fpfh_ransac,medium,13,19.998448273022024,0.0126262757819856,False,0.0899863477752911,0.0004712576077018,True,20.0,itodd_thread.ply,0.080566,0.000806,14523,12344,0.040581378,-0.029264172,-0.225219617,0.973022551,0.002754426,0.000510843,-0.002903061,0.045261657,-0.021553759,-0.052862521,0.997342655,0.002389635,0.001460418,-0.002909199,0,0.08998623996636296,0.0004712563672214774,True,20.0
thread,axisymmetric,fgr,medium,13,0.0336335790304225,8.12798015824896e-05,True,0.0336335790304225,8.12798015824896e-05,True,0.0,itodd_thread.ply,0.080566,0.000806,14523,12344,0.04541655,-0.021697984,-0.053064802,0.997321744,0.002391721,0.001463656,-0.002903903,0.045261657,-0.021553759,-0.052862521,0.997342655,0.002389635,0.001460418,-0.002909199,0,0.03363366021614877,8.128194733172681e-05,True,0.0
thread,axisymmetric,icp_pt2pt,medium,14,41.86266040918221,0.0794573033965576,False,40.05518014213743,0.0780341948014511,False,12.5,itodd_thread.ply,0.080566,0.000806,14523,12344,-0.014403758,-0.011903077,-0.003718375,0.999818495,0.000320471,0.000523503,-0.000320817,-0.176859189,0.28779917,0.104097394,0.935444385,-0.003560524,0.003068366,0.004088473,0,40.055180080951104,0.07803453277576639,False,12.5
thread,axisymmetric,icp_pt2pl,medium,14,42.26949206390877,0.0805700646797192,False,40.87891981963388,0.0792497574746982,False,11.0,itodd_thread.ply,0.080566,0.000806,14523,12344,-0.035388338,-0.027684369,-0.000535272,0.998989967,0.000413734,0.00048877,-0.000348541,-0.176859189,0.28779917,0.104097394,0.935444385,-0.003560524,0.003068366,0.004088473,0,40.87891978597315,0.0792500925093941,False,11.0
thread,axisymmetric,fpfh_ransac,medium,14,0.0104917663562584,8.7899430288167e-05,True,0.0104917663562584,8.7899430288167e-05,True,0.0,itodd_thread.ply,0.080566,0.000806,14523,12344,-0.176789627,0.287763272,0.104140754,0.935463752,-0.003554809,0.003069235,0.004084384,-0.176859189,0.28779917,0.104097394,0.935444385,-0.003560524,0.003068366,0.004088473,0,0.010491674577622439,8.788694501807371e-05,True,0.0
thread,axisymmetric,fgr,medium,14,0.0093623509376319,9.23695261875804e-05,True,0.0093623509376319,9.23695261875804e-05,True,0.0,itodd_thread.ply,0.080566,0.000806,14523,12344,-0.176784232,0.287775704,0.104092435,0.935466325,-0.00355418,0.003069786,0.004084852,-0.176859189,0.28779917,0.104097394,0.935444385,-0.003560524,0.003068366,0.004088473,0,0.009362319794571453,9.236397702209064e-05,True,0.0
thread,axisymmetric,icp_pt2pt,medium,15,6.430708089270144,0.1492330481653716,False,8.553796077285517,0.1491694536828189,False,3.25,itodd_thread.ply,0.080566,0.000806,14523,12344,-0.061953649,0.029353389,0.023842027,0.997362362,0.001211588,0.00240096,0.001117959,-0.038694644,0.07381282,-0.001260361,0.996520348,0.005247918,0.012196947,0.006801538,0,8.55379599995921,0.14917008496420991,False,3.25
thread,axisymmetric,icp_pt2pl,medium,15,24.48364698076145,0.1208589973552918,False,21.3702300181432,0.1207438471708177,False,356.5,itodd_thread.ply,0.080566,0.000806,14523,12344,-0.010580455,-0.015223536,0.189887925,0.981630722,0.001240449,0.003472445,0.00517806,-0.038694644,0.07381282,-0.001260361,0.996520348,0.005247918,0.012196947,0.006801538,0,21.3702300168735,0.1207443569679138,False,356.5
thread,axisymmetric,fpfh_ransac,medium,15,0.0224096147911274,4.229028361500951e-05,True,0.0224096147911274,4.229028361500951e-05,True,0.0,itodd_thread.ply,0.080566,0.000806,14523,12344,-0.038771541,0.073636758,-0.001295476,0.996530339,0.005248695,0.012193631,0.006801586,-0.038694644,0.07381282,-0.001260361,0.996520348,0.005247918,0.012196947,0.006801538,0,0.022409568081543145,4.227781665522532e-05,True,0.0
thread,axisymmetric,fgr,medium,15,0.0226101831413088,4.34316334427312e-05,True,0.0226101831413088,4.34316334427312e-05,True,0.0,itodd_thread.ply,0.080566,0.000806,14523,12344,-0.038781825,0.073641242,-0.001302863,0.996529598,0.00524916,0.012193677,0.006801469,-0.038694644,0.07381282,-0.001260361,0.996520348,0.005247918,0.012196947,0.006801538,0,0.02261014277805795,4.3425307111484964e-05,True,0.0
thread,axisymmetric,icp_pt2pt,medium,16,13.30466397812016,0.187225302340166,False,36.93076833257865,0.185928522757036,False,28.75,itodd_thread.ply,0.080566,0.000806,14523,12344,-0.045553609,-0.068995496,-0.01626257,0.996443686,-0.000682819,0.000380684,-0.000184128,-0.117175494,-0.14124623,-0.069763646,0.980536812,-0.015572137,0.002560081,0.000858587,0,36.93076836023945,0.1859293176704829,False,28.75
thread,axisymmetric,icp_pt2pl,medium,16,3.9262241065107393,0.1704732406984608,False,23.802258133423216,0.1680083932621361,False,22.5,itodd_thread.ply,0.080566,0.000806,14523,12344,-0.10288976,-0.172044902,-0.066348202,0.977451873,-0.001957715,0.001083148,-0.000190259,-0.117175494,-0.14124623,-0.069763646,0.980536812,-0.015572137,0.002560081,0.000858587,0,23.802258172412284,0.16800910830768606,False,22.5
thread,axisymmetric,fpfh_ransac,medium,16,0.0290120816159035,7.9666587602924e-05,True,0.0290120816159035,7.966658760292402e-05,True,0.0,itodd_thread.ply,0.080566,0.000806,14523,12344,-0.117140725,-0.141169063,-0.070002251,0.980535074,-0.015568308,0.00256336,0.000854614,-0.117175494,-0.14124623,-0.069763646,0.980536812,-0.015572137,0.002560081,0.000858587,0,0.029012038300316567,7.966824833420807e-05,True,0.0
thread,axisymmetric,fgr,medium,16,32.274820327545605,0.1125494081869365,False,31.82956009134786,0.1175307149202344,False,5.5,itodd_thread.ply,0.080566,0.000806,14523,12344,-0.135975813,-0.399321428,-0.138389765,0.89604757,-0.010048255,-0.000412201,-0.00568934,-0.117175494,-0.14124623,-0.069763646,0.980536812,-0.015572137,0.002560081,0.000858587,0,31.829560181524613,0.11753121765558436,False,5.5
thread,axisymmetric,icp_pt2pt,medium,17,35.3567273937791,0.196667987922502,False,23.100288918402644,0.1953487164989312,False,19.5,itodd_thread.ply,0.080566,0.000806,14523,12344,0.019978432,-0.031836612,-0.001846299,0.999291691,-0.000566154,0.001473735,-0.002281962,0.209017537,-0.054263636,0.233898287,0.947976117,-0.010606584,0.013556461,-0.004344935,0,23.100288945033025,0.19534955514140542,False,19.5
thread,axisymmetric,icp_pt2pl,medium,17,22.185575685536183,0.174052033589684,False,21.112153662358068,0.1715538372391917,False,17.5,itodd_thread.ply,0.080566,0.000806,14523,12344,0.036534296,-0.036733293,0.157416375,0.986172396,-0.001264817,0.003189942,-0.002965153,0.209017537,-0.054263636,0.233898287,0.947976117,-0.010606584,0.013556461,-0.004344935,0,21.112153669644034,0.1715545706161741,False,17.5
thread,axisymmetric,fpfh_ransac,medium,17,0.0163078587542396,5.6174715506338295e-05,True,0.0163078587542396,5.61747155063383e-05,True,0.0,itodd_thread.ply,0.080566,0.000806,14523,12344,0.208932074,-0.054170773,0.233844244,0.9480136,-0.01060735,0.013552684,-0.004347307,0.209017537,-0.054263636,0.233898287,0.947976117,-0.010606584,0.013556461,-0.004344935,0,0.016307905642424285,5.6169580702055415e-05,True,0.0
thread,axisymmetric,fgr,medium,17,0.0172459306712241,5.16191927143496e-05,True,0.0172459306712241,5.16191927143496e-05,True,0.0,itodd_thread.ply,0.080566,0.000806,14523,12344,0.208930185,-0.054181263,0.233818704,0.948019716,-0.010606729,0.013553419,-0.004347767,0.209017537,-0.054263636,0.233898287,0.947976117,-0.010606584,0.013556461,-0.004344935,0,0.017245938067903886,5.161888798455615e-05,True,0.0
thread,axisymmetric,icp_pt2pt,medium,18,37.01575318843184,0.0962042262507888,False,33.81188022054478,0.0972214495488012,False,344.75,itodd_thread.ply,0.080566,0.000806,14523,12344,-0.032610909,-0.007278418,0.016906579,0.999298614,-0.00030552,0.001274959,0.00160173,-0.271326744,0.161465032,-0.104811817,0.943040468,-0.002066926,0.006716739,0.006832383,0,33.811880207886,0.09722186386561353,False,344.75
thread,axisymmetric,icp_pt2pl,medium,18,34.842203925401144,0.0553038350742035,False,30.30602154314836,0.0652785134959443,False,342.5,itodd_thread.ply,0.080566,0.000806,14523,12344,-0.065687435,-0.005459311,0.031724334,0.997320873,0.000102604,0.003776907,0.004282257,-0.271326744,0.161465032,-0.104811817,0.943040468,-0.002066926,0.006716739,0.006832383,0,30.306021467721102,0.06527878659619188,False,342.5
thread,axisymmetric,fpfh_ransac,medium,18,179.88352320398425,0.2815010878480087,False,179.6002905335783,0.245582194186933,False,146.0,itodd_thread.ply,0.080566,0.000806,14523,12344,0.943070635,0.103036054,0.160302982,0.272588157,-0.002084114,-0.00686688,-0.011329261,-0.271326744,0.161465032,-0.104811817,0.943040468,-0.002066926,0.006716739,0.006832383,0,179.6002904957391,0.2455832430719626,False,146.0
thread,axisymmetric,fgr,medium,18,0.028684658013028,0.0001169823946659,True,0.028684658013028,0.0001169823946659,True,0.0,itodd_thread.ply,0.080566,0.000806,14523,12344,-0.271406905,0.161237818,-0.104879193,0.943048786,-0.002069852,0.006725698,0.006832315,-0.271326744,0.161465032,-0.104811817,0.943040468,-0.002066926,0.006716739,0.006832383,0,0.02868469635944421,0.00011698427656030073,True,0.0
thread,axisymmetric,icp_pt2pt,medium,19,1.7872299292053602,0.0833826528059145,False,1.5730518766170227,0.0833823632664382,False,0.25,itodd_thread.ply,0.080566,0.000806,14523,12344,0.017513036,0.01941133,-0.003399318,0.999652409,-0.003449832,2.8285e-05,-0.000417385,0.012041782,0.014152738,0.010225812,0.999775039,-0.003541188,1.1392e-05,0.006299808,0,1.5730518974909913,0.08338271874802894,False,0.25
thread,axisymmetric,icp_pt2pl,medium,19,1.706390530206488,0.0879603327587063,False,2.66665921580476,0.0879462253334952,False,358.0,itodd_thread.ply,0.080566,0.000806,14523,12344,0.025137861,0.021224433,0.009925988,0.999409369,-0.003490597,-0.000114275,-0.00078554,0.012041782,0.014152738,0.010225812,0.999775039,-0.003541188,1.1392e-05,0.006299808,0,2.6666592309360055,0.08794660707338227,False,358.0
thread,axisymmetric,fpfh_ransac,medium,19,67.51017541650485,0.050482123509934,False,0.306548608957332,0.0026182166381408,True,67.75,itodd_thread.ply,0.080566,0.000806,14523,12344,0.017805604,0.005059794,-0.547017899,0.836916231,-0.001214539,0.003347331,0.006302344,0.012041782,0.014152738,0.010225812,0.999775039,-0.003541188,1.1392e-05,0.006299808,0,0.30654864059727627,0.0026182264171106997,True,67.75
thread,axisymmetric,fgr,medium,19,0.0243360417732296,8.570463121040464e-05,True,0.0243360418031823,8.570463121040464e-05,True,0.0,itodd_thread.ply,0.080566,0.000806,14523,12344,0.011831429,0.014180128,0.010215901,0.999777263,-0.003541131,1.8038e-05,0.006297936,0.012041782,0.014152738,0.010225812,0.999775039,-0.003541188,1.1392e-05,0.006299808,0,0.02433601283893192,8.570426324395878e-05,True,0.0
thread,axisymmetric,icp_pt2pt,hard,0,12.795634779703626,0.4137272109500497,False,79.12698365733063,0.3957983236913576,False,79.25,itodd_thread.ply,0.080566,0.000806,14523,8714,-0.031955806,0.00165812,-0.020683894,0.999273863,-0.000325517,0.001333431,0.002047503,-0.123645791,0.063777883,-0.010301157,0.99022118,-0.019172509,-0.016663531,0.022831031,0,79.12698366039177,0.39580000655123454,False,79.25
thread,axisymmetric,icp_pt2pl,hard,0,17.16794554244317,0.3704165703007945,False,46.773246386157545,0.3680993163506355,False,323.25,itodd_thread.ply,0.080566,0.000806,14523,8714,0.01377155,0.08940787,-0.06368639,0.99386147,-0.000300088,-0.001203972,0.005642521,-0.123645791,0.063777883,-0.010301157,0.99022118,-0.019172509,-0.016663531,0.022831031,0,46.773246349434466,0.36810088232322163,False,323.25
thread,axisymmetric,fpfh_ransac,hard,0,179.07877732969106,0.63840914346896,False,162.3940965391271,0.6809016564077779,False,174.0,itodd_thread.ply,0.080566,0.000806,14523,8714,0.967093455,0.044998159,0.22393206,0.112070729,-0.017432342,0.012771171,-0.019312254,-0.123645791,0.063777883,-0.010301157,0.99022118,-0.019172509,-0.016663531,0.022831031,0,162.3940965908581,0.6809045742997131,False,174.0
thread,axisymmetric,fgr,hard,0,13.50955875670472,0.1248744571109812,False,14.715700111926978,0.1014861708009625,False,346.25,itodd_thread.ply,0.080566,0.000806,14523,8714,-0.020917828,0.044136231,0.04341554,0.99786248,-0.013714026,-0.019396615,0.014834002,-0.123645791,0.063777883,-0.010301157,0.99022118,-0.019172509,-0.016663531,0.022831031,0,14.715700100189192,0.10148660994728359,False,346.25
thread,axisymmetric,icp_pt2pt,hard,1,67.94332075349834,0.2230730014082076,False,49.43495532365047,0.2231621501394062,False,48.25,itodd_thread.ply,0.080566,0.000806,14523,8714,-0.008489641,0.049217976,-0.027971103,0.998360223,0.00198013,-0.000693954,-0.001984221,-0.436260085,-0.041958597,0.324730426,0.838132904,0.016956137,0.002305468,-0.011456379,0,49.43495540311175,0.22316310044522114,False,48.25
thread,axisymmetric,icp_pt2pl,hard,1,66.77073766177428,0.2142018808854792,False,47.30471282057428,0.2142510583043112,False,48.5,itodd_thread.ply,0.080566,0.000806,14523,8714,-0.026213632,0.054276448,-0.031880003,0.997672581,0.002259928,-0.000783026,-0.002953283,-0.436260085,-0.041958597,0.324730426,0.838132904,0.016956137,0.002305468,-0.011456379,0,47.30471286009756,0.2142519710393884,False,48.5
thread,axisymmetric,fpfh_ransac,hard,1,26.77861112523525,0.0983192964719263,False,0.1287203254310781,0.0009426422640459,True,26.75,itodd_thread.ply,0.080566,0.000806,14523,8714,-0.434345313,0.060618616,0.121985466,0.890387039,0.016158358,-0.005575472,-0.011469005,-0.436260085,-0.041958597,0.324730426,0.838132904,0.016956137,0.002305468,-0.011456379,0,0.12872029810759314,0.0009426452310251145,True,26.75
thread,axisymmetric,fgr,hard,1,70.88359772648738,0.0610201179978435,False,51.21758391827122,0.2080805663935984,False,50.75,itodd_thread.ply,0.080566,0.000806,14523,8714,0.009120243,0.051677726,-0.046824683,0.997523776,0.016804473,0.00380451,-0.006776788,-0.436260085,-0.041958597,0.324730426,0.838132904,0.016956137,0.002305468,-0.011456379,0,51.21758399543667,0.20808144961312414,False,50.75
thread,axisymmetric,icp_pt2pt,hard,2,82.36891673859681,0.2534529908633503,False,51.28196760778612,0.2563761680808302,False,308.0,itodd_thread.ply,0.080566,0.000806,14523,8714,0.046931679,0.029414687,-0.013056747,0.998379545,0.002072683,-0.000214927,0.001983588,0.456633756,-0.076337784,-0.505662803,0.727985773,0.019375829,-0.007715114,0.009814029,0,51.28196763574556,0.256377272795198,False,308.0
thread,axisymmetric,icp_pt2pl,hard,2,76.48212372983312,0.2194298764918575,False,45.03832106022085,0.2251549745968705,False,314.25,itodd_thread.ply,0.080566,0.000806,14523,8714,0.098483041,0.112529668,-0.060476143,0.986904656,0.004242835,-0.000516494,0.004183088,0.456633756,-0.076337784,-0.505662803,0.727985773,0.019375829,-0.007715114,0.009814029,0,45.03832101486481,0.22515593767101996,False,314.25
thread,axisymmetric,fpfh_ransac,hard,2,0.1222708761196753,0.0008092626181444,True,0.1303470586658726,0.0004572343334173,True,0.25,itodd_thread.ply,0.080566,0.000806,14523,8714,0.456688165,-0.076861632,-0.506380451,0.727397449,0.019335269,-0.00776518,0.009804061,0.456633756,-0.076337784,-0.505662803,0.727985773,0.019375829,-0.007715114,0.009814029,0,0.13034703949013202,0.0004572312399871184,True,0.25
thread,axisymmetric,fgr,hard,2,89.08850307646773,0.314312181347341,False,51.360877439110034,0.0397580302846346,False,284.5,itodd_thread.ply,0.080566,0.000806,14523,8714,0.046189323,-0.016157289,0.06918327,0.996403113,0.012565594,0.016468057,0.006644107,0.456633756,-0.076337784,-0.505662803,0.727985773,0.019375829,-0.007715114,0.009814029,0,51.36087747632255,0.03975820472222602,False,284.5
thread,axisymmetric,icp_pt2pt,hard,3,29.88637169768493,0.4209163321882938,False,47.62182930940603,0.4207242706501773,False,28.0,itodd_thread.ply,0.080566,0.000806,14523,8714,0.0,0.0,0.0,1.0,0.0,0.0,0.0,0.233642577,-0.057425309,-0.09276763,0.966181995,-0.003534851,0.033068024,-0.006634257,0,47.621829353578086,0.42072607238858234,False,28.0
thread,axisymmetric,icp_pt2pl,hard,3,29.88637169768493,0.4209163321882938,False,47.62182930940603,0.4207242706501773,False,28.0,itodd_thread.ply,0.080566,0.000806,14523,8714,0.0,0.0,0.0,1.0,0.0,0.0,0.0,0.233642577,-0.057425309,-0.09276763,0.966181995,-0.003534851,0.033068024,-0.006634257,0,47.621829353578086,0.42072607238858234,False,28.0
thread,axisymmetric,fpfh_ransac,hard,3,9.696816944199464,0.1492550205054748,False,7.813614944845186,0.0401836427483785,False,343.75,itodd_thread.ply,0.080566,0.000806,14523,8714,0.219948634,-0.017268172,-0.020132718,0.9751508,-0.014483307,0.028129171,-0.007215646,0.233642577,-0.057425309,-0.09276763,0.966181995,-0.003534851,0.033068024,-0.006634257,0,7.813614865313138,0.04018381782174377,False,343.75
thread,axisymmetric,fgr,hard,3,22.061306048706875,0.2382559452098675,False,15.829643957503352,0.1531468463752388,False,335.75,itodd_thread.ply,0.080566,0.000806,14523,8714,0.118941466,-0.009765442,0.05173512,0.991504433,-0.018567479,0.031772586,-0.018500416,0.233642577,-0.057425309,-0.09276763,0.966181995,-0.003534851,0.033068024,-0.006634257,0,15.829643934914044,0.1531475015598821,False,335.75
thread,axisymmetric,icp_pt2pt,hard,4,70.44484285182665,0.370169648757555,False,73.65923639016519,0.3684955798390259,False,354.5,itodd_thread.ply,0.080566,0.000806,14523,8714,-0.141519504,-0.109187334,0.035240999,0.98326417,-0.000351861,-0.001723956,-0.009041929,0.387739135,-0.111946407,0.302930776,0.863341943,-0.022130117,0.016763356,-0.000477407,0,73.65923641656626,0.36849715514406506,False,354.5
thread,axisymmetric,icp_pt2pl,hard,4,88.69407107722692,0.3922196540381359,False,39.629388220908425,0.2053628399874674,False,98.25,itodd_thread.ply,0.080566,0.000806,14523,8714,0.031103456,-0.099253424,-0.35910981,0.927481254,0.008110645,0.007847974,-0.002611313,0.387739135,-0.111946407,0.302930776,0.863341943,-0.022130117,0.016763356,-0.000477407,0,39.62938823751222,0.20536371443141738,False,98.25
thread,axisymmetric,fpfh_ransac,hard,4,0.0628552497012799,0.0002296188900108,True,0.0628552497012799,0.0002296188900108,True,0.0,itodd_thread.ply,0.080566,0.000806,14523,8714,0.387752639,-0.112413172,0.303174881,0.863189528,-0.022136342,0.016762775,-0.000494818,0.387739135,-0.111946407,0.302930776,0.863341943,-0.022130117,0.016763356,-0.000477407,0,0.06285527346343896,0.00022961906227603228,True,0.0
thread,axisymmetric,fgr,hard,4,59.51193670712456,0.3168716202444377,False,44.62605946511957,0.2456128536764698,False,30.75,itodd_thread.ply,0.080566,0.000806,14523,8714,0.024048016,-0.032525098,-0.023797403,0.99889814,-0.012509372,0.03094912,-0.019396836,0.387739135,-0.111946407,0.302930776,0.863341943,-0.022130117,0.016763356,-0.000477407,0,44.62605946729272,0.24561389863699912,False,30.75
thread,axisymmetric,icp_pt2pt,hard,5,140.48522156103633,0.1856653320802276,False,112.13229129536604,0.1800317336550274,False,254.5,itodd_thread.ply,0.080566,0.000806,14523,8714,0.007863335,0.004152316,-0.017520935,0.999806953,0.000359212,-0.00072893,-7.8911e-05,0.59835594,0.570583324,0.450155574,-0.337290377,-0.006893846,-0.002306812,0.01290787,0,112.13229134118748,0.18003250461658227,False,254.5
thread,axisymmetric,icp_pt2pl,hard,5,137.66831619438383,0.2569163686209673,False,128.7208681878386,0.2495088887694301,False,293.0,itodd_thread.ply,0.080566,0.000806,14523,8714,0.027759451,0.145291132,-0.322673231,0.93488068,-0.000866784,-0.003629277,-0.006849824,0.59835594,0.570583324,0.450155574,-0.337290377,-0.006893846,-0.002306812,0.01290787,0,128.72086824287663,0.2495099641155686,False,293.0
thread,axisymmetric,fpfh_ransac,hard,5,178.125224847378,0.4112719929492619,False,170.53810311870046,0.4276952167320385,False,157.0,itodd_thread.ply,0.080566,0.000806,14523,8714,-0.398450619,-0.368066288,0.752216258,-0.374078887,-0.007046852,0.00593869,-0.019184113,0.59835594,0.570583324,0.450155574,-0.337290377,-0.006893846,-0.002306812,0.01290787,0,170.53810305866241,0.4276970462160491,False,157.0
thread,axisymmetric,fgr,hard,5,152.5044198914751,0.4196444994940533,False,132.54097271478523,0.3680188811963067,False,252.5,itodd_thread.ply,0.080566,0.000806,14523,8714,-0.04179393,0.176192328,0.040561319,0.98263132,0.010565962,-0.004607304,-0.015952594,0.59835594,0.570583324,0.450155574,-0.337290377,-0.006893846,-0.002306812,0.01290787,0,132.54097276648596,0.3680204535633668,False,252.5
thread,axisymmetric,icp_pt2pt,hard,6,125.9290367246943,0.0556107282335977,False,124.87693684820788,0.0591304138054331,False,21.5,itodd_thread.ply,0.080566,0.000806,14523,8714,-0.042377586,0.067834075,0.004109215,0.996787737,-0.001025437,0.000609925,-0.001761551,-0.310429927,0.790249582,-0.077202014,-0.522665006,0.001831867,0.002148365,0.001327555,0,124.87693681984193,0.059130661280208816,False,21.5
thread,axisymmetric,icp_pt2pl,hard,6,139.2400531047762,0.0767360951377228,False,136.0609492076753,0.0783030866457674,False,42.75,itodd_thread.ply,0.080566,0.000806,14523,8714,-0.132897312,0.153803741,-0.008927519,0.979082741,-0.000107239,0.000257633,-0.004229999,-0.310429927,0.790249582,-0.077202014,-0.522665006,0.001831867,0.002148365,0.001327555,0,136.06094915944539,0.07830341808249795,False,42.75
thread,axisymmetric,fpfh_ransac,hard,6,0.1200133194129884,0.0002072927943541,True,0.1200133194129884,0.0002072927943541,True,0.0,itodd_thread.ply,0.080566,0.000806,14523,8714,-0.311323441,0.79015589,-0.076774412,-0.522338084,0.001827269,0.002155327,0.001342022,-0.310429927,0.790249582,-0.077202014,-0.522665006,0.001831867,0.002148365,0.001327555,0,0.12001336641767074,0.00020728909462357982,True,0.0
thread,axisymmetric,fgr,hard,6,133.385511523386,0.1431538786236603,False,128.43216807280567,0.1591575280497157,False,49.0,itodd_thread.ply,0.080566,0.000806,14523,8714,-0.128330604,0.094298949,-0.063544878,0.985190851,0.002450094,0.008197699,-0.008472562,-0.310429927,0.790249582,-0.077202014,-0.522665006,0.001831867,0.002148365,0.001327555,0,128.43216802363273,0.15915819688219712,False,49.0
thread,axisymmetric,icp_pt2pt,hard,7,3.91372992048124,0.3355828997993685,False,26.63087131365925,0.3340994530616881,False,22.75,itodd_thread.ply,0.080566,0.000806,14523,8714,0.002368052,-0.015045027,-0.01380401,0.999788722,-9.3695e-05,-0.001580123,-0.002864863,0.00545397,-0.01186209,-0.047652055,0.998778668,0.010005909,-0.026659194,-0.003008684,0,26.630871312366796,0.3341008858739911,False,22.75
thread,axisymmetric,icp_pt2pl,hard,7,11.049420416129497,0.342228597585543,False,48.20523082198212,0.3337553367981142,False,53.5,itodd_thread.ply,0.080566,0.000806,14523,8714,0.080453308,0.014897569,-0.101466936,0.991468501,-0.000908405,-0.001475285,-0.00562967,0.00545397,-0.01186209,-0.047652055,0.998778668,0.010005909,-0.026659194,-0.003008684,0,48.205230821873705,0.3337567640197468,False,53.5
thread,axisymmetric,fpfh_ransac,hard,7,33.45536682004531,0.1206317845810336,False,32.42524332441904,0.0899884317488763,False,351.75,itodd_thread.ply,0.080566,0.000806,14523,8714,-0.055891923,-0.283274625,0.026262967,0.957048503,0.018558982,-0.028085784,0.001380628,0.00545397,-0.01186209,-0.047652055,0.998778668,0.010005909,-0.026659194,-0.003008684,0,32.42524330808035,0.08998881461400345,False,351.75
thread,axisymmetric,fgr,hard,7,0.0423766297998594,0.0003106403496618,True,0.0423766297998594,0.0003106403496618,True,0.0,itodd_thread.ply,0.080566,0.000806,14523,8714,0.005797069,-0.011792657,-0.047532903,0.998783235,0.010008374,-0.026665845,-0.003032685,0.00545397,-0.01186209,-0.047652055,0.998778668,0.010005909,-0.026659194,-0.003008684,0,0.042376560203687796,0.00031064202962403627,True,0.0
thread,axisymmetric,icp_pt2pt,hard,8,79.70313664489065,0.333396587650094,False,66.63625553903341,0.333425237335737,False,22.5,itodd_thread.ply,0.080566,0.000806,14523,8714,-0.007005336,0.00942645,0.006078153,0.999912558,-0.000945976,0.000119338,-0.000367888,-0.487910413,0.060171564,0.422930513,0.761217836,-0.027040984,0.001899575,-0.006481003,0,66.63625553345557,0.33342666561392303,False,22.5
thread,axisymmetric,icp_pt2pl,hard,8,80.67124963387754,0.331523381450693,False,66.48810979112531,0.3325051288842688,False,24.75,itodd_thread.ply,0.080566,0.000806,14523,8714,-0.000203731,0.009743155,0.000943452,0.999952069,-0.001093572,-1.493e-06,-0.000437665,-0.487910413,0.060171564,0.422930513,0.761217836,-0.027040984,0.001899575,-0.006481003,0,66.48810984932148,0.3325065556917631,False,24.75
thread,axisymmetric,fpfh_ransac,hard,8,109.57808471718089,0.5511651950872535,False,0.2801344591977664,0.0019969172131842,True,250.25,itodd_thread.ply,0.080566,0.000806,14523,8714,-0.331018966,-0.364154378,0.865525397,0.093187018,0.007325418,-0.026221357,-0.006481841,-0.487910413,0.060171564,0.422930513,0.761217836,-0.027040984,0.001899575,-0.006481003,0,0.28013439242837934,0.001996915545267655,True,250.25
thread,axisymmetric,fgr,hard,8,67.83174355661373,0.2960787094718342,False,45.54538716795896,0.0920319092661162,False,51.75,itodd_thread.ply,0.080566,0.000806,14523,8714,-0.103420691,0.052219146,0.049937284,0.992009873,-0.010283029,0.018399747,-0.002490064,-0.487910413,0.060171564,0.422930513,0.761217836,-0.027040984,0.001899575,-0.006481003,0,45.54538717933856,0.09203230920418096,False,51.75
thread,axisymmetric,icp_pt2pt,hard,9,83.40856839447929,0.1359220498665486,False,46.45046942595962,0.1284591496252724,False,71.25,itodd_thread.ply,0.080566,0.000806,14523,8714,-0.017066551,0.001875936,-0.010601838,0.999796387,0.000351789,-0.000531455,-0.000753678,-0.253021044,-0.322446893,0.521225496,0.748553495,0.004293606,0.008884528,0.003211181,0,46.45046948217296,0.1284596990293027,False,71.25
thread,axisymmetric,icp_pt2pl,hard,9,100.0308638504732,0.1550588345225652,False,42.34651706719349,0.1132929141505262,False,93.0,itodd_thread.ply,0.080566,0.000806,14523,8714,-0.074592603,0.089426301,-0.156590654,0.98077431,0.004667328,-0.00125034,-0.004083196,-0.253021044,-0.322446893,0.521225496,0.748553495,0.004293606,0.008884528,0.003211181,0,42.34651707609521,0.11329340829324991,False,93.0
thread,axisymmetric,fpfh_ransac,hard,9,39.37075844021206,0.1238812878770442,False,38.92834564152336,0.1210328393456138,False,354.0,itodd_thread.ply,0.080566,0.000806,14523,8714,-0.225599375,-0.011984942,0.658387081,0.717974745,0.000907172,0.007696737,-0.006101973,-0.253021044,-0.322446893,0.521225496,0.748553495,0.004293606,0.008884528,0.003211181,0,38.92834564925378,0.12103335381087849,False,354.0
thread,axisymmetric,fgr,hard,9,88.07800801615892,0.2450388574399672,False,40.837911021874,0.1440064636258774,False,79.75,itodd_thread.ply,0.080566,0.000806,14523,8714,-0.068130996,0.00667246,-0.078131412,0.99458993,0.015689509,-0.003924191,-0.006577187,-0.253021044,-0.322446893,0.521225496,0.748553495,0.004293606,0.008884528,0.003211181,0,40.83791106693576,0.1440070824202223,False,79.75
thread,axisymmetric,icp_pt2pt,hard,10,115.57994448753152,0.1952952152921177,False,53.84943508411455,0.1959985408184578,False,106.5,itodd_thread.ply,0.080566,0.000806,14523,8714,-0.054886386,-0.005903004,0.02488766,0.998164938,0.000557532,-0.000639829,0.001483169,0.402453157,-0.183772737,0.718149124,0.537141391,0.001310028,-0.000527037,-0.014232643,0,53.849435087423466,0.19599937468121617,False,106.5
thread,axisymmetric,icp_pt2pl,hard,10,115.72230189617945,0.2059138465956666,False,55.03904195446604,0.2069278752849108,False,106.25,itodd_thread.ply,0.080566,0.000806,14523,8714,-0.11984067,-0.024825178,0.060617826,0.990629802,0.000921054,-0.001030254,0.002344886,0.402453157,-0.183772737,0.718149124,0.537141391,0.001310028,-0.000527037,-0.014232643,0,55.03904196993556,0.20692875627737498,False,106.25
thread,axisymmetric,fpfh_ransac,hard,10,0.0653657709261681,0.0004239289601565,True,0.0653657709150166,0.0004239289601565,True,0.0,itodd_thread.ply,0.080566,0.000806,14523,8714,0.402095709,-0.183856335,0.718510776,0.536896781,0.001336041,-0.000526024,-0.014210534,0.402453157,-0.183772737,0.718149124,0.537141391,0.001310028,-0.000527037,-0.014232643,0,0.065365814484104,0.0004239283608107266,True,0.0
thread,axisymmetric,fgr,hard,10,103.642424391618,0.2281525919013828,False,51.47597786803031,0.2103040604626355,False,93.25,itodd_thread.ply,0.080566,0.000806,14523,8714,-0.022258968,-0.020257471,0.126386015,0.991524457,-0.006840078,-0.014931367,-0.006234664,0.402453157,-0.183772737,0.718149124,0.537141391,0.001310028,-0.000527037,-0.014232643,0,51.475977892258015,0.21030495900105464,False,93.25
thread,axisymmetric,icp_pt2pt,hard,11,15.701860695121574,0.0851046401073646,False,12.232097545273366,0.0849239827260826,False,8.5,itodd_thread.ply,0.080566,0.000806,14523,8714,-0.051016866,-0.026556772,-0.020217732,0.9981399,-0.0009873,0.0006644,-0.000967743,-0.063515141,0.073776249,0.07194126,0.992646638,-0.006193278,0.003629385,-0.00430229,0,12.23209756297115,0.08492434326153736,False,8.5
thread,axisymmetric,icp_pt2pl,hard,11,18.95374495060038,0.0840768602258423,False,17.988271379834618,0.0847262574069062,False,6.0,itodd_thread.ply,0.080566,0.000806,14523,8714,-0.101102442,-0.073631654,0.007493289,0.99211921,-0.000864664,-0.000132594,-0.002475468,-0.063515141,0.073776249,0.07194126,0.992646638,-0.006193278,0.003629385,-0.00430229,0,17.98827137085906,0.08472661591072506,False,6.0
thread,axisymmetric,fpfh_ransac,hard,11,170.17899681318875,0.2941626356628336,False,23.872255826360345,0.1202826306040151,False,166.25,itodd_thread.ply,0.080566,0.000806,14523,8714,-0.114216637,-0.061345981,0.991491824,0.011627259,0.016442303,-0.003355645,-0.00358729,-0.063515141,0.073776249,0.07194126,0.992646638,-0.006193278,0.003629385,-0.00430229,0,23.872255922205486,0.12028314325558119,False,166.25
thread,axisymmetric,fgr,hard,11,3.5120491067868445,0.1012064850471627,False,16.463429868313764,0.082384943815041,False,345.0,itodd_thread.ply,0.080566,0.000806,14523,8714,-0.078127621,0.098811944,0.06233275,0.990074191,-0.012934896,-0.000934191,-0.003844673,-0.063515141,0.073776249,0.07194126,0.992646638,-0.006193278,0.003629385,-0.00430229,0,16.46342990756481,0.08238529676783772,False,345.0
thread,axisymmetric,icp_pt2pt,hard,12,16.713898486027624,0.1891304769048279,False,37.13386427145785,0.1867936530833892,False,315.25,itodd_thread.ply,0.080566,0.000806,14523,8714,-0.017017934,0.047288223,0.001061644,0.998735744,0.000749205,0.000303843,-0.001154917,-0.090867368,-0.037737649,-0.091095363,0.990969538,-0.002507365,-0.0045422,-0.01522949,0,37.133864288816866,0.18679445990086768,False,315.25
thread,axisymmetric,icp_pt2pl,hard,12,17.89731374119731,0.1884305166131011,False,37.13453468452912,0.1865098818429336,False,315.25,itodd_thread.ply,0.080566,0.000806,14523,8714,-0.041485816,0.071875608,0.008199012,0.996516734,0.000568279,-7.1019e-05,-0.00105146,-0.090867368,-0.037737649,-0.091095363,0.990969538,-0.002507365,-0.0045422,-0.01522949,0,37.13453469360163,0.18651068935295356,False,315.25
thread,axisymmetric,fpfh_ransac,hard,12,171.3837263866743,0.4154971315140123,False,166.27304384093512,0.4355484709629842,False,102.0,itodd_thread.ply,0.080566,0.000806,14523,8714,-0.233284171,0.9519307,0.193767905,-0.043132784,0.006873369,-0.006071217,0.016867944,-0.090867368,-0.037737649,-0.091095363,0.990969538,-0.002507365,-0.0045422,-0.01522949,0,166.27304386381712,0.4355503370071908,False,102.0
thread,axisymmetric,fgr,hard,12,3.895279465057848,0.1110533525060255,False,18.43632240745678,0.1071215804599742,False,16.25,itodd_thread.ply,0.080566,0.000806,14523,8714,-0.10806259,-0.015472641,-0.072022005,0.991411068,-0.009813301,-0.009670892,-0.014619952,-0.090867368,-0.037737649,-0.091095363,0.990969538,-0.002507365,-0.0045422,-0.01522949,0,18.43632239995477,0.10712203923466806,False,16.25
thread,axisymmetric,icp_pt2pt,hard,13,108.76972574148516,0.0550483998814971,False,106.50410445602924,0.0489125486092768,False,26.5,itodd_thread.ply,0.080566,0.000806,14523,8714,0.04046937,0.014686353,0.036801872,0.998394793,-0.002466376,-0.000559642,0.000540645,0.15450732,0.766963143,-0.187538337,-0.593906051,0.001454253,-0.001478523,-0.001317844,0,106.50410439179845,0.048912761205452626,False,26.5
thread,axisymmetric,icp_pt2pl,hard,13,122.70756845258016,0.0321121844959316,False,117.61237712965274,0.0187890578716521,False,44.5,itodd_thread.ply,0.080566,0.000806,14523,8714,0.014203007,0.13918779,0.001506227,0.990162999,-0.001002763,-0.001446975,-0.002127463,0.15450732,0.766963143,-0.187538337,-0.593906051,0.001454253,-0.001478523,-0.001317844,0,117.61237713165717,0.01878914346165521,False,44.5
thread,axisymmetric,fpfh_ransac,hard,13,150.56413363604202,0.054432469082571,False,140.2801711703403,0.0742751572975922,False,83.25,itodd_thread.ply,0.080566,0.000806,14523,8714,-0.476964018,0.363151695,0.519997083,0.60846463,0.003213147,-0.001424032,-0.005334718,0.15450732,0.766963143,-0.187538337,-0.593906051,0.001454253,-0.001478523,-0.001317844,0,140.2801710927236,0.07427547604210262,False,83.25
thread,axisymmetric,fgr,hard,13,105.82722006761529,0.1268827954581352,False,104.90495545988318,0.129699926527077,False,16.5,itodd_thread.ply,0.080566,0.000806,14523,8714,0.058785771,-0.006391212,0.089020735,0.994272948,-0.001725983,0.00823553,-0.001467589,0.15450732,0.766963143,-0.187538337,-0.593906051,0.001454253,-0.001478523,-0.001317844,0,104.90495545886313,0.12970047638361487,False,16.5
thread,axisymmetric,icp_pt2pt,hard,14,94.62525024410948,0.0902934021980834,False,71.11212066839364,0.0712502444334129,False,67.0,itodd_thread.ply,0.080566,0.000806,14523,8714,-0.064562299,-0.117557404,0.006721316,0.990942375,0.000484836,0.001996593,0.003484206,-0.094994949,0.678475324,-0.402489233,-0.607165227,-0.003921016,-0.001632863,0.007993692,0,71.11212072496365,0.07125055203593988,False,67.0
thread,axisymmetric,icp_pt2pl,hard,14,93.11223701986016,0.0777763431824189,False,53.08086940831366,0.0466594067761904,False,79.5,itodd_thread.ply,0.080566,0.000806,14523,8714,-0.197845444,-0.220576961,-0.055041317,0.953505867,0.000920169,0.002047591,0.009504288,-0.094994949,0.678475324,-0.402489233,-0.607165227,-0.003921016,-0.001632863,0.007993692,0,53.080869450328315,0.046659613709574096,False,79.5
thread,axisymmetric,fpfh_ransac,hard,14,165.32997577885072,0.1368983325897936,False,28.588850204551708,0.1199265919586615,False,164.75,itodd_thread.ply,0.080566,0.000806,14523,8714,0.477009,0.097681801,0.636771304,-0.597865358,0.002522779,-0.001295209,0.016938586,-0.094994949,0.678475324,-0.402489233,-0.607165227,-0.003921016,-0.001632863,0.007993692,0,28.588850207251067,0.119927108499747,False,164.75
thread,axisymmetric,fgr,hard,14,91.41409787030832,0.1410645832441185,False,66.39237455207436,0.1487317152507249,False,66.75,itodd_thread.ply,0.080566,0.000806,14523,8714,-0.162062512,-0.128161949,0.087115444,0.97453638,0.005884725,-0.003018317,0.013569758,-0.094994949,0.678475324,-0.402489233,-0.607165227,-0.003921016,-0.001632863,0.007993692,0,66.39237458320353,0.14873236025810324,False,66.75
thread,axisymmetric,icp_pt2pt,hard,15,48.49203900783933,0.189125102357756,False,31.2108529722262,0.156102156508571,False,314.0,itodd_thread.ply,0.080566,0.000806,14523,8714,-0.025217639,0.043465254,0.067365959,0.996462077,0.003513685,-0.000262212,0.000550353,-0.055287659,0.304215571,-0.2508479,0.917317553,0.000408689,-0.01500473,-0.001727134,0,31.21085300114406,0.15610283128123775,False,314.0
thread,axisymmetric,icp_pt2pl,hard,15,46.55320546461274,0.1926773752369942,False,30.922247746541107,0.1545035665178049,False,303.5,itodd_thread.ply,0.080566,0.000806,14523,8714,-0.06863897,0.066298006,0.065749141,0.993262461,0.003556742,-0.000278291,0.002040487,-0.055287659,0.304215571,-0.2508479,0.917317553,0.000408689,-0.01500473,-0.001727134,0,30.92224780861999,0.15450422705984138,False,303.5
thread,axisymmetric,fpfh_ransac,hard,15,41.46802260820677,0.1261689530533427,False,41.46802260820677,0.1261689530533427,False,0.0,itodd_thread.ply,0.080566,0.000806,14523,8714,-0.299390736,0.512287322,-0.276247177,0.756051839,-0.001625786,-0.016324747,0.008144295,-0.055287659,0.304215571,-0.2508479,0.917317553,0.000408689,-0.01500473,-0.001727134,0,41.46802256666972,0.12616949354537627,False,0.0
thread,axisymmetric,fgr,hard,15,68.32542203783036,0.1194128894747477,False,52.30639486763641,0.0878285343425958,False,45.5,itodd_thread.ply,0.080566,0.000806,14523,8714,0.286846553,-0.081780245,-0.509521813,0.807105054,-0.006238167,-0.01114805,-0.007515262,-0.055287659,0.304215571,-0.2508479,0.917317553,0.000408689,-0.01500473,-0.001727134,0,52.30639491814487,0.08782890786206861,False,45.5
thread,axisymmetric,icp_pt2pt,hard,16,73.17963994871232,0.0181111242120196,False,68.33060367404642,0.0185906505240234,False,28.0,itodd_thread.ply,0.080566,0.000806,14523,8714,0.009837509,0.061420386,-0.007265291,0.998037061,-0.000368319,0.000654776,-0.000866877,-0.117758525,0.60023982,0.181321944,0.770043792,-0.00025319,0.000385637,0.000562605,0,68.33060366517805,0.01859072565038709,False,28.0
thread,axisymmetric,icp_pt2pl,hard,16,72.14870025099717,0.0261006835946487,False,62.57289204262699,0.029715571661966,False,38.0,itodd_thread.ply,0.080566,0.000806,14523,8714,0.014737039,0.110936172,-0.099186104,0.988755835,-0.001935585,0.000997485,-0.000540623,-0.117758525,0.60023982,0.181321944,0.770043792,-0.00025319,0.000385637,0.000562605,0,62.572892064650766,0.029715703575449913,False,38.0
thread,axisymmetric,fpfh_ransac,hard,16,63.4042524632116,0.0737486345065541,False,23.68534761484805,0.0785350062648627,False,59.25,itodd_thread.ply,0.080566,0.000806,14523,8714,0.261349176,0.713886494,-0.167292935,0.627754534,-0.004110072,0.002434008,0.004591492,-0.117758525,0.60023982,0.181321944,0.770043792,-0.00025319,0.000385637,0.000562605,0,23.685347664712204,0.07853533968749944,False,59.25
thread,axisymmetric,fgr,hard,16,74.72627155645694,0.1283826989318821,False,71.31099230186585,0.1295033282162165,False,24.0,itodd_thread.ply,0.080566,0.000806,14523,8714,-0.016340676,0.036392212,0.009031135,0.999163164,-0.00301857,-0.007175431,-0.005931031,-0.117758525,0.60023982,0.181321944,0.770043792,-0.00025319,0.000385637,0.000562605,0,71.31099231848758,0.12950389404118845,False,24.0
thread,axisymmetric,icp_pt2pt,hard,17,60.10182200072952,0.4963611044515778,False,93.36386572875789,0.4958532466220246,False,52.25,itodd_thread.ply,0.080566,0.000806,14523,8714,0.0,0.0,0.0,1.0,0.0,0.0,0.0,0.262649742,-0.373154255,-0.206254524,0.86558078,-0.015864049,0.027284316,-0.024558056,0,93.36386567967646,0.49585536465963614,False,52.25
thread,axisymmetric,icp_pt2pl,hard,17,60.10182200072952,0.4963611044515778,False,93.36386572875789,0.4958532466220246,False,52.25,itodd_thread.ply,0.080566,0.000806,14523,8714,0.0,0.0,0.0,1.0,0.0,0.0,0.0,0.262649742,-0.373154255,-0.206254524,0.86558078,-0.015864049,0.027284316,-0.024558056,0,93.36386567967646,0.49585536465963614,False,52.25
thread,axisymmetric,fpfh_ransac,hard,17,64.56775093694908,0.4196427094246852,False,0.2638162103539009,0.0019330880057755,True,295.25,itodd_thread.ply,0.080566,0.000806,14523,8714,0.421445215,-0.175091855,0.287882784,0.841932465,-0.031405939,-0.00274073,-0.024550396,0.262649742,-0.373154255,-0.206254524,0.86558078,-0.015864049,0.027284316,-0.024558056,0,0.26381623839865054,0.0019330988855737002,True,295.25
thread,axisymmetric,fgr,hard,17,55.1060776674374,0.4475336860678589,False,50.501291824965165,0.252636566245443,False,314.75,itodd_thread.ply,0.080566,0.000806,14523,8714,0.086872822,0.00586846,-0.018475326,0.996030791,-0.043039999,0.009777161,-0.008588918,0.262649742,-0.373154255,-0.206254524,0.86558078,-0.015864049,0.027284316,-0.024558056,0,50.501291808782995,0.252637640791865,False,314.75
thread,axisymmetric,icp_pt2pt,hard,18,143.48094090172088,0.1111432374644171,False,129.99997716737028,0.2042543127365174,False,275.75,itodd_thread.ply,0.080566,0.000806,14523,8714,0.035358227,0.077727004,-0.115190925,0.989666287,0.000461912,-0.005824303,-0.000629335,-0.476669163,0.7592029,-0.378872245,0.229898428,0.006316988,-0.012308594,-0.002592345,0,129.99997711171275,0.20425517704887763,False,275.75
thread,axisymmetric,icp_pt2pl,hard,18,154.29348903549328,0.1693427661026771,False,134.7185784609726,0.2398552172986551,False,250.5,itodd_thread.ply,0.080566,0.000806,14523,8714,0.061614319,-0.022045547,-0.106828269,0.992121661,-0.000285794,-0.004305422,0.006267277,-0.476669163,0.7592029,-0.378872245,0.229898428,0.006316988,-0.012308594,-0.002592345,0,134.7185784497406,0.2398562413078617,False,250.5
thread,axisymmetric,fpfh_ransac,hard,18,92.7444861246859,0.3395507859812656,False,13.076601953045785,0.1036705100557913,False,259.0,itodd_thread.ply,0.080566,0.000806,14523,8714,0.862628502,-0.216032524,0.025826076,-0.456656358,0.016219649,0.012791528,-0.007097001,-0.476669163,0.7592029,-0.378872245,0.229898428,0.006316988,-0.012308594,-0.002592345,0,13.076601892875606,0.10367095513252725,False,259.0
thread,axisymmetric,fgr,hard,18,162.0497687762694,0.2488364333639308,False,135.4568456768939,0.3774831656380584,False,228.5,itodd_thread.ply,0.080566,0.000806,14523,8714,0.071586342,-0.075790597,-0.05100438,0.993242032,0.00891977,-0.01005767,0.017157967,-0.476669163,0.7592029,-0.378872245,0.229898428,0.006316988,-0.012308594,-0.002592345,0,135.45684562510755,0.3774847737070539,False,228.5
thread,axisymmetric,icp_pt2pt,hard,19,144.6820685581074,0.4827450276414594,False,125.28974986381267,0.5557381289750195,False,97.25,itodd_thread.ply,0.080566,0.000806,14523,8714,-0.221576927,-0.154176339,-0.014256112,0.962772084,0.003830719,-0.006066247,-0.007369454,0.079108951,0.726542423,0.506854659,0.457139188,-0.02586994,-0.019707931,0.013712313,0,125.28974985580832,0.555740507652931,False,97.25
thread,axisymmetric,icp_pt2pl,hard,19,164.61344303191527,0.4481707660940206,False,139.4199904461636,0.5968845417252192,False,134.5,itodd_thread.ply,0.080566,0.000806,14523,8714,-0.355717328,-0.151607918,-0.260837167,0.884558757,0.002344401,-0.01125205,-0.007173069,0.079108951,0.726542423,0.506854659,0.457139188,-0.02586994,-0.019707931,0.013712313,0,139.41999041948296,0.5968870910599451,False,134.5
thread,axisymmetric,fpfh_ransac,hard,19,35.83484848219787,0.2513055271113071,False,19.24155187033649,0.0733927685127276,False,329.5,itodd_thread.ply,0.080566,0.000806,14523,8714,-0.012704466,0.657964269,0.709972461,0.250720408,-0.010745736,-0.03208694,0.00842552,0.079108951,0.726542423,0.506854659,0.457139188,-0.02586994,-0.019707931,0.013712313,0,19.241551870309817,0.07339308940964619,False,329.5
thread,axisymmetric,fgr,hard,19,131.96883142225388,0.7667012531584804,False,103.07276688271696,0.5153549586611036,False,148.0,itodd_thread.ply,0.080566,0.000806,14523,8714,0.018788814,-0.059762531,-0.014353855,0.997932556,0.006548808,0.015983583,-0.024897435,0.079108951,0.726542423,0.506854659,0.457139188,-0.02586994,-0.019707931,0.013712313,0,103.0727669329161,0.5153571627411352,False,148.0
